player,player_rating,opponent,opponent_rating,side,time_control,time_category,moves,result,date
12teen,2582,Brandon_Clarke,2438,Black,3 min,blitz,64,Draw,4/11/2016
12teen,2585,VanishingDragon,2424,White,3 min,blitz,15,Won,4/11/2016
12teen,2580,VanishingDragon,2429,Black,3 min,blitz,54,Won,4/11/2016
12teen,2575,VanishingDragon,2434,White,3 min,blitz,32,Won,4/11/2016
12teen,2570,VanishingDragon,2439,Black,3 min,blitz,42,Won,4/11/2016
12teen,2565,VanishingDragon,2444,White,3 min,blitz,40,Draw,4/11/2016
12teen,2568,RouteToGM,2554,White,3 min,blitz,32,Lost,4/10/2016
12teen,2577,RouteToGM,2545,Black,3 min,blitz,22,Lost,4/10/2016
12teen,2586,Lukianoo,2557,White,3 min,blitz,38,Won,4/9/2016
12teen,2578,Lukianoo,2565,Black,3 min,blitz,62,Won,4/9/2016
12teen,2570,Lukianoo,2573,White,3 min,blitz,45,Won,4/9/2016
12teen,2562,Lukianoo,2581,Black,3 min,blitz,52,Draw,4/9/2016
12teen,2562,Lukianoo,2581,White,3 min,blitz,37,Won,4/9/2016
12teen,2553,Lukianoo,2590,Black,3 min,blitz,26,Won,4/9/2016
12teen,2544,Lukianoo,2599,White,3 min,blitz,44,Lost,4/9/2016
12teen,2551,MuradNuri,2480,Black,3 min,blitz,24,Lost,4/9/2016
12teen,2561,MuradNuri,2470,White,3 min,blitz,69,Draw,4/9/2016
12teen,2563,bogart2016,2497,Black,3 min,blitz,51,Won,4/9/2016
12teen,2556,garikkasparov,2612,Black,3 min,blitz,32,Won,4/7/2016
12teen,2546,Virgynia_Revanny,2389,Black,3 min,blitz,36,Lost,4/6/2016
12teen,2558,TampaChess,2565,White,3 min,blitz,26,Won,4/6/2016
12teen,2549,MinhGTrAn,2664,Black,3 min,blitz,64,Lost,4/4/2016
12teen,2555,MinhGTrAn,2658,White,3 min,blitz,35,Lost,4/4/2016
12teen,2561,amaidel,2413,White,3 min,blitz,46,Lost,4/3/2016
12teen,2573,amaidel,2401,Black,3 min,blitz,27,Won,4/3/2016
12teen,2569,amaidel,2405,White,3 min,blitz,47,Lost,4/3/2016
12teen,2581,amaidel,2393,Black,3 min,blitz,38,Won,4/3/2016
12teen,2577,semiks,2432,White,3 min,blitz,63,Won,4/3/2016
12teen,2572,semiks,2437,Black,3 min,blitz,55,Draw,4/3/2016
12teen,2575,semiks,2434,White,3 min,blitz,29,Lost,4/2/2016
12teen,2586,GilMil,2422,White,3 min,blitz,45,Won,4/2/2016
12teen,2581,GilMil,2427,Black,3 min,blitz,43,Won,4/2/2016
12teen,2576,Lovkov_Roman,2429,White,3 min,blitz,36,Won,4/1/2016
12teen,2571,Brandon_Clarke,2501,White,3 min,blitz,36,Lost,3/30/2016
12teen,2581,Brandon_Clarke,2491,Black,3 min,blitz,46,Lost,3/30/2016
12teen,2591,Brandon_Clarke,2481,White,3 min,blitz,23,Won,3/30/2016
12teen,2585,VanishingDragon,2422,Black,3 min,blitz,61,Won,3/29/2016
12teen,2580,VanishingDragon,2427,White,3 min,blitz,42,Won,3/29/2016
12teen,2575,petardrenchev,2396,Black,3 min,blitz,32,Won,3/25/2016
12teen,2571,petardrenchev,2400,White,3 min,blitz,40,Won,3/25/2016
12teen,2566,Yaacovn,2676,White,3 min,blitz,20,Won,3/25/2016
12teen,2555,Yaacovn,2687,Black,3 min,blitz,48,Won,3/25/2016
12teen,2544,Yaacovn,2698,White,3 min,blitz,26,Lost,3/25/2016
12teen,2549,Yaacovn,2693,Black,3 min,blitz,40,Won,3/25/2016
12teen,2537,drakon22,2383,White,3 min,blitz,34,Won,3/25/2016
12teen,2532,drakon22,2388,Black,3 min,blitz,31,Won,3/25/2016
12teen,2527,Denmark2015,2393,Black,3 min,blitz,65,Won,3/25/2016
12teen,2522,Denmark2015,2398,White,3 min,blitz,29,Won,3/25/2016
12teen,2517,Kingpoker44,2397,White,3 min,blitz,27,Lost,3/25/2016
12teen,2528,Kingpoker44,2383,Black,3 min,blitz,42,Lost,3/25/2016