player,player_rating,opponent,opponent_rating,side,time_control,time_category,moves,result,date
12teen,2560,howitzer14,2657,Black,3 min,blitz,39,Won,5/9/2016
12teen,2549,howitzer14,2668,White,3 min,blitz,41,Lost,5/9/2016
12teen,2555,howitzer14,2662,Black,3 min,blitz,80,Won,5/9/2016
12teen,2544,howitzer14,2673,White,3 min,blitz,26,Lost,5/9/2016
12teen,2549,howitzer14,2668,Black,3 min,blitz,25,Won,5/9/2016
12teen,2538,morphy1949,2333,White,3 min,blitz,47,Won,5/9/2016
12teen,2534,cruz29,2321,White,3 min,blitz,53,Won,5/8/2016
12teen,2530,cruz29,2325,Black,3 min,blitz,39,Won,5/8/2016
12teen,2526,cruz29,2329,White,3 min,blitz,27,Won,5/8/2016
12teen,2522,1stSecond,2570,White,3 min,blitz,41,Won,5/8/2016
12teen,2512,Tiohoracio,2401,Black,3 min,blitz,15,Won,5/8/2016
12teen,2506,DenDirk,2432,Black,3 min,blitz,20,Won,5/8/2016
12teen,2499,gek76,2309,White,3 min,blitz,18,Won,5/8/2016
12teen,2495,cabalista,2345,White,3 min,blitz,29,Lost,5/8/2016
12teen,2507,cabalista,2333,Black,3 min,blitz,46,Won,5/8/2016
12teen,2503,Helepolis,2368,Black,3 min,blitz,63,Won,5/8/2016
12teen,2498,Helepolis,2373,White,3 min,blitz,39,Won,5/8/2016
12teen,2493,Helepolis,2378,Black,3 min,blitz,38,Won,5/8/2016
12teen,2487,Patakute,2332,Black,3 min,blitz,31,Won,5/8/2016
12teen,2482,Patakute,2337,White,3 min,blitz,22,Lost,5/8/2016
12teen,2494,Patakute,2325,Black,3 min,blitz,39,Won,5/8/2016
12teen,2489,Patakute,2330,White,3 min,blitz,19,Won,5/8/2016
12teen,2484,VanishingDragon,2450,White,3 min,blitz,67,Draw,5/7/2016
12teen,2485,VanishingDragon,2449,Black,3 min,blitz,37,Won,5/7/2016
12teen,2478,Debilchtoli,2309,Black,3 min,blitz,70,Draw,5/7/2016
12teen,2482,Debilchtoli,2305,White,3 min,blitz,22,Won,5/7/2016
12teen,2478,VanishingDragon,2445,White,3 min,blitz,39,Lost,5/6/2016
12teen,2487,VanishingDragon,2436,Black,3 min,blitz,63,Won,5/6/2016
12teen,2480,VanishingDragon,2443,White,3 min,blitz,23,Lost,5/6/2016
12teen,2489,VanishingDragon,2434,Black,3 min,blitz,40,Won,5/6/2016
12teen,2482,removsky,2376,White,3 min,blitz,62,Lost,5/5/2016
12teen,2493,removsky,2365,Black,3 min,blitz,53,Won,5/5/2016
12teen,2488,removsky,2370,White,3 min,blitz,60,Won,5/5/2016
12teen,2482,removsky,2376,Black,3 min,blitz,30,Lost,5/5/2016
12teen,2493,removsky,2365,White,3 min,blitz,23,Won,5/5/2016
12teen,2488,removsky,2370,Black,3 min,blitz,68,Won,5/5/2016
12teen,2482,pKiLz5Rn9b,2478,Black,3 min,blitz,20,Lost,5/4/2016
12teen,2491,Yaacovn,2619,Black,3 min,blitz,71,Lost,5/4/2016
12teen,2496,Yaacovn,2614,White,3 min,blitz,35,Lost,5/4/2016
12teen,2502,Yaacovn,2608,Black,3 min,blitz,59,Draw,5/4/2016
12teen,2500,Yaacovn,2610,White,3 min,blitz,30,Lost,5/4/2016
12teen,2506,dewa-perang,2346,Black,3 min,blitz,32,Lost,5/4/2016
12teen,2518,dewa-perang,2334,White,3 min,blitz,31,Won,5/4/2016
12teen,2514,Tiohoracio,2396,White,3 min,blitz,46,Lost,5/4/2016
12teen,2525,ZEN-22,2427,Black,3 min,blitz,33,Lost,5/2/2016
12teen,2536,ZEN-22,2416,White,3 min,blitz,56,Lost,5/2/2016
12teen,2547,gmjoey1,2502,Black,3 min,blitz,35,Won,5/1/2016
12teen,2540,gmjoey1,2509,White,3 min,blitz,33,Won,5/1/2016
12teen,2532,gmjoey1,2517,Black,3 min,blitz,54,Lost,5/1/2016
12teen,2541,gmjoey1,2508,White,3 min,blitz,25,Won,5/1/2016