player,player_rating,opponent,opponent_rating,side,time_control,time_category,moves,result,date
12teen,2509,NeNiDoN,2496,Black,3 min,blitz,30,Won,9/19/2017
12teen,2488,Arefvasli,2450,Black,3 min,blitz,38,Lost,9/17/2017
12teen,2514,Arefvasli,2440,White,3 min,blitz,47,Won,9/17/2017
12teen,2494,krasimirbrankov,2425,Black,3 min,blitz,42,Lost,9/16/2017
12teen,2525,krasimirbrankov,2415,White,3 min,blitz,19,Won,9/16/2017
12teen,2506,DESTROYER7777777,2501,Black,3 min,blitz,71,Won,9/10/2017
12teen,2477,DESTROYER7777777,2510,White,3 min,blitz,41,Won,9/10/2017
12teen,2443,DESTROYER7777777,2520,Black,3 min,blitz,63,Lost,9/10/2017
12teen,2470,DESTROYER7777777,2513,White,3 min,blitz,20,Won,9/10/2017
12teen,2429,DESTROYER7777777,2523,Black,3 min,blitz,36,Lost,9/10/2017
12teen,2459,blockadedbishop,2522,Black,3 min,blitz,22,Lost,12/21/2016
12teen,2474,blockadedbishop,2515,White,3 min,blitz,28,Lost,12/21/2016
12teen,2491,mwpchess,2443,White,3 min,blitz,39,Lost,8/30/2016
12teen,2500,garcho08,2684,Black,3 min,blitz,32,Won,8/20/2016
12teen,2488,garcho08,2696,White,3 min,blitz,44,Draw,8/20/2016
12teen,2484,emiliofelix,2314,Black,3 min,blitz,61,Draw,8/20/2016
12teen,2488,forshmakoff,2526,White,3 min,blitz,20,Lost,8/19/2016
12teen,2495,forshmakoff,2519,Black,3 min,blitz,25,Won,8/19/2016
12teen,2486,Dubai_UAE,2323,Black,3 min,blitz,41,Won,8/5/2016
12teen,2481,Dubai_UAE,2328,White,3 min,blitz,112,Draw,8/5/2016
12teen,2484,Dubai_UAE,2325,Black,3 min,blitz,61,Won,8/5/2016
12teen,2479,Sulkhan-Sirbiladze,2361,Black,3 min,blitz,37,Lost,7/8/2016
12teen,2490,FlorianHandke,2413,Black,3 min,blitz,34,Lost,7/8/2016
12teen,2500,Nadtkins,2414,White,3 min,blitz,71,Lost,7/8/2016
12teen,2510,Napo18,2464,Black,3 min,blitz,37,Lost,7/8/2016
12teen,2519,risis_1,2412,White,3 min,blitz,58,Lost,7/8/2016
12teen,2530,mohammadamin-anvari,2348,Black,3 min,blitz,93,Lost,7/8/2016
12teen,2542,mohammadamin-anvari,2336,White,3 min,blitz,42,Won,7/8/2016
12teen,2538,mishkar83,2653,White,3 min,blitz,23,Won,7/8/2016
12teen,2527,mishkar83,2664,Black,3 min,blitz,49,Won,7/8/2016
12teen,2516,mishkar83,2675,White,3 min,blitz,60,Lost,7/8/2016
12teen,2521,mishkar83,2670,Black,3 min,blitz,20,Lost,7/8/2016
12teen,2526,oosht,2409,White,3 min,blitz,58,Won,7/7/2016
12teen,2520,oosht,2415,Black,3 min,blitz,40,Won,7/7/2016
12teen,2514,NTBT_DHS,2483,White,3 min,blitz,45,Won,7/1/2016
12teen,2506,NTBT_DHS,2491,Black,3 min,blitz,27,Lost,7/1/2016
12teen,2515,NTBT_DHS,2482,White,3 min,blitz,42,Won,7/1/2016
12teen,2507,TampaChess,2609,Black,3 min,blitz,32,Lost,6/29/2016
12teen,2513,TampaChess,2603,White,3 min,blitz,33,Draw,6/29/2016
12teen,2511,cuukmens,2456,White,3 min,blitz,15,Lost,6/29/2016
12teen,2521,Clown1985,2398,Black,3 min,blitz,25,Won,6/29/2016
12teen,2515,QuintilianoR,2431,White,3 min,blitz,34,Won,6/29/2016
12teen,2509,QuintilianoR,2437,Black,3 min,blitz,29,Won,6/29/2016
12teen,2502,QuintilianoR,2444,White,3 min,blitz,53,Won,6/29/2016
12teen,2495,zlarkisz,2478,Black,3 min,blitz,41,Lost,6/28/2016
12teen,2504,zlarkisz,2469,White,3 min,blitz,45,Won,6/28/2016
12teen,2496,zlarkisz,2477,Black,3 min,blitz,22,Won,6/28/2016
12teen,2488,Tartakower257,2320,Black,3 min,blitz,20,Won,6/27/2016
12teen,2483,vica56,2320,White,3 min,blitz,37,Lost,6/27/2016
12teen,2495,orestn,2306,Black,3 min,blitz,27,Won,6/27/2016