player,player_rating,opponent,opponent_rating,side,time_control,time_category,moves,result,date
12teen,2659,asms9699,2670,White,1 min,bullet,69,Lost,6/22/2018
12teen,2670,asms9699,2662,Black,1 min,bullet,66,Won,6/22/2018
12teen,2659,asms9699,2670,White,1 min,bullet,26,Lost,6/22/2018
12teen,2670,asms9699,2662,Black,1 min,bullet,57,Won,6/22/2018
12teen,2658,asms9699,2670,White,1 min,bullet,38,Won,6/22/2018
12teen,2645,asms9699,2679,Black,1 min,bullet,43,Won,6/22/2018
12teen,2631,asms9699,2688,White,1 min,bullet,55,Won,6/22/2018
12teen,2616,asms9699,2698,Black,1 min,bullet,43,Lost,6/22/2018
12teen,2627,asms9699,2691,White,1 min,bullet,37,Lost,6/22/2018
12teen,2639,asms9699,2684,Black,1 min,bullet,37,Lost,6/22/2018
12teen,2652,Let-It-Burn,2562,White,1 min,bullet,45,Won,6/22/2018
12teen,2641,swapchess90,2617,Black,1 min,bullet,43,Lost,3/4/2018
12teen,2650,swapchess90,2608,White,1 min,bullet,53,Lost,3/4/2018
12teen,2659,swapchess90,2599,Black,1 min,bullet,57,Won,3/4/2018
12teen,2652,swapchess90,2606,White,1 min,bullet,61,Lost,3/4/2018
12teen,2661,swapchess90,2597,Black,1 min,bullet,48,Won,3/4/2018
12teen,2654,swapchess90,2604,White,1 min,bullet,21,Won,3/4/2018
12teen,2647,swapchess90,2611,Black,1 min,bullet,37,Lost,3/4/2018
12teen,2656,grandmastergauri,2652,White,1 min,bullet,20,Lost,2/25/2018
12teen,2665,NguyenXi,2603,White,1 min,bullet,4,Won,2/24/2018
12teen,2658,NguyenXi,2610,Black,1 min,bullet,13,Won,2/24/2018
12teen,2651,NguyenXi,2617,White,1 min,bullet,32,Won,2/24/2018
12teen,2643,NguyenXi,2625,Black,1 min,bullet,24,Won,2/24/2018
12teen,2635,NguyenXi,2633,White,1 min,bullet,17,Won,2/24/2018
12teen,2627,NguyenXi,2641,Black,1 min,bullet,44,Lost,2/24/2018
12teen,2635,NguyenXi,2633,White,1 min,bullet,39,Won,2/24/2018
12teen,2627,NguyenXi,2641,Black,1 min,bullet,23,Lost,2/24/2018
12teen,2635,NguyenXi,2633,White,1 min,bullet,34,Won,2/24/2018
12teen,2627,kedollaria,2511,White,1 min,bullet,37,Won,2/18/2018
12teen,2621,kedollaria,2517,Black,1 min,bullet,46,Won,2/18/2018
12teen,2615,kedollaria,2523,White,1 min,bullet,26,Won,2/18/2018
12teen,2609,kedollaria,2529,Black,1 min,bullet,10,Won,2/18/2018
12teen,2603,kedollaria,2535,White,1 min,bullet,28,Won,2/18/2018
12teen,2596,kedollaria,2542,Black,1 min,bullet,56,Lost,2/18/2018
12teen,2606,Masterr_Yi,2539,White,1 min,bullet,32,Lost,2/17/2018
12teen,2617,Masterr_Yi,2487,Black,1 min,bullet,58,Won,2/17/2018
12teen,2611,Toyota_Land_Cruiser,2692,White,1 min,bullet,21,Lost,2/16/2018
12teen,2617,Toyota_Land_Cruiser,2686,Black,1 min,bullet,19,Won,2/16/2018
12teen,2607,Toyota_Land_Cruiser,2696,White,1 min,bullet,26,Lost,2/16/2018
12teen,2613,Toyota_Land_Cruiser,2690,Black,1 min,bullet,33,Lost,2/16/2018
12teen,2620,Toyota_Land_Cruiser,2683,White,1 min,bullet,49,Lost,2/16/2018
12teen,2627,IM_dmitrij,2695,Black,1 min,bullet,22,Lost,2/16/2018
12teen,2634,IM_dmitrij,2688,White,1 min,bullet,72,Lost,2/16/2018
12teen,2641,Noukii,2759,White,1 min,bullet,24,Won,2/16/2018
12teen,2630,KevinSF,2700,Black,1 min,bullet,38,Lost,2/14/2018
12teen,2637,KevinSF,2685,White,1 min,bullet,42,Won,2/14/2018
12teen,2627,KevinSF,2707,Black,1 min,bullet,18,Lost,2/14/2018
12teen,2634,Toyota_Land_Cruiser,2565,Black,1 min,bullet,46,Lost,2/13/2018
12teen,2644,Toyota_Land_Cruiser,2555,White,1 min,bullet,25,Won,2/13/2018
12teen,2638,Toyota_Land_Cruiser,2561,Black,1 min,bullet,60,Won,2/13/2018