player,player_rating,opponent,opponent_rating,side,time_control,time_category,moves,result,date
12teen,2721,GMHess,2798,White,1 min,bullet,65,Lost,4/2/2019
12teen,2728,GMHess,2791,Black,1 min,bullet,23,Won,4/2/2019
12teen,2718,GMHess,2801,White,1 min,bullet,36,Won,4/2/2019
12teen,2708,GMHess,2811,Black,1 min,bullet,32,Lost,4/2/2019
12teen,2714,GMHess,2805,White,1 min,bullet,26,Lost,4/2/2019
12teen,2720,GMHess,2799,Black,1 min,bullet,41,Lost,4/2/2019
12teen,2727,GMHess,2792,White,1 min,bullet,20,Lost,4/2/2019
12teen,2734,GMHess,2785,Black,1 min,bullet,53,Lost,4/2/2019
12teen,2741,GMHess,2778,White,1 min,bullet,35,Lost,4/2/2019
12teen,2749,gmjlh,2757,Black,1 min,bullet,22,Lost,3/21/2019
12teen,2757,gmjlh,2749,White,1 min,bullet,49,Lost,3/21/2019
12teen,2766,HansCoolNiemann,2632,White,1 min,bullet,39,Lost,3/5/2019
12teen,2777,pranav_vip,2717,Black,1 min,bullet,39,Won,3/4/2019
12teen,2770,pranav_vip,2724,White,1 min,bullet,35,Won,3/4/2019
12teen,2763,pranav_vip,2731,Black,1 min,bullet,72,Lost,3/4/2019
12teen,2772,pranav_vip,2722,White,1 min,bullet,36,Won,3/4/2019
12teen,2765,pranav_vip,2729,Black,1 min,bullet,22,Won,3/4/2019
12teen,2758,pranav_vip,2736,White,1 min,bullet,49,Lost,3/4/2019
12teen,2767,pranav_vip,2727,Black,1 min,bullet,70,Lost,3/4/2019
12teen,2776,pranav_vip,2718,White,1 min,bullet,71,Won,3/4/2019
12teen,2769,Rain-in-Summer,2785,White,1 min,bullet,30,Lost,2/28/2019
12teen,2777,Rain-in-Summer,2777,Black,1 min,bullet,32,Won,2/28/2019
12teen,2769,Rain-in-Summer,2785,White,1 min,bullet,42,Won,2/28/2019
12teen,2760,Rain-in-Summer,2794,Black,1 min,bullet,41,Won,2/28/2019
12teen,2751,Zkid,2796,Black,1 min,bullet,48,Won,2/28/2019
12teen,2742,IM_dmitrij,2694,Black,1 min,bullet,35,Lost,2/27/2019
12teen,2752,IM_dmitrij,2684,White,1 min,bullet,28,Won,2/27/2019
12teen,2745,IM_dmitrij,2691,Black,1 min,bullet,62,Won,2/27/2019
12teen,2738,IM_dmitrij,2698,White,1 min,bullet,45,Draw,2/27/2019
12teen,2739,IM_dmitrij,2697,Black,1 min,bullet,31,Lost,2/27/2019
12teen,2748,IM_dmitrij,2688,White,1 min,bullet,62,Lost,2/26/2019
12teen,2758,TMTor,2772,White,1 min,bullet,36,Won,2/26/2019
12teen,2749,Jospem,2783,White,1 min,bullet,35,Lost,2/24/2019
12teen,2757,Jospem,2775,Black,1 min,bullet,75,Won,2/24/2019
12teen,2748,Jospem,2784,White,1 min,bullet,41,Lost,2/24/2019
12teen,2756,Jospem,2776,Black,1 min,bullet,31,Lost,2/24/2019
12teen,2764,Jospem,2768,White,1 min,bullet,45,Lost,2/24/2019
12teen,2772,Jospem,2760,Black,1 min,bullet,28,Lost,2/24/2019
12teen,2781,Jospem,2751,White,1 min,bullet,48,Won,2/24/2019
12teen,2773,Jospem,2759,Black,1 min,bullet,77,Won,2/24/2019
12teen,2765,Jospem,2767,White,1 min,bullet,40,Lost,2/24/2019
12teen,2773,Jospem,2759,Black,1 min,bullet,34,Won,2/24/2019
12teen,2765,Jospem,2767,White,1 min,bullet,52,Won,2/24/2019
12teen,2757,Jospem,2775,Black,1 min,bullet,33,Lost,2/24/2019
12teen,2765,Jospem,2767,White,1 min,bullet,37,Lost,2/24/2019
12teen,2773,Jospem,2759,Black,1 min,bullet,22,Lost,2/24/2019
12teen,2782,UVEK-FUUCK-ALL-11,3616,White,1 min,bullet,32,Lost,2/24/2019
12teen,2782,NeMeQuittePas,2807,Black,1 min,bullet,25,Lost,2/21/2019
12teen,2790,NeMeQuittePas,2799,White,1 min,bullet,32,Lost,2/21/2019
12teen,2798,NeMeQuittePas,2791,Black,1 min,bullet,67,Lost,2/21/2019