player,player_rating,opponent,opponent_rating,side,time_control,time_category,moves,result,date
12teen,2631,ExceptionallyDubious,2631,Black,1 min,bullet,34,Lost,2/13/2018
12teen,2639,ExceptionallyDubious,2623,White,1 min,bullet,27,Won,2/13/2018
12teen,2631,ExceptionallyDubious,2631,Black,1 min,bullet,29,Lost,2/13/2018
12teen,2639,ExceptionallyDubious,2623,White,1 min,bullet,16,Won,2/13/2018
12teen,2631,ExceptionallyDubious,2631,Black,1 min,bullet,17,Won,2/13/2018
12teen,2623,ExceptionallyDubious,2639,White,1 min,bullet,22,Lost,2/13/2018
12teen,2631,ExceptionallyDubious,2631,Black,1 min,bullet,36,Won,2/13/2018
12teen,2623,ExceptionallyDubious,2639,White,1 min,bullet,59,Lost,2/13/2018
12teen,2631,ExceptionallyDubious,2631,Black,1 min,bullet,56,Lost,2/13/2018
12teen,2639,ExceptionallyDubious,2623,White,1 min,bullet,20,Lost,2/13/2018
12teen,2648,ExceptionallyDubious,2614,Black,1 min,bullet,37,Won,2/13/2018
12teen,2640,ExceptionallyDubious,2622,White,1 min,bullet,53,Lost,2/13/2018
12teen,2649,ExceptionallyDubious,2613,Black,1 min,bullet,44,Lost,2/13/2018
12teen,2658,ExceptionallyDubious,2604,White,1 min,bullet,23,Won,2/13/2018
12teen,2651,ExceptionallyDubious,2611,Black,1 min,bullet,31,Lost,2/13/2018
12teen,2660,ExceptionallyDubious,2602,White,1 min,bullet,29,Won,2/13/2018
12teen,2653,ExceptionallyDubious,2609,Black,1 min,bullet,27,Won,2/13/2018
12teen,2646,ExceptionallyDubious,2616,White,1 min,bullet,41,Lost,2/13/2018
12teen,2655,ExceptionallyDubious,2607,Black,1 min,bullet,61,Lost,2/13/2018
12teen,2664,ExceptionallyDubious,2598,White,1 min,bullet,63,Lost,2/13/2018
12teen,2674,dancingqueen83,2635,Black,1 min,bullet,49,Won,2/5/2018
12teen,2667,dancingqueen83,2642,White,1 min,bullet,37,Won,2/5/2018
12teen,2659,dancingqueen83,2650,Black,1 min,bullet,44,Draw,2/5/2018
12teen,2659,dancingqueen83,2650,White,1 min,bullet,44,Lost,2/5/2018
12teen,2668,dancingqueen83,2641,Black,1 min,bullet,26,Won,2/5/2018
12teen,2660,dancingqueen83,2649,White,1 min,bullet,60,Won,2/5/2018
12teen,2652,Gajuchess,2550,Black,1 min,bullet,26,Won,2/5/2018
12teen,2646,Gajuchess,2559,White,1 min,bullet,68,Won,2/5/2018
12teen,2639,Gajuchess,2569,Black,1 min,bullet,32,Won,2/5/2018
12teen,2632,Gajuchess,2580,White,1 min,bullet,16,Won,2/5/2018
12teen,2624,Gajuchess,2592,Black,1 min,bullet,46,Won,2/5/2018
12teen,2615,danyuffa,2532,Black,1 min,bullet,18,Lost,1/13/2018
12teen,2625,danyuffa,2522,White,1 min,bullet,38,Won,1/13/2018
12teen,2619,danyuffa,2528,Black,1 min,bullet,29,Lost,1/13/2018
12teen,2629,danyuffa,2518,White,1 min,bullet,37,Won,1/13/2018
12teen,2623,danyuffa,2524,Black,1 min,bullet,43,Won,1/13/2018
12teen,2617,danyuffa,2530,White,1 min,bullet,36,Won,1/13/2018
12teen,2611,ZapataCharlesS,2568,Black,1 min,bullet,30,Lost,1/5/2018
12teen,2620,NJChess,2627,White,1 min,bullet,79,Lost,12/10/2017
12teen,2628,NJChess,2619,Black,1 min,bullet,68,Won,12/10/2017
12teen,2620,NJChess,2627,White,1 min,bullet,22,Won,12/10/2017
12teen,2611,TheLancer,2570,Black,1 min,bullet,22,Lost,12/9/2017
12teen,2620,TheLancer,2561,White,1 min,bullet,20,Won,12/9/2017
12teen,2613,TheLancer,2568,Black,1 min,bullet,47,Won,12/9/2017
12teen,2606,TheLancer,2575,White,1 min,bullet,40,Won,12/9/2017
12teen,2598,TheLancer,2583,Black,1 min,bullet,49,Lost,12/9/2017
12teen,2607,TheLancer,2574,White,1 min,bullet,61,Won,12/9/2017
12teen,2599,TheLancer,2582,Black,1 min,bullet,87,Draw,12/9/2017
12teen,2599,TheLancer,2582,White,1 min,bullet,36,Won,12/9/2017
12teen,2591,TheLancer,2590,Black,1 min,bullet,57,Lost,12/9/2017