player,player_rating,opponent,opponent_rating,side,time_control,time_category,moves,result,date
12teen,2599,TheLancer,2582,White,1 min,bullet,59,Won,12/9/2017
12teen,2591,TheLancer,2590,Black,1 min,bullet,57,Lost,12/9/2017
12teen,2599,TheLancer,2582,White,1 min,bullet,24,Won,12/9/2017
12teen,2591,TheLancer,2590,Black,1 min,bullet,75,Lost,12/9/2017
12teen,2599,TheLancer,2582,White,1 min,bullet,48,Won,12/9/2017
12teen,2591,TheLancer,2590,Black,1 min,bullet,38,Won,12/9/2017
12teen,2583,TheLancer,2598,White,1 min,bullet,16,Lost,12/9/2017
12teen,2591,TheLancer,2590,Black,1 min,bullet,31,Lost,12/9/2017
12teen,2599,TheLancer,2582,White,1 min,bullet,20,Lost,12/9/2017
12teen,2608,TheLancer,2573,Black,1 min,bullet,26,Won,12/9/2017
12teen,2600,JelenaKarleusa-SO-18,2754,White,1 min,bullet,33,Lost,12/4/2017
12teen,2605,JelenaKarleusa-SO-18,2749,Black,1 min,bullet,38,Lost,12/4/2017
12teen,2610,JelenaKarleusa-SO-18,2744,White,1 min,bullet,48,Lost,12/4/2017
12teen,2615,JelenaKarleusa-SO-18,2739,Black,1 min,bullet,61,Lost,12/4/2017
12teen,2621,JelenaKarleusa-SO-18,2734,White,1 min,bullet,29,Lost,12/4/2017
12teen,2627,JelenaKarleusa-SO-18,2728,Black,1 min,bullet,32,Lost,12/4/2017
12teen,2633,JelenaKarleusa-SO-18,2722,White,1 min,bullet,58,Draw,12/4/2017
12teen,2631,JelenaKarleusa-SO-18,2724,Black,1 min,bullet,38,Lost,12/4/2017
12teen,2637,JelenaKarleusa-SO-18,2718,White,1 min,bullet,33,Lost,12/4/2017
12teen,2644,JelenaKarleusa-SO-18,2712,Black,1 min,bullet,21,Won,12/4/2017
12teen,2633,JelenaKarleusa-SO-18,2722,White,1 min,bullet,3,Draw,12/4/2017
12teen,2631,JelenaKarleusa-SO-18,2724,Black,1 min,bullet,47,Lost,12/4/2017
12teen,2638,JelenaKarleusa-SO-18,2718,White,1 min,bullet,25,Lost,12/4/2017
12teen,2645,JelenaKarleusa-SO-18,2711,Black,1 min,bullet,45,Draw,12/4/2017
12teen,2643,JelenaKarleusa-SO-18,2713,White,1 min,bullet,77,Draw,12/4/2017
12teen,2641,JelenaKarleusa-SO-18,2715,Black,1 min,bullet,54,Won,12/4/2017
12teen,2629,JelenaKarleusa-SO-18,2725,White,1 min,bullet,66,Lost,12/4/2017
12teen,2637,JelenaKarleusa-SO-18,2719,Black,1 min,bullet,29,Lost,12/4/2017
12teen,2645,JelenaKarleusa-SO-18,2713,White,1 min,bullet,65,Lost,12/4/2017
12teen,2654,JelenaKarleusa-SO-18,2706,Black,1 min,bullet,68,Lost,12/4/2017
12teen,2664,JelenaKarleusa-SO-18,2699,White,1 min,bullet,25,Lost,12/4/2017
12teen,2675,JelenaKarleusa-SO-18,2691,Black,1 min,bullet,50,Draw,12/4/2017
12teen,2674,Ar4uha,2549,Black,1 min,bullet,32,Lost,11/29/2017
12teen,2690,Ar4uha,2538,White,1 min,bullet,63,Won,11/29/2017
12teen,2683,Ar4uha,2543,Black,1 min,bullet,31,Won,11/29/2017
12teen,2675,Ar4uha,2548,White,1 min,bullet,54,Won,11/29/2017
12teen,2666,Ar4uha,2554,Black,1 min,bullet,49,Won,11/29/2017
12teen,2656,Ar4uha,2560,White,1 min,bullet,38,Lost,11/29/2017
12teen,2674,Ar4uha,2549,Black,1 min,bullet,59,Won,11/29/2017
12teen,2664,Ar4uha,2555,White,1 min,bullet,16,Won,11/29/2017
12teen,2653,NguyenXi,2717,Black,1 min,bullet,30,Won,10/25/2017
12teen,2638,NguyenXi,2727,White,1 min,bullet,25,Lost,10/25/2017
12teen,2648,ZapataCharlesS,2581,White,1 min,bullet,0,Lost,10/15/2017
12teen,2662,flowrena,2603,White,1 min,bullet,45,Won,10/15/2017
12teen,2651,flowrena,2610,Black,1 min,bullet,47,Won,10/15/2017
12teen,2639,Dhaydon19,2640,White,1 min,bullet,62,Won,10/1/2017
12teen,2627,Dhaydon19,2648,Black,1 min,bullet,47,Lost,10/1/2017
12teen,2639,Dhaydon19,2640,White,1 min,bullet,55,Draw,10/1/2017
12teen,2639,Dhaydon19,2640,Black,1 min,bullet,86,Lost,10/1/2017
12teen,2652,Dhaydon19,2632,White,1 min,bullet,60,Lost,10/1/2017