player,player_rating,opponent,opponent_rating,side,time_control,time_category,moves,result,date
12teen,2404,ultraminds,2388,Black,3 min,blitz,1,Won,12/16/2015
12teen,2396,ultraminds,2396,White,3 min,blitz,6,Won,12/16/2015
12teen,2388,ultraminds,2404,Black,3 min,blitz,14,Won,12/16/2015
12teen,2379,Axves,2503,White,3 min,blitz,32,Lost,12/16/2015
12teen,2385,Axves,2498,Black,3 min,blitz,30,Lost,12/16/2015
12teen,2391,DymjanPL,2283,White,3 min,blitz,36,Won,12/15/2015
12teen,2385,kirilltselkovskiy,2251,White,3 min,blitz,46,Won,12/14/2015
12teen,2380,Unbeatable21,2347,Black,3 min,blitz,29,Draw,12/14/2015
12teen,2381,revonet,2413,Black,3 min,blitz,36,Lost,12/13/2015
12teen,2389,revonet,2405,White,3 min,blitz,51,Lost,12/13/2015
12teen,2397,revonet,2397,Black,3 min,blitz,28,Won,12/13/2015
12teen,2389,revonet,2405,White,3 min,blitz,46,Won,12/13/2015
12teen,2380,revonet,2414,Black,3 min,blitz,28,Won,12/13/2015
12teen,2371,Begoner,2175,White,3 min,blitz,35,Won,12/13/2015
12teen,2367,Begoner,2179,Black,3 min,blitz,55,Won,12/13/2015
12teen,2363,sestertii,2302,White,3 min,blitz,103,Draw,12/12/2015
12teen,2364,sestertii,2301,Black,3 min,blitz,57,Won,12/12/2015
12teen,2357,sestertii,2308,White,3 min,blitz,36,Won,12/12/2015
12teen,2350,sestertii,2315,Black,3 min,blitz,76,Won,12/12/2015
12teen,2342,sestertii,2323,White,3 min,blitz,45,Lost,12/12/2015
12teen,2351,sestertii,2314,Black,3 min,blitz,26,Won,12/12/2015
12teen,2343,sestertii,2322,White,3 min,blitz,44,Won,12/12/2015
12teen,2335,alex_zapata,2146,Black,3 min,blitz,32,Won,12/12/2015
12teen,2331,G-Bianchi,2266,White,3 min,blitz,26,Lost,12/8/2015
12teen,2341,gmjoey1,2488,White,3 min,blitz,33,Won,12/7/2015
12teen,2329,gmjoey1,2500,Black,3 min,blitz,59,Lost,12/7/2015
12teen,2334,gmjoey1,2495,White,3 min,blitz,27,Lost,12/7/2015
12teen,2339,gmjoey1,2490,Black,3 min,blitz,45,Won,12/7/2015
12teen,2327,gmjoey1,2502,White,3 min,blitz,20,Won,12/7/2015
12teen,2315,gmjoey1,2514,Black,3 min,blitz,32,Lost,12/7/2015
12teen,2319,ToyPistol85,2210,White,3 min,blitz,45,Won,12/7/2015
12teen,2313,SidneyMankind,2180,White,3 min,blitz,23,Won,12/7/2015
12teen,2308,NemoNescio,2153,White,3 min,blitz,27,Won,12/7/2015
12teen,2303,Kaspa_Ryan,2215,White,3 min,blitz,54,Lost,12/7/2015
12teen,2313,CaptainPlanet,2212,Black,3 min,blitz,74,Won,12/7/2015
12teen,2307,ToyPistol85,2213,Black,3 min,blitz,48,Lost,12/7/2015
12teen,2318,johnbiggelow,2217,Black,3 min,blitz,21,Won,12/6/2015
12teen,2312,habitus,2235,White,3 min,blitz,38,Won,12/6/2015
12teen,2305,cabalista,2308,White,3 min,blitz,53,Won,12/6/2015
12teen,2296,cabalista,2316,Black,3 min,blitz,41,Won,12/6/2015
12teen,2286,t-laarhoven,2294,Black,3 min,blitz,56,Won,12/6/2015
12teen,2276,2346PL,2248,White,3 min,blitz,51,Won,12/6/2015
12teen,2267,tukang_kayu17,2157,White,3 min,blitz,51,Draw,12/6/2015
12teen,2270,momia77,2209,White,3 min,blitz,28,Lost,12/6/2015
12teen,2282,yogorostegui,2267,Black,3 min,blitz,26,Won,12/6/2015
12teen,2272,momia77,2202,Black,3 min,blitz,38,Lost,12/6/2015
12teen,2285,morphy1949,2254,Black,3 min,blitz,20,Won,12/6/2015
12teen,2275,morphy1949,2262,White,3 min,blitz,25,Won,12/6/2015
12teen,2264,Logical_Nonsense,2153,White,3 min,blitz,29,Won,12/6/2015
12teen,2256,Logical_Nonsense,2159,Black,3 min,blitz,31,Won,12/6/2015