player,player_rating,opponent,opponent_rating,side,time_control,time_category,moves,result,date
12teen,2533,gmjoey1,2516,Black,3 min,blitz,31,Lost,5/1/2016
12teen,2542,Sigurbjorn,2363,White,3 min,blitz,26,Won,5/1/2016
12teen,2538,Sigurbjorn,2367,Black,3 min,blitz,23,Won,5/1/2016
12teen,2533,Blitzstream,2419,Black,3 min,blitz,47,Won,5/1/2016
12teen,2527,gmjoey1,2516,White,3 min,blitz,36,Won,5/1/2016
12teen,2519,garikkasparov,2547,White,3 min,blitz,34,Lost,5/1/2016
12teen,2527,ZEN-22,2402,Black,3 min,blitz,39,Won,5/1/2016
12teen,2522,DenDirk,2336,White,3 min,blitz,62,Won,4/30/2016
12teen,2518,salosa17,2475,Black,3 min,blitz,29,Lost,4/30/2016
12teen,2527,salosa17,2466,White,3 min,blitz,26,Won,4/30/2016
12teen,2520,gmjoey1,2609,Black,3 min,blitz,21,Lost,4/30/2016
12teen,2526,gmjoey1,2603,White,3 min,blitz,32,Lost,4/30/2016
12teen,2533,gmjoey1,2596,Black,3 min,blitz,29,Lost,4/30/2016
12teen,2540,NguyenXi,2534,White,3 min,blitz,38,Lost,4/30/2016
12teen,2549,NguyenXi,2525,Black,3 min,blitz,38,Lost,4/30/2016
12teen,2558,NguyenXi,2516,White,3 min,blitz,19,Won,4/30/2016
12teen,2551,NguyenXi,2523,Black,3 min,blitz,31,Lost,4/30/2016
12teen,2560,olarrg,2522,Black,3 min,blitz,29,Lost,4/30/2016
12teen,2569,oskariot,2391,White,3 min,blitz,22,Won,4/30/2016
12teen,2565,guillead1,2532,White,3 min,blitz,79,Draw,4/29/2016
12teen,2566,guillead1,2531,Black,3 min,blitz,42,Won,4/29/2016
12teen,2558,guillead1,2539,White,3 min,blitz,45,Won,4/29/2016
12teen,2550,1stSecond,2527,Black,3 min,blitz,72,Won,4/28/2016
12teen,2542,1stSecond,2535,White,3 min,blitz,43,Won,4/28/2016
12teen,2534,platy3,2654,Black,3 min,blitz,47,Lost,4/26/2016
12teen,2540,platy3,2648,White,3 min,blitz,37,Lost,4/26/2016
12teen,2546,platy3,2642,Black,3 min,blitz,22,Lost,4/26/2016
12teen,2552,feeblebrah,2484,Black,3 min,blitz,52,Won,4/26/2016
12teen,2545,feeblebrah,2491,White,3 min,blitz,17,Won,4/26/2016
12teen,2538,feeblebrah,2498,Black,3 min,blitz,33,Lost,4/26/2016
12teen,2547,feeblebrah,2489,White,3 min,blitz,44,Lost,4/26/2016
12teen,2557,feeblebrah,2479,Black,3 min,blitz,34,Lost,4/26/2016
12teen,2567,Schachschnecke,2443,White,3 min,blitz,36,Won,4/25/2016
12teen,2561,albertoquintin,2373,Black,3 min,blitz,33,Won,4/25/2016
12teen,2557,Arabicfalcon,2700,Black,3 min,blitz,40,Won,4/24/2016
12teen,2545,Arabicfalcon,2712,White,3 min,blitz,27,Lost,4/24/2016
12teen,2550,Arabicfalcon,2707,Black,3 min,blitz,46,Lost,4/24/2016
12teen,2555,kapinovo,2381,White,3 min,blitz,22,Won,4/24/2016
12teen,2551,FranklinAPalomo,2391,Black,3 min,blitz,60,Won,4/24/2016
12teen,2546,Storne89,2441,White,3 min,blitz,89,Won,4/24/2016
12teen,2540,Storne89,2448,Black,3 min,blitz,36,Won,4/24/2016
12teen,2534,Szfinx11,2512,Black,3 min,blitz,25,Lost,4/24/2016
12teen,2543,Szfinx11,2503,White,3 min,blitz,18,Draw,4/24/2016
12teen,2544,bangchess21,2376,White,3 min,blitz,56,Won,4/24/2016
12teen,2539,bangchess21,2381,Black,3 min,blitz,72,Won,4/24/2016
12teen,2534,Mastercnh,2398,White,3 min,blitz,31,Won,4/24/2016
12teen,2529,Mastercnh,2403,Black,3 min,blitz,33,Won,4/24/2016
12teen,2524,TaytayBis,2308,White,3 min,blitz,28,Won,4/24/2016
12teen,2520,TaytayBis,2312,Black,3 min,blitz,36,Won,4/24/2016
12teen,2516,Tolya2,2367,Black,3 min,blitz,27,Lost,4/24/2016