player,player_rating,opponent,opponent_rating,side,time_control,time_category,moves,result,date
12teen,2510,ZEN-22,2402,Black,3 min,blitz,62,Lost,3/21/2016
12teen,2521,Silent_Terror,2533,White,3 min,blitz,24,Won,3/21/2016
12teen,2512,Silent_Terror,2542,Black,3 min,blitz,44,Won,3/21/2016
12teen,2503,biostatistician,2462,White,3 min,blitz,25,Lost,3/21/2016
12teen,2512,biostatistician,2453,Black,3 min,blitz,35,Lost,3/21/2016
12teen,2522,biostatistician,2443,White,3 min,blitz,32,Won,3/21/2016
12teen,2515,biostatistician,2450,Black,3 min,blitz,54,Won,3/21/2016
12teen,2508,biostatistician,2457,White,3 min,blitz,69,Lost,3/20/2016
12teen,2518,Chaturanga71,2361,White,3 min,blitz,23,Won,3/20/2016
12teen,2513,Chaturanga71,2366,Black,3 min,blitz,67,Won,3/20/2016
12teen,2508,Chaturanga71,2371,White,3 min,blitz,31,Won,3/20/2016
12teen,2503,Bentery,2413,Black,3 min,blitz,47,Lost,3/15/2016
12teen,2513,Bentery,2403,White,3 min,blitz,38,Lost,3/15/2016
12teen,2524,RichardDaGreat,2387,Black,3 min,blitz,28,Won,3/15/2016
12teen,2519,RichardDaGreat,2392,White,3 min,blitz,48,Won,3/15/2016
12teen,2514,RichardDaGreat,2397,Black,3 min,blitz,33,Won,3/15/2016
12teen,2508,RichardDaGreat,2403,White,3 min,blitz,30,Won,3/15/2016
12teen,2502,Ar7ofWar,2195,White,3 min,blitz,64,Won,3/14/2016
12teen,2500,VanishingDragon,2443,Black,3 min,blitz,32,Lost,3/14/2016
12teen,2510,VanishingDragon,2433,White,3 min,blitz,20,Won,3/14/2016
12teen,2503,VanishingDragon,2452,Black,3 min,blitz,21,Won,3/14/2016
12teen,2496,VanishingDragon,2459,White,3 min,blitz,48,Draw,3/14/2016
12teen,2497,VanishingDragon,2458,Black,3 min,blitz,26,Won,3/14/2016
12teen,2490,VanishingDragon,2465,White,3 min,blitz,21,Won,3/14/2016
12teen,2482,cabalista,2413,White,3 min,blitz,22,Lost,3/13/2016
12teen,2492,cabalista,2403,Black,3 min,blitz,38,Won,3/13/2016
12teen,2486,siansell,2392,Black,3 min,blitz,46,Draw,3/13/2016
12teen,2488,DonCapucino,2372,Black,3 min,blitz,53,Lost,3/13/2016
12teen,2499,biostatistician,2464,Black,3 min,blitz,45,Draw,3/13/2016
12teen,2500,Edgar_Karagyozyan,2344,White,3 min,blitz,54,Lost,3/12/2016
12teen,2512,Edgar_Karagyozyan,2332,Black,3 min,blitz,43,Won,3/12/2016
12teen,2508,Edgar_Karagyozyan,2336,White,3 min,blitz,18,Won,3/12/2016
12teen,2503,Edgar_Karagyozyan,2341,Black,3 min,blitz,30,Won,3/12/2016
12teen,2498,Edgar_Karagyozyan,2346,White,3 min,blitz,32,Won,3/12/2016
12teen,2493,Edgar_Karagyozyan,2351,Black,3 min,blitz,81,Draw,3/12/2016
12teen,2496,Edgar_Karagyozyan,2348,White,3 min,blitz,12,Won,3/12/2016
12teen,2491,Edgar_Karagyozyan,2353,Black,3 min,blitz,23,Won,3/12/2016
12teen,2486,garikkasparov,2503,White,3 min,blitz,34,Lost,3/11/2016
12teen,2494,ChrisTool2,2235,White,3 min,blitz,48,Lost,3/11/2016
12teen,2507,kobravp,2314,White,3 min,blitz,70,Won,3/11/2016
12teen,2503,sportler90,2338,Black,3 min,blitz,14,Won,3/11/2016
12teen,2498,sportler90,2343,White,3 min,blitz,44,Won,3/11/2016
12teen,2493,maverick_nyc,2426,White,3 min,blitz,39,Lost,3/10/2016
12teen,2503,maverick_nyc,2413,Black,3 min,blitz,26,Won,3/10/2016
12teen,2497,maverick_nyc,2421,White,3 min,blitz,16,Won,3/10/2016
12teen,2490,BrilliantPenguin,2375,Black,3 min,blitz,18,Won,3/10/2016
12teen,2484,BrilliantPenguin,2381,White,3 min,blitz,40,Won,3/10/2016
12teen,2478,BrilliantPenguin,2387,Black,3 min,blitz,92,Draw,3/10/2016
12teen,2480,BrilliantPenguin,2385,White,3 min,blitz,19,Won,3/10/2016
12teen,2474,BrilliantPenguin,2391,Black,3 min,blitz,40,Won,3/10/2016