player,player_rating,opponent,opponent_rating,side,time_control,time_category,moves,result,date
12teen,2676,Lee_Yeon_Sung,2564,Black,3 min,blitz,43,Won,2/16/2019
12teen,2670,Juwen,2694,Black,3 min,blitz,42,Lost,2/16/2019
12teen,2678,Black-Flash,2690,White,3 min,blitz,69,Lost,2/16/2019
12teen,2686,Black-Flash,2682,Black,3 min,blitz,43,Won,2/16/2019
12teen,2678,Black-Flash,2690,White,3 min,blitz,57,Lost,2/16/2019
12teen,2686,Black-Flash,2682,Black,3 min,blitz,14,Lost,2/16/2019
12teen,2694,Black-Flash,2674,White,3 min,blitz,78,Draw,2/16/2019
12teen,2695,Black-Flash,2673,Black,3 min,blitz,47,Lost,2/16/2019
12teen,2704,Black-Flash,2664,White,3 min,blitz,25,Won,2/16/2019
12teen,2697,Yuwono,2608,White,3 min,blitz,66,Lost,2/16/2019
12teen,2707,Yuwono,2598,Black,3 min,blitz,19,Won,2/16/2019
12teen,2701,Yuwono,2604,White,3 min,blitz,37,Won,2/16/2019
12teen,2695,Yuwono,2610,Black,3 min,blitz,69,Lost,2/16/2019
12teen,2705,Yuwono,2600,White,3 min,blitz,29,Won,2/16/2019
12teen,2699,Yuwono,2606,Black,3 min,blitz,67,Won,2/16/2019
12teen,2693,agus_k,2622,Black,3 min,blitz,82,Lost,2/16/2019
12teen,2703,agus_k,2612,White,3 min,blitz,44,Won,2/16/2019
12teen,2697,agus_k,2618,Black,3 min,blitz,24,Won,2/16/2019
12teen,2690,saikrishnaReturns,2601,White,3 min,blitz,13,Won,2/16/2019
12teen,2684,saikrishnaReturns,2607,Black,3 min,blitz,52,Draw,2/16/2019
12teen,2686,saikrishnaReturns,2605,White,3 min,blitz,59,Won,2/16/2019
12teen,2680,AVENGERS786,2728,White,3 min,blitz,17,Lost,2/14/2019
12teen,2687,AVENGERS786,2682,Black,3 min,blitz,27,Lost,2/12/2019
12teen,2695,AVENGERS786,2674,White,3 min,blitz,53,Lost,2/12/2019
12teen,2704,TheCount,2572,White,3 min,blitz,58,Won,2/12/2019
12teen,2699,TheCount,2577,Black,3 min,blitz,53,Won,2/12/2019
12teen,2693,TheCount,2583,White,3 min,blitz,62,Draw,2/12/2019
12teen,2696,TheCount,2580,Black,3 min,blitz,13,Won,2/12/2019
12teen,2690,TheCount,2586,White,3 min,blitz,12,Won,2/12/2019
12teen,2684,TheCount,2592,Black,3 min,blitz,50,Won,2/12/2019
12teen,2678,TheCount,2598,White,3 min,blitz,33,Won,2/12/2019
12teen,2672,TheCount,2604,Black,3 min,blitz,48,Lost,2/12/2019
12teen,2682,LikeWater,2669,White,3 min,blitz,14,Won,2/12/2019
12teen,2674,JVFerreira,2614,White,3 min,blitz,51,Won,2/12/2019
12teen,2667,Dainamon,2693,Black,3 min,blitz,56,Lost,2/12/2019
12teen,2675,Dainamon,2685,White,3 min,blitz,55,Lost,2/12/2019
12teen,2683,Dainamon,2677,Black,3 min,blitz,14,Draw,2/12/2019
12teen,2683,PulpanJ,2592,Black,3 min,blitz,41,Won,2/12/2019
12teen,2677,xatu42,2721,Black,3 min,blitz,27,Lost,2/11/2019
12teen,2684,xatu42,2714,White,3 min,blitz,42,Lost,2/11/2019
12teen,2692,Yaacovn,2849,White,3 min,blitz,61,Draw,2/11/2019
12teen,2688,Yaacovn,2852,Black,3 min,blitz,34,Lost,2/11/2019
12teen,2693,Yaacovn,2847,White,3 min,blitz,29,Lost,2/11/2019
12teen,2698,torfredrik,2630,White,3 min,blitz,41,Won,2/11/2019
12teen,2691,torfredrik,2637,Black,3 min,blitz,42,Won,2/11/2019
12teen,2684,torfredrik,2644,White,3 min,blitz,29,Won,2/11/2019
12teen,2677,torfredrik,2651,Black,3 min,blitz,47,Lost,2/11/2019
12teen,2686,Hunninn,2646,White,3 min,blitz,23,Won,2/11/2019
12teen,2679,Hunninn,2653,Black,3 min,blitz,20,Lost,2/11/2019
12teen,2688,MikhailovViacheslav,2647,White,3 min,blitz,53,Won,2/11/2019