player,player_rating,opponent,opponent_rating,side,time_control,time_category,moves,result,date
12teen,2467,BrilliantPenguin,2397,White,3 min,blitz,50,Lost,3/10/2016
12teen,2477,ChrisTool2,2238,Black,3 min,blitz,41,Won,3/10/2016
12teen,2474,ChrisTool2,2241,White,3 min,blitz,27,Won,3/10/2016
12teen,2470,ChrisTool2,2244,Black,3 min,blitz,35,Draw,3/10/2016
12teen,2475,Bartattack,2360,Black,3 min,blitz,34,Won,3/10/2016
12teen,2469,Bartattack,2366,White,3 min,blitz,60,Won,3/10/2016
12teen,2463,pooh2012,2096,Black,3 min,blitz,12,Won,3/10/2016
12teen,2461,Dossling,2130,White,3 min,blitz,13,Won,3/10/2016
12teen,2459,ooo9876543,2384,Black,3 min,blitz,36,Lost,3/10/2016
12teen,2469,BrilliantPenguin,2404,Black,3 min,blitz,51,Lost,3/8/2016
12teen,2479,BrilliantPenguin,2394,White,3 min,blitz,71,Lost,3/8/2016
12teen,2489,lastgladiator,2269,White,3 min,blitz,27,Won,3/8/2016
12teen,2485,lastgladiator,2273,Black,3 min,blitz,67,Won,3/8/2016
12teen,2481,lastgladiator,2277,White,3 min,blitz,28,Won,3/8/2016
12teen,2477,lastgladiator,2281,Black,3 min,blitz,35,Won,3/8/2016
12teen,2473,theconquerer,2341,White,3 min,blitz,33,Lost,3/6/2016
12teen,2484,sestertii,2433,Black,3 min,blitz,24,Lost,2/28/2016
12teen,2493,Silent_Terror,2504,White,3 min,blitz,19,Lost,2/26/2016
12teen,2501,Danhy,2348,Black,3 min,blitz,69,Lost,2/24/2016
12teen,2512,orestn,2368,White,3 min,blitz,43,Lost,2/21/2016
12teen,2523,I_loveyou,2390,Black,3 min,blitz,75,Lost,2/21/2016
12teen,2534,I_loveyou,2378,White,3 min,blitz,34,Won,2/21/2016
12teen,2529,I_loveyou,2383,Black,3 min,blitz,131,Draw,2/21/2016
12teen,2532,I_loveyou,2380,White,3 min,blitz,39,Won,2/21/2016
12teen,2527,Nuveign,2410,Black,3 min,blitz,34,Lost,2/21/2016
12teen,2538,Nuveign,2399,White,3 min,blitz,27,Won,2/21/2016
12teen,2533,maestroza,2413,White,3 min,blitz,42,Won,2/21/2016
12teen,2527,maestroza,2418,Black,3 min,blitz,64,Lost,2/21/2016
12teen,2538,Silent_Terror,2477,Black,3 min,blitz,32,Won,2/21/2016
12teen,2531,Silent_Terror,2484,White,3 min,blitz,19,Won,2/21/2016
12teen,2524,Silent_Terror,2491,Black,3 min,blitz,30,Draw,2/21/2016
12teen,2525,Silent_Terror,2490,White,3 min,blitz,77,Draw,2/21/2016
12teen,2526,Silent_Terror,2489,Black,3 min,blitz,65,Draw,2/21/2016
12teen,2527,morphy1949,2379,White,3 min,blitz,72,Draw,2/21/2016
12teen,2530,morphy1949,2376,Black,3 min,blitz,54,Won,2/21/2016
12teen,2525,morphy1949,2381,White,3 min,blitz,22,Won,2/21/2016
12teen,2520,siansell,2353,White,3 min,blitz,53,Won,2/21/2016
12teen,2515,siansell,2357,Black,3 min,blitz,31,Won,2/21/2016
12teen,2510,P4AD,2310,White,3 min,blitz,18,Won,2/21/2016
12teen,2506,sallagitsin,2501,Black,3 min,blitz,16,Lost,2/20/2016
12teen,2514,sestertii,2349,White,3 min,blitz,42,Won,2/20/2016
12teen,2509,sestertii,2353,Black,3 min,blitz,44,Won,2/20/2016
12teen,2504,Ar4uha,2349,Black,3 min,blitz,28,Won,2/20/2016
12teen,2499,GMHess,2576,White,3 min,blitz,29,Lost,2/18/2016
12teen,2505,GMHess,2569,Black,3 min,blitz,29,Lost,2/18/2016
12teen,2512,ExceptionallyDubious,2462,Black,3 min,blitz,48,Lost,2/18/2016
12teen,2521,ExceptionallyDubious,2452,White,3 min,blitz,38,Won,2/18/2016
12teen,2514,olarrg,2433,White,3 min,blitz,78,Won,2/18/2016
12teen,2507,olarrg,2439,Black,3 min,blitz,35,Lost,2/18/2016
12teen,2517,liczner,2441,White,3 min,blitz,23,Won,2/18/2016