player,player_rating,opponent,opponent_rating,side,time_control,time_category,moves,result,date
12teen,2685,Yaacovn,2777,Black,1 min,bullet,38,Won,12/13/2016
12teen,2675,garcho08,2804,White,1 min,bullet,54,Lost,12/12/2016
12teen,2680,Blitzfanboy,2667,White,1 min,bullet,46,Lost,12/11/2016
12teen,2689,Blitzfanboy,2658,Black,1 min,bullet,31,Lost,12/11/2016
12teen,2698,Blitzfanboy,2649,White,1 min,bullet,76,Lost,12/11/2016
12teen,2708,Blitzfanboy,2639,Black,1 min,bullet,33,Won,12/11/2016
12teen,2701,Blitzfanboy,2646,White,1 min,bullet,26,Won,12/11/2016
12teen,2694,Blitzfanboy,2653,Black,1 min,bullet,58,Lost,12/11/2016
12teen,2703,Blitzfanboy,2644,White,1 min,bullet,36,Lost,12/11/2016
12teen,2713,Blitzfanboy,2634,Black,1 min,bullet,18,Won,12/11/2016
12teen,2706,Blitzfanboy,2641,White,1 min,bullet,34,Won,12/11/2016
12teen,2699,Blitzfanboy,2648,Black,1 min,bullet,32,Won,12/11/2016
12teen,2692,Blitzfanboy,2655,White,1 min,bullet,18,Won,12/11/2016
12teen,2684,Blitzfanboy,2663,Black,1 min,bullet,43,Lost,12/11/2016
12teen,2693,Blitzfanboy,2654,White,1 min,bullet,14,Won,12/11/2016
12teen,2686,Blitzfanboy,2661,Black,1 min,bullet,24,Lost,12/11/2016
12teen,2695,Blitzfanboy,2652,White,1 min,bullet,22,Lost,12/11/2016
12teen,2704,Blitzfanboy,2643,Black,1 min,bullet,28,Won,12/11/2016
12teen,2697,Blitzfanboy,2650,White,1 min,bullet,24,Won,12/11/2016
12teen,2690,Blitzfanboy,2657,Black,1 min,bullet,64,Lost,12/11/2016
12teen,2699,Blitzfanboy,2648,White,1 min,bullet,31,Lost,12/11/2016
12teen,2709,Blitzfanboy,2638,Black,1 min,bullet,29,Won,12/11/2016
12teen,2702,Gomatte,2595,Black,1 min,bullet,29,Won,12/10/2016
12teen,2696,Gomatte,2601,White,1 min,bullet,76,Lost,12/10/2016
12teen,2707,Gomatte,2590,Black,1 min,bullet,35,Won,12/10/2016
12teen,2701,Gomatte,2596,White,1 min,bullet,25,Won,12/10/2016
12teen,2695,Gomatte,2602,Black,1 min,bullet,51,Won,12/10/2016
12teen,2689,Gomatte,2608,White,1 min,bullet,29,Lost,12/10/2016
12teen,2699,Gomatte,2598,Black,1 min,bullet,10,Won,12/10/2016
12teen,2693,Gomatte,2604,White,1 min,bullet,61,Won,12/10/2016
12teen,2687,Gomatte,2610,Black,1 min,bullet,65,Lost,12/10/2016
12teen,2697,Gomatte,2600,White,1 min,bullet,25,Won,12/10/2016
12teen,2691,Gomatte,2606,Black,1 min,bullet,39,Won,12/10/2016
12teen,2685,Gomatte,2611,White,1 min,bullet,23,Won,12/10/2016
12teen,2678,NguyenXi,2588,White,1 min,bullet,28,Lost,12/8/2016
12teen,2688,NguyenXi,2578,Black,1 min,bullet,24,Won,12/8/2016
12teen,2682,ACTIVEKING-KPOB,2540,White,1 min,bullet,28,Lost,12/8/2016
12teen,2694,ACTIVEKING-KPOB,2528,Black,1 min,bullet,27,Won,12/8/2016
12teen,2689,ACTIVEKING-KPOB,2533,White,1 min,bullet,25,Won,12/8/2016
12teen,2684,ACTIVEKING-KPOB,2538,Black,1 min,bullet,24,Won,12/8/2016
12teen,2679,ACTIVEKING-KPOB,2543,White,1 min,bullet,43,Won,12/8/2016
12teen,2674,ACTIVEKING-KPOB,2548,Black,1 min,bullet,36,Won,12/8/2016
12teen,2669,ACTIVEKING-KPOB,2553,White,1 min,bullet,65,Won,12/8/2016
12teen,2663,ACTIVEKING-KPOB,2559,Black,1 min,bullet,26,Won,12/8/2016
12teen,2657,ACTIVEKING-KPOB,2565,White,1 min,bullet,18,Won,12/8/2016
12teen,2651,JDBryant,2574,Black,1 min,bullet,42,Won,12/8/2016
12teen,2644,JDBryant,2589,White,1 min,bullet,41,Won,12/8/2016
12teen,2637,JDBryant,2606,Black,1 min,bullet,44,Won,12/8/2016
12teen,2629,JDBryant,2626,White,1 min,bullet,31,Lost,12/8/2016
12teen,2638,JDBryant,2603,Black,1 min,bullet,52,Won,12/8/2016