player,player_rating,opponent,opponent_rating,side,time_control,time_category,moves,result,date
12teen,2540,bungakafa,2460,Black,3 min,blitz,24,Won,3/25/2016
12teen,2533,bungakafa,2473,White,3 min,blitz,39,Won,3/25/2016
12teen,2526,llamalord42,2346,Black,3 min,blitz,24,Won,3/25/2016
12teen,2522,llamalord42,2350,White,3 min,blitz,54,Won,3/25/2016
12teen,2518,garikkasparov,2623,White,3 min,blitz,32,Won,3/25/2016
12teen,2507,JIL-BATCH,2408,Black,3 min,blitz,38,Won,3/25/2016
12teen,2501,JIL-BATCH,2359,White,3 min,blitz,53,Lost,3/24/2016
12teen,2513,JIL-BATCH,2347,Black,3 min,blitz,46,Won,3/24/2016
12teen,2508,JIL-BATCH,2352,White,3 min,blitz,29,Won,3/24/2016
12teen,2503,gmjoey1,2515,White,3 min,blitz,34,Won,3/24/2016
12teen,2494,gmjoey1,2524,Black,3 min,blitz,22,Lost,3/24/2016
12teen,2502,gmjoey1,2516,White,3 min,blitz,31,Won,3/24/2016
12teen,2493,gmjoey1,2525,Black,3 min,blitz,35,Lost,3/24/2016
12teen,2501,gmjoey1,2517,White,3 min,blitz,20,Won,3/24/2016
12teen,2492,stefan_95,2354,Black,3 min,blitz,47,Won,3/24/2016
12teen,2487,stefan_95,2361,White,3 min,blitz,20,Won,3/24/2016
12teen,2482,stefan_95,2368,Black,3 min,blitz,55,Won,3/24/2016
12teen,2476,stefan_95,2376,White,3 min,blitz,35,Won,3/24/2016
12teen,2470,JoachimJo,2370,White,3 min,blitz,54,Lost,3/23/2016
12teen,2481,JoachimJo,2359,Black,3 min,blitz,91,Lost,3/23/2016
12teen,2492,JoachimJo,2348,White,3 min,blitz,31,Won,3/23/2016
12teen,2487,JoachimJo,2353,Black,3 min,blitz,53,Won,3/23/2016
12teen,2482,JoachimJo,2358,White,3 min,blitz,22,Won,3/23/2016
12teen,2477,garikkasparov,2623,Black,3 min,blitz,45,Lost,3/23/2016
12teen,2482,Stree,2483,White,3 min,blitz,53,Lost,3/23/2016
12teen,2490,garikkasparov,2616,White,3 min,blitz,21,Lost,3/23/2016
12teen,2495,garikkasparov,2611,Black,3 min,blitz,38,Lost,3/23/2016
12teen,2501,garikkasparov,2605,White,3 min,blitz,13,Won,3/23/2016
12teen,2490,garikkasparov,2616,Black,3 min,blitz,33,Lost,3/23/2016
12teen,2495,garikkasparov,2611,White,3 min,blitz,37,Won,3/23/2016
12teen,2484,garikkasparov,2622,Black,3 min,blitz,59,Lost,3/23/2016
12teen,2489,Bartattack,2513,Black,3 min,blitz,25,Lost,3/23/2016
12teen,2497,Bartattack,2505,White,3 min,blitz,39,Lost,3/23/2016
12teen,2505,kapinovo,2355,Black,3 min,blitz,57,Won,3/23/2016
12teen,2500,aladedios,2352,Black,3 min,blitz,62,Won,3/23/2016
12teen,2495,BorntobeGM,2314,White,3 min,blitz,32,Won,3/23/2016
12teen,2491,tac49,2468,White,3 min,blitz,29,Won,3/23/2016
12teen,2483,tac49,2476,Black,3 min,blitz,50,Won,3/23/2016
12teen,2475,Vyzmanavin,2344,White,3 min,blitz,34,Won,3/22/2016
12teen,2470,Vyzmanavin,2349,Black,3 min,blitz,65,Won,3/22/2016
12teen,2464,CaptainPlanet,2352,White,3 min,blitz,73,Lost,3/22/2016
12teen,2475,akitochu,2273,White,3 min,blitz,19,Won,3/22/2016
12teen,2471,morphy1949,2425,Black,3 min,blitz,40,Lost,3/22/2016
12teen,2480,TrashCuckoo,2426,Black,3 min,blitz,40,Lost,3/22/2016
12teen,2490,TrashCuckoo,2416,White,3 min,blitz,33,Won,3/22/2016
12teen,2483,GMemmancarter,2277,White,3 min,blitz,37,Won,3/22/2016
12teen,2479,guillead1,2433,White,3 min,blitz,44,Lost,3/22/2016
12teen,2488,guillead1,2424,Black,3 min,blitz,78,Draw,3/22/2016
12teen,2490,ZEN-22,2422,Black,3 min,blitz,31,Lost,3/21/2016
12teen,2500,ZEN-22,2412,White,3 min,blitz,69,Lost,3/21/2016