player,player_rating,opponent,opponent_rating,side,time_control,time_category,moves,result,date
12teen,2739,Panevezys,2760,White,1 min,bullet,72,Lost,2/14/2019
12teen,2747,Panevezys,2752,Black,1 min,bullet,52,Won,2/14/2019
12teen,2739,Panevezys,2760,White,1 min,bullet,83,Draw,2/14/2019
12teen,2738,Panevezys,2761,Black,1 min,bullet,31,Won,2/14/2019
12teen,2729,Panevezys,2770,White,1 min,bullet,52,Lost,2/14/2019
12teen,2736,Panevezys,2763,Black,1 min,bullet,49,Draw,2/14/2019
12teen,2735,Panevezys,2764,White,1 min,bullet,35,Won,2/14/2019
12teen,2726,Panevezys,2773,Black,1 min,bullet,41,Won,2/14/2019
12teen,2717,Panevezys,2782,White,1 min,bullet,32,Lost,2/14/2019
12teen,2724,Panevezys,2775,Black,1 min,bullet,45,Lost,2/14/2019
12teen,2731,Panevezys,2768,White,1 min,bullet,39,Lost,2/14/2019
12teen,2739,Panevezys,2761,Black,1 min,bullet,72,Draw,2/14/2019
12teen,2738,Panevezys,2762,White,1 min,bullet,65,Lost,2/14/2019
12teen,2746,Panevezys,2754,Black,1 min,bullet,65,Won,2/14/2019
12teen,2737,Panevezys,2763,White,1 min,bullet,63,Won,2/14/2019
12teen,2728,Panevezys,2772,Black,1 min,bullet,74,Lost,2/14/2019
12teen,2735,Panevezys,2764,White,1 min,bullet,116,Lost,2/14/2019
12teen,2743,Panevezys,2756,Black,1 min,bullet,43,Lost,2/14/2019
12teen,2751,Panevezys,2739,White,1 min,bullet,0,Lost,2/14/2019
12teen,2760,manudavid,2728,Black,1 min,bullet,35,Lost,2/12/2019
12teen,2769,manudavid,2719,White,1 min,bullet,28,Won,2/12/2019
12teen,2762,manudavid,2726,Black,1 min,bullet,29,Won,2/12/2019
12teen,2754,manudavid,2734,White,1 min,bullet,62,Won,2/12/2019
12teen,2746,manudavid,2742,Black,1 min,bullet,46,Lost,2/12/2019
12teen,2755,manudavid,2733,White,1 min,bullet,58,Lost,2/12/2019
12teen,2764,manudavid,2724,Black,1 min,bullet,40,Won,2/12/2019
12teen,2757,manudavid,2731,White,1 min,bullet,25,Lost,2/12/2019
12teen,2766,pultineviciuspaulius,2662,Black,1 min,bullet,42,Won,2/12/2019
12teen,2760,pultineviciuspaulius,2668,White,1 min,bullet,44,Won,2/12/2019
12teen,2754,pultineviciuspaulius,2674,Black,1 min,bullet,26,Won,2/12/2019
12teen,2747,pultineviciuspaulius,2681,White,1 min,bullet,56,Won,2/12/2019
12teen,2740,pultineviciuspaulius,2688,Black,1 min,bullet,29,Lost,2/12/2019
12teen,2750,pultineviciuspaulius,2678,White,1 min,bullet,38,Won,2/12/2019
12teen,2743,ChubbyPandaEzebat,2833,Black,1 min,bullet,54,Lost,2/9/2019
12teen,2749,ChubbyPandaEzebat,2827,White,1 min,bullet,15,Lost,2/9/2019
12teen,2756,Chipsbeer,2995,White,1 min,bullet,34,Lost,2/9/2019
12teen,2760,Chipsbeer,2962,Black,1 min,bullet,16,Lost,2/9/2019
12teen,2765,Last7Samurai,2640,Black,1 min,bullet,69,Won,2/9/2019
12teen,2759,Last7Samurai,2646,White,1 min,bullet,26,Won,2/9/2019
12teen,2753,Last7Samurai,2652,Black,1 min,bullet,27,Won,2/9/2019
12teen,2747,Last7Samurai,2658,White,1 min,bullet,29,Lost,2/9/2019
12teen,2757,Last7Samurai,2648,Black,1 min,bullet,63,Won,2/9/2019
12teen,2751,FastChance,2648,White,1 min,bullet,32,Won,2/9/2019
12teen,2745,FastChance,2654,Black,1 min,bullet,42,Won,2/9/2019
12teen,2739,Feegrockport,2636,White,1 min,bullet,32,Won,2/9/2019
12teen,2733,irregularity,2653,White,1 min,bullet,24,Won,2/8/2019
12teen,2727,irregularity,2659,Black,1 min,bullet,51,Won,2/8/2019
12teen,2720,irregularity,2666,White,1 min,bullet,26,Won,2/8/2019
12teen,2713,irregularity,2673,Black,1 min,bullet,49,Won,2/8/2019
12teen,2706,irregularity,2680,White,1 min,bullet,28,Won,2/8/2019