player,player_rating,opponent,opponent_rating,side,time_control,time_category,moves,result,date
12teen,2247,Logical_Nonsense,2165,White,3 min,blitz,19,Won,12/6/2015
12teen,2237,tukang_kayu17,2151,Black,3 min,blitz,79,Lost,12/6/2015
12teen,2253,jwalinmehta,2212,Black,3 min,blitz,52,Won,12/6/2015
12teen,2241,jwalinmehta,2219,White,3 min,blitz,35,Won,12/6/2015
12teen,2228,jwalinmehta,2227,Black,3 min,blitz,28,Won,12/6/2015
12teen,2213,Ar7ofWar,2170,Black,3 min,blitz,41,Won,12/6/2015
12teen,2199,Ar7ofWar,2178,White,3 min,blitz,42,Won,12/6/2015
12teen,2184,ilyashv,2043,Black,3 min,blitz,49,Won,12/6/2015
12teen,2174,2011KING,2157,Black,3 min,blitz,58,Lost,12/3/2015
12teen,2192,2011KING,2148,White,3 min,blitz,8,Won,12/3/2015
12teen,2176,2011KING,2156,Black,3 min,blitz,26,Won,12/3/2015
12teen,2158,dmjjmd,2070,White,3 min,blitz,31,Won,12/3/2015
12teen,2143,strongest91,2031,White,3 min,blitz,45,Won,12/3/2015
12teen,2128,strongest91,2037,Black,3 min,blitz,51,Won,12/3/2015
12teen,2112,strongest91,2043,White,3 min,blitz,31,Won,12/3/2015
12teen,2093,Caiello,2067,Black,3 min,blitz,25,Won,12/3/2015
12teen,2070,Caiello,2075,White,3 min,blitz,35,Won,12/3/2015
12teen,2043,sidbuddha,2067,White,3 min,blitz,50,Won,11/28/2015
12teen,2013,sidbuddha,2089,Black,3 min,blitz,41,Lost,11/28/2015
12teen,2037,sidbuddha,2072,White,3 min,blitz,17,Won,11/28/2015
12teen,2001,sidbuddha,2098,Black,3 min,blitz,30,Lost,11/28/2015
12teen,2028,FMchesskid,2096,Black,3 min,blitz,36,Won,11/28/2015
12teen,1983,FMchesskid,2107,White,3 min,blitz,63,Lost,11/28/2015
12teen,2011,FMchesskid,2101,Black,3 min,blitz,11,Won,11/28/2015
12teen,1955,FMchesskid,2112,White,3 min,blitz,95,Lost,11/28/2015
12teen,1985,FMchesskid,2107,Black,3 min,blitz,41,Won,11/28/2015
12teen,1913,FMchesskid,2119,White,3 min,blitz,18,Won,11/28/2015
12teen,1825,FMchesskid,2133,Black,3 min,blitz,22,Won,11/28/2015
12teen,1722,RisingForce14,1732,White,3 min,blitz,20,Won,11/28/2015
12teen,1649,Mameluke-Bey,1589,Black,3 min,blitz,21,Won,11/28/2015
12teen,1578,helio3035,1482,White,3 min,blitz,23,Won,11/28/2015
12teen,1501,RushFury,1424,Black,3 min,blitz,30,Won,11/28/2015
12teen,1399,Valencia87,1351,Black,1|9,blitz,57,Draw,8/9/2015
12teen,1415,Valencia87,1350,Black,10 min,blitz,35,Won,8/9/2015
12teen,1251,Valencia87,1360,Black,10 min,blitz,19,Draw,8/9/2015