player,player_rating,opponent,opponent_rating,side,time_control,time_category,moves,result,date
12teen,2720,wonderfultime,2989,Black,1 min,bullet,55,Lost,4/4/2019
12teen,2723,albi1999,2495,Black,1 min,bullet,41,Won,4/4/2019
12teen,2719,kosya4ok,2682,White,1 min,bullet,66,Lost,4/4/2019
12teen,2728,Micki-taryan,2853,Black,1 min,bullet,47,Lost,4/4/2019
12teen,2733,Alexander_Donchenko,2679,White,1 min,bullet,52,Won,4/4/2019
12teen,2726,Sanan_Sjugirov,2726,White,1 min,bullet,27,Won,4/4/2019
12teen,2718,RobertoJBM,2661,Black,1 min,bullet,30,Won,4/4/2019
12teen,2711,HWegner,2565,White,1 min,bullet,42,Draw,4/4/2019
12teen,2714,chesshoudini,2242,Black,1 min,bullet,22,Won,4/4/2019
12teen,2713,Zq1,2232,White,1 min,bullet,39,Won,4/4/2019
12teen,2712,Artur_Avalyan03,2510,Black,1 min,bullet,18,Lost,4/4/2019
12teen,2725,NikolaN98,2176,White,1 min,bullet,35,Won,4/4/2019
12teen,2724,nubair1198,2560,Black,1 min,bullet,65,Lost,4/4/2019
12teen,2736,Yaroslav_Remizov,2459,White,1 min,bullet,49,Lost,4/4/2019
12teen,2750,gmjlh,2904,Black,1 min,bullet,59,Lost,4/4/2019
12teen,2755,Markov_Mikhail,2619,White,1 min,bullet,52,Won,4/4/2019
12teen,2750,Twiceblessed,2541,Black,1 min,bullet,44,Won,4/4/2019
12teen,2746,Taron_Shagbazyan,2507,White,1 min,bullet,26,Won,4/4/2019
12teen,2743,asms9699,2603,Black,1 min,bullet,71,Draw,4/4/2019
12teen,2746,Badmatsyrenov_Oleg,2605,White,1 min,bullet,31,Lost,4/4/2019
12teen,2757,PulpanJ,2809,White,1 min,bullet,53,Lost,4/4/2019
12teen,2764,Oleg_Papayan,2579,Black,1 min,bullet,21,Won,4/4/2019
12teen,2760,swayamsm,2479,White,1 min,bullet,38,Won,4/4/2019
12teen,2757,rasmussvane,2719,Black,1 min,bullet,34,Lost,4/4/2019
12teen,2766,Jumabayev,2385,White,1 min,bullet,51,Won,4/4/2019
12teen,2764,manudavid,2790,White,1 min,bullet,26,Lost,4/4/2019
12teen,2772,manudavid,2782,Black,1 min,bullet,53,Won,4/4/2019
12teen,2763,manudavid,2791,White,1 min,bullet,51,Lost,4/4/2019
12teen,2771,manudavid,2783,Black,1 min,bullet,53,Won,4/4/2019
12teen,2762,manudavid,2792,White,1 min,bullet,50,Lost,4/4/2019
12teen,2770,Tjktiger,2809,Black,1 min,bullet,46,Won,4/3/2019
12teen,2761,nihalsarin,2912,White,1 min,bullet,53,Lost,4/3/2019
12teen,2766,Mykola-Bortnyk,2871,Black,1 min,bullet,82,Lost,4/3/2019
12teen,2772,Msb2,2814,White,1 min,bullet,71,Won,4/3/2019
12teen,2763,Guenplen,2845,White,1 min,bullet,27,Won,4/3/2019
12teen,2753,irregularity,2549,Black,1 min,bullet,43,Won,4/3/2019
12teen,2749,Witik,2583,White,1 min,bullet,62,Won,4/3/2019
12teen,2744,vuqarrasulov,2721,White,1 min,bullet,76,Lost,4/3/2019
12teen,2753,DenishevM,2555,Black,1 min,bullet,60,Won,4/3/2019
12teen,2749,ficorrales,2593,Black,1 min,bullet,68,Won,4/3/2019
12teen,2744,justmig,2567,White,1 min,bullet,60,Won,4/3/2019
12teen,2740,YoungUzbek,2498,Black,1 min,bullet,39,Won,4/3/2019
12teen,2737,tactics321,2584,White,1 min,bullet,44,Lost,4/3/2019
12teen,2749,Rsnr,2641,Black,1 min,bullet,63,Lost,4/3/2019
12teen,2760,PchelkinVK,2505,White,1 min,bullet,39,Won,4/3/2019
12teen,2757,albi1999,2418,Black,1 min,bullet,66,Lost,4/3/2019
12teen,2771,Oleg_Papayan,2598,White,1 min,bullet,38,Lost,4/3/2019
12teen,2783,Parhamov,2839,White,1 min,bullet,32,Lost,4/3/2019
12teen,2790,platy3,2728,Black,1 min,bullet,66,Won,4/3/2019
12teen,2783,moro182,2603,White,1 min,bullet,30,Won,4/3/2019