player,player_rating,opponent,opponent_rating,side,time_control,time_category,moves,result,date
12teen,2579,Bryushinin,2489,White,3 min,blitz,33,Won,2/10/2019
12teen,2572,Bryushinin,2495,Black,3 min,blitz,89,Won,2/10/2019
12teen,2565,gilbert_gm,2526,Black,3 min,blitz,36,Won,2/10/2019
12teen,2556,GulamaliRises,2569,Black,3 min,blitz,62,Won,2/10/2019
12teen,2546,GulamaliRises,2578,White,3 min,blitz,42,Lost,2/10/2019
12teen,2555,GulamaliRises,2570,Black,3 min,blitz,41,Lost,2/10/2019
12teen,2565,xatu42,2711,Black,3 min,blitz,46,Lost,2/10/2019
12teen,2571,organdzievhren,2461,White,3 min,blitz,44,Won,2/10/2019
12teen,2563,organdzievhren,2467,Black,3 min,blitz,46,Won,2/10/2019
12teen,2555,cekic12345678,2519,Black,3 min,blitz,46,Won,2/10/2019
12teen,2544,John_Arni_Nilssen,2462,White,3 min,blitz,36,Won,2/10/2019
12teen,2535,Kij504,2509,White,3 min,blitz,44,Won,2/10/2019
12teen,2524,yoda2009,2487,Black,3 min,blitz,62,Draw,2/10/2019
12teen,2525,rase,2421,Black,3 min,blitz,56,Won,2/10/2019
12teen,2516,rase,2427,White,3 min,blitz,28,Won,2/10/2019
12teen,2506,rase,2433,Black,3 min,blitz,32,Won,2/10/2019
12teen,2495,Snowblind1985,2514,White,3 min,blitz,61,Won,2/10/2019
12teen,2479,Snowblind1985,2523,Black,3 min,blitz,36,Lost,2/10/2019
12teen,2493,Neftegor,2390,White,3 min,blitz,27,Won,2/10/2019
12teen,2481,Neftegor,2396,Black,3 min,blitz,30,Won,2/10/2019
12teen,2468,manipun,2518,White,3 min,blitz,30,Lost,2/9/2019
12teen,2483,manipun,2511,Black,3 min,blitz,59,Won,2/9/2019
12teen,2463,manipun,2520,White,3 min,blitz,30,Won,2/9/2019
12teen,2440,manipun,2530,Black,3 min,blitz,18,Lost,2/9/2019
12teen,2455,manipun,2524,White,3 min,blitz,36,Lost,2/9/2019
12teen,2473,manipun,2517,Black,3 min,blitz,52,Won,2/9/2019
12teen,2447,manipun,2527,White,3 min,blitz,70,Draw,2/9/2019
12teen,2442,BSWPaulsen,2430,White,3 min,blitz,55,Won,2/9/2019
12teen,2416,BSWPaulsen,2438,Black,3 min,blitz,39,Draw,2/9/2019
12teen,2414,vogelj,2397,White,3 min,blitz,40,Won,11/11/2018
12teen,2394,DrConfetti,2417,Black,3 min,blitz,39,Lost,11/11/2018
12teen,2415,chessforthesun,2342,Black,3 min,blitz,27,Won,11/9/2018
12teen,2396,besztok,2397,White,3 min,blitz,55,Lost,9/29/2018
12teen,2417,besztok,2388,Black,3 min,blitz,31,Won,9/29/2018
12teen,2396,besztok,2396,White,3 min,blitz,68,Draw,9/29/2018
12teen,2396,Cryptal,2381,White,3 min,blitz,31,Won,9/26/2018
12teen,2373,Simon_1986,2265,Black,3 min,blitz,67,Won,5/28/2018
12teen,2364,dhanushbharadwaj,2340,White,3 min,blitz,41,Won,5/28/2018
12teen,2351,Kleopatra777,2309,Black,3 min,blitz,30,Won,5/28/2018
12teen,2338,minisim,2281,White,3 min,blitz,41,Lost,5/26/2018
12teen,2356,GM_Chesstosterone,2406,White,3 min,blitz,28,Won,5/26/2018
12teen,2338,thegoldenking01,2317,Black,3 min,blitz,9,Won,5/25/2018
12teen,2323,catuchex,2288,Black,3 min,blitz,34,Won,5/25/2018
12teen,2308,z2win,2216,Black,3 min,blitz,37,Won,4/13/2018
12teen,2298,lowcc,2408,Black,3 min,blitz,30,Lost,4/13/2018
12teen,2307,Kemarsky,2319,Black,3 min,blitz,27,Draw,3/18/2018
12teen,2307,Kemarsky,2319,White,3 min,blitz,24,Lost,3/18/2018
12teen,2318,Kemarsky,2311,Black,3 min,blitz,52,Lost,3/18/2018
12teen,2330,Kemarsky,2302,White,3 min,blitz,72,Lost,3/18/2018
12teen,2344,Kemarsky,2293,Black,3 min,blitz,73,Draw,3/18/2018