player,player_rating,opponent,opponent_rating,side,time_control,time_category,moves,result,date
12teen,2683,Rurep26,2587,Black,3 min,blitz,39,Won,3/26/2019
12teen,2677,Rurep26,2598,White,3 min,blitz,90,Draw,3/26/2019
12teen,2679,panda1331,2632,White,3 min,blitz,33,Lost,3/23/2019
12teen,2689,panda1331,2622,Black,3 min,blitz,44,Won,3/23/2019
12teen,2682,esapunov,2701,White,3 min,blitz,57,Draw,3/23/2019
12teen,2682,Raja3401,2591,Black,3 min,blitz,50,Won,3/23/2019
12teen,2676,Raja3401,2597,White,3 min,blitz,32,Won,3/23/2019
12teen,2670,Julio_Becerra,2658,Black,3 min,blitz,8,Draw,3/21/2019
12teen,2663,tigeLtoN-1,2716,Black,3 min,blitz,19,Lost,3/13/2019
12teen,2670,mavuba,2690,White,3 min,blitz,24,Lost,2/25/2019
12teen,2678,mavuba,2682,Black,3 min,blitz,82,Draw,2/25/2019
12teen,2678,mavuba,2682,White,3 min,blitz,40,Lost,2/25/2019
12teen,2686,JVFerreira,2612,Black,3 min,blitz,26,Won,2/25/2019
12teen,2679,artooon,2646,Black,3 min,blitz,22,Won,2/25/2019
12teen,2671,artooon,2654,White,3 min,blitz,44,Lost,2/25/2019
12teen,2680,GMG,2685,Black,3 min,blitz,56,Won,2/25/2019
12teen,2672,GMG,2693,White,3 min,blitz,45,Lost,2/25/2019
12teen,2680,GMG,2685,Black,3 min,blitz,50,Won,2/25/2019
12teen,2671,GMG,2694,White,3 min,blitz,24,Won,2/25/2019
12teen,2662,Klisk,2583,Black,3 min,blitz,40,Won,2/25/2019
12teen,2655,Klisk,2590,White,3 min,blitz,25,Won,2/25/2019
12teen,2648,figter2008,2622,Black,3 min,blitz,39,Lost,2/25/2019
12teen,2657,figter2008,2613,White,3 min,blitz,67,Lost,2/25/2019
12teen,2666,figter2008,2604,Black,3 min,blitz,34,Won,2/25/2019
12teen,2659,sandropozo,2621,White,3 min,blitz,35,Won,2/25/2019
12teen,2652,figter2008,2611,White,3 min,blitz,30,Won,2/25/2019
12teen,2645,figter2008,2618,Black,3 min,blitz,59,Lost,2/25/2019
12teen,2654,Snowblind1985,2591,White,3 min,blitz,28,Lost,2/23/2019
12teen,2664,Snowblind1985,2581,Black,3 min,blitz,57,Won,2/23/2019
12teen,2658,agus_k,2618,White,3 min,blitz,54,Lost,2/19/2019
12teen,2667,Dyadya81,2683,Black,3 min,blitz,28,Lost,2/17/2019
12teen,2675,Dyadya81,2659,White,3 min,blitz,28,Lost,2/17/2019
12teen,2684,dogsofwar,2955,White,3 min,blitz,20,Won,2/17/2019
12teen,2670,dogsofwar,2976,Black,3 min,blitz,35,Lost,2/17/2019
12teen,2673,dogsofwar,2972,White,3 min,blitz,64,Lost,2/17/2019
12teen,2676,dogsofwar,2968,Black,3 min,blitz,27,Lost,2/17/2019
12teen,2679,dogsofwar,2964,White,3 min,blitz,28,Lost,2/17/2019
12teen,2682,dogsofwar,2960,Black,3 min,blitz,23,Lost,2/17/2019
12teen,2685,dogsofwar,2955,White,3 min,blitz,40,Won,2/17/2019
12teen,2671,dogsofwar,2978,Black,3 min,blitz,32,Lost,2/17/2019
12teen,2673,dogsofwar,2974,White,3 min,blitz,38,Lost,2/17/2019
12teen,2676,dogsofwar,2970,Black,3 min,blitz,38,Lost,2/17/2019
12teen,2679,dogsofwar,2965,White,3 min,blitz,62,Lost,2/17/2019
12teen,2682,dogsofwar,2960,Black,3 min,blitz,35,Lost,2/17/2019
12teen,2685,dogsofwar,2955,White,3 min,blitz,47,Draw,2/17/2019
12teen,2680,dogsofwar,2966,Black,3 min,blitz,57,Lost,2/17/2019
12teen,2683,FEKKET-ESZTER,2637,Black,3 min,blitz,42,Draw,2/16/2019
12teen,2684,Markov_Mikhail,2700,Black,3 min,blitz,47,Lost,2/16/2019
12teen,2692,Markov_Mikhail,2692,White,3 min,blitz,24,Won,2/16/2019
12teen,2684,Bryakin_Mikhail,2647,Black,3 min,blitz,52,Won,2/16/2019