player,player_rating,opponent,opponent_rating,side,time_control,time_category,moves,result,date
12teen,2695,Genghis_K,2716,Black,1 min,bullet,78,Won,12/14/2016
12teen,2686,Genghis_K,2725,White,1 min,bullet,47,Won,12/14/2016
12teen,2677,Genghis_K,2734,Black,1 min,bullet,30,Lost,12/14/2016
12teen,2684,Genghis_K,2727,White,1 min,bullet,31,Won,12/14/2016
12teen,2675,Genghis_K,2736,Black,1 min,bullet,25,Lost,12/14/2016
12teen,2682,Genghis_K,2729,White,1 min,bullet,66,Lost,12/14/2016
12teen,2689,Genghis_K,2722,Black,1 min,bullet,59,Won,12/14/2016
12teen,2680,Genghis_K,2731,White,1 min,bullet,27,Won,12/14/2016
12teen,2670,Genghis_K,2741,Black,1 min,bullet,22,Lost,12/14/2016
12teen,2677,Genghis_K,2734,White,1 min,bullet,29,Lost,12/14/2016
12teen,2684,Genghis_K,2727,Black,1 min,bullet,20,Lost,12/14/2016
12teen,2691,penguingm1,2903,Black,1 min,bullet,43,Lost,12/14/2016
12teen,2695,penguingm1,2899,White,1 min,bullet,69,Lost,12/14/2016
12teen,2699,penguingm1,2895,Black,1 min,bullet,49,Lost,12/14/2016
12teen,2703,penguingm1,2891,White,1 min,bullet,47,Won,12/14/2016
12teen,2691,penguingm1,2903,Black,1 min,bullet,26,Lost,12/14/2016
12teen,2695,penguingm1,2899,White,1 min,bullet,36,Lost,12/14/2016
12teen,2699,penguingm1,2895,Black,1 min,bullet,5,Lost,12/14/2016
12teen,2703,penguingm1,2891,White,1 min,bullet,64,Lost,12/14/2016
12teen,2707,penguingm1,2887,Black,1 min,bullet,31,Lost,12/14/2016
12teen,2711,penguingm1,2883,White,1 min,bullet,53,Lost,12/14/2016
12teen,2716,penguingm1,2878,Black,1 min,bullet,75,Won,12/14/2016
12teen,2704,penguingm1,2890,White,1 min,bullet,16,Lost,12/14/2016
12teen,2708,penguingm1,2886,Black,1 min,bullet,44,Won,12/14/2016
12teen,2696,penguingm1,2898,White,1 min,bullet,41,Lost,12/14/2016
12teen,2700,penguingm1,2894,Black,1 min,bullet,49,Lost,12/14/2016
12teen,2704,penguingm1,2890,White,1 min,bullet,19,Lost,12/14/2016
12teen,2708,penguingm1,2886,Black,1 min,bullet,58,Lost,12/14/2016
12teen,2712,penguingm1,2882,White,1 min,bullet,56,Lost,12/14/2016
12teen,2717,penguingm1,2877,Black,1 min,bullet,63,Lost,12/14/2016
12teen,2722,penguingm1,2872,White,1 min,bullet,73,Lost,12/14/2016
12teen,2727,penguingm1,2867,Black,1 min,bullet,20,Lost,12/14/2016
12teen,2732,penguingm1,2862,White,1 min,bullet,28,Won,12/14/2016
12teen,2721,penguingm1,2873,Black,1 min,bullet,25,Won,12/14/2016
12teen,2709,penguingm1,2885,White,1 min,bullet,79,Won,12/14/2016
12teen,2697,penguingm1,2897,Black,1 min,bullet,54,Lost,12/14/2016
12teen,2701,penguingm1,2893,White,1 min,bullet,76,Lost,12/14/2016
12teen,2705,penguingm1,2889,Black,1 min,bullet,24,Lost,12/14/2016
12teen,2709,penguingm1,2885,White,1 min,bullet,27,Won,12/14/2016
12teen,2697,penguingm1,2897,Black,1 min,bullet,50,Won,12/14/2016
12teen,2684,penguingm1,2910,White,1 min,bullet,60,Lost,12/14/2016
12teen,2688,penguingm1,2906,Black,1 min,bullet,48,Lost,12/14/2016
12teen,2692,friendship-housailei,2634,Black,1 min,bullet,53,Draw,12/13/2016
12teen,2693,Yaacovn,2769,White,1 min,bullet,23,Won,12/13/2016
12teen,2683,Yaacovn,2779,Black,1 min,bullet,72,Won,12/13/2016
12teen,2672,Yaacovn,2790,White,1 min,bullet,47,Lost,12/13/2016
12teen,2678,Yaacovn,2784,Black,1 min,bullet,57,Lost,12/13/2016
12teen,2684,Yaacovn,2778,White,1 min,bullet,21,Won,12/13/2016
12teen,2673,Yaacovn,2789,Black,1 min,bullet,40,Lost,12/13/2016
12teen,2679,Yaacovn,2783,White,1 min,bullet,32,Lost,12/13/2016