player,player_rating,opponent,opponent_rating,side,time_control,time_category,moves,result,date
12teen,2630,JDBryant,2625,White,1 min,bullet,41,Lost,12/8/2016
12teen,2639,JDBryant,2598,Black,1 min,bullet,37,Won,12/8/2016
12teen,2631,JDBryant,2623,White,1 min,bullet,34,Won,12/8/2016
12teen,2622,JDBryant,2653,Black,1 min,bullet,38,Lost,12/8/2016
12teen,2630,NguyenXi,2622,White,1 min,bullet,27,Lost,12/7/2016
12teen,2639,NguyenXi,2613,Black,1 min,bullet,23,Lost,12/7/2016
12teen,2648,want2lose,2504,Black,1 min,bullet,60,Lost,12/6/2016
12teen,2660,want2lose,2492,White,1 min,bullet,35,Won,12/6/2016
12teen,2655,want2lose,2497,Black,1 min,bullet,42,Lost,12/6/2016
12teen,2667,want2lose,2485,White,1 min,bullet,25,Won,12/6/2016
12teen,2663,want2lose,2489,Black,1 min,bullet,50,Won,12/6/2016
12teen,2659,Yaacovn,2785,White,1 min,bullet,0,Lost,12/4/2016
12teen,2664,Whateveriov,2768,Black,1 min,bullet,35,Lost,11/19/2016
12teen,2670,Whateveriov,2762,White,1 min,bullet,39,Draw,11/19/2016
12teen,2668,Whateveriov,2764,Black,1 min,bullet,21,Lost,11/19/2016
12teen,2674,Whateveriov,2758,White,1 min,bullet,46,Lost,11/19/2016
12teen,2680,Whateveriov,2752,Black,1 min,bullet,82,Draw,11/19/2016
12teen,2678,Whateveriov,2754,White,1 min,bullet,31,Lost,11/19/2016
12teen,2685,Whateveriov,2747,Black,1 min,bullet,18,Lost,11/19/2016
12teen,2692,Whateveriov,2740,White,1 min,bullet,62,Won,11/19/2016
12teen,2683,Whateveriov,2749,Black,1 min,bullet,23,Lost,11/19/2016
12teen,2690,Whateveriov,2742,White,1 min,bullet,38,Won,11/19/2016
12teen,2680,Whateveriov,2752,Black,1 min,bullet,59,Draw,11/19/2016
12teen,2678,Whateveriov,2754,White,1 min,bullet,44,Won,11/19/2016
12teen,2668,Whateveriov,2764,Black,1 min,bullet,46,Lost,11/19/2016
12teen,2674,Whateveriov,2758,White,1 min,bullet,33,Won,11/19/2016
12teen,2664,Whateveriov,2768,Black,1 min,bullet,21,Lost,11/19/2016
12teen,2670,Whateveriov,2762,White,1 min,bullet,35,Lost,11/19/2016
12teen,2676,Whateveriov,2756,Black,1 min,bullet,45,Won,11/19/2016
12teen,2666,Whateveriov,2766,White,1 min,bullet,14,Lost,11/19/2016
12teen,2672,Whateveriov,2760,Black,1 min,bullet,27,Draw,11/19/2016
12teen,2670,Whateveriov,2762,White,1 min,bullet,71,Lost,11/19/2016
12teen,2676,Whateveriov,2756,Black,1 min,bullet,18,Lost,11/19/2016
12teen,2683,Whateveriov,2749,White,1 min,bullet,39,Lost,11/19/2016
12teen,2690,Whateveriov,2742,Black,1 min,bullet,40,Won,11/19/2016
12teen,2679,Whateveriov,2752,White,1 min,bullet,38,Won,11/19/2016
12teen,2667,whyisthat,1499,Black,1 min,bullet,22,Won,11/11/2016
12teen,2667,Jhonmontes,2501,White,1 min,bullet,38,Lost,11/10/2016
12teen,2680,MENTAL-TRAMP,1840,Black,1 min,bullet,29,Won,11/9/2016
12teen,2680,NguyenXi,2645,White,1 min,bullet,38,Lost,11/9/2016
12teen,2690,NguyenXi,2636,Black,1 min,bullet,31,Won,11/9/2016
12teen,2682,NguyenXi,2643,White,1 min,bullet,17,Won,11/9/2016
12teen,2673,NguyenXi,2650,Black,1 min,bullet,32,Won,11/9/2016
12teen,2664,NguyenXi,2658,White,1 min,bullet,40,Won,11/9/2016
12teen,2654,jlandaw,2592,Black,1 min,bullet,36,Won,10/17/2016
12teen,2647,jlandaw,2599,White,1 min,bullet,40,Lost,10/17/2016
12teen,2656,NTBT_DHS,2609,Black,1 min,bullet,28,Lost,9/25/2016
12teen,2666,Schmackeboom,2569,White,1 min,bullet,64,Lost,9/19/2016
12teen,2677,Schmackeboom,2558,Black,1 min,bullet,28,Lost,9/19/2016
12teen,2688,Schmackeboom,2547,White,1 min,bullet,27,Won,9/19/2016