player,player_rating,opponent,opponent_rating,side,time_control,time_category,moves,result,date
12teen,2681,MikhailovViacheslav,2661,Black,3 min,blitz,73,Lost,2/11/2019
12teen,2690,MikhailovViacheslav,2652,White,3 min,blitz,23,Won,2/11/2019
12teen,2683,MikhailovViacheslav,2659,Black,3 min,blitz,36,Lost,2/11/2019
12teen,2692,MikhailovViacheslav,2650,White,3 min,blitz,27,Won,2/11/2019
12teen,2685,MikhailovViacheslav,2657,Black,3 min,blitz,42,Won,2/11/2019
12teen,2677,MikhailovViacheslav,2665,White,3 min,blitz,51,Won,2/11/2019
12teen,2669,MikhailovViacheslav,2673,Black,3 min,blitz,47,Lost,2/11/2019
12teen,2677,MikhailovViacheslav,2665,White,3 min,blitz,31,Won,2/11/2019
12teen,2669,MikhailovViacheslav,2673,Black,3 min,blitz,25,Draw,2/11/2019
12teen,2669,MikhailovViacheslav,2673,White,3 min,blitz,30,Won,2/11/2019
12teen,2661,MikhailovViacheslav,2681,Black,3 min,blitz,40,Lost,2/11/2019
12teen,2669,MikhailovViacheslav,2673,White,3 min,blitz,62,Draw,2/11/2019
12teen,2669,MikhailovViacheslav,2673,Black,3 min,blitz,40,Draw,2/11/2019
12teen,2669,MikhailovViacheslav,2673,White,3 min,blitz,68,Won,2/11/2019
12teen,2660,MikhailovViacheslav,2682,Black,3 min,blitz,36,Won,2/11/2019
12teen,2651,MikhailovViacheslav,2691,White,3 min,blitz,55,Won,2/11/2019
12teen,2642,MikhailovViacheslav,2700,Black,3 min,blitz,37,Lost,2/11/2019
12teen,2649,MikhailovViacheslav,2693,White,3 min,blitz,40,Lost,2/11/2019
12teen,2656,MikhailovViacheslav,2686,Black,3 min,blitz,40,Won,2/11/2019
12teen,2647,MikhailovViacheslav,2695,White,3 min,blitz,31,Lost,2/11/2019
12teen,2654,MikhailovViacheslav,2688,Black,3 min,blitz,55,Lost,2/11/2019
12teen,2662,MikhailovViacheslav,2680,White,3 min,blitz,43,Won,2/11/2019
12teen,2653,Gusto_Frutta,2550,Black,3 min,blitz,40,Lost,2/11/2019
12teen,2664,Gusto_Frutta,2539,White,3 min,blitz,32,Won,2/11/2019
12teen,2659,Gusto_Frutta,2544,Black,3 min,blitz,80,Won,2/11/2019
12teen,2653,Gusto_Frutta,2550,White,3 min,blitz,65,Won,2/11/2019
12teen,2647,Gusto_Frutta,2556,Black,3 min,blitz,29,Won,2/11/2019
12teen,2641,Gusto_Frutta,2562,White,3 min,blitz,44,Won,2/11/2019
12teen,2635,Gusto_Frutta,2568,Black,3 min,blitz,51,Won,2/10/2019
12teen,2628,Gusto_Frutta,2575,White,3 min,blitz,73,Draw,2/10/2019
12teen,2629,Gusto_Frutta,2574,Black,3 min,blitz,39,Won,2/10/2019
12teen,2622,Gusto_Frutta,2581,White,3 min,blitz,19,Won,2/10/2019
12teen,2615,Gusto_Frutta,2588,Black,3 min,blitz,59,Lost,2/10/2019
12teen,2624,Gusto_Frutta,2579,White,3 min,blitz,70,Lost,2/10/2019
12teen,2633,1stSecond,2707,Black,3 min,blitz,32,Won,2/10/2019
12teen,2623,1stSecond,2717,White,3 min,blitz,44,Lost,2/10/2019
12teen,2629,1stSecond,2711,Black,3 min,blitz,57,Lost,2/10/2019
12teen,2635,1stSecond,2705,White,3 min,blitz,36,Lost,2/10/2019
12teen,2642,1stSecond,2698,Black,3 min,blitz,15,Lost,2/10/2019
12teen,2649,SteelSpider,2749,White,3 min,blitz,22,Lost,2/10/2019
12teen,2655,SteelSpider,2743,Black,3 min,blitz,73,Won,2/10/2019
12teen,2645,Reks-murka,2766,Black,3 min,blitz,41,Won,2/10/2019
12teen,2634,temus_galaktionov,2589,White,3 min,blitz,23,Won,2/10/2019
12teen,2627,temus_galaktionov,2596,Black,3 min,blitz,46,Won,2/10/2019
12teen,2619,temus_galaktionov,2604,White,3 min,blitz,23,Won,2/10/2019
12teen,2611,FEKKET-ESZTER,2570,White,3 min,blitz,27,Won,2/10/2019
12teen,2604,FEKKET-ESZTER,2577,Black,3 min,blitz,47,Won,2/10/2019
12teen,2596,FEKKET-ESZTER,2585,White,3 min,blitz,31,Won,2/10/2019
12teen,2588,FEKKET-ESZTER,2593,Black,3 min,blitz,83,Draw,2/10/2019
12teen,2588,FEKKET-ESZTER,2593,White,3 min,blitz,39,Won,2/10/2019