player,player_rating,opponent,opponent_rating,side,time_control,time_category,moves,result,date
12teen,2491,VanishingDragon,2447,Black,3 min,blitz,41,Won,6/27/2016
12teen,2484,VanishingDragon,2454,White,3 min,blitz,39,Won,6/27/2016
12teen,2476,VanishingDragon,2462,Black,3 min,blitz,77,Won,6/27/2016
12teen,2468,Tiohoracio,2379,White,3 min,blitz,37,Won,6/27/2016
12teen,2462,Proteuo,2327,Black,3 min,blitz,56,Won,6/27/2016
12teen,2457,Alexander_Zubov,2594,White,3 min,blitz,34,Lost,6/27/2016
12teen,2462,Tiohoracio,2394,Black,3 min,blitz,30,Won,6/27/2016
12teen,2455,Tiohoracio,2401,White,3 min,blitz,22,Won,6/27/2016
12teen,2448,Blitzstream,2476,White,3 min,blitz,68,Lost,6/27/2016
12teen,2456,Spartakus1975,2507,White,3 min,blitz,81,Draw,6/26/2016
12teen,2455,Spartakus1975,2508,Black,3 min,blitz,21,Lost,6/26/2016
12teen,2462,iusegine,2430,White,3 min,blitz,57,Lost,6/24/2016
12teen,2471,SomePatzer,2473,White,3 min,blitz,28,Lost,6/23/2016
12teen,2479,SomePatzer,2465,Black,3 min,blitz,27,Lost,6/23/2016
12teen,2488,oliver98,2299,White,3 min,blitz,49,Won,6/23/2016
12teen,2484,baba_nakamura,2341,Black,3 min,blitz,32,Won,6/20/2016
12teen,2479,Debilchtoli,2369,White,3 min,blitz,28,Lost,6/8/2016
12teen,2490,musclebrain,2316,White,3 min,blitz,59,Won,6/8/2016
12teen,2485,musclebrain,2321,Black,3 min,blitz,55,Won,6/8/2016
12teen,2480,AndreyOstrovskiy,2523,Black,3 min,blitz,15,Lost,6/5/2016
12teen,2487,Aguiar94,2441,Black,3 min,blitz,31,Won,6/4/2016
12teen,2480,Aguiar94,2448,White,3 min,blitz,40,Won,6/4/2016
12teen,2472,Aguiar94,2456,Black,3 min,blitz,46,Won,6/4/2016
12teen,2464,Borsch7,2590,Black,3 min,blitz,38,Lost,5/30/2016
12teen,2470,Borsch7,2577,White,3 min,blitz,23,Lost,5/30/2016
12teen,2476,gmjoey1,2458,Black,3 min,blitz,22,Lost,5/29/2016
12teen,2485,gmjoey1,2449,White,3 min,blitz,51,Won,5/29/2016
12teen,2477,gmjoey1,2457,Black,3 min,blitz,70,Won,5/29/2016
12teen,2469,gmjoey1,2465,White,3 min,blitz,92,Draw,5/29/2016
12teen,2469,rydlj,2432,Black,3 min,blitz,44,Won,5/29/2016
12teen,2461,rydlj,2440,White,3 min,blitz,95,Draw,5/29/2016
12teen,2462,ivanooob,2445,White,3 min,blitz,13,Lost,5/29/2016
12teen,2471,zlarkisz,2365,White,3 min,blitz,34,Lost,5/29/2016
12teen,2482,amungme,2275,Black,3 min,blitz,56,Won,5/29/2016
12teen,2478,olarrg,2473,Black,3 min,blitz,61,Lost,5/29/2016
12teen,2487,olarrg,2464,White,3 min,blitz,12,Won,5/29/2016
12teen,2479,Napo18,2404,White,3 min,blitz,25,Lost,5/29/2016
12teen,2489,sestertii,2350,White,3 min,blitz,32,Won,5/29/2016
12teen,2484,sestertii,2355,Black,3 min,blitz,64,Won,5/29/2016
12teen,2479,guillead1,2515,Black,3 min,blitz,22,Lost,5/29/2016
12teen,2487,Corbblah,2287,Black,3 min,blitz,45,Won,5/29/2016
12teen,2483,sestertii,2343,White,3 min,blitz,62,Won,5/29/2016
12teen,2478,morphy1949,2363,White,3 min,blitz,52,Won,5/29/2016
12teen,2472,morphy1949,2369,Black,3 min,blitz,34,Won,5/29/2016
12teen,2466,cabalista,2406,Black,3 min,blitz,32,Lost,5/29/2016
12teen,2476,GMRafaelLeitao,2604,White,3 min,blitz,31,Lost,5/28/2016
12teen,2482,sceleon,2445,White,3 min,blitz,61,Lost,5/27/2016
12teen,2491,sceleon,2436,Black,3 min,blitz,42,Won,5/27/2016
12teen,2484,sceleon,2443,White,3 min,blitz,29,Won,5/27/2016
12teen,2477,albertoquintin,2414,White,3 min,blitz,44,Lost,5/27/2016