player,player_rating,opponent,opponent_rating,side,time_control,time_category,moves,result,date
12teen,2807,NeMeQuittePas,2782,White,1 min,bullet,83,Lost,2/21/2019
12teen,2816,NeMeQuittePas,2773,Black,1 min,bullet,54,Lost,2/21/2019
12teen,2825,NeMeQuittePas,2764,White,1 min,bullet,25,Won,2/21/2019
12teen,2818,NeMeQuittePas,2771,Black,1 min,bullet,26,Won,2/21/2019
12teen,2811,NeMeQuittePas,2778,White,1 min,bullet,66,Won,2/21/2019
12teen,2803,NeMeQuittePas,2786,Black,1 min,bullet,33,Lost,2/21/2019
12teen,2812,NeMeQuittePas,2777,White,1 min,bullet,23,Won,2/21/2019
12teen,2804,NeMeQuittePas,2785,Black,1 min,bullet,54,Lost,2/21/2019
12teen,2813,NeMeQuittePas,2776,White,1 min,bullet,57,Draw,2/21/2019
12teen,2814,NeMeQuittePas,2775,Black,1 min,bullet,33,Won,2/21/2019
12teen,2807,NeMeQuittePas,2782,White,1 min,bullet,62,Lost,2/21/2019
12teen,2816,NeMeQuittePas,2773,Black,1 min,bullet,26,Won,2/21/2019
12teen,2809,NeMeQuittePas,2781,White,1 min,bullet,36,Lost,2/21/2019
12teen,2818,NeMeQuittePas,2771,Black,1 min,bullet,66,Won,2/21/2019
12teen,2811,NeMeQuittePas,2779,White,1 min,bullet,48,Lost,2/21/2019
12teen,2820,NeMeQuittePas,2769,Black,1 min,bullet,49,Lost,2/21/2019
12teen,2830,NeMeQuittePas,2758,White,1 min,bullet,72,Lost,2/21/2019
12teen,2840,NeMeQuittePas,2746,Black,1 min,bullet,30,Won,2/21/2019
12teen,2834,NeMeQuittePas,2753,White,1 min,bullet,22,Lost,2/21/2019
12teen,2844,NeMeQuittePas,2740,Black,1 min,bullet,38,Won,2/21/2019
12teen,2838,NeMeQuittePas,2747,White,1 min,bullet,64,Lost,2/21/2019
12teen,2849,NeMeQuittePas,2733,Black,1 min,bullet,23,Won,2/21/2019
12teen,2843,NeMeQuittePas,2741,White,1 min,bullet,61,Won,2/21/2019
12teen,2837,NeMeQuittePas,2749,Black,1 min,bullet,31,Draw,2/21/2019
12teen,2839,NeMeQuittePas,2746,White,1 min,bullet,39,Lost,2/21/2019
12teen,2850,NeMeQuittePas,2731,Black,1 min,bullet,49,Won,2/21/2019
12teen,2844,NeMeQuittePas,2739,White,1 min,bullet,75,Won,2/21/2019
12teen,2838,NeMeQuittePas,2748,Black,1 min,bullet,69,Won,2/21/2019
12teen,2832,NeMeQuittePas,2758,White,1 min,bullet,34,Lost,2/21/2019
12teen,2842,NeMeQuittePas,2741,Black,1 min,bullet,57,Won,2/21/2019
12teen,2836,NeMeQuittePas,2751,White,1 min,bullet,31,Won,2/21/2019
12teen,2829,NeMeQuittePas,2763,Black,1 min,bullet,43,Won,2/21/2019
12teen,2822,NeMeQuittePas,2776,White,1 min,bullet,72,Draw,2/21/2019
12teen,2823,NeMeQuittePas,2774,Black,1 min,bullet,58,Won,2/21/2019
12teen,2816,NeMeQuittePas,2789,White,1 min,bullet,19,Won,2/21/2019
12teen,2808,NeMeQuittePas,2806,Black,1 min,bullet,35,Lost,2/21/2019
12teen,2817,NeMeQuittePas,2787,White,1 min,bullet,32,Won,2/21/2019
12teen,2809,NeMeQuittePas,2806,Black,1 min,bullet,41,Lost,2/21/2019
12teen,2818,NeMeQuittePas,2784,White,1 min,bullet,29,Won,2/21/2019
12teen,2810,hanqi,2873,Black,1 min,bullet,62,Lost,2/21/2019
12teen,2817,penguingm1,3094,White,1 min,bullet,19,Lost,2/21/2019
12teen,2820,penguingm1,3091,Black,1 min,bullet,42,Won,2/21/2019
12teen,2806,penguingm1,3105,White,1 min,bullet,31,Lost,2/21/2019
12teen,2808,penguingm1,3103,Black,1 min,bullet,67,Draw,2/21/2019
12teen,2802,penguingm1,3109,White,1 min,bullet,41,Lost,2/21/2019
12teen,2804,penguingm1,3107,Black,1 min,bullet,25,Lost,2/21/2019
12teen,2806,penguingm1,3105,White,1 min,bullet,42,Lost,2/21/2019
12teen,2809,penguingm1,3102,Black,1 min,bullet,30,Lost,2/21/2019
12teen,2812,penguingm1,3099,White,1 min,bullet,29,Lost,2/21/2019
12teen,2815,penguingm1,3096,Black,1 min,bullet,38,Lost,2/21/2019