player,player_rating,opponent,opponent_rating,side,time_control,time_category,moves,result,date
12teen,2784,KNVB,2765,White,1 min,bullet,21,Won,12/18/2016
12teen,2776,KNVB,2773,Black,1 min,bullet,56,Won,12/18/2016
12teen,2768,KNVB,2781,White,1 min,bullet,33,Won,12/18/2016
12teen,2759,KNVB,2790,Black,1 min,bullet,49,Won,12/18/2016
12teen,2750,KNVB,2799,White,1 min,bullet,62,Lost,12/18/2016
12teen,2757,KNVB,2792,Black,1 min,bullet,40,Lost,12/18/2016
12teen,2765,KNVB,2784,White,1 min,bullet,47,Won,12/18/2016
12teen,2756,KNVB,2793,Black,1 min,bullet,29,Lost,12/18/2016
12teen,2763,KNVB,2786,White,1 min,bullet,56,Lost,12/18/2016
12teen,2771,KNVB,2778,Black,1 min,bullet,60,Won,12/18/2016
12teen,2762,KNVB,2787,White,1 min,bullet,24,Won,12/18/2016
12teen,2753,KNVB,2796,Black,1 min,bullet,71,Lost,12/18/2016
12teen,2760,KNVB,2789,White,1 min,bullet,58,Lost,12/18/2016
12teen,2768,KNVB,2781,Black,1 min,bullet,36,Won,12/18/2016
12teen,2759,KNVB,2790,White,1 min,bullet,27,Won,12/18/2016
12teen,2750,KNVB,2799,Black,1 min,bullet,31,Won,12/18/2016
12teen,2740,klounessa,2685,Black,1 min,bullet,1,Lost,12/18/2016
12teen,2750,klounessa,2686,White,1 min,bullet,50,Lost,12/18/2016
12teen,2760,klounessa,2676,Black,1 min,bullet,60,Draw,12/18/2016
12teen,2762,klounessa,2674,White,1 min,bullet,69,Won,12/18/2016
12teen,2756,klounessa,2680,Black,1 min,bullet,79,Won,12/18/2016
12teen,2749,klounessa,2687,White,1 min,bullet,74,Won,12/18/2016
12teen,2742,klounessa,2694,Black,1 min,bullet,56,Draw,12/18/2016
12teen,2743,klounessa,2693,White,1 min,bullet,57,Won,12/18/2016
12teen,2736,klounessa,2700,Black,1 min,bullet,40,Won,12/18/2016
12teen,2728,klounessa,2708,White,1 min,bullet,77,Won,12/18/2016
12teen,2720,klounessa,2716,Black,1 min,bullet,26,Lost,12/18/2016
12teen,2728,klounessa,2708,White,1 min,bullet,53,Won,12/18/2016
12teen,2720,klounessa,2716,Black,1 min,bullet,80,Won,12/18/2016
12teen,2712,klounessa,2724,White,1 min,bullet,68,Lost,12/18/2016
12teen,2720,klounessa,2716,Black,1 min,bullet,73,Won,12/18/2016
12teen,2712,klounessa,2724,White,1 min,bullet,41,Won,12/18/2016
12teen,2703,klounessa,2733,Black,1 min,bullet,25,Won,12/18/2016
12teen,2694,klounessa,2742,White,1 min,bullet,52,Lost,12/18/2016
12teen,2701,ExceptionallyDubious,2595,Black,1 min,bullet,35,Won,12/15/2016
12teen,2695,ExceptionallyDubious,2601,White,1 min,bullet,37,Won,12/15/2016
12teen,2689,ExceptionallyDubious,2607,Black,1 min,bullet,30,Won,12/15/2016
12teen,2683,ExceptionallyDubious,2613,White,1 min,bullet,43,Lost,12/15/2016
12teen,2693,ExceptionallyDubious,2603,Black,1 min,bullet,48,Won,12/15/2016
12teen,2687,ExceptionallyDubious,2609,White,1 min,bullet,28,Won,12/15/2016
12teen,2680,ExceptionallyDubious,2616,Black,1 min,bullet,91,Lost,12/15/2016
12teen,2690,ExceptionallyDubious,2606,White,1 min,bullet,46,Won,12/15/2016
12teen,2684,ExceptionallyDubious,2612,Black,1 min,bullet,63,Lost,12/15/2016
12teen,2694,ExceptionallyDubious,2602,White,1 min,bullet,35,Won,12/15/2016
12teen,2688,ExceptionallyDubious,2608,Black,1 min,bullet,44,Won,12/15/2016
12teen,2681,ExceptionallyDubious,2615,White,1 min,bullet,19,Won,12/15/2016
12teen,2674,Genghis_K,2737,Black,1 min,bullet,21,Lost,12/14/2016
12teen,2681,Genghis_K,2730,White,1 min,bullet,52,Draw,12/14/2016
12teen,2680,Genghis_K,2731,Black,1 min,bullet,14,Lost,12/14/2016
12teen,2687,Genghis_K,2724,White,1 min,bullet,33,Lost,12/14/2016