player,player_rating,opponent,opponent_rating,side,time_control,time_category,moves,result,date
12teen,2702,CMC-Academy,2659,Black,1 min,bullet,35,Won,2/25/2017
12teen,2695,CMC-Academy,2666,White,1 min,bullet,50,Won,2/25/2017
12teen,2687,CMC-Academy,2674,Black,1 min,bullet,32,Lost,2/25/2017
12teen,2696,CMC-Academy,2665,White,1 min,bullet,28,Won,2/25/2017
12teen,2688,CMC-Academy,2673,Black,1 min,bullet,50,Won,2/25/2017
12teen,2680,LiYankai,2607,White,1 min,bullet,68,Lost,2/11/2017
12teen,2690,LiYankai,2597,Black,1 min,bullet,18,Won,2/11/2017
12teen,2684,LiYankai,2603,White,1 min,bullet,39,Won,2/11/2017
12teen,2678,LiYankai,2609,Black,1 min,bullet,24,Won,2/11/2017
12teen,2671,LiYankai,2616,White,1 min,bullet,53,Won,2/11/2017
12teen,2664,LiYankai,2623,Black,1 min,bullet,48,Won,2/11/2017
12teen,2657,michaelq2d5,2653,White,1 min,bullet,23,Lost,1/28/2017
12teen,2665,michaelq2d5,2645,Black,1 min,bullet,31,Lost,1/28/2017
12teen,2674,michaelq2d5,2636,White,1 min,bullet,38,Won,1/28/2017
12teen,2667,novendrapriasmoro,2587,White,1 min,bullet,0,Lost,1/25/2017
12teen,2677,megaranto87,2766,Black,1 min,bullet,57,Lost,1/19/2017
12teen,2683,megaranto87,2760,White,1 min,bullet,73,Lost,1/19/2017
12teen,2690,megaranto87,2753,Black,1 min,bullet,79,Won,1/19/2017
12teen,2680,Keranke,2854,Black,1 min,bullet,16,Lost,1/15/2017
12teen,2684,Keranke,2850,White,1 min,bullet,54,Lost,1/15/2017
12teen,2689,Keranke,2845,Black,1 min,bullet,63,Lost,1/15/2017
12teen,2694,Keranke,2840,White,1 min,bullet,67,Lost,1/15/2017
12teen,2699,Keranke,2835,Black,1 min,bullet,60,Won,1/15/2017
12teen,2688,Keranke,2846,White,1 min,bullet,67,Lost,1/15/2017
12teen,2693,Keranke,2841,Black,1 min,bullet,65,Won,1/15/2017
12teen,2681,Keranke,2853,White,1 min,bullet,28,Lost,1/15/2017
12teen,2686,Keranke,2848,Black,1 min,bullet,16,Lost,1/15/2017
12teen,2691,Keranke,2843,White,1 min,bullet,39,Lost,1/15/2017
12teen,2696,Keranke,2838,Black,1 min,bullet,47,Lost,1/15/2017
12teen,2701,Keranke,2833,White,1 min,bullet,50,Lost,1/15/2017
12teen,2706,Keranke,2828,Black,1 min,bullet,46,Lost,1/15/2017
12teen,2712,Keranke,2822,White,1 min,bullet,85,Draw,1/15/2017
12teen,2709,Keranke,2825,Black,1 min,bullet,55,Lost,1/15/2017
12teen,2715,Annawel,2863,White,1 min,bullet,45,Won,1/9/2017
12teen,2703,Annawel,2875,Black,1 min,bullet,31,Lost,1/9/2017
12teen,2708,Annawel,2870,White,1 min,bullet,34,Lost,1/9/2017
12teen,2713,Annawel,2865,Black,1 min,bullet,46,Won,1/9/2017
12teen,2701,Annawel,2877,White,1 min,bullet,55,Lost,1/9/2017
12teen,2705,Annawel,2873,Black,1 min,bullet,16,Lost,1/9/2017
12teen,2710,Annawel,2868,White,1 min,bullet,80,Lost,1/9/2017
12teen,2715,Annawel,2863,Black,1 min,bullet,61,Lost,1/9/2017
12teen,2720,Annawel,2858,White,1 min,bullet,34,Won,1/9/2017
12teen,2709,Annawel,2869,Black,1 min,bullet,28,Lost,1/9/2017
12teen,2714,Annawel,2864,White,1 min,bullet,28,Lost,1/9/2017
12teen,2719,Annawel,2859,Black,1 min,bullet,48,Lost,1/9/2017
12teen,2724,Annawel,2854,White,1 min,bullet,16,Lost,1/9/2017
12teen,2729,Annawel,2849,Black,1 min,bullet,16,Lost,1/9/2017
12teen,2735,Annawel,2843,White,1 min,bullet,31,Lost,1/9/2017
12teen,2741,Annawel,2837,Black,1 min,bullet,24,Lost,1/9/2017
12teen,2747,Annawel,2831,White,1 min,bullet,32,Won,1/9/2017