player,player_rating,opponent,opponent_rating,side,time_control,time_category,moves,result,date
12teen,2683,Schmackeboom,2552,Black,1 min,bullet,79,Won,9/19/2016
12teen,2678,Schmackeboom,2557,White,1 min,bullet,31,Won,9/19/2016
12teen,2672,Schmackeboom,2563,Black,1 min,bullet,10,Won,9/19/2016
12teen,2666,Schmackeboom,2569,White,1 min,bullet,24,Won,9/19/2016
12teen,2660,Schmackeboom,2575,Black,1 min,bullet,39,Won,9/19/2016
12teen,2654,Keranke,2734,White,1 min,bullet,29,Lost,9/10/2016
12teen,2660,littleplotkin,2533,White,1 min,bullet,13,Draw,9/4/2016
12teen,2663,littleplotkin,2530,Black,1 min,bullet,40,Won,9/4/2016
12teen,2658,littleplotkin,2535,White,1 min,bullet,27,Lost,9/4/2016
12teen,2669,littleplotkin,2524,Black,1 min,bullet,90,Draw,9/4/2016
12teen,2672,littleplotkin,2521,White,1 min,bullet,9,Draw,9/4/2016
12teen,2675,littleplotkin,2518,Black,1 min,bullet,36,Won,9/4/2016
12teen,2670,littleplotkin,2523,White,1 min,bullet,37,Won,9/4/2016
12teen,2665,littleplotkin,2528,Black,1 min,bullet,38,Won,9/4/2016
12teen,2660,littleplotkin,2533,White,1 min,bullet,73,Won,9/4/2016
12teen,2655,littleplotkin,2538,Black,1 min,bullet,55,Won,9/4/2016
12teen,2649,littleplotkin,2544,White,1 min,bullet,68,Won,9/4/2016
12teen,2643,eirghoih,2577,White,1 min,bullet,27,Won,9/3/2016
12teen,2636,eirghoih,2584,Black,1 min,bullet,41,Lost,9/3/2016
12teen,2646,pKiLz5Rn9b,2598,Black,1 min,bullet,47,Lost,9/2/2016
12teen,2655,Keranke,2652,Black,1 min,bullet,36,Lost,9/2/2016
12teen,2663,Keranke,2644,White,1 min,bullet,58,Lost,9/2/2016
12teen,2672,Keranke,2635,Black,1 min,bullet,39,Won,9/2/2016
12teen,2664,Keranke,2643,White,1 min,bullet,25,Won,9/2/2016
12teen,2656,Keranke,2651,Black,1 min,bullet,26,Lost,9/2/2016
12teen,2664,Keranke,2643,White,1 min,bullet,30,Won,9/2/2016
12teen,2656,Keranke,2651,Black,1 min,bullet,41,Won,9/2/2016
12teen,2648,Keranke,2659,White,1 min,bullet,51,Lost,9/2/2016
12teen,2656,Keranke,2651,Black,1 min,bullet,36,Lost,9/2/2016
12teen,2665,michaelq2d5,2580,Black,1 min,bullet,20,Lost,8/29/2016
12teen,2675,michaelq2d5,2570,White,1 min,bullet,37,Won,8/29/2016
12teen,2669,michaelq2d5,2576,Black,1 min,bullet,15,Won,8/29/2016
12teen,2663,michaelq2d5,2582,White,1 min,bullet,34,Won,8/29/2016
12teen,2657,michaelq2d5,2588,Black,1 min,bullet,26,Won,8/29/2016
12teen,2650,DaenerysT,2740,White,1 min,bullet,29,Lost,8/19/2016
12teen,2656,DaenerysT,2734,Black,1 min,bullet,28,Lost,8/19/2016
12teen,2663,DaenerysT,2727,White,1 min,bullet,25,Lost,8/19/2016
12teen,2670,DaenerysT,2720,Black,1 min,bullet,30,Won,8/19/2016
12teen,2660,Tulipaz,2509,White,1 min,bullet,16,Lost,8/13/2016
12teen,2672,Tulipaz,2489,Black,1 min,bullet,40,Won,8/13/2016
12teen,2668,Tulipaz,2497,White,1 min,bullet,59,Draw,8/13/2016
12teen,2672,Cmetana,2643,White,1 min,bullet,52,Lost,7/30/2016
12teen,2681,Cmetana,2634,Black,1 min,bullet,27,Won,7/30/2016
12teen,2674,Cmetana,2641,White,1 min,bullet,57,Lost,7/30/2016
12teen,2683,LaStreetCmaMaison,2710,Black,1 min,bullet,29,Won,7/30/2016
12teen,2674,LaStreetCmaMaison,2719,White,1 min,bullet,40,Lost,7/30/2016
12teen,2681,LaStreetCmaMaison,2712,Black,1 min,bullet,42,Won,7/29/2016
12teen,2672,LaStreetCmaMaison,2721,White,1 min,bullet,65,Lost,7/29/2016
12teen,2679,semiks,2527,Black,1 min,bullet,26,Lost,7/9/2016
12teen,2691,semiks,2515,White,1 min,bullet,62,Won,7/9/2016