player,player_rating,opponent,opponent_rating,side,time_control,time_category,moves,result,date
12teen,2510,liczner,2447,Black,3 min,blitz,24,Won,2/18/2016
12teen,2503,liczner,2454,White,3 min,blitz,66,Draw,2/18/2016
12teen,2504,liczner,2453,Black,3 min,blitz,19,Won,2/18/2016
12teen,2497,GulamaliRises,2561,White,3 min,blitz,41,Lost,2/18/2016
12teen,2504,GulamaliRises,2554,Black,3 min,blitz,28,Won,2/18/2016
12teen,2494,GulamaliRises,2563,White,3 min,blitz,33,Lost,2/18/2016
12teen,2501,queruba,2328,Black,3 min,blitz,36,Lost,2/18/2016
12teen,2513,ShimanovAlex,2591,White,3 min,blitz,39,Won,2/18/2016
12teen,2502,Aliencowboy,2346,Black,3 min,blitz,47,Won,2/18/2016
12teen,2497,gm_butanding,2407,White,3 min,blitz,44,Won,2/18/2016
12teen,2491,gm_butanding,2413,Black,3 min,blitz,57,Won,2/18/2016
12teen,2484,GreenRanger87,2339,White,3 min,blitz,37,Lost,2/17/2016
12teen,2495,GreenRanger87,2327,Black,3 min,blitz,65,Won,2/17/2016
12teen,2490,GreenRanger87,2331,White,3 min,blitz,32,Won,2/17/2016
12teen,2485,GreenRanger87,2336,Black,3 min,blitz,31,Won,2/17/2016
12teen,2480,KamilPlichta,2428,Black,3 min,blitz,44,Won,2/17/2016
12teen,2473,Blitzstream,2382,White,3 min,blitz,28,Lost,2/16/2016
12teen,2483,Blitzstream,2371,Black,3 min,blitz,45,Won,2/16/2016
12teen,2477,Perez-Billinghurst,2377,White,3 min,blitz,18,Lost,2/14/2016
12teen,2487,Silent_Terror,2506,White,3 min,blitz,36,Lost,2/14/2016
12teen,2495,Silent_Terror,2498,Black,3 min,blitz,78,Lost,2/14/2016
12teen,2503,AMANTIO1984,2336,White,3 min,blitz,31,Won,2/14/2016
12teen,2498,Lee_Yeon_Sung,2369,White,3 min,blitz,37,Won,2/14/2016
12teen,2492,Lee_Yeon_Sung,2374,Black,3 min,blitz,61,Won,2/14/2016
12teen,2486,Lee_Yeon_Sung,2379,White,3 min,blitz,37,Won,2/14/2016
12teen,2480,Lee_Yeon_Sung,2385,Black,3 min,blitz,49,Lost,2/14/2016
12teen,2490,kiborg1987,2592,White,3 min,blitz,48,Lost,2/14/2016
12teen,2496,kiborg1987,2586,Black,3 min,blitz,34,Won,2/14/2016
12teen,2485,kiborg1987,2596,White,3 min,blitz,71,Won,2/14/2016
12teen,2474,kiborg1987,2607,Black,3 min,blitz,49,Won,2/14/2016
12teen,2462,kiborg1987,2618,White,3 min,blitz,31,Lost,2/14/2016
12teen,2467,kiborg1987,2613,Black,3 min,blitz,43,Lost,2/14/2016
12teen,2472,Bigfish1995,2646,White,3 min,blitz,42,Won,2/13/2016
12teen,2460,ItalianMachine,2324,Black,3 min,blitz,65,Lost,2/12/2016
12teen,2471,gmjoey1,2493,White,3 min,blitz,29,Won,2/12/2016
12teen,2462,gmjoey1,2502,Black,3 min,blitz,49,Won,2/12/2016
12teen,2452,gmjoey1,2511,White,3 min,blitz,63,Lost,2/12/2016
12teen,2459,gmjoey1,2504,Black,3 min,blitz,49,Won,2/12/2016
12teen,2449,Schachschnecke,2397,Black,3 min,blitz,40,Lost,2/2/2016
12teen,2459,Schachschnecke,2387,White,3 min,blitz,22,Won,2/2/2016
12teen,2452,Ant1freeze,2443,White,3 min,blitz,36,Won,2/2/2016
12teen,2444,zsolti_83,2347,Black,3 min,blitz,57,Won,1/31/2016
12teen,2438,zsolti_83,2353,White,3 min,blitz,19,Won,1/31/2016
12teen,2431,zsolti_83,2359,Black,3 min,blitz,39,Won,1/31/2016
12teen,2424,severomorskij,2515,Black,3 min,blitz,65,Lost,1/27/2016
12teen,2431,Lupinhunter,2260,White,3 min,blitz,25,Won,1/25/2016
12teen,2426,JudgeHolden13,2256,White,3 min,blitz,23,Won,1/15/2016
12teen,2421,mihaitu34,2276,White,3 min,blitz,21,Won,12/16/2015
12teen,2416,Danirod,2317,Black,3 min,blitz,33,Won,12/16/2015
12teen,2410,Danirod,2323,White,3 min,blitz,29,Won,12/16/2015