player,player_rating,opponent,opponent_rating,side,time_control,time_category,moves,result,date
12teen,2818,penguingm1,3093,White,1 min,bullet,68,Lost,2/21/2019
12teen,2821,penguingm1,3090,Black,1 min,bullet,29,Lost,2/21/2019
12teen,2824,penguingm1,3087,White,1 min,bullet,51,Won,2/21/2019
12teen,2811,penguingm1,3100,Black,1 min,bullet,71,Draw,2/21/2019
12teen,2805,penguingm1,3106,White,1 min,bullet,59,Lost,2/21/2019
12teen,2807,penguingm1,3104,Black,1 min,bullet,14,Lost,2/21/2019
12teen,2810,penguingm1,3101,White,1 min,bullet,29,Lost,2/21/2019
12teen,2813,penguingm1,3098,Black,1 min,bullet,72,Won,2/21/2019
12teen,2799,penguingm1,3112,White,1 min,bullet,23,Lost,2/21/2019
12teen,2801,penguingm1,3110,Black,1 min,bullet,56,Lost,2/21/2019
12teen,2803,penguingm1,3108,White,1 min,bullet,53,Lost,2/21/2019
12teen,2805,penguingm1,3106,Black,1 min,bullet,25,Lost,2/21/2019
12teen,2807,penguingm1,3104,White,1 min,bullet,77,Draw,2/21/2019
12teen,2801,penguingm1,3110,Black,1 min,bullet,44,Lost,2/21/2019
12teen,2803,penguingm1,3108,White,1 min,bullet,28,Lost,2/21/2019
12teen,2805,penguingm1,3106,Black,1 min,bullet,48,Lost,2/21/2019
12teen,2807,penguingm1,3104,White,1 min,bullet,14,Lost,2/21/2019
12teen,2810,yoavjm_2004,2807,White,30 sec,bullet,28,Won,2/21/2019
12teen,2802,Davit_Tiraturyan,2696,White,1 min,bullet,11,Won,2/20/2019
12teen,2796,Davit_Tiraturyan,2702,Black,1 min,bullet,53,Won,2/20/2019
12teen,2790,Davit_Tiraturyan,2708,White,1 min,bullet,45,Won,2/20/2019
12teen,2784,Davit_Tiraturyan,2714,Black,1 min,bullet,44,Won,2/20/2019
12teen,2777,Davit_Tiraturyan,2721,White,1 min,bullet,23,Won,2/20/2019
12teen,2770,artooon,2578,Black,1 min,bullet,71,Lost,2/20/2019
12teen,2782,artooon,2566,White,1 min,bullet,44,Won,2/20/2019
12teen,2778,artooon,2570,Black,1 min,bullet,62,Won,2/20/2019
12teen,2774,artooon,2574,White,1 min,bullet,40,Won,2/20/2019
12teen,2770,artooon,2578,Black,1 min,bullet,23,Won,2/20/2019
12teen,2766,artooon,2582,White,1 min,bullet,20,Won,2/20/2019
12teen,2762,A-Adly,2799,Black,1 min,bullet,48,Won,2/20/2019
12teen,2753,A-Adly,2808,White,1 min,bullet,50,Won,2/20/2019
12teen,2743,A-Adly,2818,Black,1 min,bullet,34,Lost,2/20/2019
12teen,2750,A-Adly,2811,White,1 min,bullet,31,Lost,2/20/2019
12teen,2757,A-Adly,2804,Black,1 min,bullet,50,Won,2/20/2019
12teen,2748,Davit_Tiraturyan,2728,Black,1 min,bullet,18,Won,2/20/2019
12teen,2740,kirillshevchenko,2667,White,1 min,bullet,37,Won,2/20/2019
12teen,2733,kirillshevchenko,2674,Black,1 min,bullet,1,Lost,2/20/2019
12teen,2743,Keranke,2796,White,1 min,bullet,47,Won,2/20/2019
12teen,2733,Keranke,2806,Black,1 min,bullet,29,Won,2/20/2019
12teen,2723,Keranke,2816,White,1 min,bullet,26,Lost,2/20/2019
12teen,2729,Keranke,2810,Black,1 min,bullet,16,Lost,2/20/2019
12teen,2735,Keranke,2804,White,1 min,bullet,50,Won,2/20/2019
12teen,2725,Keranke,2814,Black,1 min,bullet,16,Lost,2/20/2019
12teen,2731,Keranke,2808,White,1 min,bullet,65,Lost,2/20/2019
12teen,2738,DevInProd,2658,Black,1 min,bullet,38,Lost,2/14/2019
12teen,2748,DevInProd,2648,White,1 min,bullet,61,Draw,2/14/2019
12teen,2750,DevInProd,2646,Black,1 min,bullet,40,Won,2/14/2019
12teen,2744,DevInProd,2652,White,1 min,bullet,19,Won,2/14/2019
12teen,2738,DevInProd,2658,Black,1 min,bullet,24,Won,2/14/2019
12teen,2731,Panevezys,2768,Black,1 min,bullet,74,Lost,2/14/2019