player,player_rating,opponent,opponent_rating,side,time_control,time_category,moves,result,date
12teen,2779,Torosyan_Norayr,2578,Black,1 min,bullet,47,Lost,4/3/2019
12teen,2792,Grischuk,3022,White,1 min,bullet,65,Lost,4/3/2019
12teen,2796,lachesisQ,2911,Black,1 min,bullet,57,Won,4/3/2019
12teen,2785,Zq1,2517,Black,1 min,bullet,26,Won,4/3/2019
12teen,2780,Nadtkins,2403,White,1 min,bullet,31,Won,4/3/2019
12teen,2778,MaximDlugy,2708,Black,1 min,bullet,32,Won,4/3/2019
12teen,2771,MaximDlugy,2715,White,1 min,bullet,34,Lost,4/3/2019
12teen,2781,MaximDlugy,2705,Black,1 min,bullet,15,Won,4/3/2019
12teen,2774,maloy07,2743,Black,1 min,bullet,55,Lost,4/2/2019
12teen,2783,maloy07,2734,White,1 min,bullet,20,Lost,4/2/2019
12teen,2793,maloy07,2724,Black,1 min,bullet,46,Won,4/2/2019
12teen,2786,maloy07,2731,White,1 min,bullet,30,Lost,4/2/2019
12teen,2796,maloy07,2721,Black,1 min,bullet,36,Won,4/2/2019
12teen,2789,maloy07,2728,White,1 min,bullet,30,Won,4/2/2019
12teen,2782,maloy07,2735,Black,1 min,bullet,19,Lost,4/2/2019
12teen,2792,maloy07,2725,White,1 min,bullet,20,Won,4/2/2019
12teen,2785,maloy07,2732,Black,1 min,bullet,49,Won,4/2/2019
12teen,2778,Didici,2663,White,1 min,bullet,29,Won,4/2/2019
12teen,2772,Didici,2669,Black,1 min,bullet,35,Won,4/2/2019
12teen,2766,TigranLPetrosyan,2840,White,1 min,bullet,24,Won,4/2/2019
12teen,2756,TigranLPetrosyan,2850,Black,1 min,bullet,20,Won,4/2/2019
12teen,2745,Bryakin_Mikhail,2703,White,30 sec,bullet,35,Lost,4/2/2019
12teen,2754,Bryakin_Mikhail,2694,Black,30 sec,bullet,49,Lost,4/2/2019
12teen,2764,Bryakin_Mikhail,2684,White,30 sec,bullet,28,Won,4/2/2019
12teen,2757,Bryakin_Mikhail,2691,Black,1 min,bullet,28,Lost,4/2/2019
12teen,2767,Bryakin_Mikhail,2681,White,1 min,bullet,29,Won,4/2/2019
12teen,2761,Bryakin_Mikhail,2687,Black,1 min,bullet,56,Won,4/2/2019
12teen,2754,Bryakin_Mikhail,2694,White,1 min,bullet,48,Lost,4/2/2019
12teen,2764,Artooooo,2744,White,1 min,bullet,45,Won,4/2/2019
12teen,2756,Artooooo,2752,Black,1 min,bullet,39,Lost,4/2/2019
12teen,2764,Artooooo,2744,White,1 min,bullet,44,Won,4/2/2019
12teen,2756,Artooooo,2752,Black,1 min,bullet,26,Won,4/2/2019
12teen,2748,Rainmond,2700,Black,1 min,bullet,44,Lost,4/2/2019
12teen,2757,Rainmond,2691,White,1 min,bullet,46,Won,4/2/2019
12teen,2750,Rainmond,2698,Black,1 min,bullet,19,Lost,4/2/2019
12teen,2760,Rainmond,2688,White,1 min,bullet,26,Won,4/2/2019
12teen,2753,Rainmond,2695,Black,1 min,bullet,27,Won,4/2/2019
12teen,2746,Rainmond,2702,White,1 min,bullet,42,Lost,4/2/2019
12teen,2755,Rainmond,2693,Black,1 min,bullet,70,Draw,4/2/2019
12teen,2756,Sashadav97,2653,Black,1 min,bullet,22,Won,4/2/2019
12teen,2750,Sashadav97,2659,White,1 min,bullet,36,Won,4/2/2019
12teen,2744,Sashadav97,2665,Black,1 min,bullet,48,Won,4/2/2019
12teen,2738,Sashadav97,2671,White,1 min,bullet,46,Won,4/2/2019
12teen,2731,Sashadav97,2678,Black,1 min,bullet,27,Won,4/2/2019
12teen,2724,Sashadav97,2685,White,1 min,bullet,48,Won,4/2/2019
12teen,2717,Sashadav97,2692,Black,1 min,bullet,22,Lost,4/2/2019
12teen,2726,Sashadav97,2683,White,1 min,bullet,32,Won,4/2/2019
12teen,2719,GMHess,2800,Black,1 min,bullet,24,Lost,4/2/2019
12teen,2725,GMHess,2794,White,1 min,bullet,24,Won,4/2/2019
12teen,2715,GMHess,2804,Black,1 min,bullet,29,Lost,4/2/2019