player,player_rating,opponent,opponent_rating,side,time_control,time_category,moves,result,date
12teen,2698,irregularity,2688,Black,1 min,bullet,10,Lost,2/8/2019
12teen,2707,irregularity,2679,White,1 min,bullet,17,Won,2/8/2019
12teen,2699,irregularity,2687,Black,1 min,bullet,35,Won,2/8/2019
12teen,2691,irregularity,2695,White,1 min,bullet,17,Won,2/8/2019
12teen,2683,irregularity,2703,Black,1 min,bullet,17,Lost,2/8/2019
12teen,2691,irregularity,2695,White,1 min,bullet,37,Won,2/8/2019
12teen,2683,1random,2824,Black,30 sec,bullet,57,Won,2/7/2019
12teen,2672,Toyota_Land_Cruiser,2614,Black,1 min,bullet,27,Lost,1/21/2019
12teen,2662,tigrangharamian,2709,Black,1 min,bullet,66,Lost,1/21/2019
12teen,2669,tigrangharamian,2702,White,1 min,bullet,60,Won,1/21/2019
12teen,2660,tigrangharamian,2711,Black,1 min,bullet,63,Won,1/21/2019
12teen,2650,caruanamagnus,2861,Black,1 min,bullet,51,Lost,1/21/2019
12teen,2654,caruanamagnus,2857,White,1 min,bullet,18,Lost,1/21/2019
12teen,2658,caruanamagnus,2853,Black,1 min,bullet,17,Lost,1/21/2019
12teen,2662,caruanamagnus,2849,White,1 min,bullet,30,Lost,1/21/2019
12teen,2666,caruanamagnus,2845,Black,1 min,bullet,45,Lost,1/21/2019
12teen,2670,Doraemon7,2573,White,1 min,bullet,87,Lost,1/20/2019
12teen,2681,Doraemon7,2562,Black,1 min,bullet,20,Won,1/20/2019
12teen,2675,Doraemon7,2568,White,1 min,bullet,20,Won,1/20/2019
12teen,2669,Doraemon7,2574,Black,1 min,bullet,24,Won,1/20/2019
12teen,2663,Doraemon7,2580,White,1 min,bullet,40,Lost,1/20/2019
12teen,2673,Doraemon7,2570,Black,1 min,bullet,66,Lost,1/20/2019
12teen,2684,Doraemon7,2559,White,1 min,bullet,6,Won,1/20/2019
12teen,2679,Doraemon7,2564,Black,1 min,bullet,58,Won,1/20/2019
12teen,2673,Doraemon7,2570,White,1 min,bullet,16,Won,1/20/2019
12teen,2667,Doraemon7,2576,Black,1 min,bullet,13,Won,1/20/2019
12teen,2661,Doraemon7,2582,White,1 min,bullet,19,Won,1/20/2019
12teen,2654,Doraemon7,2589,Black,1 min,bullet,16,Won,1/20/2019
12teen,2647,Doraemon7,2596,White,1 min,bullet,44,Won,1/20/2019
12teen,2640,Doraemon7,2603,Black,1 min,bullet,23,Won,1/20/2019
12teen,2633,Doraemon7,2610,White,1 min,bullet,46,Won,1/20/2019
12teen,2625,Doraemon7,2618,Black,1 min,bullet,68,Draw,1/20/2019
12teen,2625,Caminator2000,2487,White,1 min,bullet,40,Won,1/20/2019
12teen,2620,Caminator2000,2492,Black,1 min,bullet,15,Won,1/20/2019
12teen,2615,Caminator2000,2497,White,1 min,bullet,45,Lost,1/20/2019
12teen,2626,Caminator2000,2486,Black,1 min,bullet,41,Won,1/20/2019
12teen,2621,Caminator2000,2491,White,1 min,bullet,46,Draw,1/20/2019
12teen,2624,Caminator2000,2488,Black,1 min,bullet,8,Won,1/20/2019
12teen,2619,Caminator2000,2493,White,1 min,bullet,68,Draw,1/20/2019
12teen,2622,Caminator2000,2491,Black,1 min,bullet,13,Won,1/20/2019
12teen,2616,Caminator2000,2496,White,1 min,bullet,36,Won,1/20/2019
12teen,2610,Caminator2000,2502,Black,1 min,bullet,19,Won,1/20/2019
12teen,2603,Doraemon7,2618,White,1 min,bullet,28,Won,1/20/2019
12teen,2593,DevInProd,2725,White,1 min,bullet,10,Lost,1/20/2019
12teen,2599,DevInProd,2720,Black,1 min,bullet,31,Lost,1/20/2019
12teen,2606,DevInProd,2714,White,1 min,bullet,31,Lost,1/20/2019
12teen,2613,DevInProd,2708,Black,1 min,bullet,77,Lost,1/20/2019
12teen,2621,DevInProd,2702,White,1 min,bullet,60,Draw,1/20/2019
12teen,2618,DevInProd,2704,Black,1 min,bullet,35,Lost,1/20/2019
12teen,2627,DevInProd,2698,White,1 min,bullet,56,Lost,1/20/2019