player,player_rating,opponent,opponent_rating,side,time_control,time_category,moves,result,date
12teen,2528,Arabicfalcon,2690,White,3 min,blitz,60,Lost,4/24/2016
12teen,2533,Arabicfalcon,2685,Black,3 min,blitz,46,Lost,4/24/2016
12teen,2538,Arabicfalcon,2680,White,3 min,blitz,33,Lost,4/24/2016
12teen,2543,Arabicfalcon,2675,Black,3 min,blitz,60,Lost,4/24/2016
12teen,2548,AMANTIO1984,2385,Black,3 min,blitz,21,Lost,4/23/2016
12teen,2560,hblanco,2384,White,3 min,blitz,29,Won,4/22/2016
12teen,2556,olarrg,2509,White,3 min,blitz,32,Won,4/21/2016
12teen,2549,olarrg,2516,Black,3 min,blitz,67,Lost,4/21/2016
12teen,2558,vladjimir,2440,Black,3 min,blitz,34,Won,4/21/2016
12teen,2552,vladjimir,2446,White,3 min,blitz,33,Won,4/21/2016
12teen,2546,1stSecond,2527,Black,3 min,blitz,61,Lost,4/18/2016
12teen,2555,diokletian,2486,Black,3 min,blitz,56,Lost,4/18/2016
12teen,2565,Iran_Chess_Trainer,2413,Black,3 min,blitz,43,Won,4/17/2016
12teen,2560,LameDude,2407,Black,3 min,blitz,55,Lost,4/17/2016
12teen,2572,LameDude,2395,White,3 min,blitz,46,Won,4/17/2016
12teen,2568,dabee,2434,White,3 min,blitz,30,Won,4/16/2016
12teen,2563,dabee,2439,Black,3 min,blitz,22,Won,4/16/2016
12teen,2558,sestertii,2356,White,3 min,blitz,32,Won,4/16/2016
12teen,2554,pKiLz5Rn9b,2500,White,3 min,blitz,36,Won,4/16/2016
12teen,2547,Helepolis,2431,White,3 min,blitz,37,Won,4/16/2016
12teen,2541,Helepolis,2437,Black,3 min,blitz,86,Draw,4/16/2016
12teen,2543,Helepolis,2435,White,3 min,blitz,51,Won,4/16/2016
12teen,2537,bogart2016,2499,Black,3 min,blitz,23,Lost,4/16/2016
12teen,2546,bogart2016,2490,White,3 min,blitz,29,Lost,4/16/2016
12teen,2556,amione,2395,Black,3 min,blitz,82,Won,4/16/2016
12teen,2551,amione,2400,White,3 min,blitz,47,Won,4/16/2016
12teen,2546,amione,2405,Black,3 min,blitz,35,Lost,4/16/2016
12teen,2557,hugospangenberg,2398,White,3 min,blitz,32,Won,4/16/2016
12teen,2552,lowkeySensibilities,2619,Black,3 min,blitz,12,Lost,4/16/2016
12teen,2559,lowkeySensibilities,2612,White,3 min,blitz,20,Draw,4/16/2016
12teen,2558,lowkeySensibilities,2613,Black,3 min,blitz,23,Lost,4/16/2016
12teen,2565,lowkeySensibilities,2606,White,3 min,blitz,29,Lost,4/16/2016
12teen,2572,Bartholomeaus,2447,Black,3 min,blitz,37,Won,4/16/2016
12teen,2567,Bartholomeaus,2452,White,3 min,blitz,33,Lost,4/16/2016
12teen,2578,Bartholomeaus,2441,Black,3 min,blitz,34,Won,4/16/2016
12teen,2573,Sociedad93,2406,Black,3 min,blitz,71,Lost,4/16/2016
12teen,2585,Sociedad93,2394,White,3 min,blitz,51,Won,4/16/2016
12teen,2581,Napo18,2441,Black,3 min,blitz,48,Lost,4/16/2016
12teen,2592,Napo18,2430,White,3 min,blitz,39,Won,4/16/2016
12teen,2587,Angry_Serb,2451,White,3 min,blitz,27,Lost,4/15/2016
12teen,2598,Angry_Serb,2440,Black,3 min,blitz,57,Won,4/15/2016
12teen,2593,Angry_Serb,2445,White,3 min,blitz,22,Won,4/15/2016
12teen,2588,Angry_Serb,2450,Black,3 min,blitz,18,Won,4/15/2016
12teen,2583,Angry_Serb,2455,White,3 min,blitz,16,Draw,4/15/2016
12teen,2586,TampaChess,2585,Black,3 min,blitz,76,Lost,4/11/2016
12teen,2594,TampaChess,2577,White,3 min,blitz,36,Lost,4/11/2016
12teen,2603,TampaChess,2568,Black,3 min,blitz,16,Won,4/11/2016
12teen,2595,fa191828,2388,Black,3 min,blitz,28,Won,4/11/2016
12teen,2591,fa191828,2392,White,3 min,blitz,30,Won,4/11/2016
12teen,2587,Brandon_Clarke,2433,White,3 min,blitz,62,Won,4/11/2016