player,player_rating,opponent,opponent_rating,side,time_control,time_category,moves,result,date
12teen,2637,alrayan2019,2547,Black,1 min,bullet,63,Won,1/20/2019
12teen,2628,alrayan2019,2553,White,1 min,bullet,36,Won,1/20/2019
12teen,2618,alrayan2019,2560,Black,1 min,bullet,48,Draw,1/20/2019
12teen,2620,alrayan2019,2559,White,1 min,bullet,30,Lost,1/20/2019
12teen,2636,Anahita_Gholami,2717,Black,1 min,bullet,75,Lost,1/10/2019
12teen,2646,Anahita_Gholami,2710,White,1 min,bullet,34,Lost,1/10/2019
12teen,2657,Fighterman91,2599,White,1 min,bullet,24,Won,12/11/2018
12teen,2648,Fighterman91,2606,Black,1 min,bullet,27,Won,12/11/2018
12teen,2638,Fighterman91,2613,White,1 min,bullet,73,Lost,12/11/2018
12teen,2651,Fighterman91,2604,Black,1 min,bullet,54,Lost,12/11/2018
12teen,2665,Gligoric2017,2639,Black,1 min,bullet,23,Lost,11/15/2018
12teen,2676,Gligoric2017,2630,White,1 min,bullet,41,Lost,11/15/2018
12teen,2688,Gligoric2017,2621,Black,1 min,bullet,44,Won,11/15/2018
12teen,2679,Gligoric2017,2628,White,1 min,bullet,71,Won,11/15/2018
12teen,2670,Gligoric2017,2635,Black,1 min,bullet,50,Won,11/15/2018
12teen,2660,Gligoric2017,2643,White,1 min,bullet,46,Lost,11/15/2018
12teen,2672,Gligoric2017,2634,Black,1 min,bullet,34,Won,11/15/2018
12teen,2661,Gligoric2017,2642,White,1 min,bullet,31,Won,11/15/2018
12teen,2649,Gligoric2017,2650,Black,1 min,bullet,42,Lost,11/15/2018
12teen,2662,Gligoric2017,2642,White,1 min,bullet,57,Draw,11/15/2018
12teen,2663,Gligoric2017,2642,Black,1 min,bullet,53,Lost,11/15/2018
12teen,2678,Gligoric2017,2633,White,1 min,bullet,30,Won,11/15/2018
12teen,2666,Gligoric2017,2640,Black,1 min,bullet,49,Won,11/15/2018
12teen,2652,Gligoric2017,2648,White,1 min,bullet,22,Lost,11/15/2018
12teen,2668,Gligoric2017,2639,Black,1 min,bullet,30,Lost,11/15/2018
12teen,2686,Gligoric2017,2630,White,1 min,bullet,37,Lost,11/15/2018
12teen,2706,liuyuanzhanfu,2686,Black,1 min,bullet,23,Lost,11/3/2018
12teen,2723,liuyuanzhanfu,2677,White,1 min,bullet,42,Won,11/3/2018
12teen,2708,liuyuanzhanfu,2684,Black,1 min,bullet,75,Lost,11/3/2018
12teen,2727,liuyuanzhanfu,2675,White,1 min,bullet,30,Won,11/3/2018
12teen,2711,FastChance,2685,White,1 min,bullet,20,Won,8/2/2018
12teen,2690,Kanallija,2812,Black,1 min,bullet,32,Lost,7/17/2018
12teen,2696,Kanallija,2806,White,1 min,bullet,50,Won,7/17/2018
12teen,2684,Kanallija,2817,Black,1 min,bullet,64,Lost,7/17/2018
12teen,2690,NTBT_DHS,2636,White,1 min,bullet,48,Lost,6/28/2018
12teen,2700,NTBT_DHS,2626,Black,1 min,bullet,37,Won,6/28/2018
12teen,2693,NTBT_DHS,2633,White,1 min,bullet,20,Lost,6/28/2018
12teen,2703,NTBT_DHS,2623,Black,1 min,bullet,25,Won,6/28/2018
12teen,2696,NTBT_DHS,2630,White,1 min,bullet,34,Won,6/28/2018
12teen,2689,NTBT_DHS,2637,Black,1 min,bullet,58,Won,6/28/2018
12teen,2682,NTBT_DHS,2644,White,1 min,bullet,44,Won,6/28/2018
12teen,2674,NTBT_DHS,2651,Black,1 min,bullet,30,Lost,6/28/2018
12teen,2684,NTBT_DHS,2642,White,1 min,bullet,23,Lost,6/28/2018
12teen,2694,NTBT_DHS,2633,Black,1 min,bullet,35,Won,6/28/2018
12teen,2686,NTBT_DHS,2640,White,1 min,bullet,39,Won,6/28/2018
12teen,2677,asms9699,2657,Black,1 min,bullet,57,Lost,6/22/2018
12teen,2687,asms9699,2648,White,1 min,bullet,28,Won,6/22/2018
12teen,2678,asms9699,2655,Black,1 min,bullet,71,Draw,6/22/2018
12teen,2679,asms9699,2654,White,1 min,bullet,48,Won,6/22/2018
12teen,2669,asms9699,2662,Black,1 min,bullet,22,Won,6/22/2018