player,player_rating,opponent,opponent_rating,side,time_control,time_category,moves,result,date
12teen,2667,Dhaydon19,2637,Black,1 min,bullet,51,Won,10/1/2017
12teen,2654,Dhaydon19,2645,White,1 min,bullet,36,Lost,10/1/2017
12teen,2669,bestblitz,2633,Black,1 min,bullet,42,Lost,8/31/2017
12teen,2683,lil91yan,2635,Black,1 min,bullet,77,Lost,8/26/2017
12teen,2697,lil91yan,2625,White,1 min,bullet,25,Won,8/26/2017
12teen,2687,lil91yan,2632,Black,1 min,bullet,35,Won,8/26/2017
12teen,2676,lil91yan,2639,White,1 min,bullet,21,Won,8/26/2017
12teen,2664,FatUpss,2656,White,1 min,bullet,60,Lost,8/13/2017
12teen,2677,FatUpss,2647,Black,1 min,bullet,69,Won,8/13/2017
12teen,2664,FatUpss,2655,White,1 min,bullet,36,Won,8/13/2017
12teen,2650,FatUpss,2663,Black,1 min,bullet,51,Lost,8/13/2017
12teen,2664,FatUpss,2655,White,1 min,bullet,58,Lost,8/13/2017
12teen,2680,FatUpss,2646,Black,1 min,bullet,38,Lost,8/13/2017
12teen,2697,FatUpss,2637,White,1 min,bullet,12,Won,8/13/2017
12teen,2683,FatUpss,2644,Black,1 min,bullet,58,Won,8/13/2017
12teen,2667,omeletking,2669,White,10 sec,bullet,21,Lost,5/5/2017
12teen,2668,yuriy88,2671,Black,1 min,bullet,33,Won,5/4/2017
12teen,2660,yuriy88,2679,White,1 min,bullet,54,Lost,5/4/2017
12teen,2668,yuriy88,2671,Black,1 min,bullet,73,Draw,5/4/2017
12teen,2668,yuriy88,2671,White,1 min,bullet,40,Won,5/4/2017
12teen,2659,yuriy88,2679,Black,1 min,bullet,32,Won,5/4/2017
12teen,2649,Rikikits,2806,Black,1 min,bullet,1,Lost,5/4/2017
12teen,2654,jjosu,2674,Black,1 min,bullet,33,Lost,3/23/2017
12teen,2662,jjosu,2666,White,1 min,bullet,58,Lost,3/23/2017
12teen,2670,jjosu,2658,Black,1 min,bullet,52,Won,3/23/2017
12teen,2662,jjosu,2666,White,1 min,bullet,31,Won,3/23/2017
12teen,2654,jjosu,2674,Black,1 min,bullet,56,Won,3/23/2017
12teen,2645,jjosu,2683,White,1 min,bullet,29,Lost,3/23/2017
12teen,2652,jjosu,2676,Black,1 min,bullet,21,Won,3/23/2017
12teen,2643,jjosu,2685,White,1 min,bullet,58,Lost,3/23/2017
12teen,2650,jjosu,2678,Black,1 min,bullet,30,Lost,3/23/2017
12teen,2658,jjosu,2670,White,1 min,bullet,62,Draw,3/23/2017
12teen,2658,jjosu,2670,Black,1 min,bullet,14,Lost,3/23/2017
12teen,2666,jjosu,2662,White,1 min,bullet,23,Won,3/23/2017
12teen,2658,jjosu,2670,Black,1 min,bullet,47,Lost,3/23/2017
12teen,2666,jjosu,2662,White,1 min,bullet,34,Lost,3/23/2017
12teen,2674,jjosu,2654,Black,1 min,bullet,34,Won,3/23/2017
12teen,2666,jjosu,2662,White,1 min,bullet,24,Won,3/23/2017
12teen,2658,jjosu,2670,Black,1 min,bullet,11,Won,3/23/2017
12teen,2649,jjosu,2679,White,1 min,bullet,28,Won,3/23/2017
12teen,2640,jjosu,2688,Black,1 min,bullet,58,Lost,3/23/2017
12teen,2647,jjosu,2681,White,1 min,bullet,19,Lost,3/23/2017
12teen,2655,jjosu,2673,Black,1 min,bullet,36,Lost,3/23/2017
12teen,2663,jjosu,2665,White,1 min,bullet,37,Won,3/23/2017
12teen,2655,jjosu,2673,Black,1 min,bullet,32,Lost,3/23/2017
12teen,2663,jjosu,2665,White,1 min,bullet,70,Lost,3/23/2017
12teen,2671,Speedybulletchess,2520,Black,10 sec,bullet,23,Lost,3/21/2017
12teen,2683,Speedybulletchess,2474,Black,10 sec,bullet,18,Lost,3/11/2017
12teen,2696,Speedybulletchess,2461,White,10 sec,bullet,28,Lost,3/11/2017
12teen,2709,CMC-Academy,2652,White,1 min,bullet,66,Won,2/25/2017