player,player_rating,opponent,opponent_rating,side,time_control,time_category,moves,result,date
12teen,2487,AMANTIO1984,2375,White,3 min,blitz,22,Lost,5/21/2016
12teen,2498,AMANTIO1984,2364,Black,3 min,blitz,18,Won,5/21/2016
12teen,2493,AMANTIO1984,2369,White,3 min,blitz,28,Won,5/21/2016
12teen,2487,sewin16,2354,Black,3 min,blitz,40,Won,5/21/2016
12teen,2482,lezqav,2462,Black,3 min,blitz,40,Won,5/21/2016
12teen,2474,CoachRic,2270,White,3 min,blitz,38,Won,5/20/2016
12teen,2470,wallie666,2351,Black,3 min,blitz,27,Lost,5/20/2016
12teen,2481,wallie666,2340,White,3 min,blitz,55,Won,5/20/2016
12teen,2476,schinkenflecken,2448,Black,3 min,blitz,27,Lost,5/20/2016
12teen,2485,schinkenflecken,2439,White,3 min,blitz,27,Lost,5/20/2016
12teen,2494,schinkenflecken,2430,Black,3 min,blitz,44,Won,5/20/2016
12teen,2487,schinkenflecken,2437,White,3 min,blitz,23,Lost,5/20/2016
12teen,2497,chesskingdreamer,2347,White,3 min,blitz,25,Won,5/20/2016
12teen,2492,KaleAndMushrooms,2325,Black,3 min,blitz,46,Won,5/20/2016
12teen,2487,Silent_Terror,2505,White,3 min,blitz,26,Lost,5/17/2016
12teen,2495,Yaacovn,2714,Black,3 min,blitz,44,Draw,5/17/2016
12teen,2490,Beca95,2606,White,3 min,blitz,29,Won,5/17/2016
12teen,2479,Beca95,2617,Black,3 min,blitz,36,Lost,5/17/2016
12teen,2484,Beca95,2612,White,3 min,blitz,22,Lost,5/17/2016
12teen,2489,Beca95,2607,Black,3 min,blitz,66,Lost,5/17/2016
12teen,2495,Beca95,2601,White,3 min,blitz,62,Won,5/17/2016
12teen,2484,Denmark2015,2353,Black,3 min,blitz,46,Lost,5/16/2016
12teen,2495,morphy1949,2338,White,3 min,blitz,22,Won,5/16/2016
12teen,2490,Denmark2015,2349,White,3 min,blitz,33,Lost,5/16/2016
12teen,2501,TampaChess,2495,Black,3 min,blitz,35,Lost,5/14/2016
12teen,2510,TampaChess,2486,White,3 min,blitz,30,Lost,5/14/2016
12teen,2519,EvanCapel,2301,White,3 min,blitz,36,Won,5/14/2016
12teen,2515,EvanCapel,2305,Black,3 min,blitz,30,Won,5/14/2016
12teen,2511,EvanCapel,2309,White,3 min,blitz,45,Won,5/14/2016
12teen,2507,NguyenXi,2482,Black,3 min,blitz,15,Lost,5/14/2016
12teen,2516,morphy1949,2348,Black,3 min,blitz,55,Won,5/14/2016
12teen,2511,Eusebius,2394,White,3 min,blitz,88,Lost,5/14/2016
12teen,2522,Kis_closed,2410,Black,3 min,blitz,46,Lost,5/14/2016
12teen,2533,Toligor,2344,White,3 min,blitz,62,Won,5/13/2016
12teen,2529,hugospangenberg,2508,Black,3 min,blitz,26,Won,5/12/2016
12teen,2521,hugospangenberg,2516,White,3 min,blitz,41,Lost,5/12/2016
12teen,2529,hugospangenberg,2508,Black,3 min,blitz,62,Draw,5/12/2016
12teen,2529,oskariot,2470,White,3 min,blitz,18,Won,5/12/2016
12teen,2522,olarrg,2514,Black,3 min,blitz,31,Lost,5/11/2016
12teen,2531,oskariot,2472,Black,3 min,blitz,22,Lost,5/11/2016
12teen,2541,Spinaltap,2379,Black,3 min,blitz,23,Won,5/11/2016
12teen,2536,Silvio_Djurkan,2460,White,3 min,blitz,42,Lost,5/10/2016
12teen,2546,TheChessMind,2405,White,3 min,blitz,56,Won,5/10/2016
12teen,2541,olarrg,2499,White,3 min,blitz,47,Lost,5/10/2016
12teen,2550,howitzer14,2688,Black,3 min,blitz,33,Won,5/10/2016
12teen,2539,Ginger_GM,2514,Black,3 min,blitz,45,Lost,5/10/2016
12teen,2548,sestertii,2480,Black,3 min,blitz,70,Lost,5/10/2016
12teen,2558,howitzer14,2659,White,3 min,blitz,51,Lost,5/9/2016
12teen,2564,howitzer14,2653,Black,3 min,blitz,25,Won,5/9/2016
12teen,2554,howitzer14,2663,White,3 min,blitz,65,Lost,5/9/2016