player,player_rating,opponent,opponent_rating,side,time_control,time_category,moves,result,date
12teen,2737,Annawel,2841,Black,1 min,bullet,55,Won,1/9/2017
12teen,2726,Annawel,2852,White,1 min,bullet,43,Lost,1/9/2017
12teen,2731,Annawel,2847,Black,1 min,bullet,77,Lost,1/9/2017
12teen,2737,Annawel,2862,White,1 min,bullet,23,Won,1/6/2017
12teen,2726,Annawel,2873,Black,1 min,bullet,52,Lost,1/6/2017
12teen,2731,Annawel,2868,White,1 min,bullet,24,Lost,1/6/2017
12teen,2736,Annawel,2863,Black,1 min,bullet,18,Lost,1/6/2017
12teen,2741,Annawel,2858,White,1 min,bullet,30,Won,1/6/2017
12teen,2730,Annawel,2869,Black,1 min,bullet,26,Lost,1/6/2017
12teen,2735,Annawel,2864,White,1 min,bullet,66,Draw,1/6/2017
12teen,2732,Annawel,2867,Black,1 min,bullet,34,Lost,1/6/2017
12teen,2737,Annawel,2862,White,1 min,bullet,30,Lost,1/6/2017
12teen,2742,Annawel,2857,Black,1 min,bullet,66,Lost,1/6/2017
12teen,2748,Annawel,2851,White,1 min,bullet,17,Lost,1/6/2017
12teen,2754,Annawel,2845,Black,1 min,bullet,73,Lost,1/6/2017
12teen,2760,Annawel,2839,White,1 min,bullet,31,Won,1/6/2017
12teen,2750,Annawel,2849,Black,1 min,bullet,30,Lost,1/6/2017
12teen,2756,Annawel,2843,White,1 min,bullet,58,Draw,1/6/2017
12teen,2754,Annawel,2845,Black,1 min,bullet,26,Lost,1/6/2017
12teen,2760,Annawel,2839,White,1 min,bullet,66,Lost,1/6/2017
12teen,2767,Annawel,2832,Black,1 min,bullet,67,Lost,1/6/2017
12teen,2774,Annawel,2825,White,1 min,bullet,27,Won,1/6/2017
12teen,2764,Annawel,2835,Black,1 min,bullet,19,Lost,1/6/2017
12teen,2771,Annawel,2828,White,1 min,bullet,0,Lost,1/6/2017
12teen,2778,Annawel,2821,Black,1 min,bullet,22,Lost,1/6/2017
12teen,2785,Annawel,2814,White,1 min,bullet,32,Lost,1/6/2017
12teen,2793,Annawel,2806,Black,1 min,bullet,38,Won,1/6/2017
12teen,2784,Annawel,2815,White,1 min,bullet,0,Lost,1/6/2017
12teen,2792,agser,2801,Black,1 min,bullet,22,Lost,1/2/2017
12teen,2800,agser,2793,White,1 min,bullet,66,Lost,1/2/2017
12teen,2809,agser,2784,Black,1 min,bullet,50,Lost,1/2/2017
12teen,2818,agser,2775,White,1 min,bullet,57,Won,1/2/2017
12teen,2811,agser,2782,Black,1 min,bullet,50,Lost,1/2/2017
12teen,2820,agser,2773,White,1 min,bullet,31,Won,1/2/2017
12teen,2813,agser,2780,Black,1 min,bullet,30,Lost,1/2/2017
12teen,2822,Rikikits,2782,Black,1 min,bullet,24,Lost,12/21/2016
12teen,2831,Rikikits,2773,White,1 min,bullet,28,Lost,12/21/2016
12teen,2841,Rikikits,2763,Black,1 min,bullet,32,Won,12/21/2016
12teen,2834,Rikikits,2770,White,1 min,bullet,40,Won,12/21/2016
12teen,2827,Rikikits,2777,Black,1 min,bullet,21,Won,12/21/2016
12teen,2820,Yaacovn,2822,Black,1 min,bullet,9,Won,12/20/2016
12teen,2812,Yaacovn,2830,White,1 min,bullet,39,Won,12/20/2016
12teen,2803,Yaacovn,2839,Black,1 min,bullet,66,Lost,12/20/2016
12teen,2810,Yaacovn,2832,White,1 min,bullet,37,Lost,12/20/2016
12teen,2818,Yaacovn,2824,Black,1 min,bullet,25,Won,12/20/2016
12teen,2809,Yaacovn,2833,White,1 min,bullet,45,Lost,12/20/2016
12teen,2817,Yaacovn,2825,Black,1 min,bullet,30,Won,12/20/2016
12teen,2808,Yaacovn,2794,White,1 min,bullet,30,Won,12/18/2016
12teen,2800,Yaacovn,2802,Black,1 min,bullet,34,Won,12/18/2016
12teen,2792,KNVB,2757,Black,1 min,bullet,18,Won,12/18/2016