player,player_rating,opponent,opponent_rating,side,time_control,time_category,moves,result,date
12teen,2346,Kemarsky,2292,White,3 min,blitz,54,Lost,3/18/2018
12teen,2361,Dec98,2263,White,3 min,blitz,18,Won,3/18/2018
12teen,2351,Dec98,2269,Black,3 min,blitz,51,Won,3/18/2018
12teen,2340,ruvat,2286,White,5 min,blitz,51,Lost,3/4/2018
12teen,2356,LarinD,2296,Black,5 min,blitz,26,Won,3/4/2018
12teen,2344,LarinD,2303,White,5 min,blitz,55,Won,3/4/2018
12teen,2331,PovorotovOleg,2272,Black,5 min,blitz,48,Lost,3/4/2018
12teen,2349,PovorotovOleg,2262,White,5 min,blitz,45,Draw,3/4/2018
12teen,2353,TheEqualizer,2320,White,3 min,blitz,39,Lost,2/23/2018
12teen,2370,Hedgehog91,2292,Black,3 min,blitz,33,Won,2/23/2018
12teen,2357,Borrachess,2245,White,3 min,blitz,11,Won,2/23/2018
12teen,2345,ragebear01,2252,Black,3 min,blitz,22,Won,2/23/2018
12teen,2332,Podpall,2359,White,3 min,blitz,54,Lost,2/23/2018
12teen,2349,Podpall,2351,Black,3 min,blitz,67,Lost,2/23/2018
12teen,2368,TheEqualizer,2297,Black,3 min,blitz,21,Won,2/23/2018
12teen,2352,Grasshopper64,2321,Black,3 min,blitz,41,Lost,11/5/2017
12teen,2363,Grasshopper64,2312,White,3 min,blitz,45,Lost,11/4/2017
12teen,2375,Baahu,2406,White,3 min,blitz,28,Lost,10/22/2017
12teen,2384,Baahu,2398,Black,3 min,blitz,34,Lost,10/22/2017
12teen,2394,Baahu,2390,White,3 min,blitz,27,Won,10/22/2017
12teen,2384,Baahu,2398,Black,3 min,blitz,52,Won,10/22/2017
12teen,2373,Baahu,2407,White,3 min,blitz,47,Lost,10/22/2017
12teen,2383,Baahu,2399,Black,3 min,blitz,26,Won,10/22/2017
12teen,2371,ZloyReg,2373,Black,3 min,blitz,57,Lost,10/1/2017
12teen,2380,tranthach1982,2443,Black,3 min,blitz,17,Lost,9/25/2017
12teen,2387,amateurchess20,2332,White,3 min,blitz,54,Lost,9/25/2017
12teen,2398,amateurchess20,2322,Black,3 min,blitz,53,Won,9/25/2017
12teen,2390,amateurchess20,2329,White,3 min,blitz,33,Lost,9/25/2017
12teen,2401,cickings,2325,White,3 min,blitz,13,Won,9/25/2017
12teen,2393,yury2245,2402,Black,3 min,blitz,67,Draw,9/25/2017
12teen,2393,yury2245,2402,White,3 min,blitz,52,Lost,9/25/2017
12teen,2403,highttehnology1,2387,White,3 min,blitz,42,Lost,9/24/2017
12teen,2414,deephoudini,2412,Black,3 min,blitz,37,Lost,9/23/2017
12teen,2425,Micheliavelli,2598,Black,3 min,blitz,60,Lost,9/23/2017
12teen,2431,UpeA,2446,Black,3 min,blitz,71,Lost,9/23/2017
12teen,2442,UpeA,2438,White,3 min,blitz,56,Won,9/23/2017
12teen,2430,blitzfan,2389,Black,3 min,blitz,22,Won,9/23/2017
12teen,2419,Zenzo,2423,White,3 min,blitz,29,Won,9/23/2017
12teen,2406,DrHazzi,2306,Black,3 min,blitz,35,Won,9/23/2017
12teen,2396,Guriempire,2412,White,3 min,blitz,24,Lost,9/21/2017
12teen,2409,Guriempire,2404,Black,3 min,blitz,42,Won,9/21/2017
12teen,2395,Christov91,2530,Black,3 min,blitz,31,Lost,9/21/2017
12teen,2404,Christov91,2525,White,3 min,blitz,46,Lost,9/21/2017
12teen,2414,organdzievhren,2374,White,3 min,blitz,50,Lost,9/21/2017
12teen,2432,stopinsky,2514,White,3 min,blitz,41,Lost,9/20/2017
12teen,2445,stopinsky,2507,Black,3 min,blitz,57,Lost,9/20/2017
12teen,2459,boasovietica,2401,White,3 min,blitz,35,Lost,9/20/2017
12teen,2480,boasovietica,2391,Black,3 min,blitz,37,Won,9/20/2017
12teen,2466,leonardov83,2482,White,3 min,blitz,41,Lost,9/20/2017
12teen,2485,PHILIPPINE_NM,2422,White,3 min,blitz,51,Lost,9/19/2017