player,player_rating,opponent,opponent_rating,side,time_control,time_category,moves,result,date
12teen,2687,TheButcher,2625,White,1 min,bullet,24,Won,7/9/2016
12teen,2680,TheButcher,2632,Black,1 min,bullet,25,Won,7/9/2016
12teen,2673,SallyDraper,2491,White,1 min,bullet,30,Won,7/9/2016
12teen,2669,SallyDraper,2477,Black,1 min,bullet,58,Won,7/9/2016
12teen,2665,Bossner,2455,Black,1 min,bullet,63,Won,7/9/2016
12teen,2661,Bossner,2459,White,1 min,bullet,29,Won,7/9/2016
12teen,2657,Alex_Figueroa,2448,Black,1 min,bullet,48,Won,7/9/2016
12teen,2653,Alex_Figueroa,2452,White,1 min,bullet,20,Won,7/9/2016
12teen,2649,Alex_Figueroa,2456,Black,1 min,bullet,38,Won,7/9/2016
12teen,2645,Alex_Figueroa,2460,White,1 min,bullet,48,Won,7/9/2016
12teen,2641,Alex_Figueroa,2464,Black,1 min,bullet,45,Lost,7/9/2016
12teen,2653,Alex_Figueroa,2452,White,1 min,bullet,47,Won,7/9/2016
12teen,2649,ZapataCharlesS,2672,Black,1 min,bullet,29,Lost,7/9/2016
12teen,2657,ZapataCharlesS,2664,White,1 min,bullet,54,Won,7/9/2016
12teen,2648,ZapataCharlesS,2673,Black,1 min,bullet,60,Won,7/9/2016
12teen,2639,awb2000,2617,Black,1 min,bullet,88,Lost,7/8/2016
12teen,2648,awb2000,2608,White,1 min,bullet,24,Lost,7/8/2016
12teen,2657,awb2000,2599,Black,1 min,bullet,48,Won,7/8/2016
12teen,2650,FabianoCarlsen,2442,Black,1 min,bullet,38,Won,6/27/2016
12teen,2646,FabianoCarlsen,2446,White,1 min,bullet,27,Won,6/27/2016
12teen,2642,Chepakh,2470,Black,1 min,bullet,46,Won,6/26/2016
12teen,2638,LHS29,2458,Black,1 min,bullet,55,Draw,6/26/2016
12teen,2642,LHS29,2454,White,1 min,bullet,37,Won,6/26/2016
12teen,2638,LHS29,2458,Black,1 min,bullet,34,Won,6/26/2016
12teen,2634,LHS29,2462,White,1 min,bullet,4,Won,6/26/2016
12teen,2629,Gomatte,2614,Black,1 min,bullet,21,Lost,6/25/2016
12teen,2638,ShahMasons,2434,White,1 min,bullet,25,Won,6/25/2016
12teen,2634,spectralsoul,2698,Black,1 min,bullet,63,Lost,6/24/2016
12teen,2641,spectralsoul,2691,White,1 min,bullet,43,Lost,6/24/2016
12teen,2648,spectralsoul,2684,Black,1 min,bullet,53,Lost,6/24/2016
12teen,2655,Artooooo,2549,White,1 min,bullet,46,Won,6/24/2016
12teen,2649,Noukii,2764,Black,1 min,bullet,43,Lost,6/24/2016
12teen,2655,Noukii,2758,White,1 min,bullet,51,Lost,6/24/2016
12teen,2661,Noukii,2752,Black,1 min,bullet,3,Lost,6/24/2016
12teen,2667,Noukii,2746,White,1 min,bullet,19,Lost,6/24/2016
12teen,2673,Noukii,2740,Black,1 min,bullet,48,Lost,6/24/2016
12teen,2680,Noukii,2733,White,1 min,bullet,74,Lost,6/24/2016
12teen,2687,TheAnalyst7,2564,White,1 min,bullet,25,Won,6/23/2016
12teen,2681,TheAnalyst7,2570,Black,1 min,bullet,39,Won,6/23/2016
12teen,2675,Keranke,2634,White,1 min,bullet,18,Lost,6/23/2016
12teen,2684,Keranke,2625,Black,1 min,bullet,29,Won,6/23/2016
12teen,2677,agser,2683,White,1 min,bullet,46,Lost,6/21/2016
12teen,2685,agser,2675,Black,1 min,bullet,71,Lost,6/21/2016
12teen,2694,agser,2666,White,1 min,bullet,27,Won,6/21/2016
12teen,2686,agser,2674,Black,1 min,bullet,35,Won,6/21/2016
12teen,2678,agser,2682,White,1 min,bullet,71,Lost,6/21/2016
12teen,2686,agser,2674,Black,1 min,bullet,48,Won,6/21/2016
12teen,2678,agser,2682,White,1 min,bullet,67,Won,6/21/2016
12teen,2670,agser,2690,Black,1 min,bullet,28,Lost,6/21/2016
12teen,2678,agser,2682,White,1 min,bullet,50,Lost,6/21/2016