player,player_rating,opponent,opponent_rating,side,time_control,time_category,moves,result,date
12teen,2693,cstevens1,2644,White,3 min,blitz,23,Lost,4/11/2019
12teen,2703,cstevens1,2634,Black,3 min,blitz,61,Draw,4/11/2019
12teen,2705,nfds,2658,White,3 min,blitz,19,Lost,4/11/2019
12teen,2715,nfds,2648,Black,3 min,blitz,74,Lost,4/11/2019
12teen,2725,nfds,2638,White,3 min,blitz,30,Won,4/11/2019
12teen,2719,nfds,2644,Black,3 min,blitz,37,Won,4/11/2019
12teen,2712,sparkleflake127,2657,White,3 min,blitz,33,Lost,4/10/2019
12teen,2722,sparkleflake127,2647,Black,3 min,blitz,95,Won,4/10/2019
12teen,2715,sparkleflake127,2654,White,3 min,blitz,77,Won,4/10/2019
12teen,2708,sparkleflake127,2661,Black,3 min,blitz,13,Draw,4/10/2019
12teen,2709,sparkleflake127,2660,White,3 min,blitz,38,Won,4/10/2019
12teen,2702,RazinVadim,2592,White,3 min,blitz,44,Won,4/10/2019
12teen,2696,Hunninn,2645,Black,3 min,blitz,17,Lost,4/10/2019
12teen,2706,AVENGERS786,2712,Black,3 min,blitz,58,Lost,4/10/2019
12teen,2714,ExceptionallyDubious,2673,White,3 min,blitz,53,Won,4/10/2019
12teen,2707,ExceptionallyDubious,2680,Black,3 min,blitz,75,Won,4/10/2019
12teen,2699,ExceptionallyDubious,2688,White,3 min,blitz,43,Lost,4/10/2019
12teen,2708,VSanduleac,2585,Black,3 min,blitz,34,Won,4/10/2019
12teen,2702,VSanduleac,2591,White,3 min,blitz,29,Won,4/10/2019
12teen,2696,Karateloru,2573,White,3 min,blitz,27,Won,4/10/2019
12teen,2690,Karateloru,2579,Black,3 min,blitz,18,Won,4/10/2019
12teen,2684,Karateloru,2585,White,3 min,blitz,35,Won,4/10/2019
12teen,2678,Margency,2706,Black,3 min,blitz,58,Lost,4/9/2019
12teen,2686,Margency,2698,White,3 min,blitz,26,Won,4/9/2019
12teen,2677,Aleksey_Sorokin,2751,Black,3 min,blitz,62,Won,4/5/2019
12teen,2667,TrottingDentist,2782,Black,3 min,blitz,29,Lost,4/4/2019
12teen,2673,burgerss1,2711,White,3 min,blitz,15,Draw,4/3/2019
12teen,2672,burgerss1,2712,Black,3 min,blitz,12,Draw,4/3/2019
12teen,2671,MatthewG-p4p,2681,White,3|2,blitz,55,Won,4/3/2019
12teen,2662,Vuk2000,2706,Black,3|2,blitz,44,Won,4/3/2019
12teen,2653,RayRobson,2856,White,3|2,blitz,22,Lost,4/3/2019
12teen,2657,rasmussvane,2755,Black,3|2,blitz,43,Won,4/3/2019
12teen,2646,Demonax,2429,White,3|2,blitz,25,Won,4/3/2019
12teen,2642,evgenyermolaev,2518,Black,3|2,blitz,28,Won,4/3/2019
12teen,2636,JonahWillow,2695,White,3|2,blitz,40,Lost,4/3/2019
12teen,2643,WGM_Adriana_Nikolova,2460,Black,3|2,blitz,46,Won,4/3/2019
12teen,2639,riconaipe,2403,White,3|2,blitz,26,Won,4/3/2019
12teen,2636,Chessmatus,2346,Black,3|2,blitz,58,Lost,4/3/2019
12teen,2650,SirStrateg,2668,Black,3 min,blitz,78,Lost,4/2/2019
12teen,2658,SirStrateg,2660,White,3 min,blitz,63,Won,4/2/2019
12teen,2650,SirStrateg,2668,Black,3 min,blitz,36,Draw,4/2/2019
12teen,2650,saikrishnaReturns,2630,White,3 min,blitz,14,Lost,4/2/2019
12teen,2659,saikrishnaReturns,2621,Black,3 min,blitz,22,Lost,4/2/2019
12teen,2668,jonoslamet,2623,Black,3 min,blitz,11,Lost,4/2/2019
12teen,2677,QDcoach,2679,Black,3 min,blitz,42,Lost,4/1/2019
12teen,2685,QDcoach,2671,White,3 min,blitz,17,Won,4/1/2019
12teen,2677,anaak,2638,Black,3 min,blitz,64,Lost,3/26/2019
12teen,2686,anaak,2629,White,3 min,blitz,36,Lost,3/26/2019
12teen,2696,anaak,2619,Black,3 min,blitz,34,Won,3/26/2019
12teen,2689,Rurep26,2577,White,3 min,blitz,43,Won,3/26/2019