player,player_rating,opponent,opponent_rating,side,time_control,time_category,moves,result,date
19283645,2663,kim_ki_bu,2933,Black,1 min,bullet,36,Lost,3/27/2019
19283645,2666,kim_ki_bu,2930,White,1 min,bullet,52,Lost,3/27/2019
19283645,2669,TaeKwondoKing,2591,Black,1 min,bullet,16,Lost,3/27/2019
19283645,2679,TaeKwondoKing,2581,White,1 min,bullet,20,Lost,3/27/2019
19283645,2690,TaeKwondoKing,2570,Black,1 min,bullet,57,Won,3/27/2019
19283645,2684,TaeKwondoKing,2576,White,1 min,bullet,20,Won,3/27/2019
19283645,2678,TaeKwondoKing,2582,Black,1 min,bullet,43,Won,3/27/2019
19283645,2672,TaeKwondoKing,2588,White,1 min,bullet,29,Won,3/27/2019
19283645,2666,TaeKwondoKing,2594,Black,1 min,bullet,28,Lost,3/27/2019
19283645,2676,TaeKwondoKing,2584,White,1 min,bullet,47,Won,3/27/2019
19283645,2670,TaeKwondoKing,2590,Black,1 min,bullet,65,Won,3/27/2019
19283645,2663,BASSU1,2627,Black,1 min,bullet,31,Lost,3/27/2019
19283645,2672,BASSU1,2618,White,1 min,bullet,38,Lost,3/27/2019
19283645,2682,BASSU1,2608,Black,1 min,bullet,51,Won,3/27/2019
19283645,2675,BASSU1,2615,White,1 min,bullet,51,Lost,3/27/2019
19283645,2685,BASSU1,2605,Black,1 min,bullet,34,Won,3/27/2019
19283645,2678,BASSU1,2612,White,1 min,bullet,20,Won,3/27/2019
19283645,2671,irregularity,2596,White,1 min,bullet,39,Lost,3/26/2019
19283645,2681,irregularity,2586,Black,1 min,bullet,33,Won,3/26/2019
19283645,2675,irregularity,2592,White,1 min,bullet,24,Won,3/26/2019
19283645,2669,irregularity,2598,Black,1 min,bullet,35,Lost,3/26/2019
19283645,2679,irregularity,2588,White,1 min,bullet,40,Lost,3/26/2019
19283645,2689,irregularity,2578,Black,1 min,bullet,31,Won,3/26/2019
19283645,2683,irregularity,2584,White,1 min,bullet,76,Won,3/26/2019
19283645,2677,irregularity,2590,Black,1 min,bullet,20,Won,3/26/2019
19283645,2671,irregularity,2596,White,1 min,bullet,35,Won,3/26/2019
19283645,2664,irregularity,2603,Black,1 min,bullet,34,Won,3/26/2019
19283645,2657,irregularity,2610,White,1 min,bullet,4,Draw,3/26/2019
19283645,2658,irregularity,2609,Black,1 min,bullet,19,Lost,3/26/2019
19283645,2668,Gomatte,2655,Black,1 min,bullet,28,Won,3/26/2019
19283645,2660,Gomatte,2663,White,1 min,bullet,38,Won,3/26/2019
19283645,2652,PSGLGD,2601,White,1 min,bullet,23,Lost,3/26/2019
19283645,2662,PSGLGD,2591,Black,1 min,bullet,44,Won,3/26/2019
19283645,2655,PSGLGD,2598,White,1 min,bullet,31,Won,3/26/2019
19283645,2648,ObsidianDestroyer-2,2674,White,1 min,bullet,63,Lost,3/26/2019
19283645,2656,spectralsoul,2731,Black,1 min,bullet,38,Lost,3/25/2019
19283645,2663,spectralsoul,2724,White,1 min,bullet,68,Lost,3/25/2019
19283645,2670,spectralsoul,2717,Black,1 min,bullet,77,Won,3/25/2019
19283645,2660,moro182,2623,White,1 min,bullet,32,Won,3/25/2019
19283645,2652,moro182,2631,Black,1 min,bullet,34,Won,3/25/2019
19283645,2644,moro182,2639,White,1 min,bullet,21,Lost,3/25/2019
19283645,2652,German_Bazeev,2617,Black,1 min,bullet,17,Won,3/25/2019
19283645,2644,German_Bazeev,2625,White,1 min,bullet,111,Draw,3/25/2019
19283645,2644,German_Bazeev,2625,Black,1 min,bullet,26,Lost,3/25/2019
19283645,2653,German_Bazeev,2616,White,1 min,bullet,78,Won,3/25/2019
19283645,2646,German_Bazeev,2623,Black,1 min,bullet,51,Lost,3/25/2019
19283645,2655,German_Bazeev,2614,White,1 min,bullet,54,Won,3/25/2019
19283645,2648,German_Bazeev,2621,Black,1 min,bullet,39,Lost,3/25/2019
19283645,2657,spectralsoul,2727,White,1 min,bullet,27,Lost,3/25/2019
19283645,2664,spectralsoul,2720,Black,1 min,bullet,42,Lost,3/25/2019