player,player_rating,opponent,opponent_rating,side,time_control,time_category,moves,result,date
19283645,2739,DESTROYER7777777,2727,Black,3 min,blitz,65,Lost,4/1/2019
19283645,2748,DESTROYER7777777,2718,White,3 min,blitz,65,Won,4/1/2019
19283645,2740,LoudPumpkin,2769,Black,3 min,blitz,18,Won,4/1/2019
19283645,2731,KiteZZ,2720,White,3 min,blitz,31,Draw,4/1/2019
19283645,2731,sergoy,2831,White,3 min,blitz,44,Won,4/1/2019
19283645,2720,sergoy,2842,Black,3 min,blitz,34,Lost,4/1/2019
19283645,2726,sergoy,2836,White,3 min,blitz,39,Lost,4/1/2019
19283645,2732,Alexandr_Ulanov,2726,Black,3 min,blitz,41,Lost,4/1/2019
19283645,2741,Aleksey_Sorokin,2764,Black,3 min,blitz,37,Draw,4/1/2019
19283645,2740,kuli4ik,2767,Black,3 min,blitz,60,Draw,4/1/2019
19283645,2739,kuli4ik,2768,White,3 min,blitz,54,Draw,4/1/2019
19283645,2738,kuli4ik,2769,Black,3 min,blitz,68,Lost,4/1/2019
19283645,2746,Maitreia,2691,White,3 min,blitz,39,Won,4/1/2019
19283645,2739,Maitreia,2698,Black,3 min,blitz,71,Draw,4/1/2019
19283645,2740,Maitreia,2697,White,3 min,blitz,30,Won,4/1/2019
19283645,2733,Maitreia,2704,Black,3 min,blitz,48,Won,4/1/2019
19283645,2725,thegriddlecafe,2684,White,3 min,blitz,29,Won,4/1/2019
19283645,2718,SteelSpider,2757,White,3 min,blitz,58,Won,4/1/2019
19283645,2709,LikeWater,2640,Black,3 min,blitz,34,Won,4/1/2019
19283645,2702,LikeWater,2647,White,3 min,blitz,78,Won,3/31/2019
19283645,2695,LikeWater,2654,Black,3 min,blitz,32,Won,3/31/2019
19283645,2688,LikeWater,2661,White,3 min,blitz,28,Won,3/31/2019
19283645,2680,Alexander_Khlebovich,2655,Black,3 min,blitz,77,Draw,3/31/2019
19283645,2681,Kiborg95,2747,Black,3 min,blitz,24,Won,3/31/2019
19283645,2671,Alexander_Khlebovich,2653,White,3 min,blitz,53,Won,3/31/2019
19283645,2663,Gergo85,2599,Black,3 min,blitz,47,Won,3/31/2019
19283645,2656,FlorianHandke,2654,Black,3 min,blitz,28,Lost,3/31/2019
19283645,2664,FlorianHandke,2646,White,3 min,blitz,46,Won,3/31/2019
19283645,2656,FlorianHandke,2654,Black,3 min,blitz,49,Won,3/31/2019
19283645,2648,FlorianHandke,2662,White,3 min,blitz,24,Lost,3/31/2019
19283645,2656,Alexander_Khlebovich,2637,Black,3 min,blitz,55,Won,3/31/2019
19283645,2648,Ginger_GM,2648,Black,3 min,blitz,28,Won,3/31/2019
19283645,2640,Ginger_GM,2656,White,3 min,blitz,16,Lost,3/31/2019
19283645,2648,Ginger_GM,2648,Black,3 min,blitz,52,Draw,3/31/2019
19283645,2648,michaelq2d5,2825,White,3 min,blitz,67,Draw,3/31/2019
19283645,2644,michaelq2d5,2829,Black,3 min,blitz,45,Lost,3/31/2019
19283645,2648,talentzeker,2612,White,3 min,blitz,9,Lost,3/31/2019
19283645,2657,talentzeker,2603,Black,3 min,blitz,35,Won,3/31/2019
19283645,2650,talentzeker,2610,White,3 min,blitz,42,Draw,3/31/2019
19283645,2651,talentzeker,2609,Black,3 min,blitz,55,Won,3/31/2019
19283645,2644,Dhaydon19,2692,White,3 min,blitz,37,Won,3/31/2019
19283645,2634,Dhaydon19,2702,Black,3 min,blitz,48,Won,3/31/2019
19283645,2624,Dhaydon19,2712,White,3 min,blitz,25,Lost,3/31/2019
19283645,2630,switlave,2586,White,3 min,blitz,34,Draw,3/31/2019
19283645,2631,Sakkcapak,2639,Black,3 min,blitz,50,Won,3/31/2019
19283645,2622,Sakkcapak,2648,White,3 min,blitz,46,Won,3/31/2019
19283645,2613,Adham_Fawzy,2653,Black,3 min,blitz,13,Lost,3/31/2019
19283645,2620,Adham_Fawzy,2646,White,3 min,blitz,29,Won,3/31/2019
19283645,2611,Adham_Fawzy,2655,Black,3 min,blitz,35,Lost,3/31/2019
19283645,2618,Adham_Fawzy,2648,White,3 min,blitz,66,Won,3/31/2019