player,player_rating,opponent,opponent_rating,side,time_control,time_category,moves,result,date
19283645,2691,ASargsyan1,2684,Black,1 min,bullet,68,Lost,4/6/2019
19283645,2700,ASargsyan1,2675,White,1 min,bullet,33,Lost,4/6/2019
19283645,2709,ASargsyan1,2666,Black,1 min,bullet,25,Won,4/6/2019
19283645,2702,ASargsyan1,2673,White,1 min,bullet,67,Won,4/6/2019
19283645,2694,ASargsyan1,2681,Black,1 min,bullet,23,Lost,4/6/2019
19283645,2703,VladDobrov,2758,White,1 min,bullet,77,Lost,4/5/2019
19283645,2710,GHANDEEVAM2003,2907,White,1 min,bullet,43,Lost,4/4/2019
19283645,2714,lachesisQ,2860,White,1 min,bullet,39,Lost,4/4/2019
19283645,2719,albi1999,2499,Black,1 min,bullet,52,Won,4/4/2019
19283645,2715,Witik,2632,White,1 min,bullet,76,Won,4/4/2019
19283645,2709,Grischuk,2941,Black,1 min,bullet,26,Lost,4/4/2019
19283645,2712,RayRobson,2739,White,1 min,bullet,27,Won,4/4/2019
19283645,2703,DenishevM,2561,Black,1 min,bullet,73,Won,4/4/2019
19283645,2698,OparinGrigoriy,2729,Black,1 min,bullet,45,Lost,4/4/2019
19283645,2706,Daxasy,2614,White,1 min,bullet,46,Won,4/4/2019
19283645,2700,murmah2003,2568,White,1 min,bullet,68,Won,4/4/2019
19283645,2695,Paparama_1917,2520,Black,1 min,bullet,23,Lost,4/4/2019
19283645,2707,KhalilMousavi77,2957,White,1 min,bullet,45,Lost,4/4/2019
19283645,2710,jcibarra,2667,Black,1 min,bullet,38,Won,4/4/2019
19283645,2703,Rikikits,2622,White,1 min,bullet,51,Won,4/4/2019
19283645,2697,Yaacovn,2733,Black,1 min,bullet,48,Lost,4/4/2019
19283645,2705,josmito10,2637,Black,1 min,bullet,87,Won,4/4/2019
19283645,2698,Tjktiger,2810,White,1 min,bullet,53,Lost,4/4/2019
19283645,2704,ViIIagra,2990,White,1 min,bullet,45,Lost,4/4/2019
19283645,2707,PulpanJ,2795,Black,1 min,bullet,51,Won,4/4/2019
19283645,2697,johannesh,2561,Black,1 min,bullet,42,Won,4/4/2019
19283645,2692,swayamsm,2486,White,1 min,bullet,66,Won,4/4/2019
19283645,2688,Off-War,2745,Black,1 min,bullet,61,Lost,4/4/2019
19283645,2695,Oleksandr_Bortnyk,2995,White,1 min,bullet,70,Lost,4/4/2019
19283645,2697,Guenplen,2834,White,1 min,bullet,16,Won,4/4/2019
19283645,2686,HoLEP,2307,Black,1 min,bullet,27,Won,4/4/2019
19283645,2684,Witik,2602,Black,1 min,bullet,36,Lost,4/3/2019
19283645,2694,dmosesov,2507,White,1 min,bullet,62,Won,4/3/2019
19283645,2690,irregularity,2553,Black,1 min,bullet,37,Lost,4/3/2019
19283645,2701,NeMeQuittePas,2782,White,1 min,bullet,36,Lost,4/3/2019
19283645,2707,pultineviciuspaulius,2509,Black,1 min,bullet,73,Won,4/3/2019
19283645,2703,MishkaFighter,2613,White,1 min,bullet,62,Won,4/3/2019
19283645,2697,vovachesss,2650,Black,1 min,bullet,39,Lost,4/3/2019
19283645,2706,justmig,2571,White,1 min,bullet,65,Won,4/3/2019
19283645,2701,MadDog94,2464,White,1 min,bullet,71,Won,4/3/2019
19283645,2698,Amirreza_p,2657,Black,1 min,bullet,57,Lost,4/3/2019
19283645,2707,tactics321,2545,Black,1 min,bullet,38,Won,4/3/2019
19283645,2702,Torosyan_Norayr,2592,White,1 min,bullet,34,Lost,4/3/2019
19283645,2713,Angry_Twin,2737,White,1 min,bullet,84,Lost,4/3/2019
19283645,2721,Alexandr_Ulanov,2737,Black,1 min,bullet,48,Draw,4/3/2019
19283645,2721,jefferyx,2802,White,1 min,bullet,64,Draw,4/3/2019
19283645,2719,NMJeevanK,2491,Black,1 min,bullet,48,Won,4/3/2019
19283645,2715,vinniethepooh,2486,White,1 min,bullet,28,Won,4/3/2019
19283645,2711,EugeneRougon,2459,White,1 min,bullet,69,Won,4/3/2019
19283645,2708,ChessIsEternal,2334,Black,1 min,bullet,54,Won,4/3/2019