player,player_rating,opponent,opponent_rating,side,time_control,time_category,moves,result,date
19283645,2828,GnowReopard,2766,White,3 min,blitz,19,Draw,4/7/2019
19283645,2829,Beijing2017,2979,Black,3 min,blitz,46,Lost,4/6/2019
19283645,2834,Duhless,3015,White,3 min,blitz,43,Lost,4/5/2019
19283645,2838,Duhless,3011,Black,3 min,blitz,55,Lost,4/5/2019
19283645,2842,ChadaevNikolay,2882,White,3 min,blitz,86,Lost,4/5/2019
19283645,2849,ChadaevNikolay,2875,Black,3 min,blitz,34,Won,4/5/2019
19283645,2840,yoavjm_2004,2715,Black,3 min,blitz,94,Lost,4/5/2019
19283645,2851,yoavjm_2004,2704,White,3 min,blitz,61,Lost,4/5/2019
19283645,2863,yoavjm_2004,2692,Black,3 min,blitz,17,Won,4/5/2019
19283645,2858,yoavjm_2004,2697,White,3 min,blitz,35,Won,4/5/2019
19283645,2853,Matibar,2816,White,3 min,blitz,33,Draw,4/5/2019
19283645,2854,Matibar,2815,Black,3 min,blitz,86,Draw,4/5/2019
19283645,2855,beatles_22,2669,Black,3 min,blitz,50,Lost,4/5/2019
19283645,2867,beatles_22,2657,White,3 min,blitz,22,Won,4/5/2019
19283645,2863,beatles_22,2661,Black,3 min,blitz,58,Won,4/5/2019
19283645,2859,beatles_22,2665,White,3 min,blitz,20,Won,4/5/2019
19283645,2855,beatles_22,2669,Black,3 min,blitz,25,Draw,4/5/2019
19283645,2859,beatles_22,2665,White,3 min,blitz,70,Won,4/5/2019
19283645,2855,beatles_22,2669,Black,3 min,blitz,30,Draw,4/5/2019
19283645,2859,PulpanJ,2663,White,3 min,blitz,102,Won,4/5/2019
19283645,2855,Hikaru,3106,Black,3 min,blitz,36,Won,4/5/2019
19283645,2842,Hikaru,3119,White,3 min,blitz,37,Draw,4/5/2019
19283645,2837,Hikaru,3124,Black,3 min,blitz,80,Lost,4/5/2019
19283645,2840,Hikaru,3121,White,3 min,blitz,34,Lost,4/5/2019
19283645,2843,Hikaru,3118,Black,3 min,blitz,56,Lost,4/5/2019
19283645,2846,Beijing2017,2948,White,3 min,blitz,39,Lost,4/5/2019
19283645,2852,Beijing2017,2942,Black,3 min,blitz,31,Lost,4/5/2019
19283645,2858,champ2005,2796,White,3 min,blitz,43,Draw,4/5/2019
19283645,2859,vsuri97,2731,White,3 min,blitz,45,Won,4/5/2019
19283645,2854,vsuri97,2736,Black,3 min,blitz,27,Draw,4/5/2019
19283645,2857,vsuri97,2733,White,3 min,blitz,46,Won,4/5/2019
19283645,2851,vsuri97,2739,Black,3 min,blitz,80,Won,4/5/2019
19283645,2845,vsuri97,2745,White,3 min,blitz,38,Won,4/5/2019
19283645,2839,vsuri97,2751,Black,3 min,blitz,30,Won,4/5/2019
19283645,2833,vsuri97,2757,White,3 min,blitz,26,Won,4/5/2019
19283645,2826,vsuri97,2764,Black,3 min,blitz,39,Won,4/5/2019
19283645,2819,Wizard456,2828,White,3 min,blitz,26,Won,4/5/2019
19283645,2810,Wizard456,2837,Black,3 min,blitz,49,Lost,4/5/2019
19283645,2818,Nodar_Lortkipanidze,2630,White,3 min,blitz,40,Won,4/5/2019
19283645,2814,Nodar_Lortkipanidze,2634,Black,3 min,blitz,35,Won,4/5/2019
19283645,2810,Nodar_Lortkipanidze,2638,White,3 min,blitz,7,Won,4/5/2019
19283645,2806,Vrolijk,2773,White,3 min,blitz,123,Draw,4/4/2019
19283645,2807,NewBornNow,2753,Black,3 min,blitz,30,Won,4/4/2019
19283645,2800,GM_shahin,2796,Black,3 min,blitz,29,Lost,4/4/2019
19283645,2809,numberonefan,2804,Black,3 min,blitz,69,Draw,4/4/2019
19283645,2809,German_Bazeev,2754,White,3 min,blitz,26,Won,4/3/2019
19283645,2802,Udysseus1,2656,White,3 min,blitz,39,Won,4/3/2019
19283645,2797,Udysseus1,2661,Black,3 min,blitz,52,Draw,4/3/2019
19283645,2800,beatles_22,2654,White,3 min,blitz,75,Lost,4/3/2019
19283645,2812,beatles_22,2642,Black,3 min,blitz,22,Won,4/3/2019