player,player_rating,opponent,opponent_rating,side,time_control,time_category,moves,result,date
19283645,2581,elm2007,2678,Black,1 min,bullet,62,Won,3/20/2019
19283645,2570,fiostone,2600,Black,1 min,bullet,17,Lost,3/13/2019
19283645,2578,petrpalachev,2539,White,1 min,bullet,42,Won,3/13/2019
19283645,2571,petrpalachev,2546,Black,1 min,bullet,64,Draw,3/13/2019
19283645,2572,petrpalachev,2545,White,1 min,bullet,57,Won,3/13/2019
19283645,2564,petrpalachev,2553,Black,1 min,bullet,31,Lost,3/13/2019
19283645,2573,petrpalachev,2544,White,1 min,bullet,44,Won,3/13/2019
19283645,2565,petrpalachev,2552,Black,1 min,bullet,42,Won,3/13/2019
19283645,2557,petrpalachev,2560,White,1 min,bullet,37,Lost,3/13/2019
19283645,2565,petrpalachev,2552,Black,1 min,bullet,60,Won,3/13/2019
19283645,2557,petrpalachev,2560,White,1 min,bullet,46,Won,3/13/2019
19283645,2549,DenishevM,2545,White,1 min,bullet,56,Lost,3/13/2019
19283645,2557,DenishevM,2537,Black,1 min,bullet,35,Won,3/13/2019
19283645,2549,DenishevM,2545,White,1 min,bullet,36,Won,3/13/2019
19283645,2541,DenishevM,2553,Black,1 min,bullet,46,Won,3/13/2019
19283645,2532,TampaChess,2673,Black,1 min,bullet,25,Won,3/13/2019
19283645,2520,cstevens1,2439,White,1 min,bullet,43,Won,3/13/2019
19283645,2514,cstevens1,2445,Black,1 min,bullet,36,Won,3/13/2019
19283645,2507,cstevens1,2452,White,1 min,bullet,11,Won,3/13/2019
19283645,2500,cstevens1,2459,Black,1 min,bullet,55,Won,3/13/2019
19283645,2493,cstevens1,2466,White,1 min,bullet,27,Won,3/13/2019
19283645,2485,Avenger82,2471,White,1 min,bullet,43,Lost,3/12/2019
19283645,2494,Gomatte,2545,Black,1 min,bullet,67,Lost,3/11/2019
19283645,2501,Bad4life,2503,White,1 min,bullet,0,Lost,3/11/2019
19283645,2509,Kaphrep,2635,Black,1 min,bullet,38,Won,3/11/2019
19283645,2498,conysinslehakkadogru,2432,Black,1 min,bullet,47,Won,3/11/2019
19283645,2491,thegriddlecafe,2511,Black,1 min,bullet,42,Won,3/11/2019
19283645,2482,Gomatte,2583,White,1 min,bullet,70,Draw,3/11/2019
19283645,2480,Gomatte,2585,Black,1 min,bullet,21,Won,3/11/2019
19283645,2469,unsharp,2331,Black,1 min,bullet,62,Lost,3/11/2019
19283645,2480,unsharp,2320,White,1 min,bullet,60,Won,3/11/2019
19283645,2475,Pacifique,2287,White,1 min,bullet,41,Won,3/11/2019
19283645,2471,ChessDestroyer777,2430,White,1 min,bullet,8,Won,3/11/2019
19283645,2464,ChessDestroyer777,2437,Black,1 min,bullet,32,Won,3/11/2019
19283645,2456,Smeagol1,2289,Black,1 min,bullet,62,Won,3/11/2019
19283645,2451,kemacy,2484,White,1 min,bullet,93,Lost,3/11/2019
19283645,2459,juanrohl,2449,Black,1 min,bullet,37,Lost,3/11/2019
19283645,2468,kemacy,2471,Black,1 min,bullet,82,Won,3/11/2019
19283645,2460,kemacy,2479,White,1 min,bullet,69,Won,3/11/2019
19283645,2451,kemacy,2488,Black,1 min,bullet,19,Lost,3/11/2019
19283645,2458,jlandaw,2529,Black,1 min,bullet,19,Won,3/11/2019
19283645,2448,IMJackRodgers,2344,White,1 min,bullet,33,Won,3/11/2019
19283645,2442,Zheka77,2442,White,1 min,bullet,43,Lost,3/10/2019
19283645,2450,ChessDestroyer777,2466,White,1 min,bullet,40,Lost,3/10/2019
19283645,2458,ChessDestroyer777,2458,Black,1 min,bullet,70,Lost,3/10/2019
19283645,2466,ChessDestroyer777,2450,White,1 min,bullet,74,Won,3/10/2019
19283645,2458,spetpo,2360,White,1 min,bullet,54,Won,3/10/2019
19283645,2452,zoranp,2409,Black,1 min,bullet,42,Won,3/10/2019
19283645,2445,zoranp,2416,White,1 min,bullet,37,Lost,3/10/2019
19283645,2454,zoranp,2407,Black,1 min,bullet,54,Won,3/10/2019