player,player_rating,opponent,opponent_rating,side,time_control,time_category,moves,result,date
19283645,2706,Dr_Nezard,2339,Black,1 min,bullet,24,Lost,4/3/2019
19283645,2720,rezacz,2399,White,1 min,bullet,53,Lost,4/3/2019
19283645,2734,fireblader,2653,Black,1 min,bullet,36,Lost,4/3/2019
19283645,2744,Amincheraghi99,2661,White,1 min,bullet,55,Lost,4/2/2019
19283645,2754,Amincheraghi99,2651,Black,1 min,bullet,57,Won,4/2/2019
19283645,2748,TaeKwondoKing,2630,White,1 min,bullet,69,Draw,4/2/2019
19283645,2751,TaeKwondoKing,2627,Black,1 min,bullet,50,Won,4/2/2019
19283645,2746,TaeKwondoKing,2632,White,1 min,bullet,70,Won,4/2/2019
19283645,2740,Volkovi,2742,White,1 min,bullet,25,Won,4/1/2019
19283645,2732,Volkovi,2750,Black,1 min,bullet,65,Won,4/1/2019
19283645,2723,mahaBAHUBALI2,2622,White,1 min,bullet,43,Lost,4/1/2019
19283645,2734,mahaBAHUBALI2,2611,Black,1 min,bullet,69,Won,4/1/2019
19283645,2728,Davit_Tiraturyan,2747,Black,1 min,bullet,31,Lost,4/1/2019
19283645,2736,pranav_vip,2666,White,30 sec,bullet,57,Lost,4/1/2019
19283645,2746,pranav_vip,2656,Black,30 sec,bullet,60,Won,4/1/2019
19283645,2740,VodkaMaster,2826,White,1 min,bullet,19,Lost,4/1/2019
19283645,2747,abykhovsky,2559,Black,1 min,bullet,38,Lost,3/30/2019
19283645,2759,GM_Micah,2428,Black,1 min,bullet,40,Lost,3/30/2019
19283645,2773,HustleTime,2510,Black,1 min,bullet,28,Lost,3/30/2019
19283645,2786,HustleTime,2497,White,1 min,bullet,48,Won,3/30/2019
19283645,2783,spectralsoul,2742,Black,1 min,bullet,62,Lost,3/30/2019
19283645,2792,spectralsoul,2733,White,1 min,bullet,27,Won,3/30/2019
19283645,2785,spectralsoul,2740,Black,1 min,bullet,31,Won,3/30/2019
19283645,2778,spectralsoul,2747,White,1 min,bullet,15,Won,3/30/2019
19283645,2770,spectralsoul,2755,Black,1 min,bullet,33,Won,3/30/2019
19283645,2762,spectralsoul,2763,White,1 min,bullet,25,Won,3/30/2019
19283645,2754,spectralsoul,2771,Black,1 min,bullet,85,Draw,3/30/2019
19283645,2754,spectralsoul,2771,White,1 min,bullet,48,Won,3/30/2019
19283645,2745,spectralsoul,2780,Black,1 min,bullet,40,Won,3/30/2019
19283645,2736,spectralsoul,2789,White,1 min,bullet,47,Won,3/30/2019
19283645,2726,spectralsoul,2799,Black,1 min,bullet,55,Won,3/30/2019
19283645,2716,spectralsoul,2809,White,1 min,bullet,32,Won,3/30/2019
19283645,2705,1stSecond,2738,White,1 min,bullet,36,Lost,3/30/2019
19283645,2713,1stSecond,2730,Black,1 min,bullet,36,Lost,3/30/2019
19283645,2721,1stSecond,2722,White,1 min,bullet,32,Won,3/30/2019
19283645,2713,1stSecond,2730,Black,1 min,bullet,29,Won,3/30/2019
19283645,2704,ObsidianDestroyer-2,2757,Black,1 min,bullet,24,Lost,3/29/2019
19283645,2711,ObsidianDestroyer-2,2750,White,1 min,bullet,32,Won,3/29/2019
19283645,2702,ObsidianDestroyer-2,2759,Black,1 min,bullet,15,Lost,3/29/2019
19283645,2709,transponster,2789,Black,1 min,bullet,13,Lost,3/29/2019
19283645,2715,transponster,2783,White,1 min,bullet,38,Won,3/29/2019
19283645,2705,transponster,2793,Black,1 min,bullet,32,Lost,3/29/2019
19283645,2711,michaelq2d5,2767,White,1 min,bullet,66,Lost,3/29/2019
19283645,2718,FastChance,2718,White,1 min,bullet,73,Lost,3/28/2019
19283645,2726,FastChance,2710,Black,1 min,bullet,64,Draw,3/28/2019
19283645,2726,FastChance,2710,White,1 min,bullet,29,Won,3/28/2019
19283645,2718,FastChance,2712,Black,1 min,bullet,57,Lost,3/28/2019
19283645,2727,FastChance,2703,White,1 min,bullet,16,Won,3/28/2019
19283645,2719,Gomatte,2634,White,1 min,bullet,41,Lost,3/28/2019
19283645,2729,Gomatte,2624,Black,1 min,bullet,56,Won,3/28/2019