player,player_rating,opponent,opponent_rating,side,time_control,time_category,moves,result,date
19283645,2447,Venezia2018,2546,Black,1 min,bullet,21,Won,3/10/2019
19283645,2436,HustleTime,2547,Black,1 min,bullet,65,Lost,3/10/2019
19283645,2442,chess10kp,2359,White,1 min,bullet,44,Won,3/10/2019
19283645,2435,chess10kp,2365,Black,1 min,bullet,26,Won,3/10/2019
19283645,2427,100realnofeik,2394,White,1 min,bullet,13,Lost,3/10/2019
19283645,2438,NiniBini,2341,White,1 min,bullet,36,Won,3/10/2019
19283645,2431,NiniBini,2347,Black,1 min,bullet,54,Won,3/10/2019
19283645,2423,NiniBini,2353,White,1 min,bullet,18,Won,3/10/2019
19283645,2415,Luna_moonfang,2384,White,1 min,bullet,31,Won,3/10/2019
19283645,2405,Luna_moonfang,2392,Black,1 min,bullet,27,Won,3/10/2019
19283645,2394,chess_littlebear,2324,Black,1 min,bullet,29,Won,3/10/2019
19283645,2385,EagerBeavers,2358,White,1 min,bullet,44,Lost,3/10/2019
19283645,2398,EagerBeavers,2349,Black,1 min,bullet,57,Won,3/10/2019
19283645,2388,U16Latvia,2380,Black,1 min,bullet,71,Draw,3/6/2019
19283645,2388,TaytayBis,2322,White,1 min,bullet,36,Won,3/6/2019
19283645,2378,Timeslice,2371,White,1 min,bullet,1,Lost,3/6/2019
19283645,2391,Venezia2018,2462,White,1 min,bullet,2,Won,3/6/2019
19283645,2375,prepredeni,2310,White,1 min,bullet,74,Won,3/6/2019
19283645,2363,gufgufguf4,2382,White,1 min,bullet,46,Lost,3/5/2019
19283645,2377,gufgufguf4,2374,Black,1 min,bullet,39,Won,3/5/2019
19283645,2362,selac2,2408,Black,1 min,bullet,64,Lost,3/4/2019
19283645,2376,Itashi007,2376,Black,1 min,bullet,57,Won,3/4/2019
19283645,2360,Malgranda_Ludo,2316,White,1 min,bullet,55,Won,3/3/2019
19283645,2345,Malgranda_Ludo,2324,Black,1 min,bullet,14,Won,3/3/2019
19283645,2328,valodiaK,2306,Black,1 min,bullet,43,Won,3/3/2019
19283645,2310,meydrian_23,2465,White,1 min,bullet,60,Lost,3/3/2019
19283645,2322,Nasir312,2386,White,1 min,bullet,23,Lost,3/3/2019
19283645,2339,Tsimentos,2313,Black,1 min,bullet,41,Won,3/3/2019
19283645,2318,zayed92,2245,Black,1 min,bullet,45,Won,3/3/2019
19283645,2299,petros_pap,2235,White,1 min,bullet,18,Won,3/3/2019
19283645,2278,TIMELORD111,2238,White,1 min,bullet,29,Won,3/3/2019
19283645,2253,pescandobo,2210,White,1 min,bullet,45,Won,3/3/2019
19283645,2227,MasterEgonSchiele,2217,Black,1 min,bullet,41,Won,3/3/2019
19283645,2195,NavalEng,2192,Black,1 min,bullet,51,Won,3/3/2019
19283645,2159,HAL_9001,2152,White,1 min,bullet,35,Won,3/3/2019
19283645,2120,Trainerschach,2073,White,1 min,bullet,36,Won,3/3/2019
19283645,2081,kydykov,2029,Black,1 min,bullet,51,Won,3/3/2019
19283645,2037,GalDekel,1942,Black,1 min,bullet,37,Won,3/3/2019
19283645,1993,PaTsio,1951,White,1 min,bullet,47,Won,3/3/2019
19283645,1929,kamzu,1858,White,1 min,bullet,25,Won,3/3/2019
19283645,1856,Artist-Kiron-fb,1802,Black,1 min,bullet,16,Won,3/3/2019
19283645,1752,EliseuCC,1658,White,1 min,bullet,18,Won,3/3/2019
19283645,1616,MilosObilic04,1464,Black,1 min,bullet,23,Won,3/3/2019