player,player_rating,opponent,opponent_rating,side,time_control,time_category,moves,result,date
19283645,2671,spectralsoul,2713,White,1 min,bullet,74,Won,3/25/2019
19283645,2662,spectralsoul,2722,Black,1 min,bullet,41,Lost,3/25/2019
19283645,2669,spectralsoul,2715,White,1 min,bullet,34,Lost,3/25/2019
19283645,2676,spectralsoul,2708,Black,1 min,bullet,63,Won,3/25/2019
19283645,2667,spectralsoul,2717,White,1 min,bullet,58,Draw,3/25/2019
19283645,2666,spectralsoul,2718,Black,1 min,bullet,61,Draw,3/25/2019
19283645,2665,spectralsoul,2719,White,1 min,bullet,55,Won,3/25/2019
19283645,2655,spectralsoul,2729,Black,1 min,bullet,76,Draw,3/25/2019
19283645,2653,spectralsoul,2731,White,1 min,bullet,36,Won,3/25/2019
19283645,2643,kumaranbalaji98,2533,Black,1 min,bullet,22,Won,3/25/2019
19283645,2637,kumaranbalaji98,2539,White,1 min,bullet,41,Won,3/25/2019
19283645,2631,kumaranbalaji98,2546,Black,1 min,bullet,41,Won,3/25/2019
19283645,2625,kumaranbalaji98,2553,White,1 min,bullet,36,Won,3/25/2019
19283645,2618,kumaranbalaji98,2561,Black,1 min,bullet,55,Lost,3/25/2019
19283645,2628,kumaranbalaji98,2549,White,1 min,bullet,55,Won,3/25/2019
19283645,2621,yoolund,2651,White,1 min,bullet,31,Won,3/25/2019
19283645,2612,yoolund,2660,Black,1 min,bullet,27,Won,3/25/2019
19283645,2602,yoolund,2670,White,1 min,bullet,19,Won,3/25/2019
19283645,2592,LikeWater,2582,Black,1 min,bullet,30,Lost,3/24/2019
19283645,2601,LikeWater,2573,White,1 min,bullet,74,Draw,3/24/2019
19283645,2602,LikeWater,2572,Black,1 min,bullet,57,Lost,3/24/2019
19283645,2611,LikeWater,2563,White,1 min,bullet,32,Won,3/24/2019
19283645,2604,LikeWater,2570,Black,1 min,bullet,36,Lost,3/24/2019
19283645,2613,LikeWater,2561,White,1 min,bullet,64,Lost,3/24/2019
19283645,2623,LikeWater,2551,Black,1 min,bullet,88,Won,3/24/2019
19283645,2616,LikeWater,2558,White,1 min,bullet,90,Draw,3/24/2019
19283645,2617,LikeWater,2557,Black,1 min,bullet,45,Lost,3/24/2019
19283645,2627,LikeWater,2547,White,1 min,bullet,65,Won,3/24/2019
19283645,2620,LikeWater,2554,Black,1 min,bullet,57,Won,3/24/2019
19283645,2613,LikeWater,2561,White,1 min,bullet,55,Won,3/24/2019
19283645,2606,LikeWater,2568,Black,1 min,bullet,17,Won,3/24/2019
19283645,2599,LikeWater,2575,White,1 min,bullet,32,Won,3/24/2019
19283645,2591,LikeWater,2583,Black,1 min,bullet,61,Won,3/24/2019
19283645,2583,LikeWater,2591,White,1 min,bullet,70,Won,3/24/2019
19283645,2574,TaeKwondoKing,2551,White,1 min,bullet,60,Draw,3/24/2019
19283645,2575,TaeKwondoKing,2550,Black,1 min,bullet,32,Lost,3/24/2019
19283645,2584,chizhik98,2528,White,1 min,bullet,23,Lost,3/24/2019
19283645,2594,Ustat,2565,White,1 min,bullet,49,Won,3/24/2019
19283645,2586,AlternativFacts,2612,White,1 min,bullet,11,Won,3/24/2019
19283645,2577,AlternativFacts,2621,Black,1 min,bullet,62,Won,3/24/2019
19283645,2568,AlternativFacts,2630,White,1 min,bullet,68,Lost,3/24/2019
19283645,2575,AlternativFacts,2623,Black,1 min,bullet,65,Won,3/24/2019
19283645,2566,elm2007,2693,Black,1 min,bullet,43,Lost,3/20/2019
19283645,2571,elm2007,2688,White,1 min,bullet,58,Lost,3/20/2019
19283645,2577,elm2007,2682,Black,1 min,bullet,29,Lost,3/20/2019
19283645,2583,elm2007,2676,White,1 min,bullet,9,Lost,3/20/2019
19283645,2589,elm2007,2670,Black,1 min,bullet,36,Lost,3/20/2019
19283645,2595,elm2007,2664,White,1 min,bullet,50,Won,3/20/2019
19283645,2585,elm2007,2674,Black,1 min,bullet,86,Won,3/20/2019
19283645,2575,elm2007,2684,White,1 min,bullet,38,Lost,3/20/2019