player,player_rating,opponent,opponent_rating,side,time_control,time_category,moves,result,date
19283645,2807,beatles_22,2647,White,3 min,blitz,60,Won,4/3/2019
19283645,2802,BocharovD,2853,White,3 min,blitz,24,Lost,4/3/2019
19283645,2809,BocharovD,2846,Black,3 min,blitz,34,Lost,4/3/2019
19283645,2817,BocharovD,2838,White,3 min,blitz,46,Lost,4/3/2019
19283645,2825,BocharovD,2830,Black,3 min,blitz,73,Won,4/3/2019
19283645,2816,Illingworth,2812,Black,3 min,blitz,41,Won,4/3/2019
19283645,2808,Illingworth,2820,White,3 min,blitz,54,Won,4/3/2019
19283645,2799,Gan-od,2698,White,3 min,blitz,57,Won,4/3/2019
19283645,2793,Gan-od,2704,Black,3 min,blitz,51,Won,4/3/2019
19283645,2787,DanielNaroditsky,2897,White,3 min,blitz,46,Won,4/3/2019
19283645,2776,DanielNaroditsky,2901,Black,3 min,blitz,16,Draw,4/3/2019
19283645,2773,KenanGarayev,2770,White,3|2,blitz,43,Lost,4/3/2019
19283645,2781,Off-War,2632,Black,3|2,blitz,53,Won,4/3/2019
19283645,2776,GadimbayliA,2813,White,3|2,blitz,67,Lost,4/3/2019
19283645,2783,kleinebeer98,2731,White,3|2,blitz,50,Won,4/3/2019
19283645,2776,Firouzja2003,3091,Black,3|2,blitz,26,Lost,4/3/2019
19283645,2778,Fandorine,2848,White,3|2,blitz,43,Won,4/3/2019
19283645,2768,suyu28,2561,Black,3|2,blitz,19,Won,4/3/2019
19283645,2764,pastouche06,2429,White,3|2,blitz,56,Won,4/3/2019
19283645,2762,Kimster98,2613,Black,3 min,blitz,40,Won,4/2/2019
19283645,2757,Grandsi,2690,White,3 min,blitz,65,Won,4/2/2019
19283645,2750,Grandsi,2697,Black,3 min,blitz,25,Draw,4/2/2019
19283645,2751,komandoras123,2751,White,3 min,blitz,90,Draw,4/2/2019
19283645,2751,komandoras123,2751,Black,3 min,blitz,78,Draw,4/2/2019
19283645,2751,komandoras123,2751,White,3 min,blitz,11,Draw,4/2/2019
19283645,2751,komandoras123,2751,Black,3 min,blitz,63,Lost,4/2/2019
19283645,2759,komandoras123,2743,White,3 min,blitz,56,Draw,4/2/2019
19283645,2759,komandoras123,2743,Black,3 min,blitz,43,Won,4/2/2019
19283645,2751,komandoras123,2751,White,3 min,blitz,54,Won,4/2/2019
19283645,2743,komandoras123,2762,Black,3 min,blitz,15,Lost,4/2/2019
19283645,2751,GMKrikor,2772,Black,3 min,blitz,59,Lost,4/2/2019
19283645,2759,LoudPumpkin,2725,White,3 min,blitz,30,Won,4/2/2019
19283645,2751,ShimanovAlex,2851,Black,3 min,blitz,19,Lost,4/2/2019
19283645,2757,ShimanovAlex,2845,White,3 min,blitz,34,Draw,4/2/2019
19283645,2755,ShimanovAlex,2847,Black,3 min,blitz,44,Lost,4/2/2019
19283645,2761,ShimanovAlex,2841,White,3 min,blitz,30,Won,4/2/2019
19283645,2751,ShimanovAlex,2851,Black,3 min,blitz,75,Lost,4/2/2019
19283645,2757,ShimanovAlex,2845,White,3 min,blitz,30,Draw,4/1/2019
19283645,2755,kuli4ik,2767,White,3 min,blitz,43,Draw,4/1/2019
19283645,2755,CaptainCasanova,2752,White,3 min,blitz,30,Draw,4/1/2019
19283645,2755,Wizard456,2816,White,3 min,blitz,62,Won,4/1/2019
19283645,2745,Wizard456,2826,Black,3 min,blitz,25,Lost,4/1/2019
19283645,2751,ViIIagra,2741,Black,3 min,blitz,29,Lost,4/1/2019
19283645,2760,ViIIagra,2732,White,3 min,blitz,50,Draw,4/1/2019
19283645,2761,ViIIagra,2731,Black,3 min,blitz,25,Draw,4/1/2019
19283645,2762,ViIIagra,2730,White,3 min,blitz,87,Draw,4/1/2019
19283645,2763,ViIIagra,2729,Black,3 min,blitz,50,Won,4/1/2019
19283645,2755,ViIIagra,2737,White,3 min,blitz,19,Won,4/1/2019
19283645,2747,ViIIagra,2745,Black,3 min,blitz,56,Won,4/1/2019
19283645,2739,ViIIagra,2753,White,3 min,blitz,56,Draw,4/1/2019