player,player_rating,opponent,opponent_rating,side,time_control,time_category,moves,result,date
19283645,2609,Adham_Fawzy,2657,Black,3 min,blitz,23,Lost,3/31/2019
19283645,2616,Obito24,2633,Black,3 min,blitz,52,Draw,3/31/2019
19283645,2616,Obito24,2633,White,3 min,blitz,44,Won,3/31/2019
19283645,2607,Obito24,2642,Black,3 min,blitz,35,Lost,3/31/2019
19283645,2615,Adham_Fawzy,2652,White,3 min,blitz,39,Won,3/31/2019
19283645,2606,Davit_Tiraturyan,2631,White,3 min,blitz,63,Won,3/31/2019
19283645,2597,Yuwono,2543,White,3 min,blitz,30,Won,3/31/2019
19283645,2590,chizhik98,2611,Black,3 min,blitz,38,Won,3/31/2019
19283645,2581,shosti-73,2552,Black,3 min,blitz,62,Won,3/31/2019
19283645,2573,SONOFHOLYGOD,2569,Black,3 min,blitz,38,Lost,3/30/2019
19283645,2582,SONOFHOLYGOD,2560,White,3 min,blitz,48,Won,3/30/2019
19283645,2574,Onegust,2601,White,3 min,blitz,70,Won,3/30/2019
19283645,2565,RussianChessCoach,2603,Black,3 min,blitz,49,Lost,3/30/2019
19283645,2572,Sungho,2532,White,3 min,blitz,38,Won,3/30/2019
19283645,2565,Sungho,2539,Black,3 min,blitz,30,Won,3/30/2019
19283645,2557,Mops_2004,2513,Black,3 min,blitz,23,Won,3/30/2019
19283645,2550,Mops_2004,2520,White,3 min,blitz,19,Won,3/30/2019
19283645,2542,Mops_2004,2528,Black,3 min,blitz,63,Won,3/30/2019
19283645,2534,H1ppopotamus,2541,White,3 min,blitz,37,Won,3/30/2019
19283645,2525,H1ppopotamus,2550,Black,3 min,blitz,46,Won,3/30/2019
19283645,2516,H1ppopotamus,2559,White,3 min,blitz,50,Won,3/30/2019
19283645,2507,adi007bond,2471,White,3 min,blitz,39,Lost,3/30/2019
19283645,2516,adi007bond,2462,Black,3 min,blitz,41,Won,3/30/2019
19283645,2509,adi007bond,2469,White,3 min,blitz,41,Won,3/30/2019
19283645,2502,adi007bond,2476,Black,3 min,blitz,30,Won,3/30/2019
19283645,2494,GelmanAlexander,2570,Black,3 min,blitz,25,Won,3/30/2019
19283645,2484,GregShahade,2658,White,3 min,blitz,30,Draw,3/30/2019
19283645,2480,DagurR,2466,White,3 min,blitz,48,Won,3/30/2019
19283645,2472,Fat-Frumos,2449,White,3 min,blitz,33,Won,3/30/2019
19283645,2464,Saad_loves_Trump,2592,White,3 min,blitz,2,Lost,3/30/2019
19283645,2469,Quaritch79,2396,White,3 min,blitz,37,Won,3/30/2019
19283645,2462,dulerile,2423,Black,3 min,blitz,58,Lost,3/30/2019
19283645,2471,Yoshkinkot,2504,White,3 min,blitz,36,Won,3/30/2019
19283645,2462,Neftegor,2448,Black,3 min,blitz,45,Won,3/30/2019
19283645,2454,Milber,2455,White,3 min,blitz,22,Lost,3/30/2019
19283645,2462,pisher,2524,White,3 min,blitz,46,Won,3/30/2019
19283645,2452,Glinomes,2506,White,3 min,blitz,32,Lost,3/30/2019
19283645,2459,Thegreengiant1990,2446,Black,3 min,blitz,33,Won,3/30/2019
19283645,2451,uasloboda,2394,Black,3 min,blitz,16,Won,3/30/2019
19283645,2444,qwertydarksoul,2352,White,3 min,blitz,58,Draw,3/30/2019
19283645,2446,DrDog123,2434,White,3 min,blitz,26,Won,3/30/2019
19283645,2438,DrDog123,2442,Black,3 min,blitz,53,Won,3/30/2019
19283645,2430,ThorIce,2373,Black,3 min,blitz,21,Won,3/30/2019
19283645,2423,captain_greece,2385,Black,3 min,blitz,40,Won,3/30/2019
19283645,2416,suyu28,2418,White,3 min,blitz,31,Won,3/30/2019
19283645,2408,suyu28,2426,Black,3 min,blitz,47,Won,3/30/2019
19283645,2399,suyu28,2435,White,3 min,blitz,29,Won,3/30/2019
19283645,2390,Yuri61,2331,White,3 min,blitz,33,Won,3/30/2019
19283645,2383,HannosHenker,2319,Black,3 min,blitz,49,Won,3/26/2019
19283645,2376,mixeili1981,2377,White,3 min,blitz,58,Won,3/26/2019