player,player_rating,opponent,opponent_rating,side,time_control,time_category,moves,result,date
19283645,2723,Gomatte,2630,White,1 min,bullet,46,Won,3/28/2019
19283645,2717,Gomatte,2636,Black,1 min,bullet,23,Won,3/28/2019
19283645,2711,Ali_rastbod,2632,Black,1 min,bullet,59,Lost,3/28/2019
19283645,2721,KBabazada,2641,Black,1 min,bullet,38,Lost,3/28/2019
19283645,2731,KBabazada,2631,White,1 min,bullet,47,Won,3/28/2019
19283645,2725,ExceptionallyDubious,2755,Black,1 min,bullet,36,Won,3/28/2019
19283645,2716,ExceptionallyDubious,2764,White,1 min,bullet,33,Won,3/28/2019
19283645,2707,NTBT_DHS,2650,White,1 min,bullet,37,Lost,3/28/2019
19283645,2717,NTBT_DHS,2640,Black,1 min,bullet,79,Lost,3/28/2019
19283645,2727,NTBT_DHS,2630,White,1 min,bullet,37,Won,3/28/2019
19283645,2721,NTBT_DHS,2636,Black,1 min,bullet,29,Won,3/28/2019
19283645,2715,NTBT_DHS,2642,White,1 min,bullet,39,Won,3/28/2019
19283645,2708,NTBT_DHS,2649,Black,1 min,bullet,45,Lost,3/28/2019
19283645,2718,NTBT_DHS,2639,White,1 min,bullet,29,Won,3/28/2019
19283645,2711,NTBT_DHS,2646,Black,1 min,bullet,43,Won,3/28/2019
19283645,2704,NTBT_DHS,2653,White,1 min,bullet,55,Lost,3/28/2019
19283645,2714,NTBT_DHS,2643,Black,1 min,bullet,72,Won,3/28/2019
19283645,2707,NTBT_DHS,2650,White,1 min,bullet,19,Won,3/28/2019
19283645,2700,NTBT_DHS,2657,Black,1 min,bullet,25,Won,3/28/2019
19283645,2693,NTBT_DHS,2664,White,1 min,bullet,55,Won,3/28/2019
19283645,2685,NTBT_DHS,2672,Black,1 min,bullet,37,Lost,3/28/2019
19283645,2694,NTBT_DHS,2663,White,1 min,bullet,16,Lost,3/28/2019
19283645,2703,NTBT_DHS,2654,Black,1 min,bullet,29,Lost,3/28/2019
19283645,2713,NTBT_DHS,2644,White,1 min,bullet,50,Won,3/28/2019
19283645,2706,NTBT_DHS,2651,Black,1 min,bullet,54,Won,3/28/2019
19283645,2699,NTBT_DHS,2658,White,1 min,bullet,49,Won,3/28/2019
19283645,2692,NTBT_DHS,2665,Black,1 min,bullet,44,Won,3/28/2019
19283645,2684,artooon,2619,Black,1 min,bullet,1,Lost,3/28/2019
19283645,2694,Gomatte,2641,White,1 min,bullet,74,Lost,3/27/2019
19283645,2704,Gomatte,2631,Black,1 min,bullet,34,Lost,3/27/2019
19283645,2714,Gomatte,2621,White,1 min,bullet,43,Won,3/27/2019
19283645,2708,Gomatte,2627,Black,1 min,bullet,33,Lost,3/27/2019
19283645,2718,Gomatte,2617,White,1 min,bullet,30,Won,3/27/2019
19283645,2712,Gomatte,2623,Black,1 min,bullet,37,Won,3/27/2019
19283645,2706,Gomatte,2629,White,1 min,bullet,72,Lost,3/27/2019
19283645,2716,1stSecond,2720,White,1 min,bullet,16,Won,3/27/2019
19283645,2708,1stSecond,2728,Black,1 min,bullet,21,Won,3/27/2019
19283645,2699,1stSecond,2737,White,1 min,bullet,63,Won,3/27/2019
19283645,2690,IMNaku,2813,Black,1 min,bullet,34,Lost,3/27/2019
19283645,2663,kim_ki_bu,2933,White,1 min,bullet,17,Won,3/27/2019
19283645,2649,kim_ki_bu,2947,Black,1 min,bullet,31,Lost,3/27/2019
19283645,2652,kim_ki_bu,2944,White,1 min,bullet,23,Lost,3/27/2019
19283645,2655,kim_ki_bu,2941,Black,1 min,bullet,37,Lost,3/27/2019
19283645,2658,kim_ki_bu,2938,White,1 min,bullet,38,Lost,3/27/2019
19283645,2661,kim_ki_bu,2935,Black,1 min,bullet,26,Lost,3/27/2019
19283645,2664,kim_ki_bu,2932,White,1 min,bullet,35,Lost,3/27/2019
19283645,2667,kim_ki_bu,2929,Black,1 min,bullet,76,Won,3/27/2019
19283645,2654,kim_ki_bu,2942,White,1 min,bullet,35,Lost,3/27/2019
19283645,2657,kim_ki_bu,2939,Black,1 min,bullet,39,Lost,3/27/2019
19283645,2660,kim_ki_bu,2936,White,1 min,bullet,21,Lost,3/27/2019