player,player_rating,opponent,opponent_rating,side,time_control,time_category,moves,result,date
19283645,2368,jlkinglion,2311,Black,3 min,blitz,43,Won,3/26/2019
19283645,2361,mixeili1981,2383,Black,3 min,blitz,41,Lost,3/26/2019
19283645,2369,suyu28,2427,Black,3 min,blitz,29,Lost,3/26/2019
19283645,2376,jozkoprokes,2429,White,3 min,blitz,22,Lost,3/26/2019
19283645,2384,flawwlessvictoryy,2336,Black,3 min,blitz,11,Won,3/26/2019
19283645,2376,SakuraChariot,2370,Black,3 min,blitz,37,Lost,3/26/2019
19283645,2385,maestro99az,2441,White,3 min,blitz,58,Won,3/26/2019
19283645,2374,EliasDemac,2342,White,3 min,blitz,23,Won,3/26/2019
19283645,2365,mixeili1981,2359,White,3 min,blitz,34,Won,3/26/2019
19283645,2355,wonderdirector,2446,Black,3 min,blitz,48,Won,3/26/2019
19283645,2342,Davit_Barghutyan,2370,Black,3 min,blitz,67,Draw,3/26/2019
19283645,2341,Davit_Barghutyan,2371,White,3 min,blitz,24,Won,3/26/2019
19283645,2329,Kingchess2002,2243,White,3 min,blitz,37,Won,3/26/2019
19283645,2320,NotLateToResign,2261,White,3 min,blitz,33,Won,3/26/2019
19283645,2310,NotLateToResign,2268,Black,3 min,blitz,22,Won,3/26/2019
19283645,2299,Filkun,2210,Black,3 min,blitz,33,Won,3/26/2019
19283645,2290,Blaza6691,2241,White,3 min,blitz,21,Lost,3/26/2019
19283645,2305,VladTretiak20,2277,Black,3 min,blitz,23,Won,3/26/2019
19283645,2293,Guliev_Gasan,2270,White,3 min,blitz,1,Lost,3/25/2019
19283645,2308,Babak_FM,2316,Black,3 min,blitz,57,Draw,3/24/2019
19283645,2308,95412,2251,White,3 min,blitz,63,Won,3/24/2019
19283645,2296,AmosBrugger,2216,White,3 min,blitz,23,Won,3/24/2019
19283645,2284,Fanti13,2402,Black,3 min,blitz,56,Won,3/24/2019
19283645,2263,Alfaray,2300,Black,3 min,blitz,42,Lost,3/24/2019
19283645,2278,wild3000,2283,Black,3 min,blitz,54,Lost,3/22/2019
19283645,2295,varezhka-64,2401,White,3 min,blitz,41,Won,3/22/2019
19283645,2272,varezhka-64,2413,Black,3 min,blitz,51,Won,3/22/2019
19283645,2247,cladescar,2178,White,3 min,blitz,13,Won,3/22/2019
19283645,2231,carlosmartinezival,2142,White,3 min,blitz,51,Won,3/21/2019
19283645,2215,IwkooO,2401,Black,3 min,blitz,50,Lost,3/21/2019
19283645,2226,IwkooO,2397,White,3 min,blitz,67,Lost,3/21/2019
19283645,2238,IwkooO,2392,Black,3 min,blitz,56,Lost,3/21/2019
19283645,2252,IwkooO,2387,White,3 min,blitz,53,Won,3/21/2019
19283645,2217,jcrispal1,2164,White,3 min,blitz,26,Won,3/21/2019
19283645,2193,almas_yermekov,2180,Black,3 min,blitz,39,Won,3/21/2019
19283645,2164,ramsoleinen,2076,Black,3 min,blitz,44,Won,3/20/2019
19283645,2140,todezafirovski1,2103,White,3 min,blitz,44,Won,3/20/2019
19283645,2108,alflames,2033,White,3 min,blitz,23,Won,3/20/2019
19283645,2077,sirkid,1987,Black,3 min,blitz,31,Won,3/20/2019
19283645,2044,pgodrej,2009,White,3 min,blitz,36,Won,3/20/2019
19283645,1998,froilinger,1844,White,3 min,blitz,47,Won,3/11/2019
19283645,1959,AruDesigns16,1881,Black,3 min,blitz,35,Won,3/11/2019
19283645,1909,AlexMNassif,1807,White,3 min,blitz,35,Won,3/3/2019
19283645,1809,baleverhouven,2010,Black,3 min,blitz,29,Lost,2/25/2019
19283645,1854,Z_rank,1747,White,3 min,blitz,25,Won,2/23/2019
19283645,1767,BorisChesik1111,1675,Black,3 min,blitz,24,Won,2/23/2019
19283645,1629,jijemame,1485,White,3 min,blitz,1,Won,2/23/2019