player,player_rating,opponent,opponent_rating,side,time_control,time_category,moves,result,date
1random,2800,CaptainCasanova,2613,White,30 sec,bullet,15,Won,4/9/2019
1random,2796,Zhigalko_Sergei,3030,Black,30 sec,bullet,15,Lost,4/9/2019
1random,2799,Zhigalko_Sergei,3027,White,30 sec,bullet,40,Lost,4/9/2019
1random,2803,Zhigalko_Sergei,3023,Black,30 sec,bullet,58,Lost,4/9/2019
1random,2807,Zhigalko_Sergei,3019,White,30 sec,bullet,41,Lost,4/9/2019
1random,2811,Zhigalko_Sergei,3015,Black,30 sec,bullet,69,Lost,4/9/2019
1random,2815,Zhigalko_Sergei,3011,White,30 sec,bullet,49,Lost,4/9/2019
1random,2819,Zhigalko_Sergei,3007,Black,30 sec,bullet,12,Lost,4/9/2019
1random,2823,Zhigalko_Sergei,3003,White,30 sec,bullet,63,Won,4/9/2019
1random,2811,Zhigalko_Sergei,3015,Black,30 sec,bullet,58,Lost,4/9/2019
1random,2815,Zhigalko_Sergei,3011,White,30 sec,bullet,57,Won,4/9/2019
1random,2803,Zhigalko_Sergei,3023,Black,30 sec,bullet,27,Lost,4/9/2019
1random,2807,Zhigalko_Sergei,3019,White,30 sec,bullet,46,Lost,4/9/2019
1random,2811,Zhigalko_Sergei,3015,Black,30 sec,bullet,31,Lost,4/9/2019
1random,2815,Zhigalko_Sergei,3011,White,30 sec,bullet,33,Lost,4/9/2019
1random,2819,Zhigalko_Sergei,3007,Black,30 sec,bullet,65,Draw,4/9/2019
1random,2815,Zhigalko_Sergei,3011,White,30 sec,bullet,26,Lost,4/9/2019
1random,2819,Zhigalko_Sergei,3007,Black,30 sec,bullet,30,Lost,4/9/2019
1random,2823,Zhigalko_Sergei,3003,White,30 sec,bullet,68,Lost,4/9/2019
1random,2827,Zhigalko_Sergei,2999,Black,30 sec,bullet,58,Lost,4/9/2019
1random,2831,Zhigalko_Sergei,2995,White,30 sec,bullet,48,Lost,4/9/2019
1random,2836,Zhigalko_Sergei,2990,Black,30 sec,bullet,53,Lost,4/9/2019
1random,2841,Zhigalko_Sergei,2985,White,30 sec,bullet,34,Won,4/9/2019
1random,2829,Zhigalko_Sergei,2997,Black,30 sec,bullet,50,Lost,4/9/2019
1random,2834,Zhigalko_Sergei,2992,White,30 sec,bullet,46,Lost,4/9/2019
1random,2839,Zhigalko_Sergei,2987,Black,30 sec,bullet,52,Won,4/9/2019
1random,2827,Zhigalko_Sergei,2999,White,30 sec,bullet,40,Lost,4/9/2019
1random,2832,Zhigalko_Sergei,2994,Black,30 sec,bullet,66,Lost,4/9/2019
1random,2837,Zhigalko_Sergei,2989,White,30 sec,bullet,16,Won,4/9/2019
1random,2825,Zhigalko_Sergei,3001,Black,30 sec,bullet,58,Lost,4/9/2019
1random,2829,PulpanJ,2757,White,30 sec,bullet,14,Lost,4/9/2019
1random,2839,PulpanJ,2747,Black,30 sec,bullet,46,Won,4/9/2019
1random,2833,PulpanJ,2753,White,30 sec,bullet,62,Won,4/9/2019
1random,2827,PulpanJ,2759,Black,30 sec,bullet,8,Lost,4/9/2019
1random,2837,PulpanJ,2749,White,30 sec,bullet,33,Lost,4/9/2019
1random,2847,PulpanJ,2739,Black,30 sec,bullet,19,Draw,4/9/2019
1random,2850,PulpanJ,2736,White,30 sec,bullet,29,Lost,4/9/2019
1random,2861,PulpanJ,2725,Black,30 sec,bullet,43,Lost,4/9/2019
1random,2872,PulpanJ,2714,White,30 sec,bullet,49,Lost,4/9/2019
1random,2884,PulpanJ,2702,Black,30 sec,bullet,18,Won,4/9/2019
1random,2880,PulpanJ,2706,White,30 sec,bullet,15,Won,4/9/2019
1random,2876,PulpanJ,2710,Black,30 sec,bullet,33,Won,4/9/2019
1random,2871,PulpanJ,2715,White,30 sec,bullet,49,Won,4/9/2019
1random,2866,PulpanJ,2720,Black,30 sec,bullet,22,Won,4/9/2019
1random,2861,PulpanJ,2725,White,30 sec,bullet,65,Won,4/9/2019
1random,2856,PulpanJ,2730,Black,30 sec,bullet,53,Lost,4/9/2019
1random,2867,PulpanJ,2719,White,30 sec,bullet,42,Lost,4/9/2019
1random,2879,TigranLPetrosyan,2814,Black,30 sec,bullet,63,Lost,4/9/2019
1random,2889,TigranLPetrosyan,2804,White,30 sec,bullet,57,Won,4/9/2019
1random,2883,TigranLPetrosyan,2810,Black,30 sec,bullet,56,Won,4/9/2019