player,player_rating,opponent,opponent_rating,side,time_control,time_category,moves,result,date
1random,2891,KhalilMousavi77,2978,White,30 sec,bullet,64,Lost,4/3/2019
1random,2897,penguingm1,3102,White,30 sec,bullet,47,Lost,4/3/2019
1random,2901,penguingm1,3098,Black,30 sec,bullet,51,Won,4/3/2019
1random,2888,penguingm1,3111,White,30 sec,bullet,64,Lost,4/3/2019
1random,2892,penguingm1,3107,Black,30 sec,bullet,52,Lost,4/3/2019
1random,2896,penguingm1,3103,White,30 sec,bullet,33,Lost,4/3/2019
1random,2900,ASVZ,2345,Black,1 min,bullet,40,Lost,4/3/2019
1random,2915,vladimirdamjanovic,2474,White,1 min,bullet,70,Lost,4/3/2019
1random,2930,GMSrinath,2964,White,30 sec,bullet,18,Lost,4/2/2019
1random,2938,GMSrinath,2956,Black,30 sec,bullet,39,Won,4/2/2019
1random,2929,GMSrinath,2965,White,30 sec,bullet,47,Lost,4/2/2019
1random,2936,GMSrinath,2958,Black,30 sec,bullet,29,Lost,4/2/2019
1random,2944,GMSrinath,2950,White,30 sec,bullet,21,Won,4/2/2019
1random,2935,GMSrinath,2959,Black,30 sec,bullet,44,Lost,4/2/2019
1random,2943,GMSrinath,2951,White,30 sec,bullet,57,Lost,4/2/2019
1random,2951,GMSrinath,2943,Black,30 sec,bullet,67,Draw,4/2/2019
1random,2951,GMSrinath,2943,White,30 sec,bullet,11,Lost,4/2/2019
1random,2960,GMSrinath,2934,Black,30 sec,bullet,52,Won,4/2/2019
1random,2952,GMSrinath,2942,White,30 sec,bullet,61,Lost,4/2/2019
1random,2961,GMSrinath,2933,Black,30 sec,bullet,41,Lost,4/2/2019
1random,2970,GMSrinath,2924,White,30 sec,bullet,37,Won,4/2/2019
1random,2963,GMSrinath,2931,Black,30 sec,bullet,62,Draw,4/2/2019
1random,2964,GMSrinath,2930,White,30 sec,bullet,38,Won,4/2/2019
1random,2956,GMSrinath,2938,Black,30 sec,bullet,33,Won,4/2/2019
1random,2948,GMSrinath,2946,White,30 sec,bullet,45,Lost,4/2/2019
1random,2956,GMSrinath,2938,Black,30 sec,bullet,62,Lost,4/2/2019
1random,2965,GMSrinath,2929,White,30 sec,bullet,23,Draw,4/2/2019
1random,2966,GMSrinath,2928,Black,30 sec,bullet,24,Won,4/2/2019
1random,2959,GMSrinath,2935,White,30 sec,bullet,58,Lost,4/2/2019
1random,2968,GMSrinath,2926,Black,30 sec,bullet,45,Won,4/2/2019
1random,2961,GMSrinath,2933,White,30 sec,bullet,23,Won,4/2/2019
1random,2953,GMSrinath,2941,Black,30 sec,bullet,43,Lost,4/2/2019
1random,2962,GMSrinath,2932,White,30 sec,bullet,27,Lost,4/2/2019
1random,2971,GMSrinath,2923,Black,30 sec,bullet,61,Lost,4/2/2019
1random,2980,GMSrinath,2914,White,30 sec,bullet,43,Won,4/2/2019
1random,2973,GMSrinath,2921,Black,30 sec,bullet,67,Draw,4/2/2019
1random,2974,GMSrinath,2920,White,30 sec,bullet,55,Draw,4/2/2019
1random,2975,GMSrinath,2919,Black,30 sec,bullet,44,Won,4/2/2019
1random,2968,GMSrinath,2926,White,30 sec,bullet,43,Lost,4/2/2019
1random,2977,GMSrinath,2917,Black,30 sec,bullet,30,Lost,4/2/2019
1random,2987,GMSrinath,2907,White,30 sec,bullet,69,Won,4/2/2019
1random,2980,GMSrinath,2914,Black,30 sec,bullet,51,Won,4/2/2019
1random,2973,GMSrinath,2921,White,30 sec,bullet,41,Won,4/2/2019
1random,2966,GMSrinath,2928,Black,30 sec,bullet,29,Won,4/2/2019
1random,2959,GMSrinath,2935,White,30 sec,bullet,64,Won,4/2/2019
1random,2951,GMSrinath,2943,Black,30 sec,bullet,20,Lost,4/2/2019
1random,2960,GMSrinath,2934,White,30 sec,bullet,31,Lost,4/2/2019
1random,2969,GMSrinath,2925,Black,30 sec,bullet,68,Draw,4/2/2019
1random,2970,GMSrinath,2924,White,30 sec,bullet,58,Won,4/2/2019
1random,2963,GMSrinath,2931,Black,30 sec,bullet,18,Lost,4/2/2019