player,player_rating,opponent,opponent_rating,side,time_control,time_category,moves,result,date
1random,2879,Shant_Sargsyan,3020,White,30 sec,bullet,28,Won,4/5/2019
1random,2868,Shant_Sargsyan,3031,Black,30 sec,bullet,44,Lost,4/5/2019
1random,2873,Shant_Sargsyan,3026,White,30 sec,bullet,26,Lost,4/5/2019
1random,2878,Shant_Sargsyan,3021,Black,30 sec,bullet,40,Lost,4/5/2019
1random,2883,Shant_Sargsyan,3016,White,30 sec,bullet,23,Lost,4/5/2019
1random,2888,Shant_Sargsyan,3011,Black,30 sec,bullet,43,Lost,4/5/2019
1random,2893,Shant_Sargsyan,3006,White,30 sec,bullet,62,Lost,4/5/2019
1random,2899,Shant_Sargsyan,3000,Black,30 sec,bullet,61,Lost,4/5/2019
1random,2905,Shant_Sargsyan,2994,White,30 sec,bullet,83,Won,4/5/2019
1random,2895,Shant_Sargsyan,3004,Black,30 sec,bullet,59,Lost,4/5/2019
1random,2901,CA98,194),White,1 min,bullet,6,Won,4/5/2019
1random,2901,Alliswell998,2509,Black,30 sec,bullet,37,Won,4/5/2019
1random,2899,HansCoolNiemann,2754,White,1 min,bullet,65,Won,4/5/2019
1random,2894,HansCoolNiemann,2759,Black,1 min,bullet,33,Won,4/5/2019
1random,2889,HansCoolNiemann,2764,White,1 min,bullet,38,Won,4/5/2019
1random,2884,HansCoolNiemann,2769,Black,1 min,bullet,67,Won,4/5/2019
1random,2878,HansCoolNiemann,2754,White,1 min,bullet,21,Won,4/5/2019
1random,2872,HansCoolNiemann,2760,Black,1 min,bullet,57,Won,4/5/2019
1random,2866,HansCoolNiemann,2766,White,1 min,bullet,70,Won,4/5/2019
1random,2860,HansCoolNiemann,2772,Black,1 min,bullet,20,Won,4/5/2019
1random,2854,HansCoolNiemann,2778,White,1 min,bullet,45,Lost,4/5/2019
1random,2864,HansCoolNiemann,2768,Black,1 min,bullet,68,Lost,4/5/2019
1random,2875,HansCoolNiemann,2757,White,30 sec,bullet,28,Won,4/5/2019
1random,2869,HansCoolNiemann,2763,Black,30 sec,bullet,57,Won,4/5/2019
1random,2863,HansCoolNiemann,2769,White,30 sec,bullet,48,Won,4/5/2019
1random,2857,HansCoolNiemann,2775,Black,30 sec,bullet,31,Won,4/5/2019
1random,2851,HansCoolNiemann,2781,White,30 sec,bullet,28,Won,4/5/2019
1random,2844,HansCoolNiemann,2788,Black,30 sec,bullet,55,Won,4/5/2019
1random,2837,HansCoolNiemann,2795,White,30 sec,bullet,54,Won,4/5/2019
1random,2830,HansCoolNiemann,2802,Black,30 sec,bullet,57,Lost,4/5/2019
1random,2839,HansCoolNiemann,2793,White,30 sec,bullet,54,Lost,4/5/2019
1random,2848,HansCoolNiemann,2784,Black,30 sec,bullet,62,Lost,4/5/2019
1random,2858,HansCoolNiemann,2774,White,30 sec,bullet,31,Lost,4/5/2019
1random,2868,Beijing2017,2869,Black,30 sec,bullet,55,Lost,4/5/2019
1random,2876,Beijing2017,2861,White,30 sec,bullet,23,Won,4/5/2019
1random,2868,Beijing2017,2869,Black,30 sec,bullet,39,Lost,4/5/2019
1random,2876,Beijing2017,2860,White,30 sec,bullet,46,Won,4/5/2019
1random,2868,Beijing2017,2869,Black,30 sec,bullet,59,Lost,4/5/2019
1random,2876,Beijing2017,2860,White,30 sec,bullet,24,Lost,4/5/2019
1random,2885,TMTor,2848,White,30 sec,bullet,21,Won,4/5/2019
1random,2877,TMTor,2856,Black,30 sec,bullet,56,Lost,4/5/2019
1random,2886,TMTor,2847,White,30 sec,bullet,74,Draw,4/5/2019
1random,2887,TMTor,2846,Black,30 sec,bullet,63,Won,4/5/2019
1random,2880,TMTor,2853,White,30 sec,bullet,73,Won,4/5/2019
1random,2872,TMTor,2861,Black,30 sec,bullet,62,Lost,4/5/2019
1random,2881,TMTor,2852,White,30 sec,bullet,42,Lost,4/5/2019
1random,2890,TMTor,2843,Black,30 sec,bullet,56,Won,4/5/2019
1random,2883,Torosyan_Norayr,2669,White,1 min,bullet,0,Lost,4/4/2019
1random,2896,Artooooo,2768,Black,1 min,bullet,47,Lost,4/4/2019
1random,2907,kuli4ik,2640,White,1 min,bullet,29,Won,4/4/2019