player,player_rating,opponent,opponent_rating,side,time_control,time_category,moves,result,date
1random,2972,GMSrinath,2922,White,30 sec,bullet,56,Lost,4/2/2019
1random,2982,3MusketeersXFrench,2752,Black,30 sec,bullet,34,Won,4/2/2019
1random,2979,3MusketeersXFrench,2755,White,30 sec,bullet,32,Won,4/2/2019
1random,2975,3MusketeersXFrench,2759,Black,30 sec,bullet,18,Won,4/2/2019
1random,2971,3MusketeersXFrench,2763,White,30 sec,bullet,77,Won,4/2/2019
1random,2967,3MusketeersXFrench,2767,Black,30 sec,bullet,14,Won,4/2/2019
1random,2963,3MusketeersXFrench,2771,White,30 sec,bullet,11,Won,4/2/2019
1random,2959,3MusketeersXFrench,2775,Black,30 sec,bullet,3,Won,4/2/2019
1random,2955,3MusketeersXFrench,2779,White,30 sec,bullet,5,Won,4/2/2019
1random,2951,3MusketeersXFrench,2783,Black,30 sec,bullet,63,Won,4/2/2019
1random,2946,3MusketeersXFrench,2788,White,30 sec,bullet,19,Won,4/2/2019
1random,2941,3MusketeersXFrench,2793,Black,30 sec,bullet,58,Won,4/2/2019
1random,2936,3MusketeersXFrench,2798,White,30 sec,bullet,53,Won,4/2/2019
1random,2931,3MusketeersXFrench,2803,Black,30 sec,bullet,74,Lost,4/2/2019
1random,2942,3MusketeersXFrench,2792,White,30 sec,bullet,43,Lost,4/2/2019
1random,2954,3MusketeersXFrench,2780,Black,30 sec,bullet,2,Won,4/2/2019
1random,2950,3MusketeersXFrench,2784,White,30 sec,bullet,3,Won,4/2/2019
1random,2945,3MusketeersXFrench,2789,Black,30 sec,bullet,7,Won,4/2/2019
1random,2940,3MusketeersXFrench,2794,White,30 sec,bullet,46,Won,4/2/2019
1random,2935,3MusketeersXFrench,2799,Black,30 sec,bullet,48,Won,4/2/2019
1random,2930,3MusketeersXFrench,2804,White,30 sec,bullet,17,Won,4/2/2019
1random,2925,3MusketeersXFrench,2809,Black,30 sec,bullet,17,Won,4/2/2019
1random,2919,3MusketeersXFrench,2815,White,30 sec,bullet,39,Won,4/2/2019
1random,2913,3MusketeersXFrench,2821,Black,30 sec,bullet,57,Draw,4/2/2019
1random,2915,3MusketeersXFrench,2819,White,30 sec,bullet,42,Lost,4/2/2019
1random,2926,3MusketeersXFrench,2808,Black,30 sec,bullet,21,Won,4/2/2019
1random,2920,3MusketeersXFrench,2814,White,30 sec,bullet,56,Lost,4/2/2019
1random,2931,3MusketeersXFrench,2803,Black,30 sec,bullet,30,Won,4/2/2019
1random,2926,3MusketeersXFrench,2808,White,30 sec,bullet,20,Won,4/2/2019
1random,2920,3MusketeersXFrench,2814,Black,30 sec,bullet,38,Won,4/2/2019
1random,2914,3MusketeersXFrench,2820,White,30 sec,bullet,9,Won,4/2/2019
1random,2908,3MusketeersXFrench,2826,Black,30 sec,bullet,60,Won,4/2/2019
1random,2902,3MusketeersXFrench,2832,White,30 sec,bullet,29,Lost,4/2/2019
1random,2912,Artur0208,2908,White,30 sec,bullet,62,Lost,4/1/2019
1random,2920,Artur0208,2900,Black,30 sec,bullet,48,Lost,4/1/2019
1random,2929,GMSrinath,2912,Black,30 sec,bullet,26,Won,4/1/2019
1random,2921,GMSrinath,2920,White,30 sec,bullet,31,Won,4/1/2019
1random,2913,GMSrinath,2928,Black,30 sec,bullet,37,Won,4/1/2019
1random,2904,GMSrinath,2937,White,30 sec,bullet,34,Won,4/1/2019
1random,2895,GMSrinath,2946,Black,30 sec,bullet,31,Won,4/1/2019
1random,2885,GMSrinath,2956,White,30 sec,bullet,57,Won,4/1/2019
1random,2875,GMSrinath,2966,Black,30 sec,bullet,47,Lost,4/1/2019
1random,2881,GMSrinath,2960,White,30 sec,bullet,42,Lost,4/1/2019
1random,2888,GMSrinath,2953,Black,30 sec,bullet,45,Won,4/1/2019
1random,2878,GMSrinath,2963,White,30 sec,bullet,24,Lost,4/1/2019
1random,2884,TigranLPetrosyan,2861,Black,30 sec,bullet,8,Won,4/1/2019
1random,2876,TigranLPetrosyan,2869,White,30 sec,bullet,33,Lost,4/1/2019
1random,2885,TigranLPetrosyan,2860,Black,30 sec,bullet,31,Lost,4/1/2019
1random,2894,TigranLPetrosyan,2851,White,30 sec,bullet,27,Won,4/1/2019
1random,2887,TigranLPetrosyan,2858,Black,30 sec,bullet,60,Lost,4/1/2019