player,player_rating,opponent,opponent_rating,side,time_control,time_category,moves,result,date
1random,2568,Edgar_Karagyozyan,2592,Black,3 min,blitz,69,Won,2/10/2019
1random,2559,AFishbein,2643,Black,3 min,blitz,23,Lost,2/10/2019
1random,2565,ohusbands,2554,White,3 min,blitz,30,Lost,2/10/2019
1random,2574,Fibrinogen,2533,Black,3 min,blitz,57,Won,2/10/2019
1random,2567,Fibrinogen,2540,White,3 min,blitz,44,Draw,2/10/2019
1random,2568,Alexei_Shalin,2520,Black,3 min,blitz,49,Won,2/10/2019
1random,2561,ChubbyPandaEzebat,2676,White,3 min,blitz,51,Won,2/10/2019
1random,2550,ekurtz,2503,White,3 min,blitz,38,Lost,2/9/2019
1random,2559,nissou-ach,2247,Black,3 min,blitz,33,Won,2/9/2019
1random,2557,GregShahade,2560,White,3 min,blitz,65,Won,2/9/2019
1random,2549,honestgirl,2807,White,3 min,blitz,11,Lost,2/8/2019
1random,2552,CM_Perligero,2228,White,3|2,blitz,20,Lost,2/5/2019
1random,2566,AlexanderL,2733,White,3 min,blitz,67,Lost,2/5/2019
1random,2571,Hakeem0505,1743,White,3 min,blitz,17,Won,2/5/2019
1random,2571,houghton24,1895,White,3 min,blitz,18,Won,2/5/2019
1random,2571,SpArkKnight59,2599,Black,3 min,blitz,58,Lost,2/4/2019
1random,2579,honestgirl,2767,Black,3 min,blitz,58,Won,2/4/2019
1random,2560,jwillz14,2524,White,3 min,blitz,33,Lost,2/3/2019
1random,2569,jwillz14,2515,Black,3 min,blitz,53,Lost,2/3/2019
1random,2579,SakisAsiatidis,2635,White,3 min,blitz,42,Lost,2/3/2019
1random,2586,Kallatroh,2611,White,3 min,blitz,61,Draw,2/2/2019
1random,2585,Kallatroh,2612,Black,3 min,blitz,76,Won,2/2/2019
1random,2576,Checky2015,2547,Black,3 min,blitz,25,Lost,2/2/2019
1random,2585,Checky2015,2538,White,3 min,blitz,56,Lost,2/2/2019
1random,2595,Checky2015,2528,Black,3 min,blitz,80,Draw,2/2/2019
1random,2597,Checky2015,2526,White,3 min,blitz,36,Won,2/2/2019
1random,2590,Checky2015,2533,Black,3 min,blitz,33,Won,2/2/2019
1random,2583,Checky2015,2540,White,3 min,blitz,55,Won,2/2/2019
1random,2576,Checky2015,2547,Black,3 min,blitz,50,Lost,2/2/2019
1random,2585,Checky2015,2538,White,3 min,blitz,65,Won,2/2/2019
1random,2578,Checky2015,2545,Black,3 min,blitz,69,Lost,2/2/2019
1random,2587,Checky2015,2536,White,3 min,blitz,26,Won,2/2/2019
1random,2580,Checky2015,2543,Black,3 min,blitz,81,Won,2/2/2019
1random,2573,Checky2015,2550,White,3 min,blitz,28,Won,2/2/2019
1random,2565,Checky2015,2558,Black,3 min,blitz,88,Draw,2/2/2019
1random,2565,Checky2015,2558,White,3 min,blitz,21,Won,2/2/2019
1random,2557,Checky2015,2566,Black,3 min,blitz,67,Won,2/2/2019
1random,2548,Checky2015,2575,White,3 min,blitz,32,Won,2/2/2019
1random,2539,Checky2015,2584,Black,3 min,blitz,36,Lost,2/2/2019
1random,2546,Checky2015,2577,White,3 min,blitz,33,Lost,2/2/2019
1random,2554,Checky2015,2569,Black,3 min,blitz,37,Won,2/2/2019
1random,2545,Checky2015,2578,White,3 min,blitz,49,Won,2/2/2019
1random,2536,Checky2015,2587,Black,3 min,blitz,21,Won,2/2/2019
1random,2526,Checky2015,2597,White,3 min,blitz,68,Won,2/2/2019
1random,2516,Checky2015,2607,Black,3 min,blitz,28,Lost,2/2/2019
1random,2522,Checky2015,2601,White,3 min,blitz,43,Lost,2/2/2019
1random,2528,Checky2015,2595,Black,3 min,blitz,29,Won,2/2/2019
1random,2518,Checky2015,2605,White,3 min,blitz,39,Won,2/2/2019
1random,2508,Checky2015,2615,Black,3 min,blitz,28,Won,2/2/2019
1random,2497,Checky2015,2626,White,3 min,blitz,48,Won,2/2/2019