player,player_rating,opponent,opponent_rating,side,time_control,time_category,moves,result,date
1random,2555,BernardoRoselli,2585,White,3 min,blitz,31,Won,3/27/2019
1random,2546,Axves,2537,White,3 min,blitz,16,Lost,3/26/2019
1random,2555,Axves,2528,Black,3 min,blitz,27,Lost,3/26/2019
1random,2564,adig2003,2640,Black,3 min,blitz,53,Lost,3/26/2019
1random,2571,GilliganslastStand,2526,White,3 min,blitz,77,Draw,3/26/2019
1random,2572,Kimster98,2621,Black,3 min,blitz,55,Won,3/26/2019
1random,2562,Elgatillo7,2634,White,3 min,blitz,51,Lost,3/26/2019
1random,2569,Kimster98,2637,White,3 min,blitz,103,Lost,3/26/2019
1random,2576,Mwamba1409,2577,Black,3 min,blitz,52,Won,3/26/2019
1random,2568,Fonsofan,2655,White,3 min,blitz,38,Lost,3/26/2019
1random,2574,Fonsofan,2649,Black,3 min,blitz,28,Lost,3/26/2019
1random,2581,mattin2806,2562,Black,3 min,blitz,84,Lost,3/26/2019
1random,2590,SteelSpider,2743,White,3 min,blitz,83,Lost,3/26/2019
1random,2595,Doraemon7,2620,White,3 min,blitz,30,Won,3/26/2019
1random,2586,Doraemon7,2629,Black,3 min,blitz,31,Lost,3/26/2019
1random,2593,Kimster98,2655,Black,3 min,blitz,11,Draw,3/26/2019
1random,2592,SteelSpider,2745,Black,3 min,blitz,47,Lost,3/26/2019
1random,2597,Witik,2660,White,3 min,blitz,46,Won,3/26/2019
1random,2587,PabloMoranDH,3018,White,3 min,blitz,13,Won,3/25/2019
1random,2572,PabloMoranDH,3076,Black,3 min,blitz,54,Won,3/25/2019
1random,2557,MichaelBaron,2493,Black,3 min,blitz,3,Won,3/24/2019
1random,2550,agapov771,2554,White,3 min,blitz,40,Won,3/24/2019
1random,2541,kotmizer,2569,White,3 min,blitz,40,Lost,3/24/2019
1random,2549,InsaneTraining,2563,White,3 min,blitz,32,Won,3/22/2019
1random,2540,3MusketeersXFrench,2639,Black,10 min,blitz,16,Lost,3/17/2019
1random,2546,AverageRecord,2913,White,3 min,blitz,16,Lost,3/9/2019
1random,2548,nrvisakh,2669,White,3|2,blitz,44,Won,3/8/2019
1random,2537,nrvisakh,2680,Black,3|2,blitz,34,Lost,3/8/2019
1random,2542,Kaphrep,2745,Black,3 min,blitz,38,Lost,3/7/2019
1random,2546,SpArkKnight59,2498,White,3 min,blitz,48,Lost,3/6/2019
1random,2556,SpArkKnight59,2488,Black,3 min,blitz,25,Won,3/6/2019
1random,2549,SpArkKnight59,2495,White,3 min,blitz,28,Won,3/6/2019
1random,2542,SpArkKnight59,2502,Black,3 min,blitz,64,Won,3/6/2019
1random,2535,SpArkKnight59,2509,White,3 min,blitz,37,Won,3/6/2019
1random,2527,SpArkKnight59,2517,Black,3 min,blitz,14,Lost,3/6/2019
1random,2536,SpArkKnight59,2508,White,3 min,blitz,34,Lost,3/6/2019
1random,2545,SpArkKnight59,2499,Black,3 min,blitz,36,Lost,3/6/2019
1random,2554,SpArkKnight59,2490,White,3 min,blitz,27,Won,3/6/2019
1random,2547,SpArkKnight59,2497,Black,3 min,blitz,21,Won,3/6/2019
1random,2540,SpArkKnight59,2504,White,3 min,blitz,64,Draw,3/6/2019
1random,2541,SpArkKnight59,2503,Black,3 min,blitz,45,Draw,3/6/2019
1random,2542,SpArkKnight59,2502,White,3 min,blitz,29,Won,3/6/2019
1random,2535,SpArkKnight59,2509,Black,3 min,blitz,30,Lost,3/6/2019
1random,2544,SpArkKnight59,2500,White,3 min,blitz,88,Lost,3/6/2019
1random,2553,TiltedLikeMe,2605,Black,3|2,blitz,6,Won,3/6/2019
1random,2543,GMG,2630,White,3 min,blitz,17,Lost,3/6/2019
1random,2549,GMG,2624,Black,3 min,blitz,61,Lost,3/6/2019
1random,2556,GMG,2617,White,3 min,blitz,72,Lost,3/6/2019
1random,2563,GMG,2610,Black,3 min,blitz,34,Won,3/6/2019
1random,2553,gimmewuchagot,1963,White,3|2,blitz,35,Won,3/6/2019