player,player_rating,opponent,opponent_rating,side,time_control,time_category,moves,result,date
1random,2549,Alliswell998,2456,Black,3 min,blitz,61,Won,1/27/2019
1random,2543,Alliswell998,2462,White,3 min,blitz,3,Draw,1/27/2019
1random,2545,Alliswell998,2460,Black,3 min,blitz,70,Won,1/27/2019
1random,2539,Alliswell998,2466,White,3 min,blitz,52,Won,1/27/2019
1random,2532,Alliswell998,2473,Black,3 min,blitz,104,Won,1/27/2019
1random,2525,Alliswell998,2480,White,3 min,blitz,82,Draw,1/27/2019
1random,2526,Alliswell998,2479,Black,3 min,blitz,31,Won,1/27/2019
1random,2519,Alliswell998,2486,White,3 min,blitz,32,Draw,1/27/2019
1random,2520,Herbstman,2472,Black,3 min,blitz,15,Won,1/27/2019
1random,2513,Paladin61,2540,Black,3 min,blitz,78,Won,1/27/2019
1random,2504,Paladin61,2549,White,3 min,blitz,25,Won,1/27/2019
1random,2495,Gummibear69,2677,Black,3 min,blitz,29,Draw,1/27/2019
1random,2491,rabbiteUK,2478,Black,3 min,blitz,57,Lost,1/27/2019
1random,2500,TERMINATOR_PC,2500,White,3 min,blitz,65,Draw,1/27/2019
1random,2500,TERMINATOR_PC,2500,Black,3 min,blitz,17,Lost,1/27/2019
1random,2508,TERMINATOR_PC,2492,White,3 min,blitz,38,Won,1/27/2019
1random,2500,Dainamon,2633,Black,3 min,blitz,29,Lost,1/27/2019
1random,2505,3MusketeersXFrench,2717,White,3 min,blitz,35,Won,1/27/2019
1random,2492,tombickle,1123,Black,3 min,blitz,28,Won,1/27/2019
1random,2492,JapaneseTutor,1937,White,3 min,blitz,0,Lost,1/27/2019
1random,2507,JesperLundThomsen,1479,White,3 min,blitz,33,Won,1/27/2019
1random,2507,GMUltraPlayer,1018,White,3 min,blitz,28,Won,1/27/2019
1random,2507,JapaneseTutor,1922,Black,3 min,blitz,82,Won,1/27/2019
1random,2506,JapaneseTutor,1915,Black,3 min,blitz,42,Won,1/26/2019
1random,2505,JapaneseTutor,1916,White,3 min,blitz,47,Won,1/26/2019
1random,2504,JapaneseTutor,1917,Black,3 min,blitz,20,Won,1/26/2019
1random,2503,JapaneseTutor,1918,White,5 min,blitz,21,Won,1/26/2019
1random,2502,JapaneseTutor,1919,Black,5 min,blitz,37,Won,1/26/2019
1random,2501,alechin28,2438,White,3 min,blitz,10,Won,1/26/2019
1random,2494,alechin28,2445,Black,3 min,blitz,68,Lost,1/26/2019
1random,2504,HellborgFM,2411,Black,3 min,blitz,63,Won,1/17/2019
1random,2498,burbur555,2532,Black,3 min,blitz,31,Lost,1/17/2019
1random,2506,freshmind1990,2502,White,3 min,blitz,19,Lost,1/16/2019
1random,2515,vladimirdamjanovic,2551,White,3 min,blitz,28,Lost,1/16/2019
1random,2522,capatl,2517,Black,3 min,blitz,68,Lost,1/15/2019
1random,2530,Badmatsyrenov_Oleg,2640,White,3 min,blitz,68,Lost,1/14/2019
1random,2536,pmlmail,2536,White,3 min,blitz,86,Lost,1/12/2019
1random,2544,liuyuanzhanfu,2725,White,3 min,blitz,47,Lost,1/12/2019
1random,2548,liuyuanzhanfu,2721,Black,3 min,blitz,60,Lost,1/12/2019
1random,2553,IMJackRodgers,2450,White,3 min,blitz,31,Lost,1/12/2019
1random,2564,IMJackRodgers,2439,Black,3 min,blitz,13,Won,1/12/2019
1random,2559,IMJackRodgers,2444,White,3 min,blitz,41,Lost,1/12/2019
1random,2570,IMJackRodgers,2433,Black,3 min,blitz,76,Won,1/12/2019
1random,2565,IMJackRodgers,2438,White,3 min,blitz,24,Won,1/12/2019
1random,2560,Dainamon,2645,White,3 min,blitz,30,Lost,1/12/2019
1random,2566,Dainamon,2639,Black,3 min,blitz,30,Lost,1/12/2019
1random,2573,Dainamon,2632,White,3 min,blitz,62,Won,1/12/2019
1random,2563,Dainamon,2642,Black,3 min,blitz,48,Lost,1/12/2019
1random,2570,Dainamon,2635,White,3 min,blitz,55,Draw,1/12/2019
1random,2568,Dainamon,2637,Black,3 min,blitz,26,Lost,1/12/2019