player,player_rating,opponent,opponent_rating,side,time_control,time_category,moves,result,date
1random,2618,Izoria123,2778,White,10 min,blitz,40,Lost,12/17/2018
1random,2623,Maitreia,2636,Black,3 min,blitz,59,Won,12/17/2018
1random,2614,birb_memes,2593,White,3 min,blitz,61,Won,12/17/2018
1random,2606,birb_memes,2601,Black,3 min,blitz,55,Won,12/17/2018
1random,2598,bubacik,2669,White,3 min,blitz,31,Won,12/17/2018
1random,2588,bubacik,2679,Black,3 min,blitz,60,Lost,12/17/2018
1random,2594,Sithu999,2560,Black,3 min,blitz,53,Won,12/16/2018
1random,2586,Sithu999,2568,White,3 min,blitz,28,Lost,12/16/2018
1random,2595,ahmadzada13,2760,Black,3 min,blitz,71,Lost,12/16/2018
1random,2600,leonardodavid83,2617,Black,3 min,blitz,29,Won,12/16/2018
1random,2591,elm2007,2607,Black,3 min,blitz,22,Draw,12/16/2018
1random,2591,elm2007,2607,White,3 min,blitz,3,Draw,12/16/2018
1random,2591,elm2007,2607,Black,3 min,blitz,1,Draw,12/16/2018
1random,2591,elm2007,2607,White,3 min,blitz,1,Draw,12/16/2018
1random,2591,elm2007,2607,Black,3 min,blitz,0,Draw,12/16/2018
1random,2591,elm2007,2607,White,3 min,blitz,5,Draw,12/16/2018
1random,2591,sword1956,2557,White,3 min,blitz,22,Won,12/16/2018
1random,2583,sword1956,2565,Black,3 min,blitz,57,Won,12/16/2018
1random,2575,BocharovD,2714,Black,3 min,blitz,17,Lost,12/16/2018
1random,2580,BocharovD,2719,White,3 min,blitz,56,Won,12/16/2018
1random,2569,sword1956,2573,White,3 min,blitz,40,Lost,12/16/2018
1random,2577,Reshetkov,2669,Black,3 min,blitz,49,Lost,12/16/2018
1random,2583,SONOFHOLYGOD,2494,White,3 min,blitz,68,Won,12/16/2018
1random,2577,Chess_957,2551,Black,3 min,blitz,19,Won,12/16/2018
1random,2569,Chess_957,2559,White,3 min,blitz,88,Won,12/16/2018
1random,2561,ChubbyPandaEzebat,2604,Black,3 min,blitz,12,Lost,12/16/2018
1random,2568,kassablanca,2527,White,3 min,blitz,43,Lost,12/16/2018
1random,2577,kassablanca,2518,Black,3 min,blitz,41,Draw,12/16/2018
1random,2578,kassablanca,2517,White,3 min,blitz,39,Won,12/16/2018
1random,2571,kassablanca,2524,Black,3 min,blitz,34,Won,12/16/2018
1random,2564,kassablanca,2531,White,3 min,blitz,60,Won,12/16/2018
1random,2556,LBUHITO,2628,Black,3 min,blitz,59,Won,12/16/2018
1random,2546,bugsbunny444,2543,White,3 min,blitz,49,Won,12/15/2018
1random,2538,want2lose,2660,Black,3 min,blitz,23,Lost,12/15/2018
1random,2544,Disturbed01,2516,Black,3 min,blitz,36,Lost,12/14/2018
1random,2553,Disturbed01,2507,White,3 min,blitz,62,Won,12/14/2018
1random,2546,hatfoop,2603,White,3 min,blitz,46,Lost,12/14/2018
1random,2553,Alliswell998,2545,Black,3 min,blitz,4,Lost,12/14/2018
1random,2562,Alliswell998,2536,White,3 min,blitz,35,Lost,12/14/2018
1random,2571,Obito24,2675,White,3 min,blitz,40,Lost,12/13/2018
1random,2577,russianhorse,2596,Black,3 min,blitz,38,Lost,12/13/2018
1random,2585,cstevens1,2557,Black,3 min,blitz,94,Draw,12/13/2018
1random,2586,cstevens1,2556,White,3 min,blitz,5,Won,12/13/2018
1random,2578,RussianChessCoach,2592,Black,3 min,blitz,40,Won,12/13/2018
1random,2569,tdf98pantani,2661,White,3 min,blitz,51,Won,12/13/2018
1random,2559,cstevens1,2583,Black,3 min,blitz,74,Draw,12/13/2018
1random,2558,cstevens1,2577,White,3 min,blitz,44,Lost,12/13/2018
1random,2566,Obito24,2636,Black,3 min,blitz,47,Lost,12/13/2018
1random,2573,Obito24,2629,White,3 min,blitz,21,Lost,12/13/2018
1random,2580,Rsnr,2843,White,3 min,blitz,52,Lost,12/13/2018