player,player_rating,opponent,opponent_rating,side,time_control,time_category,moves,result,date
1random,2484,Tactics_Bot,2764,Black,3 min,blitz,25,Lost,4/10/2019
1random,2487,Tactics_Bot,2761,White,3 min,blitz,31,Lost,4/10/2019
1random,2490,Tactics_Bot,2758,Black,3 min,blitz,28,Lost,4/10/2019
1random,2493,Tactics_Bot,2755,White,3 min,blitz,45,Lost,4/10/2019
1random,2496,ekurtz,2369,Black,3 min,blitz,18,Won,4/10/2019
1random,2491,ekurtz,2374,Black,3 min,blitz,44,Won,4/10/2019
1random,2485,ekurtz,2380,White,3 min,blitz,36,Won,4/10/2019
1random,2479,ekurtz,2386,Black,3 min,blitz,50,Won,4/10/2019
1random,2473,ekurtz,2392,White,3 min,blitz,60,Won,4/10/2019
1random,2467,ekurtz,2398,Black,3 min,blitz,33,Lost,4/10/2019
1random,2477,ekurtz,2388,White,3 min,blitz,57,Won,4/10/2019
1random,2471,ekurtz,2394,Black,3 min,blitz,32,Lost,4/10/2019
1random,2481,ekurtz,2384,White,3 min,blitz,35,Lost,4/10/2019
1random,2492,ekurtz,2373,Black,3 min,blitz,68,Draw,4/10/2019
1random,2495,ChadaevNikolay,2873,Black,3 min,blitz,15,Lost,4/8/2019
1random,2497,karinachess1,2541,White,3 min,blitz,57,Lost,4/7/2019
1random,2504,chessathletic,2603,White,3 min,blitz,16,Lost,4/6/2019
1random,2510,chessathletic,2597,Black,3 min,blitz,21,Lost,4/6/2019
1random,2516,GregShahade,2676,Black,3 min,blitz,25,Lost,4/5/2019
1random,2521,area_5,2693,White,3|2,blitz,38,Lost,4/3/2019
1random,2526,arikiremitciyan,2515,Black,3|2,blitz,56,Lost,4/3/2019
1random,2535,LaughingTiger,2160,White,3|2,blitz,33,Won,4/3/2019
1random,2533,Mwamba1409,2660,White,3 min,blitz,30,Lost,4/2/2019
1random,2538,nfds,2634,White,3 min,blitz,60,Lost,4/2/2019
1random,2544,Sorax1995,2568,Black,3 min,blitz,77,Draw,4/1/2019
1random,2543,Sorax1995,2569,White,3 min,blitz,99,Won,4/1/2019
1random,2534,Sorax1995,2578,Black,3 min,blitz,23,Lost,4/1/2019
1random,2541,Sorax1995,2571,White,3 min,blitz,17,Lost,4/1/2019
1random,2549,Andrei_Skvortsov,2495,Black,3 min,blitz,35,Lost,4/1/2019
1random,2559,waxq999,2522,Black,3 min,blitz,41,Won,4/1/2019
1random,2552,Hunninn,2650,Black,3 min,blitz,23,Lost,4/1/2019
1random,2558,josiwales,2534,White,3 min,blitz,12,Won,4/1/2019
1random,2550,josiwales,2542,Black,3 min,blitz,25,Won,4/1/2019
1random,2542,YQPerez,2712,White,3 min,blitz,28,Lost,4/1/2019
1random,2547,Tiqr777,2602,Black,3 min,blitz,29,Lost,3/30/2019
1random,2554,andrey2801,2535,White,3 min,blitz,43,Won,3/30/2019
1random,2546,oskariot,2594,Black,3 min,blitz,31,Lost,3/30/2019
1random,2553,Sakkcapak,2665,Black,3 min,blitz,6,Lost,3/30/2019
1random,2559,Nikolaj_6,2546,Black,3 min,blitz,59,Won,3/30/2019
1random,2551,One_Touch,2514,White,3 min,blitz,51,Won,3/30/2019
1random,2543,One_Touch,2522,Black,3 min,blitz,6,Lost,3/30/2019
1random,2552,Guriempire,2535,White,3 min,blitz,32,Lost,3/30/2019
1random,2561,agapov771,2508,Black,3 min,blitz,34,Won,3/30/2019
1random,2554,Joshukid,2653,Black,3 min,blitz,21,Won,3/30/2019
1random,2543,Joshukid,2664,White,3 min,blitz,56,Lost,3/30/2019
1random,2549,warmoatmeal,1798,Black,3 min,blitz,34,Won,3/30/2019
1random,2549,Edgar_Karagyozyan,2588,White,3 min,blitz,36,Lost,3/30/2019
1random,2556,HustleTime,2569,White,3 min,blitz,3,Won,3/30/2019
1random,2547,SteelSpider,2751,Black,3 min,blitz,21,Lost,3/29/2019
1random,2551,GigaQuparadze,2759,Black,3 min,blitz,35,Lost,3/27/2019