player,player_rating,opponent,opponent_rating,side,time_control,time_category,moves,result,date
1random,2975,wonderfultime,2991,White,30 sec,bullet,53,Won,4/4/2019
1random,2966,wonderfultime,3000,Black,30 sec,bullet,39,Lost,4/4/2019
1random,2974,wonderfultime,2992,White,30 sec,bullet,47,Won,4/4/2019
1random,2965,wonderfultime,3001,Black,30 sec,bullet,62,Won,4/4/2019
1random,2956,wonderfultime,3010,White,30 sec,bullet,50,Lost,4/4/2019
1random,2963,wonderfultime,3003,Black,30 sec,bullet,53,Won,4/4/2019
1random,2954,wonderfultime,3012,White,30 sec,bullet,22,Won,4/4/2019
1random,2944,wonderfultime,3022,Black,30 sec,bullet,31,Lost,4/4/2019
1random,2951,PulpanJ,2781,Black,30 sec,bullet,56,Won,4/4/2019
1random,2946,PulpanJ,2786,White,30 sec,bullet,101,Won,4/4/2019
1random,2941,PulpanJ,2791,Black,30 sec,bullet,29,Won,4/4/2019
1random,2936,PulpanJ,2796,White,30 sec,bullet,33,Won,4/4/2019
1random,2931,PulpanJ,2801,Black,30 sec,bullet,3,Lost,4/4/2019
1random,2942,elm2007,2818,Black,30 sec,bullet,41,Won,4/4/2019
1random,2936,elm2007,2824,White,30 sec,bullet,22,Won,4/4/2019
1random,2930,elm2007,2830,Black,30 sec,bullet,50,Lost,4/4/2019
1random,2941,elm2007,2819,White,30 sec,bullet,29,Won,4/4/2019
1random,2935,elm2007,2825,Black,30 sec,bullet,36,Won,4/4/2019
1random,2929,elm2007,2831,White,30 sec,bullet,51,Draw,4/4/2019
1random,2931,elm2007,2829,Black,30 sec,bullet,60,Won,4/4/2019
1random,2925,DanielNaroditsky,3105,White,30 sec,bullet,70,Lost,4/4/2019
1random,2929,DanielNaroditsky,3101,Black,30 sec,bullet,55,Won,4/4/2019
1random,2917,elm2007,2835,White,30 sec,bullet,45,Lost,4/4/2019
1random,2927,elm2007,2825,Black,30 sec,bullet,50,Won,4/4/2019
1random,2921,elm2007,2831,White,30 sec,bullet,20,Won,4/4/2019
1random,2915,elm2007,2837,Black,30 sec,bullet,55,Won,4/4/2019
1random,2908,elm2007,2844,White,30 sec,bullet,36,Lost,4/4/2019
1random,2918,elm2007,2834,Black,30 sec,bullet,34,Lost,4/4/2019
1random,2928,elm2007,2824,White,30 sec,bullet,54,Won,4/4/2019
1random,2922,elm2007,2830,Black,30 sec,bullet,61,Won,4/4/2019
1random,2916,elm2007,2836,White,30 sec,bullet,54,Draw,4/4/2019
1random,2918,elm2007,2834,Black,30 sec,bullet,39,Won,4/4/2019
1random,2912,elm2007,2840,White,30 sec,bullet,47,Won,4/4/2019
1random,2905,elm2007,2847,Black,30 sec,bullet,47,Lost,4/4/2019
1random,2915,elm2007,2837,White,30 sec,bullet,57,Won,4/4/2019
1random,2908,elm2007,2844,Black,30 sec,bullet,30,Won,4/4/2019
1random,2901,elm2007,2851,White,30 sec,bullet,62,Won,4/3/2019
1random,2894,elm2007,2858,Black,30 sec,bullet,53,Won,4/3/2019
1random,2886,elm2007,2866,White,30 sec,bullet,50,Won,4/3/2019
1random,2878,elm2007,2874,Black,30 sec,bullet,33,Lost,4/3/2019
1random,2886,elm2007,2866,White,30 sec,bullet,57,Lost,4/3/2019
1random,2895,elm2007,2857,Black,30 sec,bullet,53,Draw,4/3/2019
1random,2896,elm2007,2856,White,30 sec,bullet,44,Lost,4/3/2019
1random,2905,elm2007,2847,Black,30 sec,bullet,32,Won,4/3/2019
1random,2898,elm2007,2854,White,30 sec,bullet,55,Lost,4/3/2019
1random,2907,KhalilMousavi77,2962,Black,30 sec,bullet,56,Lost,4/3/2019
1random,2914,KhalilMousavi77,2955,White,30 sec,bullet,67,Won,4/3/2019
1random,2905,KhalilMousavi77,2964,Black,30 sec,bullet,27,Won,4/3/2019
1random,2895,KhalilMousavi77,2974,White,30 sec,bullet,42,Won,4/3/2019
1random,2885,KhalilMousavi77,2984,Black,30 sec,bullet,18,Lost,4/3/2019