player,player_rating,opponent,opponent_rating,side,time_control,time_category,moves,result,date
1random,2904,Stouuf,2451,Black,1 min,bullet,43,Won,4/4/2019
1random,2903,bird-nope,1694,Black,1 min,bullet,37,Won,4/4/2019
1random,2903,TMTor,2837,White,30 sec,bullet,14,Won,4/4/2019
1random,2896,TMTor,2844,Black,30 sec,bullet,26,Lost,4/4/2019
1random,2906,TMTor,2834,White,30 sec,bullet,33,Won,4/4/2019
1random,2899,TMTor,2841,Black,30 sec,bullet,51,Lost,4/4/2019
1random,2909,DanielNaroditsky,3112,Black,30 sec,bullet,20,Lost,4/4/2019
1random,2913,DanielNaroditsky,3108,White,30 sec,bullet,23,Won,4/4/2019
1random,2901,DanielNaroditsky,3120,Black,30 sec,bullet,66,Won,4/4/2019
1random,2888,DanielNaroditsky,3133,White,30 sec,bullet,45,Won,4/4/2019
1random,2875,DanielNaroditsky,3146,Black,30 sec,bullet,56,Lost,4/4/2019
1random,2878,DanielNaroditsky,3143,White,30 sec,bullet,70,Lost,4/4/2019
1random,2881,DanielNaroditsky,3140,Black,30 sec,bullet,26,Lost,4/4/2019
1random,2884,DanielNaroditsky,3137,White,30 sec,bullet,55,Lost,4/4/2019
1random,2887,DanielNaroditsky,3134,Black,30 sec,bullet,40,Lost,4/4/2019
1random,2890,DanielNaroditsky,3131,White,30 sec,bullet,21,Lost,4/4/2019
1random,2893,DanielNaroditsky,3128,Black,30 sec,bullet,63,Lost,4/4/2019
1random,2896,DanielNaroditsky,3125,White,30 sec,bullet,64,Lost,4/4/2019
1random,2900,DanielNaroditsky,3121,Black,30 sec,bullet,27,Lost,4/4/2019
1random,2904,DanielNaroditsky,3117,White,30 sec,bullet,61,Lost,4/4/2019
1random,2908,DanielNaroditsky,3113,Black,30 sec,bullet,72,Won,4/4/2019
1random,2895,DanielNaroditsky,3126,White,30 sec,bullet,68,Draw,4/4/2019
1random,2890,DanielNaroditsky,3131,Black,30 sec,bullet,72,Lost,4/4/2019
1random,2893,DanielNaroditsky,3128,White,30 sec,bullet,73,Lost,4/4/2019
1random,2896,DanielNaroditsky,3125,Black,30 sec,bullet,42,Lost,4/4/2019
1random,2900,DanielNaroditsky,3121,White,30 sec,bullet,52,Lost,4/4/2019
1random,2904,DanielNaroditsky,3117,Black,30 sec,bullet,15,Lost,4/4/2019
1random,2908,DanielNaroditsky,3113,White,30 sec,bullet,59,Lost,4/4/2019
1random,2912,DanielNaroditsky,3109,Black,30 sec,bullet,58,Lost,4/4/2019
1random,2916,DanielNaroditsky,3105,White,30 sec,bullet,62,Draw,4/4/2019
1random,2912,DanielNaroditsky,3109,Black,30 sec,bullet,39,Lost,4/4/2019
1random,2916,wonderfultime,3050,Black,30 sec,bullet,61,Lost,4/4/2019
1random,2921,wonderfultime,3045,White,30 sec,bullet,30,Lost,4/4/2019
1random,2927,wonderfultime,3039,Black,30 sec,bullet,25,Lost,4/4/2019
1random,2933,wonderfultime,3033,White,30 sec,bullet,51,Lost,4/4/2019
1random,2939,wonderfultime,3027,Black,30 sec,bullet,57,Draw,4/4/2019
1random,2937,wonderfultime,3029,White,30 sec,bullet,35,Lost,4/4/2019
1random,2943,wonderfultime,3023,Black,30 sec,bullet,52,Lost,4/4/2019
1random,2950,wonderfultime,3016,White,30 sec,bullet,26,Lost,4/4/2019
1random,2957,wonderfultime,3009,Black,30 sec,bullet,41,Won,4/4/2019
1random,2947,wonderfultime,3019,White,30 sec,bullet,20,Won,4/4/2019
1random,2937,wonderfultime,3029,Black,30 sec,bullet,45,Lost,4/4/2019
1random,2943,wonderfultime,3023,White,30 sec,bullet,42,Lost,4/4/2019
1random,2949,wonderfultime,3017,Black,30 sec,bullet,44,Lost,4/4/2019
1random,2956,wonderfultime,3010,White,30 sec,bullet,36,Lost,4/4/2019
1random,2963,wonderfultime,3003,Black,30 sec,bullet,37,Lost,4/4/2019
1random,2970,wonderfultime,2996,White,30 sec,bullet,9,Won,4/4/2019
1random,2961,wonderfultime,3005,Black,30 sec,bullet,66,Lost,4/4/2019
1random,2968,wonderfultime,2998,White,30 sec,bullet,40,Draw,4/4/2019
1random,2967,wonderfultime,2999,Black,30 sec,bullet,30,Lost,4/4/2019