player,player_rating,opponent,opponent_rating,side,time_control,time_category,moves,result,date
1random,2819,FastChance,2817,White,1 min,bullet,64,Lost,4/6/2019
1random,2827,FastChance,2809,Black,1 min,bullet,43,Lost,4/6/2019
1random,2836,FastChance,2800,White,1 min,bullet,38,Won,4/6/2019
1random,2828,FastChance,2808,Black,1 min,bullet,28,Won,4/6/2019
1random,2820,FastChance,2816,White,1 min,bullet,69,Lost,4/6/2019
1random,2829,FastChance,2807,Black,1 min,bullet,39,Won,4/6/2019
1random,2821,FastChance,2815,White,1 min,bullet,35,Won,4/6/2019
1random,2813,FastChance,2823,Black,1 min,bullet,71,Won,4/6/2019
1random,2804,FastChance,2832,White,1 min,bullet,58,Lost,4/6/2019
1random,2812,FastChance,2824,Black,1 min,bullet,49,Won,4/6/2019
1random,2803,4Justice01,2748,White,1 min,bullet,56,Lost,4/6/2019
1random,2813,TMTor,2868,Black,30 sec,bullet,65,Lost,4/5/2019
1random,2820,TMTor,2861,White,30 sec,bullet,69,Lost,4/5/2019
1random,2827,TMTor,2854,Black,30 sec,bullet,22,Lost,4/5/2019
1random,2835,TMTor,2846,White,30 sec,bullet,22,Lost,4/5/2019
1random,2843,TMTor,2838,Black,30 sec,bullet,52,Lost,4/5/2019
1random,2852,TMTor,2829,White,30 sec,bullet,57,Won,4/5/2019
1random,2844,TMTor,2837,Black,30 sec,bullet,28,Lost,4/5/2019
1random,2853,TMTor,2828,White,30 sec,bullet,46,Won,4/5/2019
1random,2845,TMTor,2836,Black,30 sec,bullet,41,Lost,4/5/2019
1random,2854,TMTor,2827,White,30 sec,bullet,86,Lost,4/5/2019
1random,2863,TMTor,2818,Black,30 sec,bullet,35,Lost,4/5/2019
1random,2872,TMTor,2809,White,30 sec,bullet,22,Won,4/5/2019
1random,2865,TMTor,2816,Black,30 sec,bullet,56,Won,4/5/2019
1random,2858,TMTor,2823,White,30 sec,bullet,58,Lost,4/5/2019
1random,2867,TMTor,2814,Black,30 sec,bullet,47,Won,4/5/2019
1random,2860,TMTor,2821,White,30 sec,bullet,20,Won,4/5/2019
1random,2853,TMTor,2828,Black,30 sec,bullet,45,Won,4/5/2019
1random,2845,TMTor,2836,White,30 sec,bullet,48,Lost,4/5/2019
1random,2854,TMTor,2827,Black,30 sec,bullet,25,Won,4/5/2019
1random,2846,TMTor,2835,White,30 sec,bullet,42,Won,4/5/2019
1random,2838,TMTor,2843,Black,30 sec,bullet,56,Lost,4/5/2019
1random,2846,TMTor,2864,Black,30 sec,bullet,57,Won,4/5/2019
1random,2837,TMTor,2873,White,30 sec,bullet,39,Lost,4/5/2019
1random,2845,TMTor,2865,Black,30 sec,bullet,10,Lost,4/5/2019
1random,2853,TMTor,2857,White,30 sec,bullet,23,Lost,4/5/2019
1random,2861,TMTor,2849,Black,30 sec,bullet,46,Lost,4/5/2019
1random,2870,TMTor,2840,White,30 sec,bullet,29,Lost,4/5/2019
1random,2879,TMTor,2831,Black,30 sec,bullet,66,Lost,4/5/2019
1random,2889,TMTor,2821,White,30 sec,bullet,45,Won,4/5/2019
1random,2882,TMTor,2828,Black,30 sec,bullet,67,Lost,4/5/2019
1random,2892,TMTor,2818,White,30 sec,bullet,43,Won,4/5/2019
1random,2885,TMTor,2825,Black,30 sec,bullet,22,Lost,4/5/2019
1random,2895,TMTor,2815,White,30 sec,bullet,53,Won,4/5/2019
1random,2889,TMTor,2821,Black,30 sec,bullet,49,Won,4/5/2019
1random,2882,robbykevlishvili,2785,Black,30 sec,bullet,52,Won,4/5/2019
1random,2876,robbykevlishvili,2791,White,30 sec,bullet,55,Won,4/5/2019
1random,2870,robbykevlishvili,2797,Black,30 sec,bullet,53,Lost,4/5/2019
1random,2880,robbykevlishvili,2787,White,30 sec,bullet,45,Won,4/5/2019
1random,2874,Shant_Sargsyan,3025,Black,30 sec,bullet,1,Lost,4/5/2019