player,player_rating,opponent,opponent_rating,side,time_control,time_category,moves,result,date
1random,2908,Shant_Sargsyan,3028,Black,30 sec,bullet,41,Lost,4/8/2019
1random,2914,Shant_Sargsyan,3022,White,30 sec,bullet,41,Lost,4/8/2019
1random,2920,Shant_Sargsyan,3016,Black,30 sec,bullet,49,Lost,4/8/2019
1random,2926,Shant_Sargsyan,3010,White,30 sec,bullet,51,Won,4/8/2019
1random,2916,Shant_Sargsyan,3020,Black,30 sec,bullet,64,Lost,4/8/2019
1random,2922,Shant_Sargsyan,3014,White,30 sec,bullet,63,Lost,4/8/2019
1random,2928,Shant_Sargsyan,3008,Black,30 sec,bullet,53,Draw,4/8/2019
1random,2926,Shant_Sargsyan,3010,White,30 sec,bullet,83,Draw,4/8/2019
1random,2924,Shant_Sargsyan,3012,Black,30 sec,bullet,53,Won,4/8/2019
1random,2914,Shant_Sargsyan,3022,White,30 sec,bullet,57,Won,4/8/2019
1random,2903,Blank112233,2366,White,30 sec,bullet,52,Won,4/8/2019
1random,2902,elm2007,2791,Black,30 sec,bullet,42,Won,4/8/2019
1random,2896,elm2007,2797,White,30 sec,bullet,30,Lost,4/8/2019
1random,2907,PulpanJ,2726,Black,30 sec,bullet,30,Won,4/8/2019
1random,2903,PulpanJ,2730,White,30 sec,bullet,14,Won,4/8/2019
1random,2899,PulpanJ,2734,Black,30 sec,bullet,71,Lost,4/8/2019
1random,2911,PulpanJ,2722,White,30 sec,bullet,25,Won,4/8/2019
1random,2907,PulpanJ,2726,Black,30 sec,bullet,55,Lost,4/8/2019
1random,2919,PulpanJ,2714,White,30 sec,bullet,55,Draw,4/8/2019
1random,2923,PulpanJ,2710,Black,30 sec,bullet,36,Won,4/8/2019
1random,2919,PulpanJ,2714,White,30 sec,bullet,54,Won,4/8/2019
1random,2915,PulpanJ,2718,Black,30 sec,bullet,29,Won,4/8/2019
1random,2911,PulpanJ,2722,White,30 sec,bullet,40,Won,4/8/2019
1random,2907,PulpanJ,2726,Black,30 sec,bullet,47,Won,4/8/2019
1random,2903,PulpanJ,2730,White,30 sec,bullet,27,Won,4/8/2019
1random,2899,PulpanJ,2734,Black,30 sec,bullet,10,Won,4/8/2019
1random,2894,PulpanJ,2739,White,30 sec,bullet,54,Lost,4/8/2019
1random,2906,shaaaaaaar,2846,White,30 sec,bullet,37,Won,4/8/2019
1random,2899,shaaaaaaar,2857,Black,30 sec,bullet,39,Won,4/8/2019
1random,2891,shaaaaaaar,2894,White,30 sec,bullet,22,Won,4/8/2019
1random,2882,shaaaaaaar,2909,Black,30 sec,bullet,31,Lost,4/8/2019
1random,2890,shaaaaaaar,2895,White,30 sec,bullet,48,Won,4/8/2019
1random,2881,shaaaaaaar,2912,Black,30 sec,bullet,50,Draw,4/8/2019
1random,2880,shaaaaaaar,2914,White,30 sec,bullet,37,Lost,4/8/2019
1random,2888,shaaaaaaar,2898,Black,30 sec,bullet,9,Won,4/8/2019
1random,2879,shaaaaaaar,2917,White,30 sec,bullet,40,Lost,4/8/2019
1random,2887,rpragchess,2701,White,30 sec,bullet,28,Won,4/8/2019
1random,2883,rpragchess,2705,Black,30 sec,bullet,4,Won,4/8/2019
1random,2879,rpragchess,2709,White,30 sec,bullet,54,Won,4/8/2019
1random,2874,rpragchess,2714,Black,30 sec,bullet,24,Won,4/8/2019
1random,2869,rpragchess,2719,White,30 sec,bullet,49,Lost,4/8/2019
1random,2881,rpragchess,2707,Black,30 sec,bullet,59,Draw,4/8/2019
1random,2885,rpragchess,2703,White,30 sec,bullet,5,Won,4/8/2019
1random,2881,rpragchess,2707,Black,30 sec,bullet,76,Won,4/8/2019
1random,2877,rpragchess,2711,White,30 sec,bullet,16,Won,4/8/2019
1random,2872,rpragchess,2716,Black,30 sec,bullet,12,Won,4/8/2019
1random,2867,TigranLPetrosyan,2890,White,30 sec,bullet,42,Won,4/8/2019
1random,2858,ToivoK3,2788,White,30 sec,bullet,20,Won,4/7/2019
1random,2851,ToivoK3,2795,Black,30 sec,bullet,66,Draw,4/7/2019
1random,2852,ToivoK3,2794,White,30 sec,bullet,24,Won,4/7/2019