player,player_rating,opponent,opponent_rating,side,time_control,time_category,moves,result,date
1random,2501,Boorchess,2545,Black,3 min,blitz,40,Lost,10/25/2018
1random,2508,ori_1996,2487,White,3 min,blitz,101,Won,10/25/2018
1random,2500,ori_1996,2495,Black,3 min,blitz,50,Won,10/25/2018
1random,2492,gonelady,2448,White,3 min,blitz,38,Won,10/25/2018
1random,2485,gonelady,2455,Black,3 min,blitz,30,Lost,10/25/2018
1random,2494,DrConfetti,2506,White,3 min,blitz,82,Won,10/25/2018
1random,2485,Obito24,2502,White,3 min,blitz,11,Lost,10/25/2018
1random,2493,milovanratkovic,2563,Black,3 min,blitz,35,Won,10/25/2018
1random,2483,milovanratkovic,2573,White,3 min,blitz,24,Lost,10/25/2018
1random,2489,nikis_2015,2474,Black,3 min,blitz,40,Won,10/25/2018
1random,2481,Pal2855,2474,White,3 min,blitz,24,Won,10/25/2018
1random,2473,MakarianRudik,2467,White,3 min,blitz,21,Lost,10/25/2018
1random,2482,3D-Secure,2463,White,3 min,blitz,5,Won,10/25/2018
1random,2474,SpArkKnight59,2469,Black,3 min,blitz,64,Lost,10/25/2018
1random,2482,Kimster98,2629,White,3 min,blitz,20,Lost,10/25/2018
1random,2487,Yanvar,2572,Black,3 min,blitz,46,Lost,10/25/2018
1random,2493,deathadder96,2523,Black,3 min,blitz,35,Lost,10/25/2018
1random,2501,Max_Schachmann,2607,White,3 min,blitz,44,Lost,10/25/2018
1random,2507,OrtizMarcos,2491,Black,3 min,blitz,81,Lost,10/25/2018
1random,2516,whyme85,2495,White,3 min,blitz,28,Won,10/25/2018
1random,2508,whyme85,2503,Black,3 min,blitz,59,Lost,10/25/2018
1random,2516,Reshetkov,2687,White,3 min,blitz,82,Lost,10/25/2018
1random,2521,sandropozo,2570,White,3 min,blitz,25,Lost,10/25/2018
1random,2528,sandropozo,2563,Black,3 min,blitz,32,Lost,10/25/2018
1random,2536,sandropozo,2555,White,3 min,blitz,57,Won,10/25/2018
1random,2527,sandropozo,2564,Black,3 min,blitz,17,Lost,10/25/2018
1random,2535,want2lose,2682,White,3 min,blitz,44,Won,10/25/2018
1random,2523,want2lose,2694,Black,3 min,blitz,72,Draw,10/25/2018
1random,2519,ltorresr,2534,White,3 min,blitz,80,Won,10/25/2018
1random,2510,ltorresr,2543,Black,3 min,blitz,31,Won,10/25/2018
1random,2501,Kingg-3000,2481,White,3 min,blitz,62,Won,10/25/2018
1random,2493,birb_memes,2466,Black,3 min,blitz,46,Won,10/25/2018
1random,2485,SpArkKnight59,2476,White,3 min,blitz,69,Won,10/25/2018
1random,2477,tolkazon,2456,White,3 min,blitz,33,Won,10/25/2018
1random,2469,tolkazon,2464,Black,3 min,blitz,32,Lost,10/25/2018
1random,2478,tolkazon,2455,White,3 min,blitz,57,Won,10/25/2018
1random,2470,tolkazon,2463,Black,3 min,blitz,51,Won,10/25/2018
1random,2462,josiwales,2480,White,3 min,blitz,32,Won,10/25/2018
1random,2453,LiWenliang,2489,Black,3 min,blitz,46,Lost,10/25/2018
1random,2461,LiWenliang,2481,White,3 min,blitz,10,Lost,10/25/2018
1random,2469,LiWenliang,2473,Black,3 min,blitz,56,Won,10/25/2018
1random,2461,LiWenliang,2481,White,3 min,blitz,16,Lost,10/25/2018
1random,2469,LiWenliang,2473,Black,3 min,blitz,51,Won,10/25/2018
1random,2461,LiWenliang,2481,White,3 min,blitz,66,Won,10/25/2018
1random,2452,rendrexlopes,2438,Black,3 min,blitz,32,Won,10/25/2018
1random,2444,BernardoRoselli,2462,Black,3 min,blitz,39,Lost,10/25/2018
1random,2452,Buttoo,2582,Black,3 min,blitz,42,Lost,10/25/2018
1random,2457,Kimster98,2611,Black,3 min,blitz,52,Lost,10/25/2018
1random,2462,hulkmania8949,2448,White,3 min,blitz,38,Won,10/25/2018
1random,2454,hulkmania8949,2456,Black,3 min,blitz,37,Draw,10/25/2018