player,player_rating,opponent,opponent_rating,side,time_control,time_category,moves,result,date
1random,2927,Polish_fighter3000,2977,White,30 sec,bullet,32,Lost,3/28/2019
1random,2934,Polish_fighter3000,2970,Black,30 sec,bullet,36,Lost,3/28/2019
1random,2942,Polish_fighter3000,2962,White,30 sec,bullet,52,Won,3/28/2019
1random,2933,Polish_fighter3000,2971,Black,30 sec,bullet,57,Won,3/28/2019
1random,2924,Polish_fighter3000,2980,White,30 sec,bullet,50,Won,3/28/2019
1random,2914,Polish_fighter3000,2990,Black,30 sec,bullet,25,Lost,3/28/2019
1random,2921,Polish_fighter3000,2983,White,30 sec,bullet,42,Won,3/28/2019
1random,2911,Polish_fighter3000,2993,Black,30 sec,bullet,51,Won,3/28/2019
1random,2901,Polish_fighter3000,3003,White,30 sec,bullet,38,Lost,3/28/2019
1random,2907,Polish_fighter3000,2997,Black,30 sec,bullet,34,Lost,3/28/2019
1random,2913,Polish_fighter3000,2991,White,30 sec,bullet,59,Won,3/28/2019
1random,2903,3MusketeersXFrench,2955,Black,10 sec,bullet,37,Lost,3/28/2019
1random,2904,3MusketeersXFrench,2954,White,10 sec,bullet,51,Won,3/28/2019
1random,2902,3MusketeersXFrench,2956,Black,10 sec,bullet,39,Lost,3/28/2019
1random,2903,3MusketeersXFrench,2955,White,10 sec,bullet,44,Won,3/28/2019
1random,2901,3MusketeersXFrench,2957,Black,10 sec,bullet,33,Lost,3/28/2019
1random,2902,3MusketeersXFrench,2956,White,10 sec,bullet,20,Lost,3/28/2019
1random,2903,3MusketeersXFrench,2955,Black,10 sec,bullet,3,Lost,3/28/2019
1random,2904,3MusketeersXFrench,2954,White,10 sec,bullet,30,Lost,3/28/2019
1random,2905,3MusketeersXFrench,2953,Black,10 sec,bullet,27,Won,3/28/2019
1random,2903,3MusketeersXFrench,2955,White,10 sec,bullet,61,Draw,3/28/2019
1random,2903,3MusketeersXFrench,2955,Black,10 sec,bullet,39,Won,3/28/2019
1random,2901,3MusketeersXFrench,2957,White,10 sec,bullet,58,Lost,3/28/2019
1random,2902,3MusketeersXFrench,2956,Black,10 sec,bullet,20,Lost,3/28/2019
1random,2903,3MusketeersXFrench,2955,White,10 sec,bullet,8,Lost,3/28/2019
1random,2904,3MusketeersXFrench,2954,Black,10 sec,bullet,29,Lost,3/28/2019
1random,2905,3MusketeersXFrench,2953,White,10 sec,bullet,52,Lost,3/28/2019
1random,2906,3MusketeersXFrench,2952,Black,10 sec,bullet,56,Lost,3/28/2019
1random,2907,3MusketeersXFrench,2951,White,10 sec,bullet,8,Lost,3/28/2019
1random,2908,3MusketeersXFrench,2950,Black,10 sec,bullet,43,Won,3/28/2019
1random,2906,3MusketeersXFrench,2952,White,10 sec,bullet,57,Lost,3/28/2019
1random,2907,3MusketeersXFrench,2951,Black,10 sec,bullet,46,Lost,3/28/2019
1random,2908,3MusketeersXFrench,2950,White,10 sec,bullet,37,Lost,3/28/2019
1random,2909,3MusketeersXFrench,2949,Black,10 sec,bullet,35,Won,3/28/2019
1random,2908,3MusketeersXFrench,2950,White,10 sec,bullet,49,Draw,3/28/2019
1random,2908,3MusketeersXFrench,2950,Black,10 sec,bullet,36,Lost,3/28/2019
1random,2909,3MusketeersXFrench,2949,White,10 sec,bullet,32,Lost,3/28/2019
1random,2910,3MusketeersXFrench,2948,Black,10 sec,bullet,21,Won,3/28/2019
1random,2909,3MusketeersXFrench,2949,White,10 sec,bullet,26,Won,3/28/2019
1random,2908,3MusketeersXFrench,2950,Black,10 sec,bullet,42,Lost,3/28/2019
1random,2909,3MusketeersXFrench,2949,White,10 sec,bullet,51,Won,3/28/2019
1random,2907,3MusketeersXFrench,2951,Black,10 sec,bullet,29,Lost,3/28/2019
1random,2908,3MusketeersXFrench,2950,White,10 sec,bullet,49,Lost,3/28/2019
1random,2909,3MusketeersXFrench,2949,Black,10 sec,bullet,44,Won,3/28/2019
1random,2907,3MusketeersXFrench,2951,White,10 sec,bullet,33,Won,3/28/2019
1random,2905,3MusketeersXFrench,2953,Black,10 sec,bullet,43,Won,3/28/2019
1random,2903,nihalsarin,2911,Black,1 min,bullet,56,Won,3/28/2019
1random,2894,nihalsarin,2920,White,1 min,bullet,23,Won,3/28/2019
1random,2885,nihalsarin,2929,Black,1 min,bullet,51,Won,3/28/2019
1random,2876,manudavid,2908,White,30 sec,bullet,29,Won,3/28/2019