player,player_rating,opponent,opponent_rating,side,time_control,time_category,moves,result,date
1random,2647,Kingh_77,2641,Black,3 min,blitz,64,Lost,12/18/2018
1random,2656,TheLancer,2631,Black,3 min,blitz,69,Lost,12/18/2018
1random,2665,MFBorn,2624,Black,3 min,blitz,27,Won,12/18/2018
1random,2658,Alexander_Khlebovich,2671,White,3 min,blitz,72,Won,12/18/2018
1random,2649,Maitreia,2594,White,3 min,blitz,46,Won,12/18/2018
1random,2642,Perfeccionista,2643,White,3 min,blitz,44,Won,12/18/2018
1random,2634,Perfeccionista,2651,Black,3 min,blitz,32,Lost,12/18/2018
1random,2642,jerom555888,2718,White,3 min,blitz,47,Won,12/18/2018
1random,2632,jerom555888,2728,Black,3 min,blitz,34,Lost,12/18/2018
1random,2638,leonardodavid83,2650,White,3 min,blitz,55,Lost,12/18/2018
1random,2646,Erik_Obgolts,2692,Black,3 min,blitz,36,Lost,12/18/2018
1random,2653,wonderfulllife,2699,White,3 min,blitz,45,Won,12/18/2018
1random,2644,Erik_Obgolts,2685,White,3 min,blitz,34,Lost,12/18/2018
1random,2651,Kingofchess1311,2659,White,3 min,blitz,41,Won,12/18/2018
1random,2642,Erik_Obgolts,2678,Black,3 min,blitz,58,Lost,12/18/2018
1random,2650,VSanduleac,2657,Black,3 min,blitz,67,Lost,12/18/2018
1random,2658,TampaChess,2788,Black,3 min,blitz,74,Lost,12/18/2018
1random,2663,mavuba,2638,White,3 min,blitz,40,Won,12/18/2018
1random,2655,Maitreia,2620,Black,3 min,blitz,57,Lost,12/18/2018
1random,2664,Maitreia,2611,White,3 min,blitz,52,Won,12/18/2018
1random,2657,TheGloriousDefense,2343,White,3 min,blitz,19,Won,12/18/2018
1random,2655,Schokojunkie,2752,White,3 min,blitz,69,Lost,12/18/2018
1random,2661,Schokojunkie,2746,Black,3 min,blitz,52,Lost,12/18/2018
1random,2667,Schokojunkie,2735,White,3 min,blitz,33,Won,12/18/2018
1random,2657,Schokojunkie,2745,Black,3 min,blitz,64,Lost,12/18/2018
1random,2663,waxq999,2568,White,3 min,blitz,22,Won,12/18/2018
1random,2657,RDG36,2783,White,3 min,blitz,24,Won,12/17/2018
1random,2646,RDG36,2794,Black,3 min,blitz,43,Lost,12/17/2018
1random,2651,RDG36,2789,White,3 min,blitz,68,Won,12/17/2018
1random,2640,RDG36,2800,Black,3 min,blitz,27,Lost,12/17/2018
1random,2645,bubacik,2702,White,3 min,blitz,48,Won,12/17/2018
1random,2635,bubacik,2712,Black,3 min,blitz,47,Lost,12/17/2018
1random,2642,Rgbt1937742,2578,Black,3 min,blitz,94,Won,12/17/2018
1random,2635,Bad_Genuis,2641,White,3 min,blitz,80,Won,12/17/2018
1random,2626,DevInProd,2735,White,3 min,blitz,77,Draw,12/17/2018
1random,2623,TheDarmen,2545,White,3 min,blitz,33,Lost,12/17/2018
1random,2633,ChubbyPandaEzebat,2610,White,3 min,blitz,65,Lost,12/17/2018
1random,2642,want2lose,2656,White,3 min,blitz,58,Won,12/17/2018
1random,2633,want2lose,2665,Black,3 min,blitz,33,Lost,12/17/2018
1random,2641,want2lose,2657,White,3 min,blitz,66,Won,12/17/2018
1random,2632,want2lose,2666,Black,3 min,blitz,46,Lost,12/17/2018
1random,2640,cstevens1,2607,Black,3 min,blitz,72,Lost,12/17/2018
1random,2649,cstevens1,2598,White,3 min,blitz,28,Won,12/17/2018
1random,2642,GMG,2758,White,3 min,blitz,24,Lost,12/17/2018
1random,2648,GMG,2752,Black,3 min,blitz,43,Lost,12/17/2018
1random,2654,want2lose,2658,White,3 min,blitz,31,Won,12/17/2018
1random,2646,igor592,2573,White,3 min,blitz,21,Won,12/17/2018
1random,2639,igor592,2580,Black,3 min,blitz,33,Won,12/17/2018
1random,2632,Cruel_Yaro,2743,White,3 min,blitz,57,Won,12/17/2018
1random,2621,Izoria123,2771,Black,10 min,blitz,35,Draw,12/17/2018