player,player_rating,opponent,opponent_rating,side,time_control,time_category,moves,result,date
1random,2491,Fartoviy26,2501,Black,3 min,blitz,50,Won,12/11/2018
1random,2482,rovokopac,2458,White,3 min,blitz,33,Won,12/11/2018
1random,2474,Starmorning,2438,Black,3 min,blitz,30,Won,12/11/2018
1random,2466,BrilliantPenguin,2537,White,3 min,blitz,51,Lost,12/11/2018
1random,2473,BrilliantPenguin,2530,Black,3 min,blitz,31,Won,12/11/2018
1random,2463,AndrezArpieda,2466,White,3 min,blitz,45,Won,12/11/2018
1random,2455,wonderfulllife,2656,Black,3 min,blitz,24,Lost,12/11/2018
1random,2459,RomanShahmatkin,2463,Black,3 min,blitz,44,Won,12/11/2018
1random,2451,Istvanovszkimartin,2483,White,3 min,blitz,23,Won,12/11/2018
1random,2442,Istvanovszkimartin,2492,Black,3 min,blitz,44,Won,12/11/2018
1random,2432,LostaBet95,2488,White,3 min,blitz,124,Draw,12/11/2018
1random,2431,LostaBet95,2489,Black,3 min,blitz,44,Lost,12/11/2018
1random,2438,AdarshJayakumar,2415,White,3 min,blitz,26,Won,12/11/2018
1random,2430,AdarshJayakumar,2423,Black,3 min,blitz,33,Won,12/11/2018
1random,2422,honestgirl,2665,White,3 min,blitz,33,Lost,12/11/2018
1random,2425,honestgirl,2662,Black,3 min,blitz,24,Won,12/11/2018
1random,2412,honestgirl,2675,White,3 min,blitz,52,Lost,12/11/2018
1random,2415,honestgirl,2672,Black,3 min,blitz,55,Lost,12/11/2018
1random,2418,chess4life23,2432,Black,3 min,blitz,83,Lost,12/11/2018
1random,2426,kjh3000t,2407,White,3 min,blitz,52,Won,12/11/2018
1random,2418,huangjiafangdan,2414,White,3 min,blitz,58,Lost,12/11/2018
1random,2426,huangjiafangdan,2406,Black,3 min,blitz,39,Won,12/11/2018
1random,2418,Shurago,2625,Black,3 min,blitz,14,Lost,12/11/2018
1random,2422,sandroDF,2430,White,3 min,blitz,51,Won,12/11/2018
1random,2413,ristingho,2396,White,3 min,blitz,53,Draw,12/11/2018
1random,2413,Suren_Avetisyan,2413,Black,3 min,blitz,56,Won,12/10/2018
1random,2405,RichardDaGreat,2448,Black,3 min,blitz,60,Won,12/10/2018
1random,2396,Experimentator321,2384,Black,3 min,blitz,121,Won,12/10/2018
1random,2388,RichardDaGreat,2457,White,3 min,blitz,27,Lost,12/10/2018
1random,2395,RichardDaGreat,2450,Black,3 min,blitz,38,Won,12/10/2018
1random,2385,RichardDaGreat,2460,White,3 min,blitz,39,Won,12/10/2018
1random,2375,RichardDaGreat,2470,Black,3 min,blitz,69,Won,12/10/2018
1random,2364,Checky2015,2564,Black,3 min,blitz,22,Lost,12/3/2018
1random,2368,Checky2015,2560,White,3 min,blitz,13,Lost,12/3/2018
1random,2372,Yaacovn,2707,Black,3 min,blitz,28,Lost,11/30/2018
1random,2374,ChristopherYoo,2374,White,3 min,blitz,32,Lost,11/30/2018
1random,2382,Evanchessmaster,1602,White,5 min,blitz,32,Lost,11/30/2018
1random,2398,TheFridgeOfDoom,1039,Black,5 min,blitz,33,Won,11/30/2018
1random,2398,Ozzz169,1801,Black,5 min,blitz,24,Won,11/30/2018
1random,2397,tombickle,950),White,5 min,blitz,33,Won,11/30/2018
1random,2397,AdarshJayakumar,2493,White,3 min,blitz,22,Draw,11/28/2018
1random,2395,AdarshJayakumar,2495,Black,3 min,blitz,59,Lost,11/28/2018
1random,2401,LatinAmericanMeme,2451,White,3 min,blitz,20,Lost,11/19/2018
1random,2408,LatinAmericanMeme,2444,Black,3 min,blitz,5,Lost,11/19/2018
1random,2415,AverageRecord,2795,Black,3|1,blitz,35,Lost,11/18/2018
1random,2417,AverageRecord,2793,White,3|1,blitz,30,Lost,11/18/2018
1random,2419,penguingm1,2858,White,5 min,blitz,11,Lost,11/16/2018
1random,2420,hallvardhf,1954,White,3 min,blitz,44,Won,11/15/2018
1random,2419,bopam,2003,Black,3 min,blitz,35,Lost,11/15/2018
1random,2434,Blue_Viking,1827,Black,3 min,blitz,27,Won,11/15/2018