player,player_rating,opponent,opponent_rating,side,time_control,time_category,moves,result,date
1random,2433,asg2,2405,White,3 min,blitz,17,Won,11/15/2018
1random,2425,2165149677570,2376,Black,3 min,blitz,4,Lost,11/15/2018
1random,2435,gkchesstiger,2785,Black,3 min,blitz,68,Lost,11/15/2018
1random,2437,zweemaster,1557,White,3 min,blitz,11,Won,11/15/2018
1random,2437,ShanMeruga123,2324,Black,3 min,blitz,54,Lost,11/13/2018
1random,2448,adypady02,2564,White,3 min,blitz,26,Lost,11/13/2018
1random,2454,adypady02,2558,Black,3 min,blitz,15,Lost,11/13/2018
1random,2460,adypady02,2552,White,3 min,blitz,22,Lost,11/13/2018
1random,2466,adypady02,2546,Black,3 min,blitz,33,Lost,11/13/2018
1random,2472,SuperCheese,2629,Black,3 min,blitz,44,Lost,11/12/2018
1random,2477,ufish,2484,Black,3 min,blitz,96,Lost,11/11/2018
1random,2485,Boundless_Strike,2502,White,3 min,blitz,30,Won,11/11/2018
1random,2476,Boundless_Strike,2511,Black,3 min,blitz,35,Won,11/11/2018
1random,2467,DrConfetti,2445,White,3 min,blitz,40,Lost,11/11/2018
1random,2476,pawnlessking81,2463,White,3 min,blitz,48,Lost,11/11/2018
1random,2485,pawnlessking81,2454,Black,3 min,blitz,26,Lost,11/11/2018
1random,2494,kot60,2417,White,3 min,blitz,44,Won,11/11/2018
1random,2487,kot60,2424,Black,3 min,blitz,40,Won,11/11/2018
1random,2480,AryamAbreu,2475,White,3 min,blitz,39,Won,11/11/2018
1random,2472,AryamAbreu,2483,Black,3 min,blitz,66,Lost,11/11/2018
1random,2480,AryamAbreu,2475,White,3 min,blitz,40,Draw,11/11/2018
1random,2480,Netrepreneur,2456,Black,3 min,blitz,59,Lost,11/11/2018
1random,2489,Netrepreneur,2447,White,3 min,blitz,46,Won,11/11/2018
1random,2482,Netrepreneur,2454,Black,3 min,blitz,35,Lost,11/11/2018
1random,2491,Netrepreneur,2445,White,3 min,blitz,28,Won,11/11/2018
1random,2484,DrConfetti,2423,Black,3 min,blitz,34,Won,11/11/2018
1random,2477,Drunk_Knight111,2455,Black,3 min,blitz,57,Won,11/11/2018
1random,2469,padam19,2604,Black,3 min,blitz,22,Won,11/11/2018
1random,2458,Drunk_Knight111,2463,White,3 min,blitz,32,Lost,11/11/2018
1random,2466,Fat-Frumos,2507,White,3 min,blitz,100,Won,11/11/2018
1random,2457,Pal2855,2432,Black,3 min,blitz,61,Won,11/11/2018
1random,2449,Fat-Frumos,2525,Black,3 min,blitz,28,Lost,11/11/2018
1random,2456,lekmort,2426,White,3 min,blitz,29,Won,11/11/2018
1random,2448,lekmort,2434,Black,3 min,blitz,63,Draw,11/11/2018
1random,2448,zuoyifan,2480,White,3 min,blitz,30,Lost,11/11/2018
1random,2456,removsky,2503,Black,3 min,blitz,28,Lost,11/10/2018
1random,2463,removsky,2496,White,3 min,blitz,41,Won,11/10/2018
1random,2454,removsky,2505,Black,3 min,blitz,45,Won,11/10/2018
1random,2444,removsky,2515,White,3 min,blitz,75,Draw,11/10/2018
1random,2442,removsky,2517,Black,3 min,blitz,49,Won,11/10/2018
1random,2432,removsky,2527,White,3 min,blitz,41,Lost,11/10/2018
1random,2438,removsky,2521,Black,3 min,blitz,46,Lost,11/10/2018
1random,2444,removsky,2515,White,3 min,blitz,21,Won,11/10/2018
1random,2434,removsky,2525,Black,3 min,blitz,56,Draw,11/10/2018
1random,2432,removsky,2527,White,3 min,blitz,77,Won,11/10/2018
1random,2421,vogelj,2431,White,3 min,blitz,50,Draw,11/10/2018
1random,2421,vogelj,2431,Black,3 min,blitz,3,Lost,11/10/2018
1random,2429,123markopolo,2430,White,3 min,blitz,29,Lost,11/10/2018
1random,2437,Eduleon,2444,White,3 min,blitz,108,Draw,11/10/2018
1random,2437,xpto15,2362,Black,3 min,blitz,23,Lost,11/10/2018