player,player_rating,opponent,opponent_rating,side,time_control,time_category,moves,result,date
1random,2554,KenanGarayev,2894,White,3 min,blitz,42,Lost,10/27/2018
1random,2556,zim0ne,2560,Black,3 min,blitz,30,Won,10/27/2018
1random,2548,wonderfulllife,2601,White,3 min,blitz,42,Lost,10/27/2018
1random,2555,Chiinaldo,2504,Black,3 min,blitz,25,Won,10/27/2018
1random,2548,ohusbands,2543,Black,3 min,blitz,73,Lost,10/27/2018
1random,2557,abumuslim1983,2466,White,3 min,blitz,45,Won,10/27/2018
1random,2551,abumuslim1983,2472,Black,3 min,blitz,14,Won,10/27/2018
1random,2545,Obito24,2512,Black,3 min,blitz,33,Won,10/27/2018
1random,2537,Rus_Steel,2428,White,3 min,blitz,61,Won,10/27/2018
1random,2531,Chiinaldo,2533,Black,3 min,blitz,71,Lost,10/27/2018
1random,2539,Chiinaldo,2525,White,3 min,blitz,20,Won,10/27/2018
1random,2531,Kingg-3000,2485,Black,3 min,blitz,61,Won,10/27/2018
1random,2524,SlowPatzer,2511,White,3 min,blitz,34,Won,10/27/2018
1random,2516,Off-War,2514,White,3 min,blitz,47,Won,10/27/2018
1random,2508,Bad4life,2480,Black,3 min,blitz,41,Lost,10/26/2018
1random,2517,Bad4life,2471,White,3 min,blitz,51,Won,10/26/2018
1random,2510,CaringPiglet,504),Black,3 min,blitz,19,Won,10/26/2018
1random,2510,fistok,2016,White,3 min,blitz,59,Won,10/26/2018
1random,2509,elm2007,2593,Black,3 min,blitz,71,Lost,10/26/2018
1random,2515,ohusbands,2508,White,3 min,blitz,36,Won,10/26/2018
1random,2507,ohusbands,2516,Black,3 min,blitz,30,Won,10/26/2018
1random,2498,francyIM,2586,Black,3 min,blitz,48,Lost,10/26/2018
1random,2504,fistok,2017,White,3 min,blitz,0,Lost,10/26/2018
1random,2519,CaringPiglet,504),Black,3 min,blitz,35,Won,10/26/2018
1random,2519,mmmflatbread,2643,White,3 min,blitz,31,Lost,10/26/2018
1random,2524,mmmflatbread,2638,Black,3 min,blitz,18,Lost,10/26/2018
1random,2530,mmmflatbread,2632,White,3 min,blitz,92,Won,10/26/2018
1random,2519,mmmflatbread,2643,Black,3 min,blitz,29,Lost,10/26/2018
1random,2524,dimailuka,2489,White,3 min,blitz,50,Won,10/26/2018
1random,2516,Yashasd1995,2501,White,3 min,blitz,78,Draw,10/26/2018
1random,2516,dolynachess,2441,Black,3 min,blitz,25,Lost,10/26/2018
1random,2526,wenx,2450,White,3 min,blitz,69,Won,10/26/2018
1random,2519,OrtizMarcos,2455,White,3 min,blitz,49,Won,10/26/2018
1random,2512,JeffReinberg,2597,Black,3 min,blitz,50,Lost,10/26/2018
1random,2518,JeffReinberg,2591,White,3 min,blitz,35,Lost,10/26/2018
1random,2525,JeffReinberg,2584,Black,3 min,blitz,26,Lost,10/26/2018
1random,2532,JeffReinberg,2577,White,3 min,blitz,101,Won,10/26/2018
1random,2523,Chiinaldo,2526,Black,3 min,blitz,17,Lost,10/26/2018
1random,2531,want2lose,2666,Black,3 min,blitz,70,Draw,10/25/2018
1random,2528,Medvegy,2543,White,3 min,blitz,67,Won,10/25/2018
1random,2519,Medvegy,2552,Black,3 min,blitz,56,Won,10/25/2018
1random,2510,PaulfromSPb,2517,Black,3 min,blitz,52,Lost,10/25/2018
1random,2518,PaulfromSPb,2509,White,3 min,blitz,53,Won,10/25/2018
1random,2510,Kirill_Klyukin,2691,White,3 min,blitz,60,Lost,10/25/2018
1random,2514,Sadykov_Ramil,2528,Black,3 min,blitz,46,Lost,10/25/2018
1random,2522,MatsenkoSergey,2684,White,3 min,blitz,83,Won,10/25/2018
1random,2510,zim0ne,2535,White,3 min,blitz,76,Draw,10/25/2018
1random,2509,Azatnew,2486,White,3 min,blitz,54,Lost,10/25/2018
1random,2518,Silversik,2502,Black,3 min,blitz,43,Won,10/25/2018
1random,2510,Boorchess,2536,White,3 min,blitz,66,Won,10/25/2018