player,player_rating,opponent,opponent_rating,side,time_control,time_category,moves,result,date
1random,2845,ToivoK3,2801,Black,30 sec,bullet,18,Lost,4/7/2019
1random,2854,ToivoK3,2792,White,30 sec,bullet,31,Won,4/7/2019
1random,2847,ToivoK3,2799,Black,30 sec,bullet,66,Lost,4/7/2019
1random,2857,ToivoK3,2789,White,30 sec,bullet,74,Won,4/7/2019
1random,2850,ToivoK3,2796,Black,30 sec,bullet,51,Won,4/7/2019
1random,2843,ToivoK3,2803,White,30 sec,bullet,55,Won,4/7/2019
1random,2836,ToivoK3,2810,Black,30 sec,bullet,52,Draw,4/7/2019
1random,2837,ToivoK3,2809,White,30 sec,bullet,61,Won,4/7/2019
1random,2829,ToivoK3,2817,Black,30 sec,bullet,19,Lost,4/7/2019
1random,2838,ToivoK3,2808,White,30 sec,bullet,66,Lost,4/7/2019
1random,2847,ToivoK3,2799,Black,30 sec,bullet,74,Won,4/7/2019
1random,2840,ToivoK3,2806,White,30 sec,bullet,57,Draw,4/7/2019
1random,2841,ToivoK3,2805,Black,30 sec,bullet,56,Won,4/7/2019
1random,2833,ToivoK3,2813,White,30 sec,bullet,70,Won,4/7/2019
1random,2825,ToivoK3,2821,Black,30 sec,bullet,66,Won,4/7/2019
1random,2817,ToivoK3,2829,White,30 sec,bullet,78,Lost,4/7/2019
1random,2825,ToivoK3,2821,Black,30 sec,bullet,23,Lost,4/7/2019
1random,2834,ToivoK3,2812,White,30 sec,bullet,68,Won,4/7/2019
1random,2826,ToivoK3,2820,Black,30 sec,bullet,32,Lost,4/7/2019
1random,2835,ToivoK3,2811,White,30 sec,bullet,53,Lost,4/7/2019
1random,2844,ToivoK3,2802,Black,30 sec,bullet,47,Won,4/7/2019
1random,2837,TheBigBoss04,2631,Black,30 sec,bullet,28,Lost,4/6/2019
1random,2850,TMTor,2817,White,30 sec,bullet,51,Won,4/6/2019
1random,2842,TMTor,2825,Black,30 sec,bullet,44,Won,4/6/2019
1random,2834,TMTor,2833,White,30 sec,bullet,76,Won,4/6/2019
1random,2826,TMTor,2841,Black,30 sec,bullet,39,Lost,4/6/2019
1random,2834,TMTor,2833,White,30 sec,bullet,45,Won,4/6/2019
1random,2826,TMTor,2841,Black,30 sec,bullet,61,Won,4/6/2019
1random,2817,TMTor,2850,White,30 sec,bullet,53,Lost,4/6/2019
1random,2825,TMTor,2842,Black,30 sec,bullet,43,Lost,4/6/2019
1random,2833,TMTor,2834,White,30 sec,bullet,38,Lost,4/6/2019
1random,2841,TMTor,2826,Black,30 sec,bullet,67,Draw,4/6/2019
1random,2841,TMTor,2826,White,30 sec,bullet,51,Won,4/6/2019
1random,2833,TMTor,2834,Black,30 sec,bullet,85,Won,4/6/2019
1random,2825,TMTor,2842,White,30 sec,bullet,28,Lost,4/6/2019
1random,2833,TMTor,2834,Black,30 sec,bullet,72,Won,4/6/2019
1random,2825,TMTor,2842,White,30 sec,bullet,54,Lost,4/6/2019
1random,2833,TMTor,2834,Black,30 sec,bullet,39,Won,4/6/2019
1random,2825,TMTor,2842,White,30 sec,bullet,46,Lost,4/6/2019
1random,2833,TMTor,2834,Black,30 sec,bullet,14,Won,4/6/2019
1random,2825,TMTor,2842,White,30 sec,bullet,51,Won,4/6/2019
1random,2816,TMTor,2851,Black,30 sec,bullet,50,Lost,4/6/2019
1random,2824,TMTor,2843,White,30 sec,bullet,23,Won,4/6/2019
1random,2815,TMTor,2852,Black,30 sec,bullet,35,Lost,4/6/2019
1random,2823,TMTor,2844,White,30 sec,bullet,54,Won,4/6/2019
1random,2814,TMTor,2853,Black,30 sec,bullet,54,Lost,4/6/2019
1random,2821,TMTor,2846,White,30 sec,bullet,40,Lost,4/6/2019
1random,2829,Divertissement,2707,Black,1 min,bullet,14,Won,4/6/2019
1random,2823,Divertissement,2713,White,1 min,bullet,41,Won,4/6/2019
1random,2817,Divertissement,2719,Black,1 min,bullet,63,Won,4/6/2019