player,player_rating,opponent,opponent_rating,side,time_control,time_category,moves,result,date
1random,2846,michaelq2d5,2739,White,30 sec,bullet,54,Won,3/28/2019
1random,2840,michaelq2d5,2745,Black,30 sec,bullet,46,Won,3/28/2019
1random,2834,3MusketeersXFrench,2931,Black,20 sec,bullet,67,Lost,3/28/2019
1random,2836,3MusketeersXFrench,2929,White,10 sec,bullet,47,Lost,3/28/2019
1random,2837,3MusketeersXFrench,2928,Black,10 sec,bullet,14,Won,3/28/2019
1random,2835,3MusketeersXFrench,2930,White,10 sec,bullet,31,Won,3/28/2019
1random,2833,3MusketeersXFrench,2932,Black,10 sec,bullet,56,Won,3/28/2019
1random,2831,3MusketeersXFrench,2934,White,10 sec,bullet,44,Lost,3/28/2019
1random,2832,3MusketeersXFrench,2933,Black,10 sec,bullet,55,Draw,3/28/2019
1random,2832,3MusketeersXFrench,2933,White,10 sec,bullet,48,Lost,3/28/2019
1random,2833,3MusketeersXFrench,2932,Black,10 sec,bullet,51,Lost,3/28/2019
1random,2834,3MusketeersXFrench,2931,White,10 sec,bullet,34,Won,3/28/2019
1random,2832,3MusketeersXFrench,2933,Black,10 sec,bullet,1,Lost,3/28/2019
1random,2833,3MusketeersXFrench,2932,White,10 sec,bullet,50,Lost,3/28/2019
1random,2834,3MusketeersXFrench,2931,Black,10 sec,bullet,25,Lost,3/28/2019
1random,2835,3MusketeersXFrench,2930,White,10 sec,bullet,60,Draw,3/28/2019
1random,2835,3MusketeersXFrench,2930,Black,10 sec,bullet,34,Won,3/28/2019
1random,2833,3MusketeersXFrench,2932,White,10 sec,bullet,11,Won,3/28/2019
1random,2831,3MusketeersXFrench,2934,Black,10 sec,bullet,29,Won,3/28/2019
1random,2829,3MusketeersXFrench,2936,White,10 sec,bullet,39,Won,3/28/2019
1random,2827,3MusketeersXFrench,2938,Black,10 sec,bullet,29,Lost,3/28/2019
1random,2828,3MusketeersXFrench,2937,White,10 sec,bullet,53,Lost,3/28/2019
1random,2829,3MusketeersXFrench,2936,Black,10 sec,bullet,15,Won,3/28/2019
1random,2827,3MusketeersXFrench,2938,White,10 sec,bullet,34,Won,3/28/2019
1random,2825,3MusketeersXFrench,2940,Black,10 sec,bullet,47,Won,3/28/2019
1random,2823,3MusketeersXFrench,2942,White,10 sec,bullet,43,Lost,3/28/2019
1random,2824,3MusketeersXFrench,2941,Black,10 sec,bullet,26,Won,3/28/2019
1random,2822,3MusketeersXFrench,2943,White,10 sec,bullet,41,Lost,3/28/2019
1random,2823,3MusketeersXFrench,2942,Black,10 sec,bullet,31,Won,3/28/2019
1random,2821,3MusketeersXFrench,2944,White,10 sec,bullet,24,Won,3/28/2019
1random,2819,3MusketeersXFrench,2946,Black,10 sec,bullet,32,Lost,3/28/2019
1random,2820,3MusketeersXFrench,2945,White,10 sec,bullet,44,Won,3/28/2019
1random,2818,3MusketeersXFrench,2947,Black,10 sec,bullet,17,Lost,3/28/2019
1random,2819,3MusketeersXFrench,2946,White,10 sec,bullet,55,Won,3/28/2019
1random,2817,3MusketeersXFrench,2948,Black,10 sec,bullet,35,Lost,3/28/2019
1random,2818,3MusketeersXFrench,2947,White,10 sec,bullet,41,Won,3/28/2019
1random,2816,3MusketeersXFrench,2949,Black,10 sec,bullet,27,Won,3/28/2019
1random,2814,3MusketeersXFrench,2951,White,10 sec,bullet,28,Lost,3/28/2019
1random,2815,IM_dmitrij,2665,Black,30 sec,bullet,39,Won,3/28/2019
1random,2810,IM_dmitrij,2670,White,30 sec,bullet,53,Won,3/28/2019
1random,2805,IM_dmitrij,2675,Black,30 sec,bullet,33,Won,3/28/2019
1random,2800,IM_dmitrij,2680,White,30 sec,bullet,6,Won,3/28/2019
1random,2794,IM_dmitrij,2686,Black,30 sec,bullet,61,Won,3/28/2019
1random,2788,IM_dmitrij,2692,White,30 sec,bullet,31,Won,3/28/2019
1random,2782,IM_dmitrij,2698,Black,30 sec,bullet,18,Won,3/28/2019
1random,2776,IM_dmitrij,2704,White,30 sec,bullet,50,Won,3/28/2019
1random,2769,IM_dmitrij,2711,Black,30 sec,bullet,25,Won,3/28/2019
1random,2762,IM_dmitrij,2718,White,30 sec,bullet,52,Lost,3/28/2019
1random,2771,IM_dmitrij,2709,Black,30 sec,bullet,61,Won,3/28/2019
1random,2764,IM_dmitrij,2716,White,30 sec,bullet,51,Lost,3/28/2019