player,player_rating,opponent,opponent_rating,side,time_control,time_category,moves,result,date
1random,2447,mazetofonias,2533,Black,3 min,blitz,33,Lost,11/10/2018
1random,2453,0567,1805,White,3 min,blitz,28,Lost,11/8/2018
1random,2469,Zenzo,2465,Black,3 min,blitz,16,Lost,11/8/2018
1random,2477,RicardoFagner,1940,White,3 min,blitz,86,Lost,11/8/2018
1random,2492,Cryptochess,2608,Black,3 min,blitz,31,Lost,11/8/2018
1random,2498,midy12,1798,White,3 min,blitz,26,Won,11/8/2018
1random,2498,EugKoz,2351,Black,3 min,blitz,0,Won,11/8/2018
1random,2493,DeadlockedDestroyer,1882,Black,3 min,blitz,23,Won,11/8/2018
1random,2492,JosTim,2211,Black,3 min,blitz,35,Won,11/8/2018
1random,2489,ShimanovAlex,2774,Black,3 min,blitz,35,Lost,11/7/2018
1random,2492,ShimanovAlex,2771,White,3 min,blitz,37,Won,11/7/2018
1random,2478,DawidCzerw,2289,Black,3|2,blitz,42,Lost,11/7/2018
1random,2490,besztok,2392,White,3|2,blitz,73,Lost,11/7/2018
1random,2501,hypert,2376,Black,3|2,blitz,52,Won,11/7/2018
1random,2495,Vuk2000,2678,Black,3|2,blitz,38,Won,11/7/2018
1random,2483,Fy_Rakotomaharo,2414,White,3|2,blitz,19,Lost,11/7/2018
1random,2493,TastyFrenchFries,2386,Black,3|2,blitz,47,Won,11/7/2018
1random,2487,tactics321,2333,White,3|2,blitz,21,Won,11/6/2018
1random,2482,wonderfultime,2810,Black,3|2,blitz,52,Won,11/6/2018
1random,2468,blackdog30,2273,Black,3|2,blitz,25,Won,11/6/2018
1random,2464,mishanick,2923,White,3|2,blitz,33,Lost,11/6/2018
1random,2465,YOAJM,2640,White,3 min,blitz,16,Lost,11/6/2018
1random,2469,YOAJM,2636,Black,3 min,blitz,51,Lost,11/6/2018
1random,2474,YOAJM,2631,White,3 min,blitz,14,Lost,11/6/2018
1random,2479,YOAJM,2626,Black,3 min,blitz,43,Lost,11/6/2018
1random,2484,YOAJM,2621,Black,3 min,blitz,31,Lost,11/6/2018
1random,2489,YOAJM,2616,White,3 min,blitz,20,Lost,11/6/2018
1random,2494,YOAJM,2611,Black,3 min,blitz,39,Lost,11/6/2018
1random,2500,theredking89,2612,White,3 min,blitz,29,Lost,11/6/2018
1random,2506,theredking89,2606,Black,3 min,blitz,9,Lost,11/6/2018
1random,2512,theredking89,2600,White,3 min,blitz,42,Lost,11/6/2018
1random,2518,Individoom,2526,White,3 min,blitz,74,Won,11/6/2018
1random,2509,Individoom,2535,Black,3 min,blitz,18,Lost,11/6/2018
1random,2517,Evandro_Barbosa,2536,Black,3 min,blitz,40,Lost,11/6/2018
1random,2525,Dracula_No1,2641,White,3 min,blitz,17,Lost,11/6/2018
1random,2531,Dracula_No1,2635,Black,3 min,blitz,59,Lost,11/6/2018
1random,2537,Dracula_No1,2629,White,3 min,blitz,31,Lost,11/6/2018
1random,2543,Dracula_No1,2623,Black,3 min,blitz,26,Lost,11/6/2018
1random,2550,Dracula_No1,2616,White,3 min,blitz,76,Draw,11/6/2018
1random,2548,Dracula_No1,2618,Black,3 min,blitz,51,Lost,11/6/2018
1random,2555,Dracula_No1,2611,White,3 min,blitz,31,Lost,11/6/2018
1random,2562,Dracula_No1,2604,Black,3 min,blitz,25,Lost,11/6/2018
1random,2569,Dracula_No1,2597,White,3 min,blitz,36,Won,11/6/2018
1random,2560,Dracula_No1,2606,Black,3 min,blitz,20,Won,11/6/2018
1random,2551,Kouzari,2639,White,3 min,blitz,36,Lost,11/6/2018
1random,2557,kflorian98,2647,Black,3 min,blitz,33,Lost,11/6/2018
1random,2563,kflorian98,2641,White,3 min,blitz,39,Lost,11/6/2018
1random,2570,MikhailKorovin,2630,Black,3 min,blitz,89,Lost,11/6/2018
1random,2577,ClickBot,2497,White,3 min,blitz,26,Won,11/6/2018
1random,2571,ClickBot,2503,Black,3 min,blitz,64,Won,11/6/2018