player,player_rating,opponent,opponent_rating,side,time_control,time_category,moves,result,date
1random,2525,BobbyNguyen2k3,1684,White,3 min,blitz,11,Won,11/1/2018
1random,2525,Hikaru,3048,White,3 min,blitz,55,Lost,11/1/2018
1random,2526,Last7Samurai,2678,Black,3 min,blitz,21,Lost,11/1/2018
1random,2531,mcmodern,2277,White,3 min,blitz,21,Won,11/1/2018
1random,2528,kordelamonika,1848,Black,3 min,blitz,11,Won,11/1/2018
1random,2528,Hikaru,3045,Black,3 min,blitz,28,Lost,11/1/2018
1random,2529,chessgirl94,2064,Black,3 min,blitz,36,Draw,11/1/2018
1random,2536,Hikaru,3042,White,3 min,blitz,31,Lost,11/1/2018
1random,2537,stewiiegriffin,2445,White,3 min,blitz,21,Won,11/1/2018
1random,2531,SpArkKnight59,2466,White,3 min,blitz,67,Won,11/1/2018
1random,2524,lucasmito,2522,Black,3 min,blitz,85,Draw,11/1/2018
1random,2524,Jbd735,2383,White,3 min,blitz,29,Lost,11/1/2018
1random,2535,PaulfromSPb,2538,Black,3 min,blitz,60,Lost,11/1/2018
1random,2543,JapaneseTutor,1923,White,3 min,blitz,48,Won,11/1/2018
1random,2543,uvito42,1840,Black,3 min,blitz,19,Won,11/1/2018
1random,2543,almaguerjm,2262,Black,3 min,blitz,60,Draw,11/1/2018
1random,2548,Swordoftheword16,2150,White,3 min,blitz,22,Won,11/1/2018
1random,2547,MasterLeif,2502,Black,3 min,blitz,68,Lost,11/1/2018
1random,2556,Salazarx,1785,White,3 min,blitz,25,Won,11/1/2018
1random,2556,stewiiegriffin,2483,Black,3 min,blitz,52,Won,11/1/2018
1random,2549,ploucroux,1777,White,3 min,blitz,22,Lost,11/1/2018
1random,2565,MikeSailer,2111,White,3 min,blitz,60,Lost,11/1/2018
1random,2580,donicaadrian,1921,Black,3 min,blitz,33,Won,11/1/2018
1random,2580,gwyn042108,1878,Black,3 min,blitz,43,Won,11/1/2018
1random,2580,hikarusfan,2380,Black,3 min,blitz,33,Won,11/1/2018
1random,2575,Last7Samurai,2721,White,3 min,blitz,93,Lost,11/1/2018
1random,2580,YOAJM,2566,White,3 min,blitz,11,Lost,11/1/2018
1random,2589,Muradore,2539,White,3 min,blitz,56,Won,10/31/2018
1random,2582,Doreality,2633,White,3 min,blitz,34,Won,10/31/2018
1random,2572,Muradore,2546,Black,3 min,blitz,45,Won,10/31/2018
1random,2564,afgano29,2643,White,3 min,blitz,47,Won,10/31/2018
1random,2554,SlowPatzer,2547,White,3 min,blitz,69,Lost,10/31/2018
1random,2563,SlowPatzer,2538,Black,3 min,blitz,41,Won,10/31/2018
1random,2555,ltorresr,2541,White,3 min,blitz,16,Won,10/31/2018
1random,2547,ltorresr,2549,Black,3 min,blitz,8,Lost,10/31/2018
1random,2555,Jhonmontes,2536,Black,3 min,blitz,48,Lost,10/31/2018
1random,2564,cstevens1,2562,Black,3 min,blitz,44,Won,10/31/2018
1random,2556,cstevens1,2570,White,3 min,blitz,32,Lost,10/31/2018
1random,2564,hatfoop,2568,Black,3 min,blitz,22,Lost,10/31/2018
1random,2572,vladimirdamjanovic,2552,Black,3 min,blitz,25,Lost,10/29/2018
1random,2581,Federtiu,2639,White,3 min,blitz,52,Lost,10/29/2018
1random,2588,Federtiu,2632,Black,3 min,blitz,36,Lost,10/29/2018
1random,2595,OliverKromvel,2594,White,3 min,blitz,33,Lost,10/29/2018
1random,2603,DavorinKuljasevic,2633,Black,3 min,blitz,87,Lost,10/29/2018
1random,2611,wgraif,2419,White,3 min,blitz,43,Won,10/29/2018
1random,2607,want2lose,2664,White,3 min,blitz,71,Won,10/29/2018
1random,2597,sergey154,2549,White,3 min,blitz,37,Won,10/29/2018
1random,2590,YourIllusion,2541,Black,3 min,blitz,69,Won,10/29/2018
1random,2583,Aireea,2701,White,3 min,blitz,31,Lost,10/29/2018
1random,2589,Aireea,2695,Black,3 min,blitz,98,Draw,10/29/2018