player,player_rating,opponent,opponent_rating,side,time_control,time_category,moves,result,date
1random,2563,ChessAintFun,2575,Black,3 min,blitz,27,Lost,12/22/2018
1random,2571,ChessAintFun,2567,White,3 min,blitz,24,Lost,12/22/2018
1random,2579,sandropozo,2575,White,3 min,blitz,43,Won,12/22/2018
1random,2571,SONOFHOLYGOD,2540,White,3 min,blitz,28,Won,12/22/2018
1random,2563,SONOFHOLYGOD,2548,Black,3 min,blitz,72,Lost,12/22/2018
1random,2572,hofgmjohnny,2608,Black,3 min,blitz,41,Won,12/22/2018
1random,2563,sandropozo,2570,Black,3 min,blitz,15,Lost,12/22/2018
1random,2571,justantan,2692,Black,3 min,blitz,58,Lost,12/21/2018
1random,2577,scm2012,719),White,6 min,blitz,18,Draw,12/20/2018
1random,2585,elm2007,2671,Black,6 min,blitz,25,Lost,12/20/2018
1random,2591,elm2007,2665,White,6 min,blitz,37,Lost,12/20/2018
1random,2598,elm2007,2658,Black,6 min,blitz,9,Draw,12/20/2018
1random,2597,elm2007,2659,White,6 min,blitz,50,Draw,12/20/2018
1random,2596,elm2007,2660,White,5 min,blitz,42,Lost,12/20/2018
1random,2603,elm2007,2653,Black,5 min,blitz,9,Lost,12/20/2018
1random,2610,elm2007,2646,White,5 min,blitz,28,Lost,12/20/2018
1random,2618,Noukii,2724,White,3 min,blitz,90,Won,12/20/2018
1random,2607,Noukii,2735,Black,3 min,blitz,42,Lost,12/20/2018
1random,2612,justantan,2758,White,3 min,blitz,42,Lost,12/20/2018
1random,2617,justantan,2753,Black,3 min,blitz,37,Lost,12/20/2018
1random,2622,justantan,2748,White,3 min,blitz,22,Won,12/20/2018
1random,2611,justantan,2759,Black,3 min,blitz,20,Lost,12/20/2018
1random,2616,justantan,2754,White,3 min,blitz,23,Lost,12/20/2018
1random,2621,justantan,2749,Black,3 min,blitz,16,Won,12/20/2018
1random,2610,leonardodavid83,2644,White,3 min,blitz,40,Lost,12/20/2018
1random,2618,leonardodavid83,2636,Black,3 min,blitz,56,Won,12/20/2018
1random,2609,komandoras123,2633,White,3 min,blitz,65,Lost,12/20/2018
1random,2617,komandoras123,2625,Black,3 min,blitz,46,Lost,12/20/2018
1random,2625,tajsontajsonski,2656,White,3 min,blitz,86,Lost,12/20/2018
1random,2633,jk13,2575,White,3 min,blitz,41,Won,12/20/2018
1random,2626,WFAFAF,2602,White,3 min,blitz,59,Lost,12/20/2018
1random,2635,WFAFAF,2593,Black,3 min,blitz,64,Won,12/20/2018
1random,2628,valger,2771,White,3 min,blitz,69,Won,12/20/2018
1random,2616,valger,2783,Black,3 min,blitz,77,Won,12/20/2018
1random,2604,valger,2795,White,3 min,blitz,29,Lost,12/20/2018
1random,2608,ZukunftGroBmeister,2099,White,3 min,blitz,81,Won,12/19/2018
1random,2606,ZukunftGroBmeister,2133,White,3|2,blitz,152,Draw,12/19/2018
1random,2613,Yaacovn,2769,White,3 min,blitz,54,Draw,12/19/2018
1random,2609,Yaacovn,2773,Black,3 min,blitz,20,Lost,12/19/2018
1random,2614,Yaacovn,2768,White,3 min,blitz,82,Draw,12/19/2018
1random,2611,Yaacovn,2771,Black,3 min,blitz,104,Lost,12/19/2018
1random,2616,Yaacovn,2766,White,3 min,blitz,48,Lost,12/19/2018
1random,2621,Yaacovn,2761,Black,3 min,blitz,35,Lost,12/19/2018
1random,2626,Yaacovn,2756,White,3 min,blitz,51,Lost,12/19/2018
1random,2631,Zkid,2668,White,3|2,blitz,33,Lost,12/19/2018
1random,2639,Kingh_77,2649,White,3 min,blitz,57,Won,12/18/2018
1random,2630,Kingh_77,2658,Black,3 min,blitz,25,Lost,12/18/2018
1random,2638,Kingh_77,2650,White,3 min,blitz,32,Lost,12/18/2018
1random,2646,Kingh_77,2642,Black,3 min,blitz,28,Lost,12/18/2018
1random,2655,Kingh_77,2633,White,3 min,blitz,34,Won,12/18/2018