player,player_rating,opponent,opponent_rating,side,time_control,time_category,moves,result,date
1random,2583,Rsnr,2840,Black,3 min,blitz,19,Lost,12/13/2018
1random,2586,cstevens1,2585,Black,3 min,blitz,61,Won,12/13/2018
1random,2578,cstevens1,2593,White,3 min,blitz,61,Won,12/13/2018
1random,2569,cstevens1,2602,Black,3 min,blitz,70,Won,12/13/2018
1random,2560,Alliswell998,2526,Black,3 min,blitz,88,Won,12/13/2018
1random,2552,Alliswell998,2534,White,3 min,blitz,65,Won,12/13/2018
1random,2544,Alliswell998,2542,Black,3 min,blitz,41,Won,12/13/2018
1random,2536,Alliswell998,2550,White,3 min,blitz,35,Lost,12/13/2018
1random,2544,MichaelBaron,2522,White,3 min,blitz,14,Won,12/13/2018
1random,2536,volodja49,2517,Black,3 min,blitz,74,Draw,12/13/2018
1random,2536,MichaelBaron,2536,Black,3 min,blitz,81,Won,12/13/2018
1random,2528,Tiohoracio,2485,Black,3 min,blitz,63,Won,12/13/2018
1random,2521,Tiohoracio,2492,White,3 min,blitz,46,Won,12/13/2018
1random,2513,Zablotsky,2529,Black,3 min,blitz,35,Lost,12/13/2018
1random,2521,Zablotsky,2521,White,3 min,blitz,25,Won,12/13/2018
1random,2513,Zablotsky,2529,Black,3 min,blitz,26,Lost,12/13/2018
1random,2521,Alliswell998,2542,Black,3 min,blitz,3,Lost,12/13/2018
1random,2529,Noliferis556,2561,Black,3 min,blitz,37,Lost,12/13/2018
1random,2537,danir29,2551,Black,3 min,blitz,34,Lost,12/13/2018
1random,2545,danir29,2543,White,3 min,blitz,63,Won,12/13/2018
1random,2537,danir29,2551,Black,3 min,blitz,65,Lost,12/13/2018
1random,2545,danir29,2543,White,3 min,blitz,39,Lost,12/13/2018
1random,2553,Bianche,2618,Black,3 min,blitz,74,Won,12/13/2018
1random,2543,Alex_32167,2561,Black,3 min,blitz,69,Won,12/13/2018
1random,2534,Alex_32167,2570,White,3 min,blitz,43,Won,12/13/2018
1random,2525,P4AD,2529,White,3 min,blitz,37,Lost,12/13/2018
1random,2533,birb_memes,2561,White,3 min,blitz,19,Won,12/13/2018
1random,2524,Doraemon7,2521,White,3 min,blitz,44,Won,12/13/2018
1random,2516,Doraemon7,2529,Black,3 min,blitz,67,Draw,12/13/2018
1random,2516,Doraemon7,2529,White,3 min,blitz,71,Lost,12/13/2018
1random,2524,Doraemon7,2560,Black,3 min,blitz,24,Lost,12/12/2018
1random,2532,Doraemon7,2552,White,3 min,blitz,25,Draw,12/12/2018
1random,2531,Doraemon7,2553,Black,3 min,blitz,16,Draw,12/12/2018
1random,2530,Doraemon7,2554,White,3 min,blitz,22,Lost,12/12/2018
1random,2538,Doraemon7,2546,Black,3 min,blitz,55,Won,12/12/2018
1random,2529,Doraemon7,2555,White,3 min,blitz,19,Won,12/12/2018
1random,2520,delphin11,2504,Black,3 min,blitz,89,Draw,12/12/2018
1random,2520,Alex_32167,2584,Black,3 min,blitz,16,Lost,12/12/2018
1random,2527,AsianSurgery,2451,Black,3 min,blitz,31,Lost,12/12/2018
1random,2537,Shtembuliak,2713,Black,3 min,blitz,65,Draw,12/12/2018
1random,2533,MasterMYN,2555,Black,3 min,blitz,59,Won,12/12/2018
1random,2524,PchelkinVK,2511,White,3 min,blitz,44,Draw,12/12/2018
1random,2524,russianhorse,2554,White,3 min,blitz,74,Won,12/12/2018
1random,2515,GilliganslastStand,2493,Black,3 min,blitz,31,Lost,12/12/2018
1random,2524,GilliganslastStand,2484,White,3 min,blitz,64,Won,12/12/2018
1random,2517,danir29,2549,Black,3 min,blitz,68,Won,12/12/2018
1random,2508,JVFerreira,2618,White,3 min,blitz,30,Won,12/12/2018
1random,2497,sandropozo,2612,White,3 min,blitz,57,Won,12/12/2018
1random,2486,sandropozo,2623,Black,3 min,blitz,26,Lost,12/12/2018
1random,2491,LuckyMajky,2472,White,3 min,blitz,75,Draw,12/11/2018