player,player_rating,opponent,opponent_rating,side,time_control,time_category,moves,result,date
1random,2876,TigranLPetrosyan,2817,White,30 sec,bullet,17,Lost,4/9/2019
1random,2886,TigranLPetrosyan,2807,Black,30 sec,bullet,50,Won,4/9/2019
1random,2879,TigranLPetrosyan,2814,White,30 sec,bullet,31,Won,4/9/2019
1random,2872,TigranLPetrosyan,2821,Black,30 sec,bullet,53,Won,4/9/2019
1random,2865,TigranLPetrosyan,2828,White,30 sec,bullet,28,Won,4/9/2019
1random,2858,TigranLPetrosyan,2835,Black,30 sec,bullet,39,Lost,4/9/2019
1random,2867,TigranLPetrosyan,2826,White,30 sec,bullet,44,Won,4/9/2019
1random,2860,TigranLPetrosyan,2833,Black,30 sec,bullet,35,Won,4/9/2019
1random,2852,TigranLPetrosyan,2841,White,30 sec,bullet,46,Lost,4/9/2019
1random,2861,TigranLPetrosyan,2832,Black,30 sec,bullet,18,Lost,4/9/2019
1random,2870,TigranLPetrosyan,2823,White,30 sec,bullet,48,Won,4/9/2019
1random,2863,TigranLPetrosyan,2830,Black,30 sec,bullet,46,Won,4/9/2019
1random,2855,TigranLPetrosyan,2838,White,30 sec,bullet,38,Lost,4/9/2019
1random,2864,TigranLPetrosyan,2829,Black,30 sec,bullet,43,Lost,4/9/2019
1random,2873,TigranLPetrosyan,2820,White,30 sec,bullet,66,Lost,4/9/2019
1random,2883,TigranLPetrosyan,2810,Black,30 sec,bullet,10,Won,4/9/2019
1random,2876,TigranLPetrosyan,2817,White,30 sec,bullet,33,Lost,4/9/2019
1random,2886,TigranLPetrosyan,2807,Black,30 sec,bullet,64,Won,4/9/2019
1random,2879,TigranLPetrosyan,2814,White,30 sec,bullet,70,Won,4/9/2019
1random,2872,TigranLPetrosyan,2821,Black,30 sec,bullet,45,Won,4/9/2019
1random,2865,TigranLPetrosyan,2828,White,30 sec,bullet,15,Won,4/9/2019
1random,2857,TigranLPetrosyan,2836,Black,30 sec,bullet,50,Lost,4/9/2019
1random,2866,TigranLPetrosyan,2827,White,30 sec,bullet,54,Lost,4/9/2019
1random,2875,TigranLPetrosyan,2818,Black,30 sec,bullet,32,Won,4/9/2019
1random,2868,TigranLPetrosyan,2825,White,30 sec,bullet,78,Won,4/9/2019
1random,2861,TigranLPetrosyan,2832,Black,30 sec,bullet,34,Lost,4/9/2019
1random,2870,TigranLPetrosyan,2823,White,30 sec,bullet,52,Won,4/9/2019
1random,2863,TigranLPetrosyan,2830,Black,30 sec,bullet,73,Lost,4/9/2019
1random,2872,TigranLPetrosyan,2821,White,30 sec,bullet,61,Draw,4/9/2019
1random,2873,TigranLPetrosyan,2820,Black,30 sec,bullet,41,Lost,4/9/2019
1random,2883,wonderfultime,2984,White,30 sec,bullet,56,Won,4/8/2019
1random,2872,wonderfultime,2995,Black,30 sec,bullet,24,Lost,4/8/2019
1random,2877,wonderfultime,2990,White,30 sec,bullet,55,Lost,4/8/2019
1random,2883,Shant_Sargsyan,3053,White,30 sec,bullet,59,Won,4/8/2019
1random,2871,Shant_Sargsyan,3065,Black,30 sec,bullet,58,Lost,4/8/2019
1random,2875,Shant_Sargsyan,3061,White,30 sec,bullet,51,Lost,4/8/2019
1random,2879,Shant_Sargsyan,3057,Black,30 sec,bullet,53,Lost,4/8/2019
1random,2883,Shant_Sargsyan,3053,White,30 sec,bullet,30,Won,4/8/2019
1random,2871,Shant_Sargsyan,3065,Black,30 sec,bullet,31,Lost,4/8/2019
1random,2875,Shant_Sargsyan,3061,White,30 sec,bullet,20,Won,4/8/2019
1random,2863,Shant_Sargsyan,3073,Black,30 sec,bullet,70,Lost,4/8/2019
1random,2867,Shant_Sargsyan,3069,White,30 sec,bullet,69,Lost,4/8/2019
1random,2871,Shant_Sargsyan,3065,Black,30 sec,bullet,34,Lost,4/8/2019
1random,2875,Shant_Sargsyan,3061,White,30 sec,bullet,51,Lost,4/8/2019
1random,2879,Shant_Sargsyan,3057,Black,30 sec,bullet,21,Lost,4/8/2019
1random,2883,Shant_Sargsyan,3053,White,30 sec,bullet,74,Lost,4/8/2019
1random,2888,Shant_Sargsyan,3048,Black,30 sec,bullet,15,Lost,4/8/2019
1random,2893,Shant_Sargsyan,3043,White,30 sec,bullet,53,Lost,4/8/2019
1random,2898,Shant_Sargsyan,3038,Black,30 sec,bullet,43,Lost,4/8/2019
1random,2903,Shant_Sargsyan,3033,White,30 sec,bullet,31,Lost,4/8/2019