player,player_rating,opponent,opponent_rating,side,time_control,time_category,moves,result,date
1random,2750,ViIIagra,2826,Black,1 min,bullet,9,Lost,3/27/2019
1random,2757,ViIIagra,2819,White,1 min,bullet,49,Lost,3/27/2019
1random,2764,ViIIagra,2812,Black,1 min,bullet,23,Lost,3/27/2019
1random,2771,ViIIagra,2805,White,1 min,bullet,32,Draw,3/27/2019
1random,2770,ViIIagra,2806,Black,1 min,bullet,63,Lost,3/27/2019
1random,2777,ViIIagra,2799,White,1 min,bullet,50,Won,3/27/2019
1random,2768,ViIIagra,2808,Black,1 min,bullet,54,Lost,3/27/2019
1random,2775,ViIIagra,2801,White,1 min,bullet,50,Draw,3/27/2019
1random,2774,ViIIagra,2802,Black,1 min,bullet,34,Lost,3/27/2019
1random,2782,ViIIagra,2794,White,1 min,bullet,41,Lost,3/27/2019
1random,2790,ViIIagra,2786,Black,1 min,bullet,8,Won,3/27/2019
1random,2782,ViIIagra,2794,White,1 min,bullet,59,Won,3/27/2019
1random,2773,ViIIagra,2803,Black,1 min,bullet,33,Won,3/27/2019
1random,2764,ToivoK3,2754,White,30 sec,bullet,78,Won,3/27/2019
1random,2756,ToivoK3,2762,Black,30 sec,bullet,49,Lost,3/27/2019
1random,2764,ToivoK3,2754,White,30 sec,bullet,56,Won,3/27/2019
1random,2756,ToivoK3,2762,Black,30 sec,bullet,50,Lost,3/27/2019
1random,2764,ToivoK3,2754,White,30 sec,bullet,70,Won,3/27/2019
1random,2756,Polish_fighter3000,2960,Black,1 min,bullet,23,Lost,3/27/2019
1random,2760,Polish_fighter3000,2956,White,1 min,bullet,26,Lost,3/27/2019
1random,2764,Polish_fighter3000,2952,Black,1 min,bullet,54,Lost,3/27/2019
1random,2768,Polish_fighter3000,2948,White,1 min,bullet,5,Lost,3/27/2019
1random,2772,Polish_fighter3000,2944,Black,1 min,bullet,53,Lost,3/27/2019
1random,2777,Polish_fighter3000,2939,White,1 min,bullet,54,Lost,3/27/2019
1random,2782,Polish_fighter3000,2934,Black,1 min,bullet,73,Won,3/27/2019
1random,2770,Polish_fighter3000,2946,White,1 min,bullet,41,Lost,3/27/2019
1random,2774,Polish_fighter3000,2942,Black,1 min,bullet,52,Lost,3/27/2019
1random,2779,Polish_fighter3000,2937,White,1 min,bullet,53,Lost,3/27/2019
1random,2784,Polish_fighter3000,2932,Black,1 min,bullet,63,Lost,3/27/2019
1random,2789,Polish_fighter3000,2927,White,1 min,bullet,75,Draw,3/27/2019
1random,2786,Polish_fighter3000,2930,Black,1 min,bullet,44,Lost,3/27/2019
1random,2791,Polish_fighter3000,2925,White,1 min,bullet,30,Lost,3/27/2019
1random,2796,Polish_fighter3000,2920,Black,1 min,bullet,16,Lost,3/27/2019
1random,2801,Polish_fighter3000,2915,White,1 min,bullet,40,Lost,3/27/2019
1random,2807,dzhumagaliev,2791,Black,1 min,bullet,28,Won,3/27/2019
1random,2799,dzhumagaliev,2799,White,1 min,bullet,45,Lost,3/27/2019
1random,2807,dzhumagaliev,2791,Black,1 min,bullet,44,Won,3/27/2019
1random,2799,dzhumagaliev,2799,White,1 min,bullet,45,Lost,3/27/2019
1random,2807,dzhumagaliev,2791,Black,1 min,bullet,18,Lost,3/27/2019
1random,2816,dzhumagaliev,2782,White,1 min,bullet,77,Lost,3/27/2019
1random,2825,FastChance,2817,White,1 min,bullet,47,Lost,3/27/2019
1random,2834,FastChance,2808,Black,1 min,bullet,21,Lost,3/27/2019
1random,2843,FastChance,2799,White,1 min,bullet,81,Draw,3/27/2019
1random,2844,FastChance,2798,Black,1 min,bullet,32,Lost,3/27/2019
1random,2853,FastChance,2789,White,1 min,bullet,45,Lost,3/27/2019
1random,2863,3MusketeersXFrench,2950,Black,10 sec,bullet,54,Lost,3/27/2019
1random,2864,3MusketeersXFrench,2949,White,10 sec,bullet,45,Won,3/27/2019
1random,2862,3MusketeersXFrench,2951,Black,10 sec,bullet,35,Lost,3/27/2019
1random,2863,3MusketeersXFrench,2950,White,10 sec,bullet,40,Won,3/27/2019
1random,2861,3MusketeersXFrench,2952,Black,10 sec,bullet,60,Draw,3/27/2019