player,player_rating,opponent,opponent_rating,side,time_control,time_category,moves,result,date
1random,2773,IM_dmitrij,2707,Black,30 sec,bullet,26,Won,3/28/2019
1random,2766,IM_dmitrij,2714,White,30 sec,bullet,26,Lost,3/28/2019
1random,2776,IM_dmitrij,2704,Black,30 sec,bullet,83,Won,3/28/2019
1random,2769,IM_dmitrij,2711,White,30 sec,bullet,61,Lost,3/28/2019
1random,2779,IM_dmitrij,2701,Black,30 sec,bullet,47,Won,3/28/2019
1random,2772,IM_dmitrij,2708,White,30 sec,bullet,64,Won,3/28/2019
1random,2765,IM_dmitrij,2715,Black,30 sec,bullet,42,Won,3/28/2019
1random,2758,IM_dmitrij,2722,White,30 sec,bullet,50,Won,3/28/2019
1random,2750,IM_dmitrij,2730,Black,30 sec,bullet,25,Won,3/28/2019
1random,2742,IM_dmitrij,2738,White,30 sec,bullet,41,Lost,3/28/2019
1random,2750,IM_dmitrij,2730,Black,30 sec,bullet,55,Draw,3/28/2019
1random,2750,IM_dmitrij,2730,White,30 sec,bullet,57,Won,3/28/2019
1random,2742,IM_dmitrij,2738,Black,30 sec,bullet,59,Won,3/28/2019
1random,2734,IM_dmitrij,2746,White,30 sec,bullet,34,Won,3/28/2019
1random,2725,IM_dmitrij,2755,Black,30 sec,bullet,47,Won,3/28/2019
1random,2716,r31415,2215,Black,1 min,bullet,38,Lost,3/28/2019
1random,2731,r31415,2200,White,1 min,bullet,41,Won,3/28/2019
1random,2730,r31415,2201,Black,1 min,bullet,29,Won,3/28/2019
1random,2729,r31415,2202,White,1 min,bullet,23,Won,3/28/2019
1random,2728,r31415,2203,Black,1 min,bullet,28,Won,3/28/2019
1random,2727,r31415,2204,White,1 min,bullet,25,Won,3/28/2019
1random,2726,r31415,2205,Black,1 min,bullet,22,Won,3/28/2019
1random,2725,r31415,2206,White,1 min,bullet,18,Won,3/28/2019
1random,2724,r31415,2207,Black,1 min,bullet,35,Won,3/28/2019
1random,2723,r31415,2208,White,1 min,bullet,25,Won,3/28/2019
1random,2722,r31415,2209,Black,1 min,bullet,28,Lost,3/28/2019
1random,2737,r31415,2194,White,1 min,bullet,20,Won,3/28/2019
1random,2736,r31415,2195,Black,1 min,bullet,51,Won,3/28/2019
1random,2735,r31415,2196,White,1 min,bullet,28,Won,3/28/2019
1random,2734,r31415,2197,Black,1 min,bullet,55,Won,3/28/2019
1random,2733,r31415,2198,White,1 min,bullet,30,Won,3/28/2019
1random,2732,r31415,2199,Black,1 min,bullet,30,Won,3/28/2019
1random,2731,Ali_rastbod,2607,Black,30 sec,bullet,49,Won,3/28/2019
1random,2726,Ali_rastbod,2612,White,30 sec,bullet,75,Lost,3/28/2019
1random,2737,Ali_rastbod,2601,Black,30 sec,bullet,48,Won,3/28/2019
1random,2732,Ali_rastbod,2606,White,30 sec,bullet,62,Won,3/28/2019
1random,2727,Ali_rastbod,2611,Black,30 sec,bullet,38,Won,3/28/2019
1random,2721,Ali_rastbod,2617,White,30 sec,bullet,32,Won,3/28/2019
1random,2715,Ali_rastbod,2623,Black,30 sec,bullet,41,Lost,3/28/2019
1random,2726,Ali_rastbod,2612,White,30 sec,bullet,44,Lost,3/28/2019
1random,2737,ViIIagra,2839,Black,1 min,bullet,61,Lost,3/27/2019
1random,2743,ViIIagra,2833,White,1 min,bullet,49,Lost,3/27/2019
1random,2749,ViIIagra,2827,Black,1 min,bullet,40,Lost,3/27/2019
1random,2756,ViIIagra,2820,White,1 min,bullet,67,Won,3/27/2019
1random,2746,ViIIagra,2830,Black,1 min,bullet,70,Draw,3/27/2019
1random,2744,ViIIagra,2832,White,1 min,bullet,84,Lost,3/27/2019
1random,2750,ViIIagra,2826,Black,1 min,bullet,46,Won,3/27/2019
1random,2740,ViIIagra,2836,White,1 min,bullet,30,Lost,3/27/2019
1random,2746,ViIIagra,2830,Black,1 min,bullet,55,Draw,3/27/2019
1random,2744,ViIIagra,2832,White,1 min,bullet,58,Lost,3/27/2019