player,player_rating,opponent,opponent_rating,side,time_control,time_category,moves,result,date
1random,2811,Divertissement,2725,White,1 min,bullet,48,Won,4/6/2019
1random,2805,Divertissement,2731,Black,1 min,bullet,72,Won,4/6/2019
1random,2798,Divertissement,2738,White,1 min,bullet,65,Won,4/6/2019
1random,2791,Divertissement,2745,Black,1 min,bullet,31,Lost,4/6/2019
1random,2800,Divertissement,2736,White,1 min,bullet,52,Lost,4/6/2019
1random,2810,Divertissement,2726,Black,1 min,bullet,70,Won,4/6/2019
1random,2804,Divertissement,2732,White,1 min,bullet,38,Lost,4/6/2019
1random,2814,Divertissement,2722,Black,1 min,bullet,28,Lost,4/6/2019
1random,2825,Divertissement,2711,White,1 min,bullet,33,Won,4/6/2019
1random,2819,Divertissement,2717,Black,1 min,bullet,21,Lost,4/6/2019
1random,2830,Divertissement,2706,White,1 min,bullet,32,Won,4/6/2019
1random,2825,Divertissement,2711,Black,1 min,bullet,47,Lost,4/6/2019
1random,2836,Divertissement,2700,White,1 min,bullet,31,Lost,4/6/2019
1random,2847,Divertissement,2689,Black,1 min,bullet,20,Won,4/6/2019
1random,2842,Divertissement,2694,White,1 min,bullet,36,Won,4/6/2019
1random,2837,Divertissement,2699,Black,1 min,bullet,27,Won,4/6/2019
1random,2832,Divertissement,2704,White,1 min,bullet,69,Won,4/6/2019
1random,2827,Divertissement,2709,Black,1 min,bullet,73,Draw,4/6/2019
1random,2830,Divertissement,2706,White,1 min,bullet,23,Lost,4/6/2019
1random,2841,Divertissement,2695,Black,1 min,bullet,57,Won,4/6/2019
1random,2836,Divertissement,2700,White,1 min,bullet,30,Won,4/6/2019
1random,2831,Divertissement,2705,Black,1 min,bullet,73,Draw,4/6/2019
1random,2834,Divertissement,2702,White,1 min,bullet,23,Won,4/6/2019
1random,2829,Divertissement,2707,Black,1 min,bullet,44,Draw,4/6/2019
1random,2832,Divertissement,2704,White,1 min,bullet,52,Won,4/6/2019
1random,2827,Divertissement,2709,Black,1 min,bullet,49,Won,4/6/2019
1random,2821,Divertissement,2715,White,1 min,bullet,27,Lost,4/6/2019
1random,2832,Divertissement,2704,Black,1 min,bullet,37,Lost,4/6/2019
1random,2843,Divertissement,2693,White,1 min,bullet,74,Won,4/6/2019
1random,2838,Divertissement,2698,Black,1 min,bullet,32,Won,4/6/2019
1random,2833,Divertissement,2703,White,1 min,bullet,80,Won,4/6/2019
1random,2828,Divertissement,2708,Black,1 min,bullet,19,Lost,4/6/2019
1random,2839,Divertissement,2697,White,1 min,bullet,53,Won,4/6/2019
1random,2834,Divertissement,2702,Black,1 min,bullet,64,Won,4/6/2019
1random,2829,Divertissement,2707,White,1 min,bullet,31,Lost,4/6/2019
1random,2840,Divertissement,2696,Black,1 min,bullet,65,Won,4/6/2019
1random,2835,FastChance,2801,White,1 min,bullet,54,Won,4/6/2019
1random,2827,FastChance,2809,Black,1 min,bullet,56,Won,4/6/2019
1random,2819,FastChance,2817,White,1 min,bullet,16,Lost,4/6/2019
1random,2827,FastChance,2809,Black,1 min,bullet,33,Won,4/6/2019
1random,2819,FastChance,2817,White,1 min,bullet,75,Won,4/6/2019
1random,2811,FastChance,2825,Black,1 min,bullet,66,Lost,4/6/2019
1random,2819,FastChance,2817,White,1 min,bullet,52,Draw,4/6/2019
1random,2819,FastChance,2817,Black,1 min,bullet,61,Won,4/6/2019
1random,2811,FastChance,2825,White,1 min,bullet,59,Draw,4/6/2019
1random,2811,FastChance,2825,Black,1 min,bullet,88,Lost,4/6/2019
1random,2819,FastChance,2817,White,1 min,bullet,79,Won,4/6/2019
1random,2811,FastChance,2825,Black,1 min,bullet,50,Lost,4/6/2019
1random,2819,FastChance,2817,White,1 min,bullet,61,Lost,4/6/2019
1random,2827,FastChance,2809,Black,1 min,bullet,37,Won,4/6/2019