player,player_rating,opponent,opponent_rating,side,time_control,time_category,moves,result,date
1random,2552,gimmewuchagot,1967,Black,3|2,blitz,122,Won,3/6/2019
1random,2551,gimmewuchagot,1971,White,3|2,blitz,37,Won,3/6/2019
1random,2550,gimmewuchagot,1975,Black,3|2,blitz,12,Won,3/6/2019
1random,2549,gimmewuchagot,1979,White,3 min,blitz,30,Won,3/6/2019
1random,2548,Alexey_Potapov,2710,White,3|2,blitz,14,Lost,3/5/2019
1random,2553,King_of_the_wing,2175,Black,3|2,blitz,44,Won,3/5/2019
1random,2551,raviteja81293,2537,White,3 min,blitz,28,Won,2/23/2019
1random,2543,Uvarov_Andrey,2476,White,3 min,blitz,57,Won,2/21/2019
1random,2536,pedromartinez91,2508,Black,3 min,blitz,27,Won,2/20/2019
1random,2528,BSWPaulsen,2450,Black,3 min,blitz,17,Lost,2/20/2019
1random,2538,PulpanJ,2669,White,3 min,blitz,29,Lost,2/16/2019
1random,2543,PulpanJ,2664,Black,3 min,blitz,69,Draw,2/16/2019
1random,2540,leuname1997,2568,Black,3 min,blitz,21,Lost,2/16/2019
1random,2548,3MusketeersXFrench,2686,Black,3 min,blitz,84,Draw,2/14/2019
1random,2545,3MusketeersXFrench,2689,White,3 min,blitz,82,Lost,2/14/2019
1random,2550,3MusketeersXFrench,2684,Black,3 min,blitz,39,Won,2/14/2019
1random,2539,3MusketeersXFrench,2695,White,3 min,blitz,25,Lost,2/14/2019
1random,2544,3MusketeersXFrench,2690,Black,3 min,blitz,12,Lost,2/14/2019
1random,2549,elpidioafc,2535,White,3 min,blitz,32,Lost,2/14/2019
1random,2558,TinManWinsAgain,2637,Black,3 min,blitz,26,Won,2/12/2019
1random,2548,TinManWinsAgain,2647,White,3 min,blitz,57,Lost,2/12/2019
1random,2554,3MusketeersXFrench,2711,White,3 min,blitz,40,Lost,2/11/2019
1random,2559,3MusketeersXFrench,2706,Black,3 min,blitz,36,Won,2/11/2019
1random,2547,vinniethepooh,2528,Black,3 min,blitz,49,Lost,2/11/2019
1random,2556,24131733,2531,White,3 min,blitz,43,Won,2/11/2019
1random,2548,24131733,2539,Black,3 min,blitz,39,Won,2/11/2019
1random,2540,supertigre,2599,White,3 min,blitz,71,Lost,2/11/2019
1random,2547,Bughousemaniac,2709,White,3 min,blitz,44,Lost,2/11/2019
1random,2552,renjiehuang,2573,Black,3 min,blitz,127,Draw,2/11/2019
1random,2551,renjiehuang,2574,White,3 min,blitz,44,Lost,2/11/2019
1random,2559,renjiehuang,2566,Black,3 min,blitz,61,Lost,2/11/2019
1random,2567,ArnaudovP,2524,White,3 min,blitz,56,Lost,2/11/2019
1random,2576,ArnaudovP,2515,Black,3 min,blitz,14,Won,2/11/2019
1random,2569,ArnaudovP,2522,White,3 min,blitz,59,Won,2/11/2019
1random,2562,ArnaudovP,2529,Black,3 min,blitz,32,Lost,2/11/2019
1random,2571,ArnaudovP,2520,White,3 min,blitz,28,Won,2/11/2019
1random,2564,ArnaudovP,2527,Black,3 min,blitz,40,Won,2/11/2019
1random,2556,ArnaudovP,2535,White,3 min,blitz,55,Won,2/11/2019
1random,2548,ArnaudovP,2543,Black,3 min,blitz,18,Lost,2/11/2019
1random,2557,ArnaudovP,2534,White,3 min,blitz,55,Won,2/11/2019
1random,2549,cekic12345678,2536,White,3 min,blitz,1,Draw,2/11/2019
1random,2549,cekic12345678,2536,Black,3 min,blitz,32,Draw,2/11/2019
1random,2549,MichaelBaron,2527,White,3 min,blitz,15,Draw,2/11/2019
1random,2550,MichaelBaron,2526,Black,3 min,blitz,5,Draw,2/11/2019
1random,2551,ltorresr,2502,White,3 min,blitz,66,Draw,2/10/2019
1random,2552,ltorresr,2501,Black,3 min,blitz,34,Won,2/10/2019
1random,2545,vinniethepooh,2509,White,3 min,blitz,6,Draw,2/10/2019
1random,2546,yian123,2545,White,3 min,blitz,26,Lost,2/10/2019
1random,2554,Edgar_Karagyozyan,2606,Black,3 min,blitz,46,Lost,2/10/2019
1random,2561,Edgar_Karagyozyan,2599,White,3 min,blitz,52,Lost,2/10/2019