player,player_rating,opponent,opponent_rating,side,time_control,time_category,moves,result,date
1random,2575,Dainamon,2630,White,3 min,blitz,38,Lost,1/12/2019
1random,2582,Dainamon,2623,Black,3 min,blitz,28,Won,1/12/2019
1random,2573,Dainamon,2632,White,3 min,blitz,33,Lost,1/12/2019
1random,2580,Nitzan_Steinberg,2740,White,3 min,blitz,40,Lost,1/11/2019
1random,2585,HustleTime,2572,Black,3 min,blitz,44,Won,1/11/2019
1random,2577,renjiehuang,2617,White,3 min,blitz,84,Draw,1/11/2019
1random,2576,GranMonoRadith0903,2547,White,3 min,blitz,42,Won,1/11/2019
1random,2568,matanzas1967,2572,Black,3 min,blitz,49,Won,1/11/2019
1random,2560,matanzas1967,2580,White,3 min,blitz,16,Lost,1/11/2019
1random,2568,Klisk,2568,Black,3 min,blitz,58,Won,1/11/2019
1random,2560,ph0nk,151),Black,5 min,blitz,12,Won,1/10/2019
1random,2560,scm2012,736),White,3 min,blitz,75,Won,1/10/2019
1random,2560,scm2012,736),Black,3 min,blitz,31,Won,1/10/2019
1random,2560,Krackos91,2701,White,3 min,blitz,38,Won,1/10/2019
1random,2548,Krackos91,2713,Black,3 min,blitz,24,Lost,1/10/2019
1random,2553,Krackos91,2708,White,3 min,blitz,35,Won,1/10/2019
1random,2541,Krackos91,2720,Black,3 min,blitz,61,Draw,1/10/2019
1random,2537,Krackos91,2724,White,3 min,blitz,26,Draw,1/10/2019
1random,2533,Krackos91,2728,Black,3 min,blitz,54,Lost,1/10/2019
1random,2537,Krackos91,2724,White,3 min,blitz,26,Lost,1/10/2019
1random,2541,Krackos91,2720,Black,3 min,blitz,45,Won,1/10/2019
1random,2529,Krackos91,2732,White,3 min,blitz,25,Lost,1/10/2019
1random,2533,Krackos91,2728,Black,3 min,blitz,26,Lost,1/10/2019
1random,2537,Krackos91,2724,White,3 min,blitz,35,Won,1/10/2019
1random,2525,Krackos91,2736,Black,3 min,blitz,48,Won,1/10/2019
1random,2512,Krackos91,2749,White,3 min,blitz,26,Won,1/10/2019
1random,2499,Krackos91,2762,Black,3 min,blitz,15,Lost,1/10/2019
1random,2502,SlowPatzer,2506,White,3 min,blitz,73,Lost,1/10/2019
1random,2510,SlowPatzer,2544,Black,3 min,blitz,57,Lost,1/10/2019
1random,2518,nurmiTV,2581,White,3 min,blitz,71,Draw,1/10/2019
1random,2516,chuddog,2502,White,3 min,blitz,20,Draw,1/9/2019
1random,2516,chuddog,2502,Black,3 min,blitz,54,Lost,1/9/2019
1random,2525,chuddog,2493,White,3 min,blitz,59,Won,1/9/2019
1random,2517,Bari_Lindon,2546,White,3 min,blitz,46,Lost,1/9/2019
1random,2525,Bari_Lindon,2538,Black,3 min,blitz,28,Won,1/9/2019
1random,2516,Bari_Lindon,2547,White,3 min,blitz,37,Won,1/9/2019
1random,2507,Bari_Lindon,2556,Black,3 min,blitz,28,Lost,1/9/2019
1random,2514,lavr92,2491,Black,3 min,blitz,49,Lost,1/8/2019
1random,2523,johan_anton,3044,White,3 min,blitz,22,Won,1/4/2019
1random,2508,Grukjr,2555,White,3 min,blitz,56,Lost,12/23/2018
1random,2515,Grukjr,2548,Black,3 min,blitz,49,Lost,12/23/2018
1random,2523,Grukjr,2540,White,3 min,blitz,27,Lost,12/23/2018
1random,2531,Grukjr,2532,Black,3 min,blitz,42,Won,12/23/2018
1random,2523,JapaneseTutor,1954,White,3 min,blitz,28,Won,12/23/2018
1random,2522,JapaneseTutor,1955,Black,3 min,blitz,50,Lost,12/23/2018
1random,2538,JapaneseTutor,1939,White,3 min,blitz,41,Won,12/23/2018
1random,2538,JapaneseTutor,1939,Black,3 min,blitz,41,Won,12/23/2018
1random,2538,PloyPauline,2637,Black,3 min,blitz,68,Lost,12/23/2018
1random,2547,PloyPauline,2505,White,3 min,blitz,55,Draw,12/23/2018
1random,2548,PloyPauline,2462,Black,3 min,blitz,29,Lost,12/23/2018