player,player_rating,opponent,opponent_rating,side,time_control,time_category,moves,result,date
1random,2945,UVEK-LORD-7,3608,Black,1 min,bullet,54,Draw,3/30/2019
1random,2937,UVEK-LORD-7,3645,White,1 min,bullet,57,Won,3/30/2019
1random,2921,penguingm1,3128,Black,30 sec,bullet,48,Won,3/30/2019
1random,2908,penguingm1,3141,White,30 sec,bullet,36,Lost,3/30/2019
1random,2911,penguingm1,3138,Black,30 sec,bullet,32,Lost,3/30/2019
1random,2915,penguingm1,3134,White,30 sec,bullet,58,Lost,3/30/2019
1random,2919,penguingm1,3130,Black,30 sec,bullet,34,Lost,3/30/2019
1random,2923,penguingm1,3126,White,30 sec,bullet,32,Lost,3/30/2019
1random,2927,penguingm1,3122,Black,30 sec,bullet,29,Lost,3/30/2019
1random,2931,penguingm1,3118,White,30 sec,bullet,35,Lost,3/30/2019
1random,2935,penguingm1,3114,Black,30 sec,bullet,46,Lost,3/30/2019
1random,2939,penguingm1,3110,White,30 sec,bullet,15,Lost,3/30/2019
1random,2944,KhalilMousavi77,2971,Black,30 sec,bullet,1,Won,3/30/2019
1random,2935,KhalilMousavi77,2980,White,30 sec,bullet,1,Won,3/30/2019
1random,2926,KhalilMousavi77,2989,White,30 sec,bullet,1,Won,3/30/2019
1random,2916,KhalilMousavi77,2999,Black,30 sec,bullet,76,Draw,3/30/2019
1random,2914,KhalilMousavi77,3001,White,30 sec,bullet,33,Lost,3/30/2019
1random,2920,KhalilMousavi77,2995,Black,30 sec,bullet,67,Lost,3/30/2019
1random,2927,KhalilMousavi77,2988,White,30 sec,bullet,35,Lost,3/30/2019
1random,2934,KhalilMousavi77,2981,Black,30 sec,bullet,43,Won,3/30/2019
1random,2925,KhalilMousavi77,2990,White,30 sec,bullet,70,Lost,3/30/2019
1random,2932,KhalilMousavi77,2983,Black,30 sec,bullet,0,Won,3/30/2019
1random,2922,KhalilMousavi77,2993,Black,30 sec,bullet,47,Won,3/30/2019
1random,2912,KhalilMousavi77,3003,White,30 sec,bullet,57,Lost,3/30/2019
1random,2918,KhalilMousavi77,2997,Black,30 sec,bullet,69,Lost,3/30/2019
1random,2924,KhalilMousavi77,2991,White,30 sec,bullet,64,Won,3/30/2019
1random,2914,KhalilMousavi77,3001,Black,30 sec,bullet,27,Won,3/30/2019
1random,2904,KhalilMousavi77,3011,White,30 sec,bullet,39,Lost,3/30/2019
1random,2910,KhalilMousavi77,3005,Black,30 sec,bullet,70,Won,3/30/2019
1random,2899,KhalilMousavi77,3016,White,30 sec,bullet,71,Lost,3/30/2019
1random,2905,KhalilMousavi77,3010,Black,30 sec,bullet,13,Lost,3/30/2019
1random,2911,manudavid,2907,Black,30 sec,bullet,98,Lost,3/29/2019
1random,2919,manudavid,2899,White,30 sec,bullet,66,Draw,3/29/2019
1random,2920,manudavid,2898,Black,30 sec,bullet,13,Lost,3/29/2019
1random,2929,KhalilMousavi77,3005,White,30 sec,bullet,78,Lost,3/29/2019
1random,2936,KhalilMousavi77,2998,Black,30 sec,bullet,38,Lost,3/29/2019
1random,2943,KhalilMousavi77,2991,White,30 sec,bullet,42,Lost,3/29/2019
1random,2950,KhalilMousavi77,2984,Black,30 sec,bullet,53,Lost,3/29/2019
1random,2958,wonderfultime,3004,White,1 min,bullet,20,Won,3/29/2019
1random,2949,DanielNaroditsky,3085,White,30 sec,bullet,30,Won,3/29/2019
1random,2938,DanielNaroditsky,3096,Black,30 sec,bullet,21,Lost,3/29/2019
1random,2943,Polish_fighter3000,2961,Black,30 sec,bullet,39,Lost,3/28/2019
1random,2951,Polish_fighter3000,2953,White,30 sec,bullet,43,Won,3/28/2019
1random,2943,Polish_fighter3000,2961,Black,30 sec,bullet,63,Won,3/28/2019
1random,2934,Polish_fighter3000,2970,White,30 sec,bullet,45,Lost,3/28/2019
1random,2942,Polish_fighter3000,2962,Black,30 sec,bullet,61,Won,3/28/2019
1random,2933,Polish_fighter3000,2971,White,30 sec,bullet,42,Lost,3/28/2019
1random,2940,Polish_fighter3000,2964,Black,30 sec,bullet,48,Lost,3/28/2019
1random,2948,Polish_fighter3000,2956,White,30 sec,bullet,49,Won,3/28/2019
1random,2939,Polish_fighter3000,2965,Black,30 sec,bullet,31,Won,3/28/2019