player,player_rating,opponent,opponent_rating,side,time_control,time_category,moves,result,date
1random,2896,TigranLPetrosyan,2849,White,30 sec,bullet,46,Lost,4/1/2019
1random,2905,TigranLPetrosyan,2840,Black,30 sec,bullet,61,Draw,4/1/2019
1random,2907,TigranLPetrosyan,2838,White,30 sec,bullet,47,Won,4/1/2019
1random,2900,TigranLPetrosyan,2845,Black,30 sec,bullet,30,Won,4/1/2019
1random,2893,TigranLPetrosyan,2852,White,30 sec,bullet,33,Lost,4/1/2019
1random,2902,TigranLPetrosyan,2843,Black,30 sec,bullet,74,Draw,4/1/2019
1random,2903,TigranLPetrosyan,2842,White,30 sec,bullet,40,Won,4/1/2019
1random,2896,Zhigalko_Sergei,3101,White,30 sec,bullet,25,Lost,4/1/2019
1random,2900,Zhigalko_Sergei,3097,Black,30 sec,bullet,50,Lost,4/1/2019
1random,2904,Zhigalko_Sergei,3093,White,30 sec,bullet,33,Lost,4/1/2019
1random,2908,Zhigalko_Sergei,3089,Black,30 sec,bullet,49,Lost,4/1/2019
1random,2912,Zhigalko_Sergei,3085,White,30 sec,bullet,26,Lost,4/1/2019
1random,2916,Zhigalko_Sergei,3081,Black,30 sec,bullet,25,Lost,4/1/2019
1random,2921,Zhigalko_Sergei,3076,White,30 sec,bullet,56,Lost,4/1/2019
1random,2926,Zhigalko_Sergei,3071,Black,30 sec,bullet,24,Lost,4/1/2019
1random,2931,Zhigalko_Sergei,3066,White,30 sec,bullet,26,Lost,4/1/2019
1random,2936,Zhigalko_Sergei,3061,Black,30 sec,bullet,35,Lost,4/1/2019
1random,2941,Zhigalko_Sergei,3056,White,30 sec,bullet,59,Draw,4/1/2019
1random,2938,Zhigalko_Sergei,3059,Black,30 sec,bullet,25,Won,4/1/2019
1random,2927,Zhigalko_Sergei,3070,White,30 sec,bullet,65,Lost,4/1/2019
1random,2932,Zhigalko_Sergei,3065,Black,30 sec,bullet,27,Lost,4/1/2019
1random,2937,Zhigalko_Sergei,3060,White,30 sec,bullet,21,Lost,4/1/2019
1random,2943,Zhigalko_Sergei,3054,Black,30 sec,bullet,53,Won,4/1/2019
1random,2932,Zhigalko_Sergei,3065,White,30 sec,bullet,58,Lost,4/1/2019
1random,2937,Zhigalko_Sergei,3060,Black,30 sec,bullet,80,Lost,4/1/2019
1random,2942,Zhigalko_Sergei,3055,White,30 sec,bullet,39,Lost,4/1/2019
1random,2948,Zhigalko_Sergei,3049,Black,30 sec,bullet,71,Won,4/1/2019
1random,2937,Zhigalko_Sergei,3060,White,30 sec,bullet,50,Lost,4/1/2019
1random,2942,Zhigalko_Sergei,3055,Black,30 sec,bullet,52,Lost,4/1/2019
1random,2948,Zhigalko_Sergei,3049,White,30 sec,bullet,29,Lost,4/1/2019
1random,2954,Zhigalko_Sergei,3043,Black,30 sec,bullet,65,Lost,4/1/2019
1random,2960,Zhigalko_Sergei,3037,White,30 sec,bullet,49,Lost,4/1/2019
1random,2967,Zhigalko_Sergei,3030,Black,30 sec,bullet,28,Lost,4/1/2019
1random,2974,Zhigalko_Sergei,3023,White,30 sec,bullet,28,Lost,4/1/2019
1random,2981,Zhigalko_Sergei,3016,Black,30 sec,bullet,30,Lost,4/1/2019
1random,2989,Firouzja2003,3201,White,30 sec,bullet,51,Lost,3/31/2019
1random,2993,Firouzja2003,3197,Black,30 sec,bullet,32,Lost,3/31/2019
1random,2997,Firouzja2003,3193,White,30 sec,bullet,28,Lost,3/31/2019
1random,3001,Firouzja2003,3189,Black,30 sec,bullet,68,Lost,3/31/2019
1random,3005,Firouzja2003,3185,White,30 sec,bullet,41,Lost,3/31/2019
1random,3009,Firouzja2003,3181,Black,30 sec,bullet,35,Lost,3/31/2019
1random,3013,Firouzja2003,3177,White,30 sec,bullet,82,Lost,3/31/2019
1random,3018,Wkurogane,2957,White,30 sec,bullet,48,Won,3/30/2019
1random,3011,Wkurogane,2964,Black,30 sec,bullet,29,Won,3/30/2019
1random,3004,UVEK-LORD-7,3346,Black,1 min,bullet,70,Won,3/30/2019
1random,2989,UVEK-LORD-7,3407,White,1 min,bullet,38,Draw,3/30/2019
1random,2982,UVEK-LORD-7,3437,Black,1 min,bullet,42,Lost,3/30/2019
1random,2983,UVEK-LORD-7,3432,White,1 min,bullet,51,Draw,3/30/2019
1random,2976,UVEK-LORD-7,3464,Black,1 min,bullet,54,Won,3/30/2019
1random,2961,UVEK-LORD-7,3535,White,1 min,bullet,33,Won,3/30/2019