player,player_rating,opponent,opponent_rating,side,time_control,time_category,moves,result,date
1random,2797,PulpanJ,2721,White,30 sec,bullet,56,Won,4/11/2019
1random,2790,PulpanJ,2728,Black,30 sec,bullet,47,Won,4/11/2019
1random,2783,Joshukid,2662,White,30 sec,bullet,50,Lost,4/10/2019
1random,2794,Joshukid,2651,White,30 sec,bullet,68,Lost,4/10/2019
1random,2806,Joshukid,2639,Black,30 sec,bullet,53,Won,4/10/2019
1random,2801,Joshukid,2644,White,30 sec,bullet,65,Draw,4/10/2019
1random,2804,Joshukid,2641,Black,30 sec,bullet,65,Draw,4/10/2019
1random,2808,Joshukid,2637,Black,30 sec,bullet,44,Won,4/10/2019
1random,2803,Joshukid,2642,White,30 sec,bullet,68,Won,4/10/2019
1random,2798,Joshukid,2647,Black,30 sec,bullet,62,Won,4/10/2019
1random,2793,Joshukid,2652,White,30 sec,bullet,60,Won,4/10/2019
1random,2788,Joshukid,2657,Black,30 sec,bullet,33,Won,4/10/2019
1random,2783,Joshukid,2662,White,30 sec,bullet,65,Won,4/10/2019
1random,2777,Joshukid,2668,Black,30 sec,bullet,57,Won,4/10/2019
1random,2771,Joshukid,2674,White,30 sec,bullet,90,Draw,4/10/2019
1random,2773,Joshukid,2672,Black,30 sec,bullet,32,Won,4/10/2019
1random,2767,Joshukid,2678,White,30 sec,bullet,38,Won,4/10/2019
1random,2761,Joshukid,2684,Black,30 sec,bullet,67,Lost,4/10/2019
1random,2771,Joshukid,2674,White,30 sec,bullet,24,Lost,4/10/2019
1random,2782,Joshukid,2663,Black,30 sec,bullet,54,Lost,4/10/2019
1random,2793,Joshukid,2652,White,30 sec,bullet,42,Lost,4/10/2019
1random,2804,Joshukid,2641,Black,30 sec,bullet,61,Lost,4/10/2019
1random,2816,Joshukid,2629,White,30 sec,bullet,57,Lost,4/10/2019
1random,2828,Joshukid,2617,Black,30 sec,bullet,25,Won,4/10/2019
1random,2824,Joshukid,2621,White,30 sec,bullet,68,Won,4/10/2019
1random,2820,Joshukid,2625,Black,30 sec,bullet,20,Lost,4/10/2019
1random,2832,Joshukid,2613,White,30 sec,bullet,42,Won,4/10/2019
1random,2828,vladislavkovalev,2718,White,1 min,bullet,59,Lost,4/10/2019
1random,2839,irregularity,2548,White,30 sec,bullet,67,Lost,4/10/2019
1random,2853,irregularity,2534,Black,30 sec,bullet,25,Won,4/10/2019
1random,2851,4Justice01,2777,Black,30 sec,bullet,53,Lost,4/10/2019
1random,2861,4Justice01,2767,White,30 sec,bullet,30,Won,4/10/2019
1random,2855,4Justice01,2773,Black,30 sec,bullet,66,Draw,4/10/2019
1random,2857,4Justice01,2771,White,30 sec,bullet,34,Lost,4/10/2019
1random,2867,4Justice01,2761,Black,30 sec,bullet,62,Draw,4/10/2019
1random,2869,Micki-taryan,2909,White,30 sec,bullet,70,Won,4/10/2019
1random,2860,Micki-taryan,2918,Black,30 sec,bullet,47,Won,4/10/2019
1random,2850,Micki-taryan,2928,White,30 sec,bullet,36,Won,4/10/2019
1random,2840,PulpanJ,2745,White,30 sec,bullet,43,Won,4/9/2019
1random,2834,PulpanJ,2751,Black,30 sec,bullet,43,Won,4/9/2019
1random,2828,manudavid,2748,Black,30 sec,bullet,26,Won,4/9/2019
1random,2822,manudavid,2754,White,30 sec,bullet,22,Won,4/9/2019
1random,2815,CaptainCasanova,2598,White,30 sec,bullet,20,Won,4/9/2019
1random,2811,CaptainCasanova,2602,Black,30 sec,bullet,27,Won,4/9/2019
1random,2807,CaptainCasanova,2606,White,30 sec,bullet,58,Lost,4/9/2019
1random,2820,CaptainCasanova,2593,Black,30 sec,bullet,53,Won,4/9/2019
1random,2816,CaptainCasanova,2597,White,30 sec,bullet,26,Won,4/9/2019
1random,2812,CaptainCasanova,2601,Black,30 sec,bullet,18,Won,4/9/2019
1random,2808,CaptainCasanova,2605,White,30 sec,bullet,21,Won,4/9/2019
1random,2804,CaptainCasanova,2609,Black,30 sec,bullet,42,Won,4/9/2019