player,player_rating,opponent,opponent_rating,side,time_control,time_category,moves,result,date
1random,2587,Buzhizhebuguai,2515,White,3 min,blitz,17,Won,10/29/2018
1random,2580,Buzhizhebuguai,2522,Black,3 min,blitz,43,Won,10/29/2018
1random,2573,Buzhizhebuguai,2529,White,3 min,blitz,26,Won,10/29/2018
1random,2566,ClightCCC,2406,Black,3 min,blitz,25,Won,10/29/2018
1random,2561,Sameer555,2480,White,3 min,blitz,63,Won,10/29/2018
1random,2555,Sameer555,2486,Black,3 min,blitz,24,Won,10/29/2018
1random,2548,Sameer555,2493,White,3 min,blitz,34,Lost,10/29/2018
1random,2558,Sameer555,2483,Black,3 min,blitz,59,Lost,10/29/2018
1random,2568,Jora_Barygin,2435,White,3 min,blitz,44,Won,10/29/2018
1random,2563,Jora_Barygin,2440,Black,3 min,blitz,81,Won,10/29/2018
1random,2557,Massaget001,2467,White,3 min,blitz,36,Won,10/29/2018
1random,2551,adypady02,2540,White,3 min,blitz,64,Won,10/29/2018
1random,2543,adypady02,2548,Black,3 min,blitz,54,Lost,10/29/2018
1random,2551,adypady02,2540,White,3 min,blitz,4,Draw,10/29/2018
1random,2551,adypady02,2540,Black,3 min,blitz,8,Draw,10/29/2018
1random,2551,adypady02,2540,White,3 min,blitz,12,Won,10/29/2018
1random,2543,adypady02,2548,Black,3 min,blitz,64,Won,10/29/2018
1random,2534,adypady02,2557,White,3 min,blitz,9,Draw,10/29/2018
1random,2533,adypady02,2558,Black,3 min,blitz,13,Lost,10/29/2018
1random,2541,adypady02,2550,White,3 min,blitz,38,Won,10/29/2018
1random,2532,adypady02,2559,Black,3 min,blitz,45,Won,10/29/2018
1random,2523,adypady02,2568,White,3 min,blitz,33,Lost,10/29/2018
1random,2530,adypady02,2561,Black,3 min,blitz,54,Won,10/29/2018
1random,2521,adypady02,2570,White,3 min,blitz,22,Won,10/29/2018
1random,2511,adypady02,2580,Black,3 min,blitz,26,Lost,10/29/2018
1random,2518,ekurtz,2528,White,3 min,blitz,22,Lost,10/28/2018
1random,2526,adypady02,2573,White,3 min,blitz,12,Won,10/28/2018
1random,2517,adypady02,2582,Black,3 min,blitz,23,Lost,10/28/2018
1random,2524,chuddog,2373,Black,3 min,blitz,71,Won,10/28/2018
1random,2519,chuddog,2378,White,3 min,blitz,46,Lost,10/28/2018
1random,2531,GMMelik,2494,Black,5 min,blitz,38,Won,10/28/2018
1random,2524,GMMelik,2501,White,5 min,blitz,11,Lost,10/28/2018
1random,2533,Badmatsyrenov_Oleg,2615,Black,3 min,blitz,59,Lost,10/27/2018
1random,2539,Bari_Lindon,2533,White,3 min,blitz,95,Lost,10/27/2018
1random,2548,KiteZZ,2614,White,3 min,blitz,32,Lost,10/27/2018
1random,2555,gena217,2765,Black,3 min,blitz,40,Lost,10/27/2018
1random,2559,gena217,2761,White,3 min,blitz,45,Lost,10/27/2018
1random,2563,Gyalog75,2540,White,3 min,blitz,48,Won,10/27/2018
1random,2555,Gyalog75,2548,Black,3 min,blitz,66,Draw,10/27/2018
1random,2555,Gyalog75,2548,White,3 min,blitz,50,Won,10/27/2018
1random,2547,ayanakhmetov,2631,Black,3 min,blitz,54,Lost,10/27/2018
1random,2553,NikolaGry,2569,Black,3 min,blitz,44,Won,10/27/2018
1random,2544,NikolaGry,2578,White,3 min,blitz,60,Lost,10/27/2018
1random,2552,NikolaGry,2570,Black,3 min,blitz,52,Draw,10/27/2018
1random,2552,Yanvar,2598,White,3 min,blitz,44,Lost,10/27/2018
1random,2559,want2lose,2711,Black,3 min,blitz,58,Won,10/27/2018
1random,2547,want2lose,2723,White,3 min,blitz,65,Lost,10/27/2018
1random,2551,want2lose,2719,Black,3 min,blitz,50,Lost,10/27/2018
1random,2556,want2lose,2714,White,3 min,blitz,33,Lost,10/27/2018
1random,2561,DoctorSocrates,2498,White,3 min,blitz,28,Won,10/27/2018