player,player_rating,opponent,opponent_rating,side,time_control,time_category,moves,result,date
1random,2486,mmmflatbread,2643,Black,3 min,blitz,45,Draw,2/2/2019
1random,2483,beatles_22,2617,Black,3 min,blitz,13,Lost,2/2/2019
1random,2488,3MusketeersXFrench,2678,White,3 min,blitz,17,Lost,2/1/2019
1random,2492,3MusketeersXFrench,2674,Black,3 min,blitz,69,Lost,2/1/2019
1random,2496,3MusketeersXFrench,2670,White,3 min,blitz,39,Won,2/1/2019
1random,2484,3MusketeersXFrench,2682,Black,3 min,blitz,47,Won,2/1/2019
1random,2471,3MusketeersXFrench,2695,White,3 min,blitz,76,Lost,2/1/2019
1random,2475,3MusketeersXFrench,2691,Black,3 min,blitz,52,Won,2/1/2019
1random,2462,3MusketeersXFrench,2704,White,3 min,blitz,15,Lost,2/1/2019
1random,2465,3MusketeersXFrench,2701,Black,3 min,blitz,9,Lost,2/1/2019
1random,2468,3MusketeersXFrench,2698,White,3 min,blitz,21,Lost,2/1/2019
1random,2471,3MusketeersXFrench,2695,Black,3 min,blitz,33,Lost,2/1/2019
1random,2475,3MusketeersXFrench,2691,White,3 min,blitz,17,Lost,2/1/2019
1random,2479,3MusketeersXFrench,2687,Black,3 min,blitz,61,Lost,2/1/2019
1random,2483,3MusketeersXFrench,2683,White,3 min,blitz,20,Lost,2/1/2019
1random,2487,3MusketeersXFrench,2679,Black,3 min,blitz,90,Lost,2/1/2019
1random,2491,3MusketeersXFrench,2675,White,3 min,blitz,26,Lost,2/1/2019
1random,2495,3MusketeersXFrench,2671,Black,3 min,blitz,25,Won,2/1/2019
1random,2483,3MusketeersXFrench,2683,White,3 min,blitz,33,Lost,2/1/2019
1random,2487,3MusketeersXFrench,2679,Black,3 min,blitz,53,Won,2/1/2019
1random,2475,Zenzo,2535,White,3 min,blitz,57,Lost,1/31/2019
1random,2482,Gyalog75,2563,Black,3 min,blitz,25,Lost,1/31/2019
1random,2488,Lying-Ted,2445,White,3 min,blitz,64,Won,1/31/2019
1random,2481,Jbgd,2504,Black,3 min,blitz,3,Lost,1/31/2019
1random,2489,dimailuka,2520,Black,3 min,blitz,26,Won,1/31/2019
1random,2480,albi1999,2514,Black,3 min,blitz,88,Draw,1/31/2019
1random,2479,onamorsi,2609,Black,3 min,blitz,28,Lost,1/31/2019
1random,2484,kflorian98,2578,White,3 min,blitz,28,Won,1/31/2019
1random,2473,aaaao,2493,Black,3 min,blitz,24,Lost,1/31/2019
1random,2481,Udysseus1,2613,White,3 min,blitz,26,Lost,1/30/2019
1random,2486,LilGucciPump,2481,White,3 min,blitz,25,Lost,1/30/2019
1random,2495,adi007bond,2479,White,3 min,blitz,34,Lost,1/30/2019
1random,2504,Kornelone99,2516,Black,3 min,blitz,25,Lost,1/29/2019
1random,2512,Doraemon7,2496,White,3 min,blitz,60,Lost,1/29/2019
1random,2521,Doraemon7,2487,Black,3 min,blitz,49,Draw,1/29/2019
1random,2522,Doraemon7,2486,White,3 min,blitz,58,Draw,1/29/2019
1random,2523,Doraemon7,2485,Black,3 min,blitz,76,Draw,1/29/2019
1random,2524,Alexaarneo,2554,White,3 min,blitz,25,Lost,1/29/2019
1random,2532,Yurovskykh_Alexander,2513,Black,3 min,blitz,79,Won,1/28/2019
1random,2524,Yurovskykh_Alexander,2521,White,3 min,blitz,34,Lost,1/28/2019
1random,2532,Yurovskykh_Alexander,2513,Black,3 min,blitz,60,Lost,1/28/2019
1random,2541,ChristopherYoo,2637,Black,3 min,blitz,63,Won,1/28/2019
1random,2530,tuxy23,2467,White,3 min,blitz,53,Won,1/28/2019
1random,2523,AlonYoavK,2544,White,3 min,blitz,49,Won,1/28/2019
1random,2514,AlonYoavK,2553,Black,3 min,blitz,26,Lost,1/28/2019
1random,2521,fm_magua,2516,White,3 min,blitz,28,Lost,1/28/2019
1random,2529,francyIM,2564,White,3 min,blitz,55,Lost,1/28/2019
1random,2537,francyIM,2556,Black,3 min,blitz,24,Won,1/28/2019
1random,2528,francyIM,2565,White,3 min,blitz,29,Won,1/28/2019
1random,2519,Alexaarneo,2561,Black,3 min,blitz,30,Lost,1/28/2019