player,player_rating,opponent,opponent_rating,side,time_control,time_category,moves,result,date
1random,2930,Polish_fighter3000,2974,White,30 sec,bullet,35,Lost,3/28/2019
1random,2937,Polish_fighter3000,2967,Black,30 sec,bullet,37,Won,3/28/2019
1random,2928,Polish_fighter3000,2976,White,30 sec,bullet,68,Won,3/28/2019
1random,2919,Polish_fighter3000,2985,Black,30 sec,bullet,41,Lost,3/28/2019
1random,2926,Polish_fighter3000,2978,White,30 sec,bullet,59,Won,3/28/2019
1random,2916,Polish_fighter3000,2988,Black,30 sec,bullet,44,Won,3/28/2019
1random,2906,Polish_fighter3000,2998,White,30 sec,bullet,25,Lost,3/28/2019
1random,2912,Polish_fighter3000,2992,Black,30 sec,bullet,57,Lost,3/28/2019
1random,2918,Polish_fighter3000,2986,White,30 sec,bullet,45,Lost,3/28/2019
1random,2925,Polish_fighter3000,2979,Black,30 sec,bullet,34,Lost,3/28/2019
1random,2932,Polish_fighter3000,2972,White,30 sec,bullet,64,Draw,3/28/2019
1random,2931,Polish_fighter3000,2973,Black,30 sec,bullet,16,Lost,3/28/2019
1random,2938,Polish_fighter3000,2966,White,30 sec,bullet,39,Won,3/28/2019
1random,2929,Polish_fighter3000,2975,Black,30 sec,bullet,70,Lost,3/28/2019
1random,2936,Polish_fighter3000,2968,White,30 sec,bullet,55,Won,3/28/2019
1random,2927,Polish_fighter3000,2977,Black,30 sec,bullet,44,Won,3/28/2019
1random,2917,Polish_fighter3000,2987,White,30 sec,bullet,30,Lost,3/28/2019
1random,2924,Polish_fighter3000,2980,Black,30 sec,bullet,20,Lost,3/28/2019
1random,2931,Polish_fighter3000,2973,White,30 sec,bullet,57,Won,3/28/2019
1random,2922,Polish_fighter3000,2982,Black,30 sec,bullet,64,Lost,3/28/2019
1random,2929,Polish_fighter3000,2975,White,30 sec,bullet,30,Lost,3/28/2019
1random,2936,Polish_fighter3000,2968,Black,30 sec,bullet,34,Won,3/28/2019
1random,2927,Polish_fighter3000,2977,White,30 sec,bullet,20,Lost,3/28/2019
1random,2934,Polish_fighter3000,2970,Black,30 sec,bullet,31,Lost,3/28/2019
1random,2942,Polish_fighter3000,2962,White,30 sec,bullet,55,Lost,3/28/2019
1random,2950,Polish_fighter3000,2954,Black,30 sec,bullet,63,Won,3/28/2019
1random,2941,Polish_fighter3000,2963,White,30 sec,bullet,49,Won,3/28/2019
1random,2932,Polish_fighter3000,2972,Black,30 sec,bullet,63,Won,3/28/2019
1random,2923,Polish_fighter3000,2981,White,30 sec,bullet,47,Lost,3/28/2019
1random,2930,Polish_fighter3000,2974,Black,30 sec,bullet,49,Lost,3/28/2019
1random,2937,Polish_fighter3000,2967,White,30 sec,bullet,26,Lost,3/28/2019
1random,2945,Polish_fighter3000,2959,Black,30 sec,bullet,38,Won,3/28/2019
1random,2936,Polish_fighter3000,2968,White,30 sec,bullet,48,Won,3/28/2019
1random,2927,Polish_fighter3000,2977,Black,30 sec,bullet,50,Won,3/28/2019
1random,2917,Polish_fighter3000,2987,White,30 sec,bullet,62,Won,3/28/2019
1random,2907,Polish_fighter3000,2997,Black,30 sec,bullet,69,Draw,3/28/2019
1random,2905,Polish_fighter3000,2999,White,30 sec,bullet,27,Lost,3/28/2019
1random,2911,Polish_fighter3000,2993,Black,30 sec,bullet,47,Lost,3/28/2019
1random,2917,Polish_fighter3000,2987,White,30 sec,bullet,72,Won,3/28/2019
1random,2907,Polish_fighter3000,2997,Black,30 sec,bullet,22,Lost,3/28/2019
1random,2913,Polish_fighter3000,2991,White,30 sec,bullet,56,Won,3/28/2019
1random,2903,Polish_fighter3000,3001,Black,30 sec,bullet,38,Lost,3/28/2019
1random,2909,Polish_fighter3000,2995,White,30 sec,bullet,44,Won,3/28/2019
1random,2899,Polish_fighter3000,3005,Black,30 sec,bullet,27,Lost,3/28/2019
1random,2905,Polish_fighter3000,2999,White,30 sec,bullet,16,Lost,3/28/2019
1random,2911,Polish_fighter3000,2993,Black,30 sec,bullet,47,Won,3/28/2019
1random,2901,Polish_fighter3000,3003,White,30 sec,bullet,30,Lost,3/28/2019
1random,2907,Polish_fighter3000,2997,Black,30 sec,bullet,18,Lost,3/28/2019
1random,2913,Polish_fighter3000,2991,White,30 sec,bullet,27,Lost,3/28/2019
1random,2920,Polish_fighter3000,2984,Black,30 sec,bullet,21,Lost,3/28/2019