player,player_rating,opponent,opponent_rating,side,time_control,time_category,moves,result,date
1random,2867,manudavid,2917,Black,30 sec,bullet,50,Won,3/28/2019
1random,2857,manudavid,2927,White,30 sec,bullet,63,Won,3/28/2019
1random,2847,manudavid,2937,Black,30 sec,bullet,35,Lost,3/28/2019
1random,2853,manudavid,2931,White,30 sec,bullet,67,Won,3/28/2019
1random,2843,manudavid,2941,Black,30 sec,bullet,42,Lost,3/28/2019
1random,2849,manudavid,2935,White,30 sec,bullet,33,Lost,3/28/2019
1random,2855,manudavid,2929,Black,30 sec,bullet,73,Draw,3/28/2019
1random,2853,manudavid,2931,White,30 sec,bullet,5,Won,3/28/2019
1random,2843,manudavid,2941,Black,30 sec,bullet,45,Won,3/28/2019
1random,2832,maloy07,2714,White,30 sec,bullet,43,Won,3/28/2019
1random,2826,maloy07,2720,Black,30 sec,bullet,7,Won,3/28/2019
1random,2820,3MusketeersXFrench,2937,White,30 sec,bullet,41,Lost,3/28/2019
1random,2826,michaelq2d5,2759,White,30 sec,bullet,33,Lost,3/28/2019
1random,2836,michaelq2d5,2749,Black,30 sec,bullet,14,Lost,3/28/2019
1random,2846,michaelq2d5,2739,White,30 sec,bullet,58,Won,3/28/2019
1random,2840,michaelq2d5,2745,Black,30 sec,bullet,24,Won,3/28/2019
1random,2834,michaelq2d5,2751,White,30 sec,bullet,23,Lost,3/28/2019
1random,2844,michaelq2d5,2741,Black,30 sec,bullet,45,Won,3/28/2019
1random,2838,michaelq2d5,2747,White,30 sec,bullet,27,Won,3/28/2019
1random,2832,michaelq2d5,2753,Black,30 sec,bullet,15,Won,3/28/2019
1random,2825,michaelq2d5,2760,White,30 sec,bullet,25,Won,3/28/2019
1random,2818,michaelq2d5,2767,Black,30 sec,bullet,61,Won,3/28/2019
1random,2811,michaelq2d5,2774,White,30 sec,bullet,49,Lost,3/28/2019
1random,2820,michaelq2d5,2765,Black,30 sec,bullet,54,Draw,3/28/2019
1random,2821,michaelq2d5,2764,White,30 sec,bullet,40,Lost,3/28/2019
1random,2831,michaelq2d5,2754,Black,30 sec,bullet,16,Won,3/28/2019
1random,2824,michaelq2d5,2761,White,30 sec,bullet,66,Draw,3/28/2019
1random,2825,michaelq2d5,2760,Black,30 sec,bullet,32,Won,3/28/2019
1random,2818,michaelq2d5,2767,White,30 sec,bullet,56,Won,3/28/2019
1random,2811,michaelq2d5,2774,Black,30 sec,bullet,24,Won,3/28/2019
1random,2803,michaelq2d5,2782,White,30 sec,bullet,67,Draw,3/28/2019
1random,2803,michaelq2d5,2782,Black,30 sec,bullet,21,Lost,3/28/2019
1random,2812,michaelq2d5,2773,White,30 sec,bullet,33,Lost,3/28/2019
1random,2821,michaelq2d5,2764,Black,30 sec,bullet,41,Lost,3/28/2019
1random,2831,michaelq2d5,2754,White,30 sec,bullet,71,Draw,3/28/2019
1random,2833,michaelq2d5,2752,Black,30 sec,bullet,23,Won,3/28/2019
1random,2827,michaelq2d5,2758,White,30 sec,bullet,67,Lost,3/28/2019
1random,2837,michaelq2d5,2748,Black,30 sec,bullet,44,Won,3/28/2019
1random,2831,michaelq2d5,2754,White,30 sec,bullet,42,Won,3/28/2019
1random,2824,michaelq2d5,2761,Black,30 sec,bullet,64,Draw,3/28/2019
1random,2826,michaelq2d5,2759,White,30 sec,bullet,45,Lost,3/28/2019
1random,2836,michaelq2d5,2749,Black,30 sec,bullet,74,Lost,3/28/2019
1random,2846,michaelq2d5,2739,White,30 sec,bullet,29,Won,3/28/2019
1random,2840,michaelq2d5,2745,Black,30 sec,bullet,57,Draw,3/28/2019
1random,2842,michaelq2d5,2743,White,30 sec,bullet,17,Won,3/28/2019
1random,2836,michaelq2d5,2749,Black,30 sec,bullet,38,Draw,3/28/2019
1random,2838,michaelq2d5,2747,White,30 sec,bullet,6,Won,3/28/2019
1random,2832,michaelq2d5,2753,Black,30 sec,bullet,40,Lost,3/28/2019
1random,2842,michaelq2d5,2743,White,30 sec,bullet,33,Won,3/28/2019
1random,2836,michaelq2d5,2749,Black,30 sec,bullet,70,Lost,3/28/2019