player,player_rating,opponent,opponent_rating,side,time_control,time_category,moves,result,date
1random,2526,shosti-73,2644,Black,3 min,blitz,17,Lost,1/28/2019
1random,2532,Joshukid,2664,Black,3 min,blitz,51,Lost,1/28/2019
1random,2537,Joshukid,2659,White,3 min,blitz,59,Won,1/28/2019
1random,2526,shosti-73,2636,White,3 min,blitz,9,Lost,1/28/2019
1random,2532,irregularity,2515,White,3 min,blitz,62,Lost,1/28/2019
1random,2541,irregularity,2506,Black,3 min,blitz,16,Won,1/28/2019
1random,2533,SuperCheese,2584,White,3 min,blitz,60,Lost,1/28/2019
1random,2540,morfius,2552,Black,3 min,blitz,46,Lost,1/28/2019
1random,2548,morfius,2543,White,3 min,blitz,83,Draw,1/28/2019
1random,2548,AntonShomoev,2645,White,3 min,blitz,18,Won,1/28/2019
1random,2537,DevikBronstein,2573,Black,3 min,blitz,28,Lost,1/28/2019
1random,2544,DevikBronstein,2566,White,3 min,blitz,53,Lost,1/28/2019
1random,2552,DevikBronstein,2558,Black,3 min,blitz,29,Draw,1/28/2019
1random,2552,idvidal,2527,Black,3 min,blitz,7,Lost,1/28/2019
1random,2561,Neftegor,2497,White,3 min,blitz,43,Won,1/28/2019
1random,2554,Joshukid,2648,Black,3 min,blitz,48,Won,1/28/2019
1random,2543,Joshukid,2659,White,3 min,blitz,66,Lost,1/28/2019
1random,2549,Joshukid,2653,Black,3 min,blitz,53,Won,1/28/2019
1random,2538,chessmaxusa,2498,Black,3 min,blitz,73,Won,1/28/2019
1random,2531,chessmaxusa,2505,White,3 min,blitz,3,Draw,1/28/2019
1random,2532,Caminator2000,2507,Black,3 min,blitz,37,Won,1/28/2019
1random,2524,Caminator2000,2515,White,3 min,blitz,41,Won,1/28/2019
1random,2516,TheButcher,2685,White,3 min,blitz,19,Won,1/28/2019
1random,2504,TheButcher,2697,Black,3 min,blitz,8,Lost,1/28/2019
1random,2508,TheButcher,2693,White,3 min,blitz,45,Lost,1/28/2019
1random,2512,TheButcher,2689,Black,3 min,blitz,19,Lost,1/28/2019
1random,2516,TheButcher,2685,White,3 min,blitz,43,Lost,1/28/2019
1random,2521,TheButcher,2680,Black,3 min,blitz,65,Lost,1/28/2019
1random,2526,TheButcher,2675,White,3 min,blitz,85,Won,1/28/2019
1random,2514,jedipredator,2571,Black,3 min,blitz,68,Draw,1/28/2019
1random,2513,jedipredator,2572,White,3 min,blitz,23,Won,1/28/2019
1random,2503,jedipredator,2582,Black,3 min,blitz,61,Won,1/28/2019
1random,2493,jedipredator,2592,White,3 min,blitz,48,Won,1/28/2019
1random,2482,jedipredator,2603,Black,3 min,blitz,13,Lost,1/28/2019
1random,2488,jedipredator,2597,White,3 min,blitz,30,Lost,1/28/2019
1random,2494,Tiqr777,2524,White,3 min,blitz,49,Won,1/27/2019
1random,2485,Ashtangi,2444,Black,3|2,blitz,12,Lost,1/27/2019
1random,2494,Guriempire,2583,Black,3 min,blitz,68,Lost,1/27/2019
1random,2500,ElHelvetico,2594,White,3 min,blitz,52,Lost,1/27/2019
1random,2506,ElHelvetico,2588,Black,3 min,blitz,26,Won,1/27/2019
1random,2496,padam19,2557,Black,3 min,blitz,60,Lost,1/27/2019
1random,2503,padam19,2550,White,3 min,blitz,36,Lost,1/27/2019
1random,2510,Keaton87,2524,White,3|2,blitz,37,Draw,1/27/2019
1random,2510,Keaton87,2524,Black,3|2,blitz,85,Lost,1/27/2019
1random,2518,Keaton87,2516,White,3|2,blitz,36,Lost,1/27/2019
1random,2526,Keaton87,2508,Black,3|2,blitz,50,Lost,1/27/2019
1random,2535,Keaton87,2499,White,3|2,blitz,63,Draw,1/27/2019
1random,2536,Keaton87,2498,Black,3|2,blitz,50,Won,1/27/2019
1random,2529,Alliswell998,2476,Black,3 min,blitz,62,Lost,1/27/2019
1random,2539,Alliswell998,2466,White,3 min,blitz,89,Lost,1/27/2019