player,player_rating,opponent,opponent_rating,side,time_control,time_category,moves,result,date
1random,2564,ClickBot,2510,White,3 min,blitz,28,Won,11/6/2018
1random,2557,hurricane7791,2680,White,3 min,blitz,49,Lost,11/5/2018
1random,2562,Megazz66,2646,Black,3 min,blitz,29,Won,11/5/2018
1random,2552,Megazz66,2656,White,3 min,blitz,33,Won,11/5/2018
1random,2541,Megazz66,2667,Black,3 min,blitz,44,Won,11/5/2018
1random,2530,ChubbyPandaEzebat,2583,White,3 min,blitz,73,Lost,11/5/2018
1random,2537,DavidMarkosyan,2544,White,3 min,blitz,35,Lost,11/5/2018
1random,2545,DavidMarkosyan,2536,Black,3 min,blitz,80,Won,11/5/2018
1random,2537,MarcTylerArnold,2607,White,3 min,blitz,23,Won,11/5/2018
1random,2527,MarcTylerArnold,2617,Black,3 min,blitz,66,Won,11/5/2018
1random,2517,MarcTylerArnold,2627,White,3 min,blitz,36,Won,11/5/2018
1random,2506,MarcTylerArnold,2638,Black,3 min,blitz,42,Lost,11/5/2018
1random,2511,MarcTylerArnold,2633,White,3 min,blitz,35,Lost,11/5/2018
1random,2517,MarcTylerArnold,2627,Black,3 min,blitz,81,Lost,11/5/2018
1random,2523,MarcTylerArnold,2621,White,3 min,blitz,11,Lost,11/5/2018
1random,2529,ekurtz,2376,Black,3 min,blitz,42,Won,11/5/2018
1random,2524,LPSupi,2724,Black,3 min,blitz,18,Lost,11/5/2018
1random,2528,asg2,2517,Black,3 min,blitz,24,Draw,11/4/2018
1random,2528,QDcoach,2672,Black,3 min,blitz,32,Draw,11/4/2018
1random,2517,BrainFish_181102_CPU,2844,White,3 min,blitz,13,Won,11/4/2018
1random,2503,BrainFish_181102_CPU,2859,Black,3 min,blitz,28,Lost,11/4/2018
1random,2505,BrainFish_181102_CPU,2857,White,3 min,blitz,183,Lost,11/4/2018
1random,2507,BrainFish_181102_CPU,2855,Black,3 min,blitz,32,Lost,11/4/2018
1random,2509,BrainFish_181102_CPU,2853,White,3 min,blitz,19,Lost,11/4/2018
1random,2511,astralpulse,2579,Black,3 min,blitz,48,Won,11/4/2018
1random,2501,astralpulse,2589,White,3 min,blitz,61,Won,11/4/2018
1random,2491,astralpulse,2599,Black,3 min,blitz,47,Lost,11/4/2018
1random,2497,astralpulse,2593,White,3 min,blitz,44,Lost,11/4/2018
1random,2503,astralpulse,2587,Black,3 min,blitz,23,Won,11/4/2018
1random,2493,astralpulse,2597,White,3 min,blitz,51,Won,11/4/2018
1random,2482,astralpulse,2608,Black,3 min,blitz,39,Lost,11/4/2018
1random,2487,astralpulse,2603,White,3 min,blitz,31,Lost,11/4/2018
1random,2493,astralpulse,2597,Black,3 min,blitz,48,Lost,11/4/2018
1random,2499,astralpulse,2591,White,3 min,blitz,56,Won,11/4/2018
1random,2488,astralpulse,2602,Black,3 min,blitz,23,Lost,11/4/2018
1random,2494,astralpulse,2596,White,3 min,blitz,65,Lost,11/4/2018
1random,2500,Arthur_Lucas,2397,White,5 min,blitz,33,Won,11/2/2018
1random,2494,Hikaru,3026,Black,5 min,blitz,30,Lost,11/2/2018
1random,2495,LPSupi,2663,White,3 min,blitz,56,Won,11/2/2018
1random,2483,YOAJM,2600,Black,3 min,blitz,30,Lost,11/1/2018
1random,2489,YOAJM,2594,White,3 min,blitz,3,Draw,11/1/2018
1random,2487,YOAJM,2596,Black,3 min,blitz,88,Lost,11/1/2018
1random,2493,Eduleon,2446,Black,3 min,blitz,23,Lost,11/1/2018
1random,2502,YOAJM,2590,White,3 min,blitz,56,Lost,11/1/2018
1random,2508,YOAJM,2584,Black,3 min,blitz,43,Lost,11/1/2018
1random,2515,YOAJM,2577,White,3 min,blitz,6,Draw,11/1/2018
1random,2514,YOAJM,2578,Black,3 min,blitz,7,Lost,11/1/2018
1random,2521,dangerousfish,2612,Black,3 min,blitz,26,Lost,11/1/2018
1random,2527,Gabix_94,2553,White,3 min,blitz,26,Won,11/1/2018
1random,2518,Gabix_94,2562,Black,3 min,blitz,41,Lost,11/1/2018