player,player_rating,opponent,opponent_rating,side,time_control,time_category,moves,result,date
1stSecond,2742,Kaphrep,2742,White,1 min,bullet,71,Lost,10/17/2017
1stSecond,2750,Kaphrep,2734,Black,1 min,bullet,68,Won,10/17/2017
1stSecond,2742,Kaphrep,2742,White,1 min,bullet,34,Won,10/17/2017
1stSecond,2734,Kaphrep,2750,Black,1 min,bullet,67,Won,10/17/2017
1stSecond,2725,Kaphrep,2759,White,1 min,bullet,23,Lost,10/17/2017
1stSecond,2733,Kaphrep,2751,Black,1 min,bullet,80,Lost,10/17/2017
1stSecond,2741,Duhless,2818,Black,1 min,bullet,27,Won,10/17/2017
1stSecond,2731,Duhless,2828,White,1 min,bullet,57,Won,10/17/2017
1stSecond,2720,Duhless,2839,Black,1 min,bullet,19,Lost,10/17/2017
1stSecond,2726,Duhless,2833,White,1 min,bullet,40,Won,10/17/2017
1stSecond,2715,Duhless,2844,Black,1 min,bullet,51,Lost,10/17/2017
1stSecond,2720,Duhless,2839,White,1 min,bullet,60,Lost,10/17/2017
1stSecond,2726,Duhless,2833,Black,1 min,bullet,59,Lost,10/17/2017
1stSecond,2732,Duhless,2827,White,1 min,bullet,18,Lost,10/17/2017
1stSecond,2738,Duhless,2821,Black,1 min,bullet,16,Lost,10/17/2017
1stSecond,2744,Duhless,2815,White,1 min,bullet,37,Won,10/17/2017
1stSecond,2734,Duhless,2825,Black,1 min,bullet,39,Won,10/17/2017
1stSecond,2724,Duhless,2835,White,1 min,bullet,64,Draw,10/17/2017
1stSecond,2721,Duhless,2838,Black,1 min,bullet,49,Lost,10/17/2017
1stSecond,2727,Duhless,2832,White,1 min,bullet,32,Won,10/17/2017
1stSecond,2716,Last7Samurai,2655,Black,1 min,bullet,45,Won,9/26/2017
1stSecond,2709,Last7Samurai,2662,White,1 min,bullet,63,Lost,9/26/2017
1stSecond,2719,Last7Samurai,2652,Black,1 min,bullet,26,Lost,9/26/2017
1stSecond,2729,Last7Samurai,2642,White,1 min,bullet,24,Won,9/26/2017
1stSecond,2723,Last7Samurai,2648,Black,1 min,bullet,63,Lost,9/26/2017
1stSecond,2733,Last7Samurai,2638,White,1 min,bullet,27,Won,9/26/2017
1stSecond,2727,Last7Samurai,2644,Black,1 min,bullet,39,Won,9/26/2017
1stSecond,2721,Last7Samurai,2650,White,1 min,bullet,48,Won,9/26/2017
1stSecond,2714,Last7Samurai,2657,Black,1 min,bullet,56,Won,9/26/2017
1stSecond,2707,Last7Samurai,2664,White,1 min,bullet,35,Won,9/26/2017
1stSecond,2700,Qamarun,2825,Black,1 min,bullet,40,Lost,9/23/2017
1stSecond,2705,Qamarun,2820,White,1 min,bullet,40,Lost,9/23/2017
1stSecond,2711,Qamarun,2814,Black,1 min,bullet,69,Won,9/23/2017
1stSecond,2700,Qamarun,2825,White,1 min,bullet,63,Won,9/23/2017
1stSecond,2689,GMharikrishna,2753,Black,1 min,bullet,73,Draw,9/18/2017
1stSecond,2687,GMharikrishna,2755,White,1 min,bullet,37,Lost,9/18/2017
1stSecond,2694,GMharikrishna,2748,Black,1 min,bullet,66,Lost,9/18/2017
1stSecond,2701,GMharikrishna,2741,White,1 min,bullet,49,Won,9/18/2017
1stSecond,2692,GMharikrishna,2750,Black,1 min,bullet,26,Lost,9/18/2017
1stSecond,2699,GMharikrishna,2743,White,1 min,bullet,28,Lost,9/18/2017
1stSecond,2706,GMharikrishna,2736,Black,1 min,bullet,51,Lost,9/18/2017
1stSecond,2714,GMharikrishna,2728,White,1 min,bullet,66,Lost,9/18/2017
1stSecond,2722,GMharikrishna,2720,Black,1 min,bullet,43,Won,9/18/2017
1stSecond,2713,GMharikrishna,2728,White,1 min,bullet,31,Won,9/18/2017
1stSecond,2704,GMharikrishna,2737,Black,1 min,bullet,25,Lost,9/18/2017
1stSecond,2712,GMharikrishna,2729,White,1 min,bullet,64,Lost,9/18/2017
1stSecond,2721,GMharikrishna,2721,Black,1 min,bullet,44,Lost,9/18/2017
1stSecond,2731,GMharikrishna,2712,White,1 min,bullet,48,Won,9/18/2017
1stSecond,2722,GMharikrishna,2720,Black,1 min,bullet,18,Won,9/18/2017
1stSecond,2712,GMharikrishna,2729,White,1 min,bullet,67,Draw,9/18/2017