player,player_rating,opponent,opponent_rating,side,time_control,time_category,moves,result,date
1stSecond,2748,Davit_Tiraturyan,2667,White,3 min,blitz,36,Won,3/3/2019
1stSecond,2742,GjakanTati,2671,White,3 min,blitz,58,Lost,3/3/2019
1stSecond,2752,Duhless,2916,White,3 min,blitz,28,Lost,3/3/2019
1stSecond,2757,champ2005,2791,White,3 min,blitz,27,Won,3/3/2019
1stSecond,2748,champ2005,2800,Black,3 min,blitz,31,Lost,3/3/2019
1stSecond,2755,champ2005,2793,White,3 min,blitz,40,Draw,3/3/2019
1stSecond,2754,champ2005,2794,Black,3 min,blitz,75,Draw,3/3/2019
1stSecond,2753,champ2005,2795,White,3 min,blitz,30,Lost,3/3/2019
1stSecond,2760,champ2005,2788,Black,3 min,blitz,32,Won,3/3/2019
1stSecond,2751,Chess_for_enjoy,2705,Black,3 min,blitz,44,Lost,3/3/2019
1stSecond,2760,Chess_for_enjoy,2696,White,3 min,blitz,65,Won,3/3/2019
1stSecond,2753,deep_ex,2662,Black,3 min,blitz,27,Won,3/3/2019
1stSecond,2747,fearless_guy,2655,Black,3 min,blitz,69,Won,3/3/2019
1stSecond,2741,fearless_guy,2661,White,3 min,blitz,66,Won,3/3/2019
1stSecond,2735,bobbyfusha,2694,White,3 min,blitz,61,Lost,3/2/2019
1stSecond,2744,hofgmjohnny,2646,Black,3 min,blitz,48,Won,3/2/2019
1stSecond,2738,Berardino,2627,White,3 min,blitz,23,Won,3/2/2019
1stSecond,2732,penguingm1,2829,White,3 min,blitz,31,Won,3/2/2019
1stSecond,2721,MatsenkoSergey,2718,Black,3 min,blitz,48,Lost,3/1/2019
1stSecond,2729,MatsenkoSergey,2710,White,3 min,blitz,24,Won,3/1/2019
1stSecond,2721,FenchelTee,2700,Black,3 min,blitz,51,Lost,3/1/2019
1stSecond,2730,prof_Imed_Bejaoui,2716,Black,3 min,blitz,34,Won,3/1/2019
1stSecond,2722,prof_Imed_Bejaoui,2724,White,3 min,blitz,79,Draw,3/1/2019
1stSecond,2722,SteelSpider,2699,White,3 min,blitz,63,Draw,2/28/2019
1stSecond,2723,MatsenkoSergey,2723,Black,3 min,blitz,32,Lost,2/26/2019
1stSecond,2731,almatyonelove,2652,Black,3 min,blitz,38,Won,2/21/2019
1stSecond,2724,Bryakin_Mikhail,2705,White,3 min,blitz,64,Draw,2/21/2019
1stSecond,2713,Golden_Frieza,2621,Black,3 min,blitz,75,Draw,2/21/2019
1stSecond,2715,shosti-73,2681,White,3 min,blitz,40,Lost,2/20/2019
1stSecond,2724,shosti-73,2672,Black,3 min,blitz,45,Draw,2/20/2019
1stSecond,2725,Chess_for_enjoy,2649,Black,3 min,blitz,39,Lost,2/20/2019
1stSecond,2735,eljanov,2795,White,3 min,blitz,33,Lost,2/20/2019
1stSecond,2742,Dyadya81,2771,White,3 min,blitz,50,Lost,2/20/2019
1stSecond,2750,Keranke,2756,Black,3 min,blitz,31,Draw,2/20/2019
1stSecond,2750,Gajuchess,2697,White,3 min,blitz,34,Won,2/20/2019
1stSecond,2743,vuqarrasulov,2844,White,3 min,blitz,23,Lost,2/19/2019
1stSecond,2749,Vladimirkra,2670,White,3 min,blitz,31,Lost,2/19/2019
1stSecond,2759,Rukia_Kuchiki1,2773,Black,3 min,blitz,67,Lost,2/19/2019
1stSecond,2767,Knightmare82,2818,White,3 min,blitz,24,Lost,2/19/2019
1stSecond,2774,Knightmare82,2811,Black,3 min,blitz,24,Lost,2/19/2019
1stSecond,2781,Knightmare82,2804,White,3 min,blitz,58,Draw,2/19/2019
1stSecond,2780,Knightmare82,2805,Black,3 min,blitz,60,Won,2/19/2019
1stSecond,2771,SergeiAza,2716,Black,3 min,blitz,29,Lost,2/19/2019
1stSecond,2781,SergeiAza,2706,White,3 min,blitz,39,Won,2/19/2019
1stSecond,2774,SergeiAza,2713,Black,3 min,blitz,51,Won,2/19/2019
1stSecond,2767,AlphaOdin,2778,White,3 min,blitz,52,Lost,2/19/2019
1stSecond,2775,AlphaOdin,2770,Black,3 min,blitz,68,Lost,2/19/2019
1stSecond,2783,AlphaOdin,2762,White,3 min,blitz,46,Lost,2/19/2019
1stSecond,2792,BocharovD,2852,Black,3 min,blitz,43,Won,2/19/2019
1stSecond,2782,BocharovD,2862,White,3 min,blitz,30,Lost,2/19/2019