player,player_rating,opponent,opponent_rating,side,time_control,time_category,moves,result,date
1stSecond,2701,GigaQuparadze,2761,Black,3 min,blitz,61,Draw,12/9/2018
1stSecond,2700,cstevens1,2598,White,3 min,blitz,67,Won,12/9/2018
1stSecond,2694,cstevens1,2604,Black,3 min,blitz,39,Won,12/9/2018
1stSecond,2688,cstevens1,2610,White,3 min,blitz,58,Won,12/9/2018
1stSecond,2681,cstevens1,2617,Black,3 min,blitz,26,Won,12/9/2018
1stSecond,2674,cstevens1,2624,White,3 min,blitz,47,Won,12/9/2018
1stSecond,2667,cstevens1,2631,Black,3 min,blitz,68,Lost,12/9/2018
1stSecond,2676,cstevens1,2622,White,3 min,blitz,22,Won,12/9/2018
1stSecond,2669,cstevens1,2629,Black,3 min,blitz,42,Lost,12/9/2018
1stSecond,2678,QDcoach,2733,White,3 min,blitz,63,Lost,12/9/2018
1stSecond,2685,Muradore,2649,Black,3 min,blitz,58,Won,12/9/2018
1stSecond,2677,Malakhov_Kirill,2634,Black,3 min,blitz,54,Lost,12/8/2018
1stSecond,2686,Malakhov_Kirill,2625,White,3 min,blitz,54,Lost,12/8/2018
1stSecond,2696,TrimitziosP7,2722,Black,3 min,blitz,66,Draw,12/8/2018
1stSecond,2695,want2lose,2628,Black,3 min,blitz,28,Won,12/8/2018
1stSecond,2688,Yaacovn,2739,White,3 min,blitz,77,Lost,12/8/2018
1stSecond,2695,Yaacovn,2732,Black,3 min,blitz,70,Won,12/8/2018
1stSecond,2686,Yaacovn,2741,White,3 min,blitz,43,Won,12/8/2018
1stSecond,2676,Stouuf,2679,White,3 min,blitz,39,Won,12/7/2018
1stSecond,2668,Stouuf,2687,Black,3 min,blitz,40,Won,12/7/2018
1stSecond,2659,cstevens1,2637,White,3 min,blitz,52,Lost,12/7/2018
1stSecond,2668,Tapuah,2779,White,3 min,blitz,56,Lost,12/7/2018
1stSecond,2674,igorkovalenko,2759,White,3 min,blitz,21,Won,12/7/2018
1stSecond,2664,igorkovalenko,2769,Black,3 min,blitz,41,Won,12/7/2018
1stSecond,2653,igorkovalenko,2780,White,3 min,blitz,56,Won,12/7/2018
1stSecond,2642,igorkovalenko,2791,Black,3 min,blitz,24,Won,12/7/2018
1stSecond,2630,AZEWolf2005,2646,Black,3 min,blitz,39,Won,12/7/2018
1stSecond,2621,Russian_ChessSchool,2556,Black,3 min,blitz,25,Won,12/7/2018
1stSecond,2614,Sergey_Kasparov,2671,Black,3 min,blitz,66,Lost,12/7/2018
1stSecond,2621,Sergey_Kasparov,2664,White,3 min,blitz,61,Won,12/7/2018
1stSecond,2612,Sergey_Kasparov,2673,Black,3 min,blitz,58,Lost,12/7/2018
1stSecond,2619,RichardLeyvaP,2502,White,3 min,blitz,42,Won,12/7/2018
1stSecond,2613,RichardLeyvaP,2508,Black,3 min,blitz,41,Won,12/7/2018
1stSecond,2607,chessasuke,2591,Black,3 min,blitz,63,Won,12/7/2018
1stSecond,2599,chessasuke,2599,White,3 min,blitz,49,Won,12/7/2018
1stSecond,2591,Vrolijk,2620,Black,3 min,blitz,38,Lost,12/7/2018
1stSecond,2599,Vrolijk,2612,White,3 min,blitz,51,Draw,12/7/2018
1stSecond,2599,Muradore,2680,White,3 min,blitz,51,Lost,12/6/2018
1stSecond,2605,Muradore,2674,Black,3 min,blitz,45,Lost,12/6/2018
1stSecond,2612,GadimbayliA,2804,Black,3 min,blitz,55,Draw,12/6/2018
1stSecond,2608,caspiwins,2610,Black,3 min,blitz,30,Lost,12/6/2018
1stSecond,2616,OliverKromvel,2604,White,3 min,blitz,62,Won,12/6/2018
1stSecond,2608,VincentBlom,2551,Black,3 min,blitz,54,Draw,12/5/2018
1stSecond,2609,VincentBlom,2550,White,3 min,blitz,30,Won,12/5/2018
1stSecond,2602,Edegem,2547,Black,3 min,blitz,63,Lost,12/5/2018
1stSecond,2612,Hanskai,2763,White,3 min,blitz,30,Lost,12/5/2018
1stSecond,2617,martinique24,2429,White,3|2,blitz,103,Lost,12/5/2018
1stSecond,2629,mazetofonias,2557,White,3|2,blitz,37,Won,12/4/2018
1stSecond,2622,BvsN,2291,Black,3|2,blitz,60,Won,12/4/2018
1stSecond,2620,ajkom197,2377,White,3|2,blitz,82,Draw,12/4/2018