player,player_rating,opponent,opponent_rating,side,time_control,time_category,moves,result,date
1stSecond,2703,pultineviciuspaulius,2636,White,1 min,bullet,52,Won,4/9/2019
1stSecond,2696,Matibar,2774,Black,1 min,bullet,29,Won,4/9/2019
1stSecond,2686,Matibar,2789,White,1 min,bullet,34,Lost,4/9/2019
1stSecond,2692,Matibar,2780,Black,1 min,bullet,28,Won,4/9/2019
1stSecond,2681,Matibar,2797,White,1 min,bullet,35,Lost,4/9/2019
1stSecond,2687,Matibar,2787,Black,1 min,bullet,32,Won,4/9/2019
1stSecond,2676,Matibar,2806,White,1 min,bullet,54,Lost,4/9/2019
1stSecond,2682,Margency,2613,White,1 min,bullet,27,Lost,4/9/2019
1stSecond,2692,Margency,2603,Black,1 min,bullet,56,Lost,4/9/2019
1stSecond,2702,Margency,2593,White,1 min,bullet,36,Won,4/9/2019
1stSecond,2696,Margency,2599,Black,1 min,bullet,39,Won,4/9/2019
1stSecond,2690,Margency,2605,White,1 min,bullet,49,Lost,4/9/2019
1stSecond,2700,Margency,2595,Black,1 min,bullet,65,Lost,4/9/2019
1stSecond,2711,Margency,2584,White,1 min,bullet,66,Draw,4/9/2019
1stSecond,2714,Margency,2581,Black,1 min,bullet,73,Lost,4/9/2019
1stSecond,2725,Margency,2569,White,1 min,bullet,35,Won,4/9/2019
1stSecond,2720,Margency,2574,Black,1 min,bullet,57,Won,4/9/2019
1stSecond,2715,Margency,2579,White,1 min,bullet,50,Won,4/9/2019
1stSecond,2710,Margency,2585,Black,1 min,bullet,25,Won,4/9/2019
1stSecond,2704,Margency,2591,White,1 min,bullet,64,Won,4/9/2019
1stSecond,2698,josmito10,2638,Black,1 min,bullet,55,Lost,4/9/2019
1stSecond,2708,josmito10,2628,White,1 min,bullet,30,Won,4/9/2019
1stSecond,2701,josmito10,2635,Black,1 min,bullet,49,Lost,4/9/2019
1stSecond,2711,josmito10,2625,White,1 min,bullet,24,Won,4/9/2019
1stSecond,2705,bonjourno31,2592,Black,1 min,bullet,22,Won,4/9/2019
1stSecond,2699,bonjourno31,2598,White,1 min,bullet,22,Won,4/9/2019
1stSecond,2693,MatthewG-p4p,2765,White,1 min,bullet,22,Lost,4/9/2019
1stSecond,2700,MatthewG-p4p,2758,Black,1 min,bullet,75,Draw,4/9/2019
1stSecond,2699,MatthewG-p4p,2759,White,1 min,bullet,58,Won,4/9/2019
1stSecond,2689,MatthewG-p4p,2769,Black,1 min,bullet,62,Won,4/9/2019
1stSecond,2679,MatthewG-p4p,2779,White,1 min,bullet,54,Lost,4/9/2019
1stSecond,2685,MatthewG-p4p,2773,Black,1 min,bullet,37,Won,4/9/2019
1stSecond,2675,MatthewG-p4p,2783,White,1 min,bullet,31,Lost,4/9/2019
1stSecond,2681,PoorLittleGreenie,2672,White,1 min,bullet,34,Lost,4/8/2019
1stSecond,2690,PoorLittleGreenie,2663,Black,1 min,bullet,24,Lost,4/8/2019
1stSecond,2699,PoorLittleGreenie,2654,White,1 min,bullet,50,Draw,4/8/2019
1stSecond,2700,PoorLittleGreenie,2653,Black,1 min,bullet,68,Lost,4/8/2019
1stSecond,2710,PoorLittleGreenie,2643,White,1 min,bullet,54,Lost,4/8/2019
1stSecond,2720,PoorLittleGreenie,2633,Black,1 min,bullet,28,Won,4/8/2019
1stSecond,2714,PoorLittleGreenie,2639,White,1 min,bullet,22,Lost,4/8/2019
1stSecond,2724,IM_dmitrij,2681,White,1 min,bullet,46,Won,4/8/2019
1stSecond,2717,IM_dmitrij,2688,Black,1 min,bullet,35,Won,4/8/2019
1stSecond,2709,AlexanderBogatyr,2724,Black,1 min,bullet,29,Lost,4/7/2019
1stSecond,2717,AlexanderBogatyr,2715,White,1 min,bullet,51,Won,4/7/2019
1stSecond,2709,AlexanderBogatyr,2725,Black,1 min,bullet,60,Won,4/7/2019
1stSecond,2700,AlexanderBogatyr,2735,White,1 min,bullet,58,Won,4/7/2019
1stSecond,2691,AlexanderBogatyr,2746,Black,1 min,bullet,48,Won,4/7/2019
1stSecond,2681,HansCoolNiemann,2719,Black,1 min,bullet,53,Lost,4/6/2019
1stSecond,2688,HansCoolNiemann,2712,White,1 min,bullet,73,Lost,4/6/2019
1stSecond,2696,HansCoolNiemann,2704,Black,1 min,bullet,43,Lost,4/6/2019