player,player_rating,opponent,opponent_rating,side,time_control,time_category,moves,result,date
1stSecond,2628,muncettin,2600,Black,1 min,bullet,54,Lost,5/30/2018
1stSecond,2637,JMcPhillips,2638,White,1 min,bullet,54,Won,5/29/2018
1stSecond,2628,JMcPhillips,2646,Black,1 min,bullet,61,Lost,5/29/2018
1stSecond,2637,JMcPhillips,2638,White,1 min,bullet,17,Won,5/29/2018
1stSecond,2628,JMcPhillips,2646,Black,1 min,bullet,59,Draw,5/29/2018
1stSecond,2628,JMcPhillips,2646,White,1 min,bullet,35,Won,5/29/2018
1stSecond,2618,JMcPhillips,2655,Black,1 min,bullet,68,Draw,5/29/2018
1stSecond,2617,JMcPhillips,2656,White,1 min,bullet,73,Lost,5/29/2018
1stSecond,2626,JMcPhillips,2649,Black,1 min,bullet,63,Lost,5/29/2018
1stSecond,2636,JMcPhillips,2641,White,1 min,bullet,62,Won,5/29/2018
1stSecond,2625,JMcPhillips,2650,Black,1 min,bullet,61,Won,5/29/2018
1stSecond,2613,chillinx,2623,White,1 min,bullet,50,Lost,4/26/2018
1stSecond,2621,Elobeast,2554,Black,1 min,bullet,73,Lost,4/26/2018
1stSecond,2631,Byniolus,2746,Black,1 min,bullet,33,Lost,4/24/2018
1stSecond,2637,Byniolus,2740,White,1 min,bullet,52,Won,4/24/2018
1stSecond,2626,Davit_Tiraturyan,2655,Black,1 min,bullet,48,Lost,4/24/2018
1stSecond,2634,Davit_Tiraturyan,2647,White,1 min,bullet,41,Won,4/24/2018
1stSecond,2624,Davit_Tiraturyan,2651,Black,1 min,bullet,19,Won,4/24/2018
1stSecond,2614,Davit_Tiraturyan,2660,White,1 min,bullet,55,Lost,4/24/2018
1stSecond,2623,Doraemon7,2494,White,1 min,bullet,20,Won,4/22/2018
1stSecond,2617,mmmflatbread,2496,Black,1 min,bullet,52,Draw,4/14/2018
1stSecond,2620,mmmflatbread,2493,White,1 min,bullet,22,Won,4/14/2018
1stSecond,2614,manudavid,2619,Black,1 min,bullet,66,Draw,4/7/2018
1stSecond,2614,Davit_Tiraturyan,2737,Black,1 min,bullet,26,Lost,4/6/2018
1stSecond,2620,Davit_Tiraturyan,2731,White,1 min,bullet,46,Lost,4/6/2018
1stSecond,2627,Davit_Tiraturyan,2725,Black,1 min,bullet,51,Lost,4/6/2018
1stSecond,2634,djamir,2715,White,1 min,bullet,64,Lost,4/6/2018
1stSecond,2642,muncettin,2602,White,1 min,bullet,70,Draw,3/22/2018
1stSecond,2643,muncettin,2601,Black,1 min,bullet,18,Won,3/22/2018
1stSecond,2635,muncettin,2608,White,1 min,bullet,50,Lost,3/22/2018
1stSecond,2645,muncettin,2599,Black,1 min,bullet,46,Won,3/22/2018
1stSecond,2637,muncettin,2606,White,1 min,bullet,14,Lost,3/22/2018
1stSecond,2648,Davit_Tiraturyan,2624,White,1 min,bullet,28,Lost,3/4/2018
1stSecond,2657,Davit_Tiraturyan,2615,Black,1 min,bullet,46,Lost,3/4/2018
1stSecond,2666,Davit_Tiraturyan,2606,White,1 min,bullet,31,Won,3/4/2018
1stSecond,2659,Davit_Tiraturyan,2613,Black,1 min,bullet,31,Won,3/4/2018
1stSecond,2651,Davit_Tiraturyan,2620,White,1 min,bullet,61,Draw,3/4/2018
1stSecond,2652,VitaliyBernadskiy,2634,White,1 min,bullet,20,Lost,1/29/2018
1stSecond,2661,amintabatabaei,2728,White,1 min,bullet,59,Lost,1/22/2018
1stSecond,2668,amintabatabaei,2721,Black,1 min,bullet,60,Lost,1/22/2018
1stSecond,2675,amintabatabaei,2714,White,1 min,bullet,50,Lost,1/22/2018
1stSecond,2682,amintabatabaei,2707,Black,1 min,bullet,34,Lost,1/22/2018
1stSecond,2690,amintabatabaei,2699,White,1 min,bullet,32,Won,1/22/2018
1stSecond,2681,Mykola-Bortnyk,2828,White,1 min,bullet,45,Lost,1/21/2018
1stSecond,2686,Mykola-Bortnyk,2823,Black,1 min,bullet,17,Lost,1/21/2018
1stSecond,2691,Mykola-Bortnyk,2818,White,1 min,bullet,66,Lost,1/21/2018
1stSecond,2696,Mykola-Bortnyk,2813,Black,1 min,bullet,31,Lost,1/21/2018
1stSecond,2702,Mykola-Bortnyk,2807,White,1 min,bullet,41,Won,1/21/2018
1stSecond,2691,Mykola-Bortnyk,2818,Black,1 min,bullet,27,Lost,1/21/2018
1stSecond,2696,Mykola-Bortnyk,2813,White,1 min,bullet,27,Won,1/21/2018