player,player_rating,opponent,opponent_rating,side,time_control,time_category,moves,result,date
1stSecond,2713,Noukii,2823,White,1 min,bullet,32,Lost,12/5/2016
1stSecond,2719,Noukii,2817,Black,1 min,bullet,55,Lost,12/5/2016
1stSecond,2725,Noukii,2811,White,1 min,bullet,41,Lost,12/5/2016
1stSecond,2731,Noukii,2805,Black,1 min,bullet,39,Lost,12/5/2016
1stSecond,2738,Noukii,2798,White,1 min,bullet,34,Won,12/5/2016
1stSecond,2728,Noukii,2808,Black,1 min,bullet,58,Lost,12/5/2016
1stSecond,2735,Noukii,2801,White,1 min,bullet,52,Lost,12/5/2016
1stSecond,2742,Noukii,2794,Black,1 min,bullet,33,Lost,12/5/2016
1stSecond,2749,Noukii,2787,White,1 min,bullet,23,Lost,12/5/2016
1stSecond,2756,LuckyGuy1234,2752,Black,1 min,bullet,65,Lost,12/5/2016
1stSecond,2765,LuckyGuy1234,2743,White,1 min,bullet,52,Lost,12/5/2016
1stSecond,2774,LuckyGuy1234,2734,Black,1 min,bullet,38,Lost,12/5/2016
1stSecond,2783,LuckyGuy1234,2725,White,1 min,bullet,54,Draw,12/5/2016
1stSecond,2784,DaenerysT,2779,White,1 min,bullet,42,Won,11/29/2016
1stSecond,2776,DaenerysT,2787,Black,1 min,bullet,38,Lost,11/29/2016
1stSecond,2784,DaenerysT,2779,White,1 min,bullet,71,Draw,11/29/2016
1stSecond,2784,DaenerysT,2779,Black,1 min,bullet,59,Lost,11/29/2016
1stSecond,2793,DaenerysT,2770,White,1 min,bullet,32,Won,11/29/2016
1stSecond,2785,DaenerysT,2778,Black,1 min,bullet,52,Lost,11/29/2016
1stSecond,2794,DaenerysT,2769,White,1 min,bullet,10,Lost,11/29/2016
1stSecond,2803,DaenerysT,2760,Black,1 min,bullet,44,Draw,11/29/2016
1stSecond,2804,DaenerysT,2759,White,1 min,bullet,48,Won,11/29/2016
1stSecond,2797,DaenerysT,2766,Black,1 min,bullet,34,Lost,11/29/2016
1stSecond,2806,DaenerysT,2757,White,1 min,bullet,54,Won,11/29/2016
1stSecond,2799,DaenerysT,2764,Black,1 min,bullet,69,Lost,11/29/2016
1stSecond,2808,DanielNaroditsky,2872,Black,1 min,bullet,32,Lost,10/13/2016
1stSecond,2815,DanielNaroditsky,2865,White,1 min,bullet,74,Won,10/13/2016
1stSecond,2805,DanielNaroditsky,2875,Black,1 min,bullet,41,Won,10/13/2016
1stSecond,2795,DanielNaroditsky,2885,White,1 min,bullet,35,Lost,10/13/2016
1stSecond,2801,DanielNaroditsky,2879,Black,1 min,bullet,34,Lost,10/13/2016
1stSecond,2808,DanielNaroditsky,2872,White,1 min,bullet,23,Lost,10/13/2016
1stSecond,2815,DanielNaroditsky,2865,Black,1 min,bullet,65,Lost,10/13/2016
1stSecond,2822,DanielNaroditsky,2858,White,1 min,bullet,36,Won,10/13/2016
1stSecond,2813,DanielNaroditsky,2867,Black,1 min,bullet,69,Won,10/13/2016
1stSecond,2803,DanielNaroditsky,2877,White,1 min,bullet,43,Won,10/13/2016
1stSecond,2793,DanielNaroditsky,2887,Black,1 min,bullet,28,Won,10/13/2016
1stSecond,2782,DanielNaroditsky,2898,White,1 min,bullet,29,Won,10/13/2016
1stSecond,2771,DanielNaroditsky,2909,Black,1 min,bullet,57,Won,10/13/2016
1stSecond,2760,DanielNaroditsky,2920,White,1 min,bullet,37,Lost,10/13/2016
1stSecond,2765,DanielNaroditsky,2915,Black,1 min,bullet,44,Lost,10/13/2016
1stSecond,2770,DanielNaroditsky,2910,White,1 min,bullet,52,Lost,10/13/2016
1stSecond,2775,LiYankai,2607,White,1 min,bullet,31,Won,10/12/2016
1stSecond,2770,vartemiev,2688,White,1 min,bullet,38,Lost,10/12/2016
1stSecond,2780,vartemiev,2678,Black,1 min,bullet,45,Lost,10/12/2016
1stSecond,2791,vartemiev,2667,White,1 min,bullet,6,Won,10/12/2016
1stSecond,2785,agser,2664,White,1 min,bullet,93,Lost,10/11/2016
1stSecond,2796,agser,2653,Black,1 min,bullet,32,Won,10/11/2016
1stSecond,2791,agser,2658,White,1 min,bullet,36,Won,10/11/2016
1stSecond,2786,agser,2663,Black,1 min,bullet,37,Won,10/11/2016
1stSecond,2780,agser,2669,White,1 min,bullet,47,Won,10/11/2016