player,player_rating,opponent,opponent_rating,side,time_control,time_category,moves,result,date
1stSecond,2687,charifMedAmine,2730,White,3 min,blitz,55,Won,1/24/2019
1stSecond,2678,charifMedAmine,2739,Black,3 min,blitz,23,Lost,1/24/2019
1stSecond,2685,The_bird_of_peace,2832,White,3 min,blitz,56,Lost,1/24/2019
1stSecond,2690,The_bird_of_peace,2827,Black,3 min,blitz,55,Lost,1/24/2019
1stSecond,2695,Rethinking_fables,2653,Black,3 min,blitz,27,Lost,1/21/2019
1stSecond,2704,Rethinking_fables,2644,White,3 min,blitz,25,Lost,1/21/2019
1stSecond,2714,Rethinking_fables,2634,Black,3 min,blitz,28,Won,1/21/2019
1stSecond,2708,CapitanFindus,2617,Black,3 min,blitz,53,Lost,1/21/2019
1stSecond,2718,Divertissement,2668,Black,3 min,blitz,59,Lost,1/20/2019
1stSecond,2728,DmitryReviews,2666,White,3 min,blitz,37,Lost,1/20/2019
1stSecond,2738,Witik,2715,Black,3 min,blitz,44,Lost,1/20/2019
1stSecond,2747,Gummibear69,2752,White,3 min,blitz,20,Won,1/16/2019
1stSecond,2738,IGROK1111,2664,Black,3 min,blitz,88,Lost,1/16/2019
1stSecond,2748,IGROK1111,2654,White,3 min,blitz,61,Draw,1/16/2019
1stSecond,2750,German_Bazeev,2756,White,3 min,blitz,39,Won,1/16/2019
1stSecond,2741,Grandsi,2717,Black,3 min,blitz,43,Won,1/15/2019
1stSecond,2733,alpasya2009,2639,Black,3 min,blitz,36,Won,1/15/2019
1stSecond,2727,BilodeauA,2881,White,3 min,blitz,55,Lost,1/15/2019
1stSecond,2732,BilodeauA,2876,Black,3 min,blitz,41,Lost,1/15/2019
1stSecond,2737,BilodeauA,2871,White,3 min,blitz,30,Lost,1/15/2019
1stSecond,2742,BilodeauA,2866,Black,3 min,blitz,41,Lost,1/15/2019
1stSecond,2747,Msb2,2815,White,3 min,blitz,47,Won,1/15/2019
1stSecond,2737,Msb2,2825,Black,3 min,blitz,40,Lost,1/15/2019
1stSecond,2743,Kriari,2829,Black,3 min,blitz,39,Lost,1/13/2019
1stSecond,2749,Kriari,2823,White,3 min,blitz,49,Won,1/13/2019
1stSecond,2739,Kriari,2833,Black,3 min,blitz,54,Won,1/13/2019
1stSecond,2728,Kriari,2844,White,3 min,blitz,44,Lost,1/13/2019
1stSecond,2734,ficorrales,2730,Black,3 min,blitz,44,Lost,1/13/2019
1stSecond,2742,ficorrales,2722,White,3 min,blitz,59,Won,1/13/2019
1stSecond,2734,ficorrales,2730,Black,3 min,blitz,40,Won,1/12/2019
1stSecond,2726,ficorrales,2738,White,3 min,blitz,47,Won,1/12/2019
1stSecond,2717,ficorrales,2747,Black,3 min,blitz,61,Won,1/12/2019
1stSecond,2708,snowlord,2661,Black,3 min,blitz,58,Draw,1/11/2019
1stSecond,2709,snowlord,2660,White,3 min,blitz,35,Lost,1/11/2019
1stSecond,2719,Sergey_Kasparov,2613,Black,3 min,blitz,49,Lost,1/11/2019
1stSecond,2730,Sergey_Kasparov,2602,White,3 min,blitz,56,Won,1/11/2019
1stSecond,2725,in_the_fire,2650,Black,3 min,blitz,22,Won,1/11/2019
1stSecond,2718,unknownshiru,2701,White,3 min,blitz,49,Lost,1/10/2019
1stSecond,2727,unknownshiru,2673,Black,3 min,blitz,26,Lost,1/10/2019
1stSecond,2737,tiredofdancing,2898,Black,3 min,blitz,43,Lost,1/10/2019
1stSecond,2742,tiredofdancing,2893,White,3 min,blitz,62,Lost,1/10/2019
1stSecond,2747,dreamist,2736,White,3 min,blitz,37,Lost,1/10/2019
1stSecond,2756,dreamist,2727,Black,3 min,blitz,21,Lost,1/10/2019
1stSecond,2765,Unknown0104,2712,White,3 min,blitz,63,Lost,1/9/2019
1stSecond,2775,Unknown0104,2702,Black,3 min,blitz,32,Won,1/9/2019
1stSecond,2768,Unknown0104,2709,White,3 min,blitz,31,Lost,1/9/2019
1stSecond,2778,Unknown0104,2699,Black,3 min,blitz,47,Won,1/9/2019
1stSecond,2771,Unknown0104,2706,White,3 min,blitz,62,Won,1/9/2019
1stSecond,2764,Unknown0104,2713,Black,3 min,blitz,27,Won,1/9/2019
1stSecond,2757,Unknown0104,2720,White,3 min,blitz,20,Won,1/9/2019