player,player_rating,opponent,opponent_rating,side,time_control,time_category,moves,result,date
1stSecond,2759,MrVezunchik,2724,Black,3 min,blitz,65,Lost,11/4/2018
1stSecond,2768,MrVezunchik,2715,White,3 min,blitz,36,Won,11/4/2018
1stSecond,2761,MrVezunchik,2722,Black,3 min,blitz,76,Lost,11/4/2018
1stSecond,2770,MrVezunchik,2713,White,3 min,blitz,62,Won,11/4/2018
1stSecond,2763,Zivano,2789,White,3 min,blitz,46,Lost,11/4/2018
1stSecond,2771,StephenDedalus83,2663,Black,3 min,blitz,51,Won,11/4/2018
1stSecond,2765,StephenDedalus83,2669,White,3 min,blitz,69,Draw,11/4/2018
1stSecond,2767,Jospem,2809,White,3 min,blitz,54,Lost,11/4/2018
1stSecond,2774,Farrukh_Amonatov,2808,Black,3 min,blitz,26,Won,11/4/2018
1stSecond,2765,GM_shahin,2682,Black,3 min,blitz,31,Draw,11/4/2018
1stSecond,2767,TrimitziosP7,2695,White,3 min,blitz,33,Won,11/4/2018
1stSecond,2760,GMSrinath,2803,Black,3 min,blitz,42,Lost,11/4/2018
1stSecond,2767,GMSrinath,2796,White,3 min,blitz,70,Won,11/4/2018
1stSecond,2758,limitlesss9,2834,White,3 min,blitz,41,Won,11/4/2018
1stSecond,2748,moro182,2716,Black,3 min,blitz,47,Lost,11/4/2018
1stSecond,2757,moro182,2707,White,3 min,blitz,62,Lost,11/4/2018
1stSecond,2767,Sewastopol,2684,Black,3 min,blitz,33,Won,11/4/2018
1stSecond,2761,StephenDedalus83,2719,Black,3 min,blitz,68,Lost,11/4/2018
1stSecond,2770,Sewastopol,2691,White,3 min,blitz,38,Lost,11/4/2018
1stSecond,2780,TampaChess,2785,Black,3 min,blitz,66,Won,11/4/2018
1stSecond,2772,StephenDedalus83,2719,White,3 min,blitz,36,Won,11/4/2018
1stSecond,2756,Rus_Steel,2688,White,3 min,blitz,78,Draw,11/3/2018
1stSecond,2758,platy3,2768,Black,3 min,blitz,30,Lost,11/3/2018
1stSecond,2766,in_the_fire,2663,Black,3 min,blitz,55,Draw,11/3/2018
1stSecond,2768,mmmflatbread,2688,White,3 min,blitz,33,Lost,11/2/2018
1stSecond,2778,tiredofdancing,2872,Black,3 min,blitz,17,Won,11/2/2018
1stSecond,2767,tiredofdancing,2883,White,3 min,blitz,72,Draw,11/2/2018
1stSecond,2764,tiredofdancing,2886,Black,3 min,blitz,39,Lost,11/2/2018
1stSecond,2770,tiredofdancing,2880,White,3 min,blitz,34,Won,11/2/2018
1stSecond,2759,tiredofdancing,2891,Black,3 min,blitz,65,Draw,11/2/2018
1stSecond,2756,tiredofdancing,2894,White,3 min,blitz,60,Won,11/2/2018
1stSecond,2745,want2lose,2716,White,3 min,blitz,40,Won,11/2/2018
1stSecond,2737,want2lose,2724,Black,3 min,blitz,50,Won,11/2/2018
1stSecond,2729,want2lose,2732,White,3 min,blitz,72,Draw,11/2/2018
1stSecond,2729,want2lose,2732,Black,3 min,blitz,24,Won,11/2/2018
1stSecond,2721,want2lose,2740,White,3 min,blitz,64,Won,11/2/2018
1stSecond,2712,LiYankai,2692,White,3 min,blitz,46,Draw,11/2/2018
1stSecond,2712,QDcoach,2661,Black,3 min,blitz,21,Won,11/2/2018
1stSecond,2705,numberonefan,2738,White,3 min,blitz,66,Lost,11/2/2018
1stSecond,2713,babadroga92,2617,Black,3 min,blitz,33,Won,11/2/2018
1stSecond,2707,ahmadzada13,2646,Black,3 min,blitz,58,Lost,11/2/2018
1stSecond,2717,ahmadzada13,2636,White,3 min,blitz,60,Draw,11/2/2018
1stSecond,2719,GMG,2712,Black,3 min,blitz,62,Lost,11/2/2018
1stSecond,2728,Asocialgadfly,2694,Black,3 min,blitz,40,Lost,11/2/2018
1stSecond,2737,SergeiAza,2807,Black,3 min,blitz,60,Lost,11/1/2018
1stSecond,2744,SergeiAza,2800,White,3 min,blitz,42,Lost,11/1/2018
1stSecond,2751,Tapuah,2742,Black,3 min,blitz,54,Draw,11/1/2018
1stSecond,2751,tiredofdancing,2902,Black,3 min,blitz,43,Lost,11/1/2018
1stSecond,2756,tiredofdancing,2897,White,3 min,blitz,62,Lost,11/1/2018
1stSecond,2761,tiredofdancing,2892,Black,3 min,blitz,74,Lost,11/1/2018