player,player_rating,opponent,opponent_rating,side,time_control,time_category,moves,result,date
1stSecond,2731,tigrangharamian,2776,White,1 min,bullet,15,Won,3/7/2019
1stSecond,2722,tigrangharamian,2785,Black,1 min,bullet,34,Lost,3/7/2019
1stSecond,2729,tigrangharamian,2778,White,1 min,bullet,25,Won,3/7/2019
1stSecond,2719,tigrangharamian,2788,Black,1 min,bullet,34,Won,3/7/2019
1stSecond,2709,tigrangharamian,2798,White,1 min,bullet,29,Draw,3/7/2019
1stSecond,2707,tigrangharamian,2800,Black,1 min,bullet,27,Lost,3/7/2019
1stSecond,2713,tigrangharamian,2794,White,1 min,bullet,43,Won,3/7/2019
1stSecond,2703,tigrangharamian,2804,Black,1 min,bullet,49,Won,3/7/2019
1stSecond,2692,tigrangharamian,2815,White,1 min,bullet,32,Lost,3/7/2019
1stSecond,2698,tigrangharamian,2809,Black,1 min,bullet,67,Won,3/7/2019
1stSecond,2687,tigrangharamian,2820,White,1 min,bullet,48,Lost,3/7/2019
1stSecond,2692,tigrangharamian,2815,Black,1 min,bullet,33,Lost,3/7/2019
1stSecond,2698,tigrangharamian,2809,White,1 min,bullet,40,Lost,3/7/2019
1stSecond,2704,tigrangharamian,2803,Black,1 min,bullet,43,Lost,3/7/2019
1stSecond,2710,tigrangharamian,2797,White,1 min,bullet,37,Lost,3/7/2019
1stSecond,2716,tigrangharamian,2791,Black,1 min,bullet,49,Lost,3/7/2019
1stSecond,2723,tigrangharamian,2784,White,1 min,bullet,52,Lost,3/7/2019
1stSecond,2730,tigrangharamian,2777,Black,1 min,bullet,45,Won,3/7/2019
1stSecond,2720,tigrangharamian,2787,White,1 min,bullet,59,Lost,3/7/2019
1stSecond,2727,tigrangharamian,2780,Black,1 min,bullet,61,Lost,3/7/2019
1stSecond,2734,tigrangharamian,2773,White,1 min,bullet,76,Draw,3/7/2019
1stSecond,2733,tigrangharamian,2774,Black,1 min,bullet,56,Lost,3/7/2019
1stSecond,2740,tigrangharamian,2767,White,1 min,bullet,36,Won,3/7/2019
1stSecond,2731,tigrangharamian,2776,Black,1 min,bullet,49,Lost,3/7/2019
1stSecond,2738,tigrangharamian,2769,White,1 min,bullet,13,Won,3/7/2019
1stSecond,2729,tigrangharamian,2778,Black,1 min,bullet,33,Lost,3/7/2019
1stSecond,2736,tigrangharamian,2771,White,1 min,bullet,70,Won,3/7/2019
1stSecond,2727,tigrangharamian,2780,Black,1 min,bullet,34,Lost,3/7/2019
1stSecond,2734,tigrangharamian,2773,White,1 min,bullet,68,Draw,3/7/2019
1stSecond,2733,tigrangharamian,2774,Black,1 min,bullet,49,Won,3/7/2019
1stSecond,2724,tigrangharamian,2783,White,1 min,bullet,36,Lost,3/7/2019
1stSecond,2731,dover1991,2707,White,1 min,bullet,0,Draw,3/7/2019
1stSecond,2732,KBabazada,2681,Black,1 min,bullet,72,Draw,3/6/2019
1stSecond,2733,GMWSO,2851,White,1 min,bullet,27,Won,3/6/2019
1stSecond,2722,MrTattaglia,2701,Black,1 min,bullet,74,Draw,3/6/2019
1stSecond,2723,MrTattaglia,2700,White,1 min,bullet,29,Lost,3/6/2019
1stSecond,2732,MrTattaglia,2691,Black,1 min,bullet,64,Lost,3/6/2019
1stSecond,2741,MrTattaglia,2682,White,1 min,bullet,78,Lost,3/6/2019
1stSecond,2751,MrTattaglia,2672,Black,1 min,bullet,34,Won,3/6/2019
1stSecond,2745,MrTattaglia,2678,White,1 min,bullet,33,Lost,3/6/2019
1stSecond,2755,MrTattaglia,2668,Black,1 min,bullet,61,Lost,3/6/2019
1stSecond,2765,MrTattaglia,2658,White,1 min,bullet,52,Won,3/6/2019
1stSecond,2759,MrTattaglia,2664,Black,1 min,bullet,62,Won,3/6/2019
1stSecond,2753,IMTominho,2645,White,1 min,bullet,14,Won,3/6/2019
1stSecond,2747,IMTominho,2651,Black,1 min,bullet,73,Won,3/6/2019
1stSecond,2741,IMTominho,2657,White,1 min,bullet,35,Won,3/6/2019
1stSecond,2735,IMTominho,2663,Black,1 min,bullet,31,Won,3/6/2019
1stSecond,2728,IMTominho,2670,White,1 min,bullet,20,Won,3/6/2019
1stSecond,2721,IMTominho,2677,Black,1 min,bullet,40,Draw,3/6/2019
1stSecond,2722,IMTominho,2676,White,1 min,bullet,33,Won,3/6/2019