player,player_rating,opponent,opponent_rating,side,time_control,time_category,moves,result,date
1stSecond,2706,zoranp,2529,Black,1 min,bullet,18,Won,12/19/2018
1stSecond,2702,zoranp,2533,White,1 min,bullet,51,Won,12/19/2018
1stSecond,2697,zoranp,2538,Black,1 min,bullet,51,Won,12/19/2018
1stSecond,2692,zoranp,2543,White,1 min,bullet,27,Won,12/19/2018
1stSecond,2687,zoranp,2548,Black,1 min,bullet,30,Won,12/19/2018
1stSecond,2682,zoranp,2553,White,1 min,bullet,61,Lost,12/19/2018
1stSecond,2693,zoranp,2542,Black,1 min,bullet,47,Won,12/19/2018
1stSecond,2688,zoranp,2547,White,1 min,bullet,40,Won,12/19/2018
1stSecond,2683,zoranp,2552,Black,1 min,bullet,33,Lost,12/19/2018
1stSecond,2694,zoranp,2541,White,1 min,bullet,35,Won,12/19/2018
1stSecond,2689,zoranp,2546,Black,1 min,bullet,67,Won,12/19/2018
1stSecond,2684,zoranp,2551,White,1 min,bullet,69,Draw,12/19/2018
1stSecond,2687,zoranp,2548,Black,1 min,bullet,36,Won,12/19/2018
1stSecond,2682,zoranp,2553,White,1 min,bullet,67,Won,12/19/2018
1stSecond,2677,zoranp,2558,Black,1 min,bullet,59,Won,12/19/2018
1stSecond,2671,zoranp,2564,White,1 min,bullet,32,Won,12/19/2018
1stSecond,2665,zoranp,2570,Black,1 min,bullet,36,Won,12/19/2018
1stSecond,2659,Davit_Tiraturyan,2757,Black,1 min,bullet,48,Lost,12/12/2018
1stSecond,2665,Davit_Tiraturyan,2751,White,1 min,bullet,53,Lost,12/12/2018
1stSecond,2671,pultineviciuspaulius,2704,White,1 min,bullet,62,Lost,11/21/2018
1stSecond,2679,pultineviciuspaulius,2696,Black,1 min,bullet,23,Won,11/21/2018
1stSecond,2670,Davit_Tiraturyan,2669,Black,30 sec,bullet,27,Won,11/16/2018
1stSecond,2662,Davit_Tiraturyan,2677,White,30 sec,bullet,61,Lost,11/16/2018
1stSecond,2670,Davit_Tiraturyan,2669,Black,30 sec,bullet,52,Lost,11/16/2018
1stSecond,2678,Davit_Tiraturyan,2661,White,30 sec,bullet,39,Won,11/16/2018
1stSecond,2670,Davit_Tiraturyan,2669,Black,30 sec,bullet,38,Won,11/16/2018
1stSecond,2662,Davit_Tiraturyan,2677,White,30 sec,bullet,62,Lost,11/16/2018
1stSecond,2670,Davit_Tiraturyan,2669,Black,30 sec,bullet,53,Lost,11/16/2018
1stSecond,2678,Davit_Tiraturyan,2661,White,1 min,bullet,44,Won,11/16/2018
1stSecond,2670,Davit_Tiraturyan,2669,Black,1 min,bullet,65,Lost,11/16/2018
1stSecond,2678,Davit_Tiraturyan,2661,White,1 min,bullet,83,Draw,11/16/2018
1stSecond,2678,FastChance,2641,White,1 min,bullet,65,Lost,11/16/2018
1stSecond,2676,maciek_92,2673,Black,1 min,bullet,59,Lost,11/4/2018
1stSecond,2684,maciek_92,2665,White,1 min,bullet,52,Lost,11/4/2018
1stSecond,2693,Lordillidan,2866,Black,1 min,bullet,36,Lost,11/4/2018
1stSecond,2698,maciek_92,2656,Black,1 min,bullet,44,Won,11/4/2018
1stSecond,2691,Tsoi_Dima,2655,White,1 min,bullet,24,Won,11/4/2018
1stSecond,2683,Tsoi_Dima,2663,Black,1 min,bullet,36,Lost,11/4/2018
1stSecond,2692,Tsoi_Dima,2654,White,1 min,bullet,40,Lost,11/4/2018
1stSecond,2701,Tsoi_Dima,2645,Black,1 min,bullet,20,Won,11/4/2018
1stSecond,2694,superdin,2582,White,1 min,bullet,25,Won,11/4/2018
1stSecond,2688,superdin,2588,Black,1 min,bullet,47,Lost,11/4/2018
1stSecond,2699,superdin,2577,White,1 min,bullet,22,Won,11/4/2018
1stSecond,2693,superdin,2583,Black,1 min,bullet,26,Won,11/4/2018
1stSecond,2687,NguyenXi,2584,White,1 min,bullet,25,Won,11/4/2018
1stSecond,2681,NguyenXi,2590,Black,1 min,bullet,18,Won,11/4/2018
1stSecond,2675,NguyenXi,2596,White,1 min,bullet,36,Lost,11/4/2018
1stSecond,2685,WW2WW,2545,White,1 min,bullet,42,Won,11/4/2018
1stSecond,2680,WW2WW,2550,Black,1 min,bullet,25,Won,11/4/2018
1stSecond,2675,WW2WW,2555,White,1 min,bullet,24,Won,11/4/2018