player,player_rating,opponent,opponent_rating,side,time_control,time_category,moves,result,date
1stSecond,2766,tiredofdancing,2887,White,3 min,blitz,26,Lost,11/1/2018
1stSecond,2772,tiredofdancing,2881,Black,3 min,blitz,56,Lost,11/1/2018
1stSecond,2778,tiredofdancing,2875,White,3 min,blitz,48,Draw,11/1/2018
1stSecond,2776,Duhless,2933,Black,3 min,blitz,46,Lost,11/1/2018
1stSecond,2781,Duhless,2928,White,3 min,blitz,34,Won,11/1/2018
1stSecond,2769,Duhless,2940,Black,3 min,blitz,32,Lost,11/1/2018
1stSecond,2774,Duhless,2935,White,3 min,blitz,71,Won,11/1/2018
1stSecond,2762,KBabazada,2754,Black,3 min,blitz,28,Won,11/1/2018
1stSecond,2754,KBabazada,2762,White,3 min,blitz,63,Won,11/1/2018
1stSecond,2745,KBabazada,2771,Black,3 min,blitz,31,Won,11/1/2018
1stSecond,2736,Sergey_Kasparov,2634,White,3 min,blitz,63,Won,11/1/2018
1stSecond,2730,Erik_Obgolts,2686,Black,3 min,blitz,64,Won,11/1/2018
1stSecond,2723,Tapuah,2727,White,3 min,blitz,61,Won,11/1/2018
1stSecond,2715,Tapuah,2735,Black,3 min,blitz,29,Won,11/1/2018
1stSecond,2706,stuwdrey,2599,Black,3 min,blitz,26,Won,11/1/2018
1stSecond,2700,thatsallshewrote,2744,White,3 min,blitz,55,Lost,11/1/2018
1stSecond,2707,thatsallshewrote,2737,Black,3 min,blitz,28,Won,11/1/2018
1stSecond,2698,thatsallshewrote,2746,White,3 min,blitz,43,Lost,11/1/2018
1stSecond,2705,thatsallshewrote,2739,Black,3 min,blitz,28,Won,11/1/2018
1stSecond,2696,thatsallshewrote,2748,White,3 min,blitz,27,Won,11/1/2018
1stSecond,2686,thatsallshewrote,2758,Black,3 min,blitz,85,Draw,11/1/2018
1stSecond,2684,thatsallshewrote,2760,White,3 min,blitz,59,Won,11/1/2018
1stSecond,2674,thatsallshewrote,2770,Black,3 min,blitz,36,Lost,11/1/2018
1stSecond,2680,thatsallshewrote,2764,White,3 min,blitz,37,Lost,11/1/2018
1stSecond,2686,thatsallshewrote,2758,Black,3 min,blitz,42,Won,11/1/2018
1stSecond,2676,ChessShop,2610,White,3 min,blitz,38,Won,11/1/2018
1stSecond,2669,dangerousfish,2617,Black,3 min,blitz,37,Lost,11/1/2018
1stSecond,2679,Zugzwang_TV,2598,Black,3 min,blitz,43,Won,11/1/2018
1stSecond,2673,Mischuk_D,2683,Black,3 min,blitz,47,Lost,11/1/2018
1stSecond,2681,OliverKromvel,2635,Black,3 min,blitz,23,Lost,10/31/2018
1stSecond,2690,agapov771,2614,White,3 min,blitz,43,Won,10/30/2018
1stSecond,2683,Kiborg95,2668,Black,3 min,blitz,56,Won,10/29/2018
1stSecond,2675,Kiborg95,2676,White,3 min,blitz,35,Won,10/29/2018
1stSecond,2667,Kiborg95,2684,Black,3 min,blitz,81,Won,10/29/2018
1stSecond,2658,valger,2764,White,3 min,blitz,60,Lost,10/29/2018
1stSecond,2664,valger,2758,Black,3 min,blitz,70,Lost,10/29/2018
1stSecond,2670,valger,2752,White,3 min,blitz,38,Lost,10/29/2018
1stSecond,2676,valger,2746,Black,3 min,blitz,39,Won,10/29/2018
1stSecond,2666,valger,2756,White,3 min,blitz,53,Lost,10/29/2018
1stSecond,2672,valger,2750,Black,3 min,blitz,20,Won,10/29/2018
1stSecond,2662,Bajramoss,2623,White,3 min,blitz,31,Lost,10/29/2018
1stSecond,2671,temus_galaktionov,2660,Black,3 min,blitz,54,Lost,10/29/2018
1stSecond,2680,temus_galaktionov,2651,White,3 min,blitz,60,Won,10/29/2018
1stSecond,2672,attack2mateU,2745,Black,3 min,blitz,40,Lost,10/29/2018
1stSecond,2679,attack2mateU,2738,White,3 min,blitz,71,Won,10/29/2018
1stSecond,2669,landingatwill,2589,White,3 min,blitz,34,Won,10/28/2018
1stSecond,2663,landingatwill,2595,Black,3 min,blitz,31,Lost,10/28/2018
1stSecond,2673,stuwdrey,2578,White,3 min,blitz,42,Won,10/28/2018
1stSecond,2667,stuwdrey,2584,Black,3 min,blitz,53,Draw,10/28/2018
1stSecond,2669,stuwdrey,2582,White,3 min,blitz,58,Draw,10/28/2018