player,player_rating,opponent,opponent_rating,side,time_control,time_category,moves,result,date
1stSecond,2713,A-Fier,2727,White,3 min,blitz,39,Lost,3/6/2019
1stSecond,2721,A-Fier,2719,Black,3 min,blitz,49,Won,3/6/2019
1stSecond,2713,A-Fier,2727,White,3 min,blitz,63,Lost,3/6/2019
1stSecond,2721,NimzowitschAaron,2790,Black,3 min,blitz,21,Lost,3/6/2019
1stSecond,2729,SteelSpider,2707,White,3 min,blitz,52,Lost,3/6/2019
1stSecond,2738,JDBryant,2618,Black,3|2,blitz,32,Lost,3/6/2019
1stSecond,2749,7Madman,2527,White,3|2,blitz,40,Won,3/6/2019
1stSecond,2745,SaraciNderim,2747,White,3|2,blitz,36,Lost,3/6/2019
1stSecond,2753,Bryakin_Mikhail,2646,Black,3|2,blitz,76,Won,3/6/2019
1stSecond,2747,Durarbayli,2787,Black,3|2,blitz,82,Lost,3/6/2019
1stSecond,2754,SantoBlue,2712,White,3|2,blitz,32,Won,3/6/2019
1stSecond,2747,monkeyking88,2531,Black,3|2,blitz,43,Won,3/5/2019
1stSecond,2743,Korchmar_Vasiliy,2750,White,3|2,blitz,34,Lost,3/5/2019
1stSecond,2751,DrVitman,2647,Black,3|2,blitz,49,Won,3/5/2019
1stSecond,2745,2nd_life,2388,White,3|2,blitz,44,Won,3/5/2019
1stSecond,2743,MyAirPlane_999,2797,White,3 min,blitz,41,Lost,3/5/2019
1stSecond,2750,Alexander_Khlebovich,2666,White,3 min,blitz,42,Draw,3/5/2019
1stSecond,2752,Soulless4Now,2716,White,3 min,blitz,85,Draw,3/5/2019
1stSecond,2753,SteelSpider,2679,Black,3 min,blitz,29,Won,3/5/2019
1stSecond,2746,Mustang2018,2640,White,3 min,blitz,55,Won,3/5/2019
1stSecond,2740,pultineviciuspaulius,2799,Black,3 min,blitz,22,Won,3/5/2019
1stSecond,2730,champ2005,2799,Black,3 min,blitz,62,Lost,3/5/2019
1stSecond,2737,Manticore17,2667,Black,3 min,blitz,78,Lost,3/5/2019
1stSecond,2747,IMTominho,2758,Black,3 min,blitz,34,Won,3/5/2019
1stSecond,2738,IMTominho,2767,White,3 min,blitz,41,Won,3/5/2019
1stSecond,2729,Infernal_XaM,2830,Black,3 min,blitz,50,Lost,3/4/2019
1stSecond,2735,Infernal_XaM,2824,White,3 min,blitz,54,Lost,3/4/2019
1stSecond,2741,Infernal_XaM,2818,Black,3 min,blitz,33,Lost,3/4/2019
1stSecond,2748,Infernal_XaM,2811,White,3 min,blitz,63,Lost,3/4/2019
1stSecond,2755,Infernal_XaM,2804,Black,3 min,blitz,26,Lost,3/4/2019
1stSecond,2762,Infernal_XaM,2797,White,3 min,blitz,21,Won,3/4/2019
1stSecond,2753,Infernal_XaM,2806,Black,3 min,blitz,45,Won,3/4/2019
1stSecond,2743,Infernal_XaM,2816,White,3 min,blitz,44,Won,3/4/2019
1stSecond,2733,Infernal_XaM,2826,Black,3 min,blitz,41,Draw,3/4/2019
1stSecond,2731,Infernal_XaM,2828,White,3 min,blitz,21,Lost,3/4/2019
1stSecond,2737,Infernal_XaM,2822,Black,3 min,blitz,46,Lost,3/4/2019
1stSecond,2743,Infernal_XaM,2816,White,3 min,blitz,42,Lost,3/4/2019
1stSecond,2750,hurricane7791,2723,White,3 min,blitz,21,Won,3/4/2019
1stSecond,2742,hurricane7791,2734,Black,3 min,blitz,26,Lost,3/4/2019
1stSecond,2751,Alanar73,2721,Black,3 min,blitz,64,Draw,3/4/2019
1stSecond,2752,Alanar73,2720,White,3 min,blitz,51,Draw,3/4/2019
1stSecond,2753,jerom555888,2800,Black,3 min,blitz,83,Lost,3/4/2019
1stSecond,2760,ficorrales,2706,White,3 min,blitz,61,Won,3/4/2019
1stSecond,2753,Bryakin_Mikhail,2661,Black,3 min,blitz,72,Won,3/4/2019
1stSecond,2747,Golden_Frieza,2701,White,3 min,blitz,58,Won,3/4/2019
1stSecond,2740,artooon,2659,Black,3 min,blitz,38,Won,3/4/2019
1stSecond,2734,Raja3401,2643,Black,3 min,blitz,48,Draw,3/3/2019
1stSecond,2736,Raja3401,2641,White,3 min,blitz,29,Won,3/3/2019
1stSecond,2730,hurricane7791,2725,White,3 min,blitz,48,Lost,3/3/2019
1stSecond,2739,hurricane7791,2716,Black,3 min,blitz,29,Lost,3/3/2019