player,player_rating,opponent,opponent_rating,side,time_control,time_category,moves,result,date
1stSecond,2769,Shtembuliak,2674,White,1 min,bullet,41,Lost,3/30/2019
1stSecond,2780,Shtembuliak,2661,Black,1 min,bullet,29,Won,3/30/2019
1stSecond,2774,Shtembuliak,2668,White,1 min,bullet,59,Won,3/30/2019
1stSecond,2768,Shtembuliak,2676,Black,1 min,bullet,38,Won,3/30/2019
1stSecond,2762,Shtembuliak,2684,White,1 min,bullet,74,Draw,3/30/2019
1stSecond,2764,Shtembuliak,2681,Black,1 min,bullet,69,Won,3/30/2019
1stSecond,2758,TigranLPetrosyan,2770,White,1 min,bullet,36,Won,3/30/2019
1stSecond,2749,Ali_rastbod,2693,Black,1 min,bullet,61,Draw,3/30/2019
1stSecond,2750,Ali_rastbod,2692,White,1 min,bullet,53,Won,3/30/2019
1stSecond,2743,Ali_rastbod,2699,Black,1 min,bullet,59,Lost,3/30/2019
1stSecond,2752,Ali_rastbod,2690,White,1 min,bullet,20,Won,3/30/2019
1stSecond,2745,Ali_rastbod,2697,Black,1 min,bullet,17,Won,3/30/2019
1stSecond,2738,Ali_rastbod,2704,White,1 min,bullet,31,Won,3/30/2019
1stSecond,2730,Ali_rastbod,2712,Black,1 min,bullet,92,Draw,3/30/2019
1stSecond,2730,Ali_rastbod,2712,White,1 min,bullet,33,Lost,3/30/2019
1stSecond,2739,Ali_rastbod,2703,Black,1 min,bullet,88,Lost,3/30/2019
1stSecond,2748,Ali_rastbod,2694,White,1 min,bullet,26,Won,3/30/2019
1stSecond,2741,Ali_rastbod,2701,Black,1 min,bullet,71,Lost,3/30/2019
1stSecond,2750,Ali_rastbod,2692,White,1 min,bullet,45,Won,3/30/2019
1stSecond,2743,Ali_rastbod,2699,Black,1 min,bullet,48,Won,3/30/2019
1stSecond,2736,Ali_rastbod,2706,White,1 min,bullet,33,Lost,3/30/2019
1stSecond,2745,Ali_rastbod,2697,Black,1 min,bullet,43,Won,3/30/2019
1stSecond,2738,19283645,2705,Black,1 min,bullet,36,Won,3/30/2019
1stSecond,2730,19283645,2713,White,1 min,bullet,36,Won,3/30/2019
1stSecond,2722,19283645,2721,Black,1 min,bullet,32,Lost,3/30/2019
1stSecond,2730,19283645,2713,White,1 min,bullet,29,Lost,3/30/2019
1stSecond,2739,Divertissement,2704,White,1 min,bullet,36,Lost,3/29/2019
1stSecond,2748,Divertissement,2695,Black,1 min,bullet,61,Draw,3/29/2019
1stSecond,2749,Divertissement,2694,White,1 min,bullet,69,Lost,3/29/2019
1stSecond,2759,Divertissement,2684,Black,1 min,bullet,38,Won,3/29/2019
1stSecond,2752,Divertissement,2691,White,1 min,bullet,78,Won,3/29/2019
1stSecond,2745,Divertissement,2698,Black,1 min,bullet,13,Lost,3/29/2019
1stSecond,2755,Divertissement,2688,White,1 min,bullet,64,Won,3/29/2019
1stSecond,2748,Divertissement,2695,Black,1 min,bullet,40,Won,3/29/2019
1stSecond,2741,Divertissement,2702,White,1 min,bullet,39,Won,3/29/2019
1stSecond,2734,Divertissement,2709,Black,1 min,bullet,74,Lost,3/29/2019
1stSecond,2743,Divertissement,2700,White,1 min,bullet,32,Won,3/29/2019
1stSecond,2736,Divertissement,2707,Black,1 min,bullet,50,Lost,3/29/2019
1stSecond,2745,Divertissement,2698,White,1 min,bullet,41,Lost,3/29/2019
1stSecond,2754,Divertissement,2689,Black,1 min,bullet,59,Lost,3/29/2019
1stSecond,2764,Divertissement,2679,White,1 min,bullet,53,Won,3/29/2019
1stSecond,2758,Divertissement,2685,Black,1 min,bullet,38,Won,3/29/2019
1stSecond,2751,Divertissement,2692,White,1 min,bullet,34,Lost,3/29/2019
1stSecond,2761,Divertissement,2682,Black,1 min,bullet,23,Won,3/29/2019
1stSecond,2755,Divertissement,2688,White,1 min,bullet,42,Won,3/29/2019
1stSecond,2748,Divertissement,2695,Black,1 min,bullet,39,Won,3/29/2019
1stSecond,2741,Divertissement,2702,White,1 min,bullet,52,Won,3/29/2019
1stSecond,2734,Divertissement,2709,Black,1 min,bullet,78,Won,3/29/2019
1stSecond,2726,Divertissement,2717,White,1 min,bullet,60,Won,3/29/2019
1stSecond,2718,Divertissement,2725,Black,1 min,bullet,72,Lost,3/29/2019