player,player_rating,opponent,opponent_rating,side,time_control,time_category,moves,result,date
1stSecond,2753,Megamrd,2621,White,3 min,blitz,58,Won,2/13/2019
1stSecond,2748,Vuk2000,2728,White,3 min,blitz,37,Lost,2/13/2019
1stSecond,2757,Vuk2000,2719,Black,3 min,blitz,42,Won,2/13/2019
1stSecond,2750,honestgirl,2758,Black,3 min,blitz,49,Won,2/13/2019
1stSecond,2741,honestgirl,2767,White,3 min,blitz,47,Won,2/13/2019
1stSecond,2732,gmgamil,2783,Black,3 min,blitz,44,Lost,2/13/2019
1stSecond,2739,gmgamil,2776,White,3 min,blitz,50,Lost,2/13/2019
1stSecond,2747,VSanduleac,2673,White,3 min,blitz,36,Won,2/13/2019
1stSecond,2740,SteelSpider,2701,White,3 min,blitz,65,Draw,2/13/2019
1stSecond,2741,SteelSpider,2700,Black,3 min,blitz,61,Won,2/13/2019
1stSecond,2734,Matibar,2777,Black,3 min,blitz,61,Draw,2/13/2019
1stSecond,2733,dusanacns,2630,Black,3 min,blitz,46,Won,2/13/2019
1stSecond,2727,Udysseus1,2652,White,3 min,blitz,33,Won,2/13/2019
1stSecond,2720,muzadlane,2609,White,3 min,blitz,29,Won,2/13/2019
1stSecond,2714,Joshukid,2694,White,3 min,blitz,62,Lost,2/13/2019
1stSecond,2723,oskariot,2598,White,3 min,blitz,28,Won,2/12/2019
1stSecond,2718,Hovik_Hayrapetyan,2688,White,3 min,blitz,60,Lost,2/12/2019
1stSecond,2727,Hovik_Hayrapetyan,2674,Black,3 min,blitz,47,Lost,2/12/2019
1stSecond,2737,Hovik_Hayrapetyan,2659,White,3 min,blitz,57,Won,2/12/2019
1stSecond,2730,Hovik_Hayrapetyan,2670,Black,3 min,blitz,33,Lost,2/12/2019
1stSecond,2740,Hovik_Hayrapetyan,2654,White,3 min,blitz,25,Won,2/12/2019
1stSecond,2734,Hovik_Hayrapetyan,2665,Black,3 min,blitz,37,Won,2/12/2019
1stSecond,2727,Denis_Makhnyov,2657,Black,3 min,blitz,66,Won,2/12/2019
1stSecond,2720,kaumandur01,2659,White,3 min,blitz,58,Won,2/12/2019
1stSecond,2713,temus_galaktionov,2600,White,3 min,blitz,42,Won,2/12/2019
1stSecond,2707,12teen,2633,White,3 min,blitz,32,Lost,2/10/2019
1stSecond,2717,12teen,2623,Black,3 min,blitz,44,Won,2/10/2019
1stSecond,2711,12teen,2629,White,3 min,blitz,57,Won,2/10/2019
1stSecond,2705,12teen,2635,Black,3 min,blitz,36,Won,2/10/2019
1stSecond,2698,12teen,2642,White,3 min,blitz,15,Won,2/10/2019
1stSecond,2691,ProstoIgrok,2675,Black,3 min,blitz,28,Won,2/8/2019
1stSecond,2683,gmyarick,2582,Black,3 min,blitz,55,Won,2/8/2019
1stSecond,2677,wnstop,2632,White,3 min,blitz,1,Lost,2/7/2019
1stSecond,2686,SteelSpider,2687,White,3 min,blitz,34,Lost,2/5/2019
1stSecond,2694,Mischuk_D,2647,White,3 min,blitz,13,Won,2/5/2019
1stSecond,2687,IGROK1111,2620,Black,3 min,blitz,58,Won,2/5/2019
1stSecond,2680,IGROK1111,2627,White,3 min,blitz,21,Won,2/5/2019
1stSecond,2673,artooon,2705,White,3 min,blitz,87,Won,2/1/2019
1stSecond,2664,Markov_Mikhail,2718,Black,3 min,blitz,64,Lost,2/1/2019
1stSecond,2671,Markov_Mikhail,2698,White,3 min,blitz,76,Won,2/1/2019
1stSecond,2662,hurricane7791,2791,White,3 min,blitz,59,Lost,2/1/2019
1stSecond,2667,renjiehuang,2727,Black,3 min,blitz,64,Lost,2/1/2019
1stSecond,2674,3MusketeersXFrench,2728,Black,3 min,blitz,72,Lost,1/31/2019
1stSecond,2681,3MusketeersXFrench,2721,White,3 min,blitz,27,Lost,1/31/2019
1stSecond,2688,igorkovalenko,2890,White,3 min,blitz,33,Lost,1/31/2019
1stSecond,2692,igorkovalenko,2886,Black,3 min,blitz,66,Lost,1/31/2019
1stSecond,2696,L1m96,2599,Black,3 min,blitz,31,Won,1/31/2019
1stSecond,2690,Arseniy_Nesterov,2663,Black,3 min,blitz,26,Lost,1/31/2019
1stSecond,2699,leoo2001,2650,White,3 min,blitz,28,Lost,1/31/2019
1stSecond,2709,ToivoK3,2721,Black,3 min,blitz,88,Lost,1/31/2019