player,player_rating,opponent,opponent_rating,side,time_control,time_category,moves,result,date
1stSecond,2749,kromax33,2685,Black,3 min,blitz,49,Lost,1/9/2019
1stSecond,2759,kromax33,2675,White,3 min,blitz,73,Draw,1/9/2019
1stSecond,2761,kromax33,2673,Black,3 min,blitz,11,Lost,1/9/2019
1stSecond,2771,Zugazuando,2736,White,3 min,blitz,35,Lost,1/7/2019
1stSecond,2780,Zugazuando,2727,Black,3 min,blitz,56,Lost,1/7/2019
1stSecond,2790,Zugazuando,2717,White,3 min,blitz,51,Won,1/7/2019
1stSecond,2783,Zugazuando,2724,Black,3 min,blitz,43,Won,1/7/2019
1stSecond,2751,yuc0107,2778,Black,3 min,blitz,66,Lost,1/7/2019
1stSecond,2759,Malik02,2767,Black,3 min,blitz,58,Lost,1/7/2019
1stSecond,2767,Malik02,2759,White,3 min,blitz,77,Won,1/7/2019
1stSecond,2759,Tapuah,2830,Black,3 min,blitz,66,Lost,1/7/2019
1stSecond,2759,Coldplace,2777,Black,3 min,blitz,49,Lost,1/6/2019
1stSecond,2767,Coldplace,2769,White,3 min,blitz,58,Won,1/6/2019
1stSecond,2759,demis_karibidis,2824,White,3 min,blitz,29,Lost,1/6/2019
1stSecond,2766,kindeke,2717,Black,3 min,blitz,40,Lost,1/6/2019
1stSecond,2776,kindeke,2707,White,3 min,blitz,17,Draw,1/6/2019
1stSecond,2778,Vrolijk,2735,White,3 min,blitz,69,Lost,1/6/2019
1stSecond,2787,Beastly99,2753,Black,3 min,blitz,61,Draw,1/6/2019
1stSecond,2788,Beastly99,2752,White,3 min,blitz,54,Lost,1/6/2019
1stSecond,2797,Beastly99,2743,Black,3 min,blitz,36,Won,1/6/2019
1stSecond,2790,jedipredator,2650,White,3 min,blitz,41,Lost,1/5/2019
1stSecond,2802,Coldplace,2763,Black,3 min,blitz,35,Won,1/5/2019
1stSecond,2785,GigaQuparadze,2786,White,3 min,blitz,40,Lost,1/5/2019
1stSecond,2793,GigaQuparadze,2778,Black,3 min,blitz,46,Won,1/5/2019
1stSecond,2785,ViIIagra,2801,Black,3 min,blitz,31,Lost,1/4/2019
1stSecond,2793,Malik02,2845,Black,3 min,blitz,52,Lost,1/4/2019
1stSecond,2800,Malik02,2838,White,3 min,blitz,80,Lost,1/4/2019
1stSecond,2807,Hanskai,2816,White,3 min,blitz,46,Lost,1/4/2019
1stSecond,2815,Hanskai,2808,Black,3 min,blitz,27,Won,1/4/2019
1stSecond,2807,GigaQuparadze,2837,White,3 min,blitz,62,Lost,1/4/2019
1stSecond,2815,GigaQuparadze,2829,Black,3 min,blitz,31,Lost,1/4/2019
1stSecond,2823,GigaQuparadze,2821,White,3 min,blitz,49,Draw,1/4/2019
1stSecond,2823,GigaQuparadze,2821,Black,3 min,blitz,27,Won,1/4/2019
1stSecond,2815,Parhamov,2895,Black,3 min,blitz,31,Lost,1/4/2019
1stSecond,2822,Gundavaa,2731,Black,3 min,blitz,43,Lost,1/4/2019
1stSecond,2832,Amirreza_p,2765,White,3 min,blitz,22,Won,1/4/2019
1stSecond,2825,Amirreza_p,2772,Black,3 min,blitz,32,Won,1/4/2019
1stSecond,2818,Amirreza_p,2779,White,3 min,blitz,18,Won,1/4/2019
1stSecond,2811,Amirreza_p,2786,Black,3 min,blitz,60,Lost,1/4/2019
1stSecond,2820,Mistango,2769,Black,3 min,blitz,35,Lost,1/4/2019
1stSecond,2830,Mistango,2759,White,3 min,blitz,47,Lost,1/3/2019
1stSecond,2840,Jaaborok,2636,Black,3 min,blitz,29,Won,1/3/2019
1stSecond,2836,Jaaborok,2640,White,3 min,blitz,33,Won,1/3/2019
1stSecond,2832,dangerousfish,2678,White,3 min,blitz,63,Won,1/3/2019
1stSecond,2827,cardinall-richelieu,2796,Black,3 min,blitz,38,Won,1/3/2019
1stSecond,2819,cardinall-richelieu,2804,White,3 min,blitz,32,Won,1/3/2019
1stSecond,2811,cardinall-richelieu,2812,Black,3 min,blitz,59,Won,1/3/2019
1stSecond,2803,cardinall-richelieu,2820,White,3 min,blitz,26,Won,1/3/2019
1stSecond,2794,cardinall-richelieu,2829,Black,3 min,blitz,30,Won,1/2/2019
1stSecond,2785,cardinall-richelieu,2838,White,3 min,blitz,32,Won,1/2/2019