player,player_rating,opponent,opponent_rating,side,time_control,time_category,moves,result,date
1stSecond,2788,garcho08,2779,Black,3 min,blitz,58,Won,2/19/2019
1stSecond,2780,Lukianoo,2779,White,3 min,blitz,32,Lost,2/18/2019
1stSecond,2788,Alexander_Khlebovich,2777,Black,3 min,blitz,57,Won,2/18/2019
1stSecond,2780,tacticstrainingonly,2701,Black,3 min,blitz,24,Won,2/17/2019
1stSecond,2774,tacticstrainingonly,2707,White,3 min,blitz,24,Lost,2/17/2019
1stSecond,2784,tacticstrainingonly,2697,Black,3 min,blitz,28,Won,2/17/2019
1stSecond,2778,tacticstrainingonly,2703,White,3 min,blitz,36,Won,2/17/2019
1stSecond,2771,manudavid,2779,Black,3 min,blitz,75,Lost,2/17/2019
1stSecond,2779,jerom555888,2670,White,3 min,blitz,46,Won,2/17/2019
1stSecond,2773,jerom555888,2676,Black,3 min,blitz,41,Won,2/17/2019
1stSecond,2767,oskariot,2625,White,3 min,blitz,59,Won,2/17/2019
1stSecond,2762,Shota_Azaladze,2726,White,3 min,blitz,53,Won,2/17/2019
1stSecond,2755,Shota_Azaladze,2733,Black,3 min,blitz,84,Won,2/17/2019
1stSecond,2747,freddy2200,2618,White,3 min,blitz,52,Lost,2/17/2019
1stSecond,2758,freddy2200,2607,Black,3 min,blitz,24,Won,2/17/2019
1stSecond,2753,erwinlami,2764,Black,3 min,blitz,49,Lost,2/17/2019
1stSecond,2761,erwinlami,2756,White,3 min,blitz,45,Won,2/17/2019
1stSecond,2753,Rain_Delay,2691,White,3 min,blitz,39,Draw,2/17/2019
1stSecond,2754,CapitanFindus,2621,Black,3 min,blitz,28,Draw,2/17/2019
1stSecond,2757,KamilPlichta,2713,Black,3 min,blitz,59,Draw,2/16/2019
1stSecond,2758,KamilPlichta,2712,White,3 min,blitz,68,Draw,2/16/2019
1stSecond,2759,KamilPlichta,2711,Black,3 min,blitz,52,Won,2/16/2019
1stSecond,2752,KamilPlichta,2718,White,3 min,blitz,62,Lost,2/16/2019
1stSecond,2761,KamilPlichta,2709,Black,3 min,blitz,72,Won,2/16/2019
1stSecond,2754,KamilPlichta,2716,White,3 min,blitz,45,Won,2/16/2019
1stSecond,2747,KamilPlichta,2723,Black,3 min,blitz,27,Lost,2/16/2019
1stSecond,2756,KamilPlichta,2714,White,3 min,blitz,54,Lost,2/16/2019
1stSecond,2765,MehdiHosseinipour,2611,Black,3 min,blitz,52,Won,2/16/2019
1stSecond,2760,muzadlane,2615,Black,3 min,blitz,55,Won,2/16/2019
1stSecond,2755,Udysseus1,2645,Black,3 min,blitz,21,Won,2/16/2019
1stSecond,2749,oskariot,2703,Black,3 min,blitz,46,Lost,2/16/2019
1stSecond,2758,KiteZZ,2623,White,3 min,blitz,49,Won,2/16/2019
1stSecond,2753,want2lose,2690,White,3 min,blitz,71,Lost,2/16/2019
1stSecond,2763,gmgamil,2742,Black,3 min,blitz,51,Won,2/15/2019
1stSecond,2755,gmgamil,2750,White,3 min,blitz,31,Won,2/15/2019
1stSecond,2747,Kiborg95,2702,White,3 min,blitz,45,Won,2/15/2019
1stSecond,2740,therealtrader,2640,Black,3 min,blitz,23,Won,2/15/2019
1stSecond,2734,kindeke,2773,White,3 min,blitz,63,Lost,2/15/2019
1stSecond,2741,Black-Flash,2659,Black,3 min,blitz,56,Lost,2/15/2019
1stSecond,2751,ProfTerrieux,2629,Black,3 min,blitz,59,Won,2/14/2019
1stSecond,2745,ProfTerrieux,2635,White,3 min,blitz,29,Won,2/14/2019
1stSecond,2739,ProfTerrieux,2641,Black,3 min,blitz,29,Won,2/14/2019
1stSecond,2733,resha1988,2712,White,3 min,blitz,39,Draw,2/14/2019
1stSecond,2733,erwinlami,2781,Black,3 min,blitz,30,Lost,2/14/2019
1stSecond,2740,SteelSpider,2699,Black,3 min,blitz,23,Lost,2/14/2019
1stSecond,2749,ChessShop,2654,White,3 min,blitz,47,Won,2/14/2019
1stSecond,2743,Tiqr777,2611,White,3 min,blitz,32,Won,2/14/2019
1stSecond,2738,Demeian,2645,Black,3 min,blitz,56,Lost,2/14/2019
1stSecond,2749,flyingpiket,2699,Black,3 min,blitz,53,Lost,2/14/2019
1stSecond,2759,anmac,2649,White,3 min,blitz,39,Won,2/14/2019