player,player_rating,opponent,opponent_rating,side,time_control,time_category,moves,result,date
1stSecond,2774,agser,2675,Black,1 min,bullet,28,Lost,10/11/2016
1stSecond,2785,agser,2664,White,1 min,bullet,40,Lost,10/11/2016
1stSecond,2796,agser,2653,Black,1 min,bullet,11,Won,10/11/2016
1stSecond,2791,agser,2658,White,1 min,bullet,29,Won,10/11/2016
1stSecond,2786,agser,2663,Black,1 min,bullet,36,Won,10/11/2016
1stSecond,2780,Noukii,2848,Black,1 min,bullet,20,Lost,10/10/2016
1stSecond,2787,Noukii,2841,White,1 min,bullet,54,Lost,10/10/2016
1stSecond,2794,Noukii,2834,Black,1 min,bullet,31,Won,10/10/2016
1stSecond,2785,Noukii,2843,White,1 min,bullet,46,Lost,10/10/2016
1stSecond,2792,Noukii,2836,Black,1 min,bullet,57,Lost,10/10/2016
1stSecond,2799,Noukii,2829,White,1 min,bullet,33,Lost,10/10/2016
1stSecond,2807,Noukii,2821,Black,1 min,bullet,63,Won,10/10/2016
1stSecond,2798,Noukii,2830,White,1 min,bullet,43,Lost,10/10/2016
1stSecond,2806,Noukii,2822,Black,1 min,bullet,33,Won,10/10/2016
1stSecond,2797,Noukii,2831,White,1 min,bullet,68,Lost,10/10/2016
1stSecond,2805,Noukii,2823,Black,1 min,bullet,40,Won,10/10/2016
1stSecond,2796,Noukii,2832,White,1 min,bullet,63,Lost,10/10/2016
1stSecond,2804,Noukii,2824,Black,1 min,bullet,54,Lost,10/10/2016
1stSecond,2812,Noukii,2816,White,1 min,bullet,24,Lost,10/10/2016
1stSecond,2820,Noukii,2808,Black,1 min,bullet,72,Draw,10/10/2016
1stSecond,2820,Noukii,2808,White,1 min,bullet,55,Won,10/10/2016
1stSecond,2812,chesspanda123,2887,Black,1 min,bullet,48,Lost,10/9/2016
1stSecond,2819,chesspanda123,2880,White,1 min,bullet,43,Draw,10/9/2016
1stSecond,2818,chesspanda123,2881,Black,1 min,bullet,46,Lost,10/9/2016
1stSecond,2825,chesspanda123,2874,White,1 min,bullet,46,Won,10/9/2016
1stSecond,2815,chesspanda123,2884,Black,1 min,bullet,44,Won,10/9/2016
1stSecond,2805,chesspanda123,2894,White,1 min,bullet,45,Lost,10/9/2016
1stSecond,2811,chesspanda123,2888,Black,1 min,bullet,55,Won,10/9/2016
1stSecond,2801,chesspanda123,2898,White,1 min,bullet,38,Won,10/9/2016
1stSecond,2790,chesspanda123,2909,Black,1 min,bullet,38,Lost,10/9/2016
1stSecond,2796,chesspanda123,2903,White,1 min,bullet,50,Won,10/9/2016
1stSecond,2785,chesspanda123,2914,Black,1 min,bullet,20,Lost,10/9/2016
1stSecond,2790,chesspanda123,2909,White,1 min,bullet,46,Lost,10/9/2016
1stSecond,2796,chesspanda123,2903,Black,1 min,bullet,50,Lost,10/9/2016
1stSecond,2802,chesspanda123,2897,White,1 min,bullet,41,Lost,10/9/2016
1stSecond,2808,chesspanda123,2891,Black,1 min,bullet,33,Lost,10/9/2016
1stSecond,2814,chesspanda123,2885,White,1 min,bullet,52,Won,10/9/2016
1stSecond,2804,chesspanda123,2895,Black,1 min,bullet,41,Won,10/9/2016
1stSecond,2793,chesspanda123,2906,White,1 min,bullet,41,Won,10/9/2016
1stSecond,2782,chesspanda123,2917,Black,1 min,bullet,35,Lost,10/9/2016
1stSecond,2787,chesspanda123,2912,White,1 min,bullet,57,Lost,10/9/2016
1stSecond,2792,chesspanda123,2907,Black,1 min,bullet,34,Lost,10/9/2016
1stSecond,2798,chesspanda123,2901,White,1 min,bullet,52,Lost,10/9/2016
1stSecond,2804,chesspanda123,2895,Black,1 min,bullet,51,Won,10/9/2016
1stSecond,2793,chesspanda123,2906,White,1 min,bullet,26,Lost,10/9/2016
1stSecond,2799,chesspanda123,2900,Black,1 min,bullet,46,Won,10/9/2016
1stSecond,2788,chesspanda123,2911,White,1 min,bullet,55,Lost,10/9/2016
1stSecond,2793,chesspanda123,2906,Black,1 min,bullet,49,Won,10/9/2016
1stSecond,2782,chesspanda123,2917,White,1 min,bullet,22,Lost,10/9/2016
1stSecond,2787,chesspanda123,2912,Black,1 min,bullet,21,Lost,10/9/2016