player,player_rating,opponent,opponent_rating,side,time_control,time_category,moves,result,date
1stSecond,2720,Bigfish1995,2929,Black,1 min,bullet,47,Won,4/4/2019
1stSecond,2707,Bigfish1995,2942,White,1 min,bullet,20,Lost,4/4/2019
1stSecond,2710,Bigfish1995,2939,Black,1 min,bullet,33,Lost,4/4/2019
1stSecond,2714,Bigfish1995,2935,White,1 min,bullet,61,Lost,4/4/2019
1stSecond,2718,Bigfish1995,2931,Black,1 min,bullet,43,Lost,4/4/2019
1stSecond,2722,Bigfish1995,2927,White,1 min,bullet,64,Lost,4/4/2019
1stSecond,2726,GadimbayliA,2678,White,1 min,bullet,59,Lost,4/4/2019
1stSecond,2736,HariKiri8,2674,White,1 min,bullet,67,Lost,4/4/2019
1stSecond,2746,limitlesss9,2905,Black,1 min,bullet,22,Lost,4/4/2019
1stSecond,2751,limitlesss9,2900,White,1 min,bullet,48,Lost,4/4/2019
1stSecond,2756,limitlesss9,2895,Black,1 min,bullet,26,Lost,4/4/2019
1stSecond,2761,limitlesss9,2890,White,1 min,bullet,35,Lost,4/4/2019
1stSecond,2766,limitlesss9,2885,Black,1 min,bullet,42,Won,4/4/2019
1stSecond,2755,limitlesss9,2896,White,1 min,bullet,88,Lost,4/4/2019
1stSecond,2760,limitlesss9,2891,Black,1 min,bullet,28,Lost,4/4/2019
1stSecond,2765,limitlesss9,2886,White,1 min,bullet,60,Won,4/4/2019
1stSecond,2754,limitlesss9,2897,Black,1 min,bullet,35,Lost,4/4/2019
1stSecond,2759,limitlesss9,2892,White,1 min,bullet,54,Lost,4/4/2019
1stSecond,2764,limitlesss9,2887,Black,1 min,bullet,44,Won,4/4/2019
1stSecond,2753,kpio91,2640,Black,1 min,bullet,52,Won,4/4/2019
1stSecond,2747,kpio91,2647,White,1 min,bullet,74,Draw,4/4/2019
1stSecond,2749,kpio91,2644,Black,1 min,bullet,31,Won,4/4/2019
1stSecond,2743,kpio91,2651,White,1 min,bullet,32,Won,4/4/2019
1stSecond,2737,kpio91,2659,Black,1 min,bullet,37,Won,4/4/2019
1stSecond,2730,kpio91,2668,White,1 min,bullet,34,Won,4/4/2019
1stSecond,2723,kpio91,2677,Black,1 min,bullet,41,Won,4/4/2019
1stSecond,2716,kpio91,2687,White,1 min,bullet,69,Lost,4/4/2019
1stSecond,2725,kpio91,2674,Black,1 min,bullet,71,Lost,4/4/2019
1stSecond,2735,kpio91,2660,White,1 min,bullet,44,Lost,4/4/2019
1stSecond,2745,kpio91,2645,Black,1 min,bullet,51,Won,4/4/2019
1stSecond,2739,kpio91,2655,White,1 min,bullet,53,Won,4/4/2019
1stSecond,2733,kpio91,2665,Black,1 min,bullet,39,Lost,4/4/2019
1stSecond,2743,kpio91,2648,White,1 min,bullet,76,Won,4/4/2019
1stSecond,2737,kpio91,2659,Black,1 min,bullet,37,Won,4/4/2019
1stSecond,2730,kpio91,2671,White,1 min,bullet,31,Lost,4/4/2019
1stSecond,2740,kpio91,2652,Black,1 min,bullet,42,Draw,4/4/2019
1stSecond,2742,kpio91,2648,White,1 min,bullet,72,Won,4/4/2019
1stSecond,2736,Ali_rastbod,2706,White,1 min,bullet,34,Lost,3/30/2019
1stSecond,2745,Ali_rastbod,2697,Black,1 min,bullet,60,Lost,3/30/2019
1stSecond,2755,Ali_rastbod,2687,White,1 min,bullet,62,Won,3/30/2019
1stSecond,2748,Ali_rastbod,2694,Black,1 min,bullet,74,Won,3/30/2019
1stSecond,2741,Ali_rastbod,2701,White,1 min,bullet,65,Draw,3/30/2019
1stSecond,2742,Ali_rastbod,2700,Black,1 min,bullet,93,Lost,3/30/2019
1stSecond,2751,Ali_rastbod,2691,White,1 min,bullet,54,Won,3/30/2019
1stSecond,2744,Shtembuliak,2703,White,1 min,bullet,41,Lost,3/30/2019
1stSecond,2753,Shtembuliak,2693,Black,1 min,bullet,60,Won,3/30/2019
1stSecond,2746,Shtembuliak,2701,White,1 min,bullet,39,Lost,3/30/2019
1stSecond,2755,Shtembuliak,2690,Black,1 min,bullet,46,Lost,3/30/2019
1stSecond,2765,Shtembuliak,2679,White,1 min,bullet,35,Draw,3/30/2019
1stSecond,2767,Shtembuliak,2677,Black,1 min,bullet,70,Draw,3/30/2019