player,player_rating,opponent,opponent_rating,side,time_control,time_category,moves,result,date
1stSecond,2678,leonardodavid83,2582,White,3 min,blitz,33,Won,3/24/2019
1stSecond,2672,Rsnr,2706,White,3 min,blitz,70,Lost,3/23/2019
1stSecond,2680,David_Paravyan,2758,White,3 min,blitz,35,Won,3/23/2019
1stSecond,2670,msolleveld,2718,Black,3 min,blitz,100,Lost,3/23/2019
1stSecond,2677,German_Bazeev,2680,White,3 min,blitz,33,Won,3/23/2019
1stSecond,2669,German_Bazeev,2688,Black,3 min,blitz,42,Won,3/22/2019
1stSecond,2660,Gahan-MG,2623,Black,3 min,blitz,41,Lost,3/22/2019
1stSecond,2669,Alexander_Khlebovich,2655,Black,3 min,blitz,55,Won,3/22/2019
1stSecond,2661,Alexander_Khlebovich,2663,White,3 min,blitz,43,Draw,3/22/2019
1stSecond,2661,Alexander_Khlebovich,2663,Black,3 min,blitz,37,Won,3/22/2019
1stSecond,2653,SteelSpider,2739,White,3 min,blitz,31,Lost,3/22/2019
1stSecond,2659,Maikrosoft63,2630,White,3 min,blitz,25,Won,3/22/2019
1stSecond,2651,davidarenas1224,2636,Black,3 min,blitz,46,Won,3/22/2019
1stSecond,2643,davidarenas1224,2644,White,3 min,blitz,38,Lost,3/21/2019
1stSecond,2651,vuqarrasulov,2736,White,3 min,blitz,53,Won,3/21/2019
1stSecond,2641,vuqarrasulov,2746,Black,3 min,blitz,65,Lost,3/21/2019
1stSecond,2647,bobbyfusha,2651,Black,3 min,blitz,35,Lost,3/16/2019
1stSecond,2655,justmig,2638,White,3 min,blitz,34,Won,3/15/2019
1stSecond,2647,Azatic,2646,Black,3 min,blitz,56,Draw,3/15/2019
1stSecond,2647,jerom555888,2605,White,3 min,blitz,57,Won,3/15/2019
1stSecond,2640,keshka01,2607,Black,3 min,blitz,19,Won,3/15/2019
1stSecond,2632,swimmerchess,2645,White,3 min,blitz,21,Lost,3/14/2019
1stSecond,2640,DuleMudule,2720,Black,3 min,blitz,39,Lost,3/13/2019
1stSecond,2646,Snowblind1985,2620,White,3 min,blitz,31,Lost,3/13/2019
1stSecond,2655,Snowblind1985,2617,Black,3 min,blitz,26,Lost,3/13/2019
1stSecond,2664,Gajuchess,2701,White,3 min,blitz,59,Lost,3/13/2019
1stSecond,2671,Gajuchess,2694,Black,3 min,blitz,57,Lost,3/13/2019
1stSecond,2679,Gummibear69,2684,Black,3 min,blitz,50,Lost,3/9/2019
1stSecond,2687,Chess_for_enjoy,2664,Black,3 min,blitz,88,Lost,3/9/2019
1stSecond,2696,Chess_for_enjoy,2655,White,3 min,blitz,24,Won,3/9/2019
1stSecond,2689,Indianlad,2820,White,3 min,blitz,35,Won,3/9/2019
1stSecond,2678,Indianlad,2831,Black,3 min,blitz,43,Lost,3/9/2019
1stSecond,2683,KardashevskiyEvgeny,2618,Black,3 min,blitz,35,Won,3/9/2019
1stSecond,2676,DenishevM,2507,White,3 min,blitz,53,Lost,3/8/2019
1stSecond,2688,GMKrikor,2774,White,3 min,blitz,58,Lost,3/8/2019
1stSecond,2694,Last7Samurai,2697,Black,3 min,blitz,58,Lost,3/8/2019
1stSecond,2702,Tiqr777,2543,Black,3 min,blitz,46,Lost,3/8/2019
1stSecond,2714,Keitthonsky,2413,Black,3 min,blitz,39,Won,3/8/2019
1stSecond,2712,Arabicfalcon,2906,White,3 min,blitz,44,Won,3/8/2019
1stSecond,2700,Artooooo,2797,Black,3 min,blitz,30,Lost,3/8/2019
1stSecond,2706,Incognito_Knight,2648,Black,3 min,blitz,29,Won,3/8/2019
1stSecond,2699,Artooooo,2791,White,3 min,blitz,23,Lost,3/8/2019
1stSecond,2705,SteelSpider,2727,Black,3 min,blitz,36,Lost,3/8/2019
1stSecond,2713,GMG,2666,White,3 min,blitz,34,Lost,3/7/2019
1stSecond,2723,BlueWizzard,2664,Black,3 min,blitz,54,Lost,3/7/2019
1stSecond,2733,BlueWizzard,2654,White,3 min,blitz,42,Won,3/7/2019
1stSecond,2726,BlueWizzard,2661,Black,3 min,blitz,25,Won,3/7/2019
1stSecond,2719,oskariot,2665,White,3 min,blitz,57,Won,3/6/2019
1stSecond,2712,oskariot,2672,Black,3 min,blitz,92,Draw,3/6/2019
1stSecond,2705,A-Fier,2735,Black,3 min,blitz,17,Lost,3/6/2019