player,player_rating,opponent,opponent_rating,side,time_control,time_category,moves,result,date
1stSecond,2745,Msb2,2756,White,3 min,blitz,33,Lost,12/14/2018
1stSecond,2753,Msb2,2748,Black,3 min,blitz,30,Won,12/14/2018
1stSecond,2745,Stockbook5577,2632,White,3 min,blitz,30,Won,12/13/2018
1stSecond,2739,SONOFHOLYGOD,2651,Black,3 min,blitz,38,Won,12/13/2018
1stSecond,2733,LifeIsGoingOn,2742,White,3 min,blitz,35,Lost,12/13/2018
1stSecond,2741,kuban23,2682,White,3 min,blitz,30,Won,12/13/2018
1stSecond,2734,ChessShop,2653,Black,3 min,blitz,54,Lost,12/13/2018
1stSecond,2744,YOAJM,2611,Black,3 min,blitz,64,Won,12/13/2018
1stSecond,2739,Bad_Genuis,2671,White,3 min,blitz,36,Won,12/13/2018
1stSecond,2732,QDcoach,2738,Black,3 min,blitz,51,Lost,12/13/2018
1stSecond,2740,QDcoach,2730,White,3 min,blitz,32,Won,12/13/2018
1stSecond,2732,QDcoach,2738,Black,3 min,blitz,43,Lost,12/13/2018
1stSecond,2740,Krasimir_Rusev,2626,Black,3 min,blitz,28,Won,12/13/2018
1stSecond,2734,Krasimir_Rusev,2632,White,3 min,blitz,29,Won,12/13/2018
1stSecond,2728,Krasimir_Rusev,2638,Black,3 min,blitz,47,Won,12/13/2018
1stSecond,2722,Krasimir_Rusev,2644,White,3 min,blitz,66,Draw,12/13/2018
1stSecond,2724,Barbix1,2614,White,3 min,blitz,35,Won,12/13/2018
1stSecond,2718,Barbix1,2620,Black,3 min,blitz,40,Draw,12/13/2018
1stSecond,2720,Barbix1,2618,White,3 min,blitz,23,Won,12/13/2018
1stSecond,2714,Barbix1,2624,Black,3 min,blitz,36,Won,12/13/2018
1stSecond,2708,Barbix1,2630,White,3 min,blitz,24,Won,12/13/2018
1stSecond,2701,BlueNightSky,2649,White,3 min,blitz,33,Won,12/12/2018
1stSecond,2694,Perfeccionista,2692,White,3 min,blitz,32,Draw,12/12/2018
1stSecond,2688,Rgbt1937742,2668,Black,3 min,blitz,41,Lost,12/12/2018
1stSecond,2697,Rgbt1937742,2659,White,3 min,blitz,67,Won,12/12/2018
1stSecond,2690,leos01,2642,Black,3 min,blitz,69,Won,12/12/2018
1stSecond,2683,mikhaillushenkov,2690,Black,3 min,blitz,58,Won,12/11/2018
1stSecond,2674,Aryangholami,2745,Black,3 min,blitz,65,Won,12/11/2018
1stSecond,2664,Misi_95,2668,White,3 min,blitz,10,Won,12/11/2018
1stSecond,2656,GigaQuparadze,2758,Black,3 min,blitz,38,Lost,12/11/2018
1stSecond,2662,Artur_Avalyan03,2717,Black,3 min,blitz,29,Lost,12/11/2018
1stSecond,2669,JPsych,2665,Black,3 min,blitz,31,Lost,12/11/2018
1stSecond,2678,jerom555888,2699,White,3 min,blitz,23,Won,12/11/2018
1stSecond,2669,SuperCheese,2684,White,3 min,blitz,79,Lost,12/11/2018
1stSecond,2677,Kiborg95,2684,Black,3 min,blitz,21,Won,12/11/2018
1stSecond,2668,Kiborg95,2693,White,3 min,blitz,11,Won,12/11/2018
1stSecond,2659,krimbot1,2755,White,3 min,blitz,36,Lost,12/11/2018
1stSecond,2665,LPSupi,2747,Black,3 min,blitz,64,Won,12/11/2018
1stSecond,2655,LPSupi,2757,White,3 min,blitz,51,Lost,12/11/2018
1stSecond,2661,LPSupi,2751,Black,3 min,blitz,18,Won,12/11/2018
1stSecond,2651,joshdaruca,2621,White,3 min,blitz,16,Lost,12/10/2018
1stSecond,2660,joshdaruca,2612,Black,3 min,blitz,20,Lost,12/10/2018
1stSecond,2669,alpasya2009,2633,White,3 min,blitz,38,Won,12/10/2018
1stSecond,2662,Ginger_GM,2666,Black,3 min,blitz,39,Lost,12/10/2018
1stSecond,2670,Yaacovn,2743,Black,3 min,blitz,41,Lost,12/10/2018
1stSecond,2677,Barbix1,2652,Black,3 min,blitz,38,Won,12/10/2018
1stSecond,2669,Barbix1,2660,White,3 min,blitz,58,Lost,12/10/2018
1stSecond,2678,JonahWillow,2679,Black,3 min,blitz,53,Lost,12/9/2018
1stSecond,2686,Hunninn,2682,White,3 min,blitz,29,Lost,12/9/2018
1stSecond,2694,GigaQuparadze,2768,White,3 min,blitz,37,Lost,12/9/2018