player,player_rating,opponent,opponent_rating,side,time_control,time_category,moves,result,date
1stSecond,2779,Cruel_Yaro,2739,Black,3 min,blitz,60,Lost,12/20/2018
1stSecond,2788,Grandsi,2675,White,3 min,blitz,32,Won,12/20/2018
1stSecond,2782,Nakachuk,2753,Black,3 min,blitz,76,Lost,12/20/2018
1stSecond,2791,Nakachuk,2744,White,3 min,blitz,36,Won,12/20/2018
1stSecond,2784,Nakachuk,2751,Black,3 min,blitz,44,Lost,12/20/2018
1stSecond,2793,Noukii,2817,Black,3 min,blitz,35,Lost,12/20/2018
1stSecond,2801,Noukii,2809,White,3 min,blitz,38,Won,12/20/2018
1stSecond,2792,Noukii,2818,Black,3 min,blitz,27,Won,12/20/2018
1stSecond,2783,goldenman79,2646,White,3 min,blitz,53,Won,12/20/2018
1stSecond,2778,goldenman79,2630,Black,3 min,blitz,58,Lost,12/20/2018
1stSecond,2790,goldenman79,2618,White,3 min,blitz,13,Won,12/20/2018
1stSecond,2785,goldenman79,2623,Black,3 min,blitz,40,Won,12/20/2018
1stSecond,2780,goldenman79,2628,White,3 min,blitz,35,Won,12/20/2018
1stSecond,2775,Black_Coffin,2682,White,3 min,blitz,37,Lost,12/20/2018
1stSecond,2786,gmsakk,2736,Black,3 min,blitz,51,Lost,12/20/2018
1stSecond,2796,Microchess004,2781,Black,3 min,blitz,71,Won,12/20/2018
1stSecond,2786,kflorian98,2618,Black,3 min,blitz,30,Won,12/20/2018
1stSecond,2781,mufiks,2609,White,3 min,blitz,54,Won,12/20/2018
1stSecond,2776,allinoneman,2642,Black,3 min,blitz,27,Won,12/20/2018
1stSecond,2771,Timerkhanov,2711,White,3 min,blitz,81,Lost,12/19/2018
1stSecond,2781,Timerkhanov,2701,Black,3 min,blitz,52,Won,12/19/2018
1stSecond,2775,Timerkhanov,2707,White,3 min,blitz,35,Lost,12/19/2018
1stSecond,2785,bascheyaro,2720,White,3 min,blitz,15,Won,12/19/2018
1stSecond,2778,bascheyaro,2727,Black,3 min,blitz,66,Lost,12/19/2018
1stSecond,2788,bascheyaro,2717,White,3 min,blitz,29,Won,12/19/2018
1stSecond,2781,bascheyaro,2724,Black,3 min,blitz,60,Won,12/19/2018
1stSecond,2774,bascheyaro,2731,White,3 min,blitz,36,Lost,12/19/2018
1stSecond,2783,bascheyaro,2722,Black,3 min,blitz,64,Won,12/19/2018
1stSecond,2776,Artur_Avalyan03,2677,White,3 min,blitz,33,Won,12/18/2018
1stSecond,2770,Artur_Avalyan03,2683,Black,3 min,blitz,46,Won,12/18/2018
1stSecond,2764,Artur_Avalyan03,2689,White,3 min,blitz,20,Won,12/18/2018
1stSecond,2757,Artur_Avalyan03,2696,Black,3 min,blitz,56,Won,12/18/2018
1stSecond,2750,IM_dmitrij,2735,White,3 min,blitz,30,Won,12/18/2018
1stSecond,2742,Artur_Avalyan03,2687,White,3 min,blitz,78,Draw,12/18/2018
1stSecond,2743,IMTominho,2758,Black,3 min,blitz,73,Lost,12/18/2018
1stSecond,2751,CaptainCasanova,2746,White,3 min,blitz,53,Draw,12/18/2018
1stSecond,2751,CaptainCasanova,2746,Black,3 min,blitz,28,Lost,12/17/2018
1stSecond,2759,VanishingDragon,2635,White,3 min,blitz,22,Won,12/17/2018
1stSecond,2754,spectralsoul,2779,White,3 min,blitz,20,Won,12/17/2018
1stSecond,2745,HasekJr,2703,Black,3 min,blitz,19,Lost,12/14/2018
1stSecond,2754,Gvalch,2779,Black,3 min,blitz,72,Lost,12/14/2018
1stSecond,2762,Onaivo,2621,White,3 min,blitz,33,Won,12/14/2018
1stSecond,2757,HomayoonTofighi,2753,Black,3 min,blitz,17,Lost,12/14/2018
1stSecond,2765,LifeIsGoingOn,2728,Black,3 min,blitz,68,Won,12/14/2018
1stSecond,2757,Timerkhanov,2635,Black,3 min,blitz,41,Draw,12/14/2018
1stSecond,2760,theblitzchamp,2661,Black,3 min,blitz,63,Won,12/14/2018
1stSecond,2754,bangchess21,2616,White,3 min,blitz,34,Won,12/14/2018
1stSecond,2749,winnie1401,2662,White,3 min,blitz,53,Lost,12/14/2018
1stSecond,2759,winnie1401,2652,Black,3 min,blitz,44,Won,12/14/2018
1stSecond,2753,gmgamil,2757,White,3 min,blitz,25,Won,12/14/2018