player,player_rating,opponent,opponent_rating,side,time_control,time_category,moves,result,date
1stSecond,2742,Wormpaca,2661,White,3 min,blitz,44,Lost,11/9/2018
1stSecond,2752,Wormpaca,2651,Black,3 min,blitz,53,Won,11/9/2018
1stSecond,2746,Wormpaca,2657,White,3 min,blitz,24,Won,11/9/2018
1stSecond,2740,GhostOfGreenval,2743,White,3 min,blitz,68,Lost,11/9/2018
1stSecond,2748,GhostOfGreenval,2735,Black,3 min,blitz,18,Won,11/9/2018
1stSecond,2740,GhostOfGreenval,2743,White,3 min,blitz,21,Won,11/9/2018
1stSecond,2732,GMG,2714,White,3 min,blitz,41,Lost,11/9/2018
1stSecond,2741,GMG,2705,Black,3 min,blitz,24,Won,11/9/2018
1stSecond,2733,GMG,2713,White,3 min,blitz,30,Won,11/9/2018
1stSecond,2725,GMG,2721,Black,3 min,blitz,36,Draw,11/9/2018
1stSecond,2725,GMG,2721,White,3 min,blitz,51,Draw,11/9/2018
1stSecond,2725,GMG,2721,Black,3 min,blitz,40,Lost,11/9/2018
1stSecond,2733,GMG,2713,White,3 min,blitz,39,Won,11/9/2018
1stSecond,2725,LPSupi,2704,White,3 min,blitz,46,Lost,11/9/2018
1stSecond,2734,LPSupi,2695,Black,3 min,blitz,68,Draw,11/9/2018
1stSecond,2735,LPSupi,2694,White,3 min,blitz,39,Lost,11/9/2018
1stSecond,2744,Black-Flash,2638,White,3 min,blitz,40,Won,11/9/2018
1stSecond,2738,Black-Flash,2644,Black,3 min,blitz,73,Draw,11/9/2018
1stSecond,2740,KBabazada,2722,White,3 min,blitz,69,Lost,11/9/2018
1stSecond,2749,djamir,2636,Black,3 min,blitz,43,Won,11/9/2018
1stSecond,2743,djamir,2642,White,3 min,blitz,32,Won,11/9/2018
1stSecond,2737,Antipov_Mikhail_Al,2921,White,3 min,blitz,33,Lost,11/9/2018
1stSecond,2741,warior1,2652,Black,3 min,blitz,32,Lost,11/9/2018
1stSecond,2751,Kingofchess1311,2690,White,3 min,blitz,7,Won,11/9/2018
1stSecond,2744,pKiLz5Rn9b,2715,Black,3 min,blitz,40,Won,11/9/2018
1stSecond,2727,asmFish_18-11-05_CPU,2702,White,3 min,blitz,21,Lost,11/9/2018
1stSecond,2736,MrTattaglia,2688,White,3 min,blitz,63,Lost,11/8/2018
1stSecond,2746,Sharpchess22,2767,Black,3 min,blitz,38,Lost,11/8/2018
1stSecond,2754,Sharpchess22,2759,White,3 min,blitz,38,Won,11/8/2018
1stSecond,2746,Sharpchess22,2767,Black,3 min,blitz,44,Lost,11/7/2018
1stSecond,2754,MatsenkoSergey,2701,White,3 min,blitz,52,Won,11/7/2018
1stSecond,2747,MatsenkoSergey,2708,Black,3 min,blitz,42,Won,11/7/2018
1stSecond,2740,francyIM,2638,Black,3 min,blitz,42,Lost,11/7/2018
1stSecond,2751,francyIM,2627,White,3 min,blitz,17,Won,11/7/2018
1stSecond,2746,Buttoo,2627,Black,3 min,blitz,25,Lost,11/7/2018
1stSecond,2757,Aireea,2676,White,3 min,blitz,39,Won,11/7/2018
1stSecond,2751,Wizard456,2746,White,3 min,blitz,17,Won,11/7/2018
1stSecond,2743,Wizard456,2754,Black,3 min,blitz,11,Lost,11/7/2018
1stSecond,2751,Wizard456,2746,White,3 min,blitz,48,Lost,11/7/2018
1stSecond,2759,Sanan_Sjugirov,2887,Black,3 min,blitz,70,Lost,11/5/2018
1stSecond,2764,Yaacovn,2804,Black,3 min,blitz,37,Lost,11/5/2018
1stSecond,2761,MrVezunchik,2722,White,3 min,blitz,59,Lost,11/4/2018
1stSecond,2770,MrVezunchik,2713,Black,3 min,blitz,51,Lost,11/4/2018
1stSecond,2780,MrVezunchik,2703,White,3 min,blitz,40,Draw,11/4/2018
1stSecond,2782,MrVezunchik,2701,Black,3 min,blitz,71,Draw,11/4/2018
1stSecond,2784,MrVezunchik,2699,White,3 min,blitz,75,Draw,11/4/2018
1stSecond,2786,MrVezunchik,2697,Black,3 min,blitz,40,Won,11/4/2018
1stSecond,2780,MrVezunchik,2703,White,3 min,blitz,22,Won,11/4/2018
1stSecond,2773,MrVezunchik,2710,Black,3 min,blitz,32,Won,11/4/2018
1stSecond,2766,MrVezunchik,2717,White,3 min,blitz,42,Won,11/4/2018