player,player_rating,opponent,opponent_rating,side,time_control,time_category,moves,result,date
1stSecond,2720,Konavets,2794,White,3 min,blitz,68,Lost,12/30/2018
1stSecond,2727,Konavets,2787,Black,3 min,blitz,28,Lost,12/30/2018
1stSecond,2734,mmmflatbread,2654,Black,3 min,blitz,32,Won,12/30/2018
1stSecond,2727,Dilemma71,2756,Black,3 min,blitz,33,Lost,12/30/2018
1stSecond,2735,imedmateur57,2876,Black,3 min,blitz,37,Lost,12/30/2018
1stSecond,2740,SteelSpider,2663,Black,3 min,blitz,26,Lost,12/30/2018
1stSecond,2750,Witik,2716,White,3 min,blitz,43,Lost,12/30/2018
1stSecond,2759,David_ChessMood,2712,White,3 min,blitz,37,Lost,12/30/2018
1stSecond,2769,David_ChessMood,2707,Black,3 min,blitz,75,Lost,12/30/2018
1stSecond,2779,David_ChessMood,2697,White,3 min,blitz,61,Won,12/30/2018
1stSecond,2773,David_ChessMood,2703,Black,3 min,blitz,23,Won,12/30/2018
1stSecond,2766,David_ChessMood,2710,White,3 min,blitz,52,Lost,12/30/2018
1stSecond,2776,Beastly99,2678,White,3 min,blitz,49,Lost,12/30/2018
1stSecond,2787,Beastly99,2667,Black,3 min,blitz,54,Won,12/30/2018
1stSecond,2781,Gummibear69,2646,Black,3 min,blitz,29,Won,12/30/2018
1stSecond,2776,AnotherAccountant,2758,White,3 min,blitz,73,Lost,12/29/2018
1stSecond,2785,Gareth-Bale11,2604,White,3 min,blitz,22,Won,12/29/2018
1stSecond,2781,Gareth-Bale11,2608,Black,3 min,blitz,46,Won,12/29/2018
1stSecond,2776,imedmateur57,2880,White,3 min,blitz,53,Draw,12/29/2018
1stSecond,2774,imedmateur57,2883,Black,3 min,blitz,50,Lost,12/29/2018
1stSecond,2780,imedmateur57,2876,White,3 min,blitz,59,Won,12/29/2018
1stSecond,2769,LifeIsGoingOn,2725,Black,3 min,blitz,53,Won,12/29/2018
1stSecond,2762,ChristopherYoo,2628,Black,3 min,blitz,66,Draw,12/29/2018
1stSecond,2765,ChristopherYoo,2625,White,3 min,blitz,69,Won,12/29/2018
1stSecond,2760,Harutjunyan-Gevorg,2868,Black,3 min,blitz,45,Lost,12/29/2018
1stSecond,2766,Harutjunyan-Gevorg,2862,White,3 min,blitz,45,Lost,12/29/2018
1stSecond,2772,IM_dmitrij,2724,White,3 min,blitz,25,Lost,12/28/2018
1stSecond,2781,honestgirl,2748,Black,3 min,blitz,33,Lost,12/28/2018
1stSecond,2790,IM_dmitrij,2739,Black,3 min,blitz,32,Won,12/28/2018
1stSecond,2783,IM_dmitrij,2746,White,3 min,blitz,52,Won,12/28/2018
1stSecond,2776,IM_dmitrij,2753,Black,3 min,blitz,53,Won,12/28/2018
1stSecond,2768,Bryakin_Mikhail,2661,Black,3 min,blitz,42,Won,12/28/2018
1stSecond,2762,Bryakin_Mikhail,2667,White,3 min,blitz,70,Draw,12/28/2018
1stSecond,2764,Bryakin_Mikhail,2665,Black,3 min,blitz,46,Lost,12/28/2018
1stSecond,2775,Bryakin_Mikhail,2654,White,3 min,blitz,28,Won,12/28/2018
1stSecond,2769,honestgirl,2725,White,3 min,blitz,51,Lost,12/28/2018
1stSecond,2778,FlorianHandke,2661,White,3 min,blitz,40,Won,12/28/2018
1stSecond,2772,FlorianHandke,2667,Black,3 min,blitz,32,Won,12/28/2018
1stSecond,2766,ulvi95,2718,White,3 min,blitz,41,Lost,12/28/2018
1stSecond,2776,ulvi95,2708,Black,3 min,blitz,32,Won,12/28/2018
1stSecond,2769,Alexander_Moskalenko,2784,White,3 min,blitz,43,Lost,12/28/2018
1stSecond,2777,Alexander_Moskalenko,2776,Black,3 min,blitz,62,Won,12/28/2018
1stSecond,2769,Alexander_Moskalenko,2784,White,3 min,blitz,34,Lost,12/28/2018
1stSecond,2777,Alexander_Moskalenko,2776,Black,3 min,blitz,24,Won,12/28/2018
1stSecond,2769,Alexander_Khlebovich,2747,White,3 min,blitz,64,Won,12/28/2018
1stSecond,2761,Sychev_Klementy,2799,Black,3 min,blitz,51,Lost,12/28/2018
1stSecond,2768,LifeIsGoingOn,2725,White,3 min,blitz,48,Lost,12/27/2018
1stSecond,2777,LifeIsGoingOn,2716,Black,3 min,blitz,52,Lost,12/27/2018
1stSecond,2787,LifeIsGoingOn,2706,White,3 min,blitz,70,Won,12/27/2018
1stSecond,2781,LifeIsGoingOn,2712,Black,3 min,blitz,48,Won,12/27/2018