player,player_rating,opponent,opponent_rating,side,time_control,time_category,moves,result,date
1stSecond,2715,IMTominho,2683,Black,1 min,bullet,62,Won,3/6/2019
1stSecond,2707,IMTominho,2691,White,1 min,bullet,25,Lost,3/6/2019
1stSecond,2716,IMTominho,2682,Black,1 min,bullet,61,Lost,3/6/2019
1stSecond,2725,acupoftea1,2629,Black,1 min,bullet,41,Won,3/6/2019
1stSecond,2719,acupoftea1,2635,White,1 min,bullet,16,Won,3/6/2019
1stSecond,2713,acupoftea1,2641,Black,1 min,bullet,75,Lost,3/6/2019
1stSecond,2723,acupoftea1,2631,White,1 min,bullet,30,Won,3/6/2019
1stSecond,2717,acupoftea1,2637,Black,1 min,bullet,29,Won,3/6/2019
1stSecond,2711,acupoftea1,2643,White,1 min,bullet,28,Won,3/6/2019
1stSecond,2704,acupoftea1,2650,Black,1 min,bullet,25,Won,3/6/2019
1stSecond,2697,acupoftea1,2657,White,1 min,bullet,31,Lost,3/6/2019
1stSecond,2706,acupoftea1,2648,Black,1 min,bullet,33,Won,3/6/2019
1stSecond,2699,IMTominho,2673,White,1 min,bullet,53,Won,3/6/2019
1stSecond,2691,IMTominho,2681,Black,1 min,bullet,55,Won,3/6/2019
1stSecond,2683,IMTominho,2689,White,1 min,bullet,44,Won,3/6/2019
1stSecond,2674,IMTominho,2698,Black,1 min,bullet,21,Lost,3/6/2019
1stSecond,2682,IMTominho,2690,White,1 min,bullet,57,Draw,3/6/2019
1stSecond,2682,IMTominho,2690,Black,1 min,bullet,59,Won,3/6/2019
1stSecond,2673,IMTominho,2699,White,1 min,bullet,22,Lost,3/6/2019
1stSecond,2681,IMTominho,2691,Black,1 min,bullet,28,Lost,3/6/2019
1stSecond,2689,IMTominho,2683,White,1 min,bullet,59,Lost,3/6/2019
1stSecond,2698,IMTominho,2674,Black,1 min,bullet,76,Lost,3/6/2019
1stSecond,2707,IMTominho,2665,White,1 min,bullet,85,Won,3/6/2019
1stSecond,2700,IMTominho,2672,Black,1 min,bullet,51,Draw,3/6/2019
1stSecond,2701,IMTominho,2671,White,1 min,bullet,83,Draw,3/6/2019
1stSecond,2702,IMTominho,2670,Black,1 min,bullet,59,Lost,3/6/2019
1stSecond,2711,IMTominho,2661,White,1 min,bullet,31,Won,3/6/2019
1stSecond,2704,IMTominho,2668,Black,1 min,bullet,48,Lost,3/6/2019
1stSecond,2713,IMTominho,2659,White,1 min,bullet,73,Won,3/6/2019
1stSecond,2706,IMTominho,2666,Black,1 min,bullet,29,Lost,3/6/2019
1stSecond,2715,IMTominho,2657,White,1 min,bullet,62,Lost,3/6/2019
1stSecond,2725,pultineviciuspaulius,2611,Black,1 min,bullet,47,Won,3/6/2019
1stSecond,2719,pultineviciuspaulius,2617,White,1 min,bullet,70,Draw,3/6/2019
1stSecond,2721,pultineviciuspaulius,2615,Black,1 min,bullet,50,Won,3/6/2019
1stSecond,2715,pultineviciuspaulius,2621,White,1 min,bullet,49,Won,3/6/2019
1stSecond,2709,pultineviciuspaulius,2627,Black,1 min,bullet,40,Won,3/6/2019
1stSecond,2703,pultineviciuspaulius,2633,White,1 min,bullet,51,Lost,3/6/2019
1stSecond,2713,PulpanJ,2667,Black,1 min,bullet,38,Won,3/6/2019
1stSecond,2706,pultineviciuspaulius,2623,Black,1 min,bullet,30,Won,3/6/2019
1stSecond,2700,pultineviciuspaulius,2629,White,1 min,bullet,29,Won,3/6/2019
1stSecond,2693,pultineviciuspaulius,2636,Black,1 min,bullet,71,Lost,3/6/2019
1stSecond,2703,pultineviciuspaulius,2626,White,1 min,bullet,47,Won,3/6/2019
1stSecond,2696,pultineviciuspaulius,2633,Black,1 min,bullet,68,Draw,3/6/2019
1stSecond,2698,pultineviciuspaulius,2631,White,1 min,bullet,56,Lost,3/6/2019
1stSecond,2708,pultineviciuspaulius,2621,Black,1 min,bullet,30,Won,3/6/2019
1stSecond,2702,pultineviciuspaulius,2627,White,1 min,bullet,55,Draw,3/6/2019
1stSecond,2704,pultineviciuspaulius,2625,Black,1 min,bullet,61,Draw,3/6/2019
1stSecond,2706,pultineviciuspaulius,2623,White,1 min,bullet,36,Won,3/6/2019
1stSecond,2700,pultineviciuspaulius,2629,Black,1 min,bullet,47,Lost,3/6/2019
1stSecond,2710,pultineviciuspaulius,2619,White,1 min,bullet,30,Won,3/6/2019