player,player_rating,opponent,opponent_rating,side,time_control,time_category,moves,result,date
1stSecond,2625,WinnerOleg,2323,Black,3|2,blitz,67,Lost,12/4/2018
1stSecond,2639,AFishbein,2659,Black,3 min,blitz,40,Lost,12/1/2018
1stSecond,2647,MFBorn,2570,Black,3 min,blitz,61,Lost,11/29/2018
1stSecond,2657,SinghTejpal,2671,White,3 min,blitz,37,Lost,11/29/2018
1stSecond,2665,ayanakhmetov,2686,White,3 min,blitz,69,Lost,11/29/2018
1stSecond,2673,ayanakhmetov,2678,Black,3 min,blitz,27,Won,11/29/2018
1stSecond,2664,groggeryhousey,2565,Black,3 min,blitz,40,Won,11/29/2018
1stSecond,2658,ChichikovG,2681,White,3 min,blitz,52,Lost,11/29/2018
1stSecond,2666,ChichikovG,2673,Black,3 min,blitz,76,Draw,11/29/2018
1stSecond,2666,ChichikovG,2673,White,3 min,blitz,39,Lost,11/29/2018
1stSecond,2674,ChichikovG,2665,Black,3 min,blitz,39,Won,11/29/2018
1stSecond,2666,MaxVega,2800,White,3 min,blitz,84,Lost,11/28/2018
1stSecond,2671,Rethinking_fables,2666,White,3 min,blitz,39,Lost,11/28/2018
1stSecond,2679,gmcyborek,2692,Black,3 min,blitz,17,Won,11/28/2018
1stSecond,2670,gmcyborek,2701,White,3 min,blitz,33,Lost,11/28/2018
1stSecond,2678,Superactive,2628,Black,3 min,blitz,62,Won,11/27/2018
1stSecond,2671,Sakkazelet7,2720,White,3 min,blitz,55,Lost,11/27/2018
1stSecond,2678,PetrosyanManuel,2715,Black,3 min,blitz,49,Draw,11/27/2018
1stSecond,2677,Russian_opposition,2616,Black,3 min,blitz,52,Lost,11/27/2018
1stSecond,2687,Russian_opposition,2606,White,3 min,blitz,66,Draw,11/27/2018
1stSecond,2689,Russian_opposition,2604,Black,3 min,blitz,52,Won,11/27/2018
1stSecond,2683,aleksa74,2683,Black,3 min,blitz,41,Lost,11/26/2018
1stSecond,2691,aleksa74,2675,White,3 min,blitz,28,Lost,11/26/2018
1stSecond,2700,manudavid,2669,White,3 min,blitz,20,Lost,11/26/2018
1stSecond,2709,Sakkazelet7,2735,Black,3 min,blitz,22,Lost,11/26/2018
1stSecond,2717,justantan,2763,White,3 min,blitz,28,Lost,11/25/2018
1stSecond,2724,Artur_Avalyan03,2609,White,3 min,blitz,36,Won,11/23/2018
1stSecond,2718,dangerousfish,2663,Black,3 min,blitz,55,Won,11/23/2018
1stSecond,2711,dangerousfish,2670,White,3 min,blitz,40,Won,11/23/2018
1stSecond,2704,dangerousfish,2677,Black,3 min,blitz,35,Lost,11/23/2018
1stSecond,2713,Artur_Avalyan03,2606,Black,3 min,blitz,87,Draw,11/23/2018
1stSecond,2716,eljanov,2761,Black,3 min,blitz,40,Lost,11/22/2018
1stSecond,2723,eljanov,2754,White,3 min,blitz,35,Won,11/22/2018
1stSecond,2714,eljanov,2763,Black,3 min,blitz,39,Lost,11/22/2018
1stSecond,2721,Killer-Kostya,2609,White,3 min,blitz,43,Won,11/22/2018
1stSecond,2715,Killer-Kostya,2615,Black,3 min,blitz,46,Won,11/22/2018
1stSecond,2709,Killer-Kostya,2621,White,3 min,blitz,49,Draw,11/22/2018
1stSecond,2711,Killer-Kostya,2619,Black,3 min,blitz,41,Won,11/22/2018
1stSecond,2705,fireblader,2706,White,3 min,blitz,49,Won,11/22/2018
1stSecond,2697,AZETiger13,2652,Black,3 min,blitz,99,Lost,11/21/2018
1stSecond,2706,stewiiegriffin,2602,White,3 min,blitz,35,Won,11/21/2018
1stSecond,2700,Erik_Obgolts,2597,White,3 min,blitz,39,Won,11/21/2018
1stSecond,2694,AndThatsAllSheWrote,2617,White,3 min,blitz,31,Lost,11/21/2018
1stSecond,2704,Marcus_Harvey,2753,Black,3 min,blitz,30,Lost,11/21/2018
1stSecond,2711,Marcus_Harvey,2746,White,3 min,blitz,48,Won,11/21/2018
1stSecond,2702,NikolaGry,2626,White,3 min,blitz,63,Lost,11/20/2018
1stSecond,2712,vanea_03,2651,Black,3 min,blitz,50,Won,11/20/2018
1stSecond,2705,bestbulletplayer1,2728,Black,3 min,blitz,28,Lost,11/20/2018
1stSecond,2713,Marcus_Harvey,2766,Black,3 min,blitz,52,Lost,11/20/2018
1stSecond,2720,Sakkazelet7,2695,White,3 min,blitz,28,Won,11/20/2018