player,player_rating,opponent,opponent_rating,side,time_control,time_category,moves,result,date
1stSecond,2792,chesspanda123,2907,White,1 min,bullet,61,Won,10/9/2016
1stSecond,2781,chesspanda123,2918,Black,1 min,bullet,25,Lost,10/9/2016
1stSecond,2786,chesspanda123,2913,White,1 min,bullet,48,Lost,10/9/2016
1stSecond,2791,DanielNaroditsky,2930,Black,1 min,bullet,43,Won,10/9/2016
1stSecond,2780,DanielNaroditsky,2941,White,1 min,bullet,59,Lost,10/9/2016
1stSecond,2785,DanielNaroditsky,2936,Black,1 min,bullet,23,Lost,10/9/2016
1stSecond,2790,DanielNaroditsky,2931,White,1 min,bullet,38,Won,10/9/2016
1stSecond,2778,DanielNaroditsky,2943,Black,1 min,bullet,25,Lost,10/9/2016
1stSecond,2783,DanielNaroditsky,2938,White,1 min,bullet,25,Won,10/9/2016
1stSecond,2771,DanielNaroditsky,2950,Black,1 min,bullet,43,Won,10/9/2016
1stSecond,2759,DanielNaroditsky,2962,White,1 min,bullet,25,Won,10/9/2016
1stSecond,2746,DanielNaroditsky,2975,Black,1 min,bullet,46,Lost,10/9/2016
1stSecond,2749,DanielNaroditsky,2972,White,1 min,bullet,30,Lost,10/9/2016
1stSecond,2753,DanielNaroditsky,2968,Black,1 min,bullet,71,Lost,10/9/2016
1stSecond,2757,DanielNaroditsky,2964,White,1 min,bullet,28,Lost,10/9/2016
1stSecond,2761,DanielNaroditsky,2960,Black,1 min,bullet,45,Lost,10/9/2016
1stSecond,2765,DanielNaroditsky,2956,White,1 min,bullet,43,Lost,10/9/2016
1stSecond,2769,DanielNaroditsky,2952,Black,1 min,bullet,35,Lost,10/9/2016
1stSecond,2773,DanielNaroditsky,2948,White,1 min,bullet,29,Lost,10/9/2016
1stSecond,2777,DanielNaroditsky,2944,Black,1 min,bullet,46,Lost,10/9/2016
1stSecond,2782,DanielNaroditsky,2939,White,1 min,bullet,41,Lost,10/9/2016
1stSecond,2787,DanielNaroditsky,2934,Black,1 min,bullet,34,Lost,10/9/2016
1stSecond,2792,DanielNaroditsky,2929,White,1 min,bullet,41,Lost,10/9/2016
1stSecond,2797,DanielNaroditsky,2924,Black,1 min,bullet,17,Lost,10/9/2016
1stSecond,2802,DanielNaroditsky,2919,White,1 min,bullet,34,Lost,10/9/2016
1stSecond,2808,DanielNaroditsky,2913,Black,1 min,bullet,40,Lost,10/9/2016
1stSecond,2814,DanielNaroditsky,2907,White,1 min,bullet,34,Lost,10/9/2016
1stSecond,2820,DanielNaroditsky,2901,Black,1 min,bullet,67,Won,10/9/2016
1stSecond,2810,P981,2648,White,1 min,bullet,58,Won,10/9/2016
1stSecond,2805,P981,2653,Black,1 min,bullet,76,Won,10/9/2016
1stSecond,2800,P981,2658,White,1 min,bullet,30,Won,10/9/2016
1stSecond,2795,P981,2663,Black,1 min,bullet,43,Won,10/9/2016
1stSecond,2790,P981,2668,White,1 min,bullet,53,Won,10/9/2016
1stSecond,2784,P981,2674,Black,1 min,bullet,46,Won,10/9/2016
1stSecond,2778,P981,2680,White,1 min,bullet,47,Won,10/9/2016
1stSecond,2772,P981,2686,Black,1 min,bullet,52,Draw,10/9/2016
1stSecond,2774,P981,2684,White,1 min,bullet,43,Won,10/9/2016
1stSecond,2768,P981,2690,Black,1 min,bullet,29,Lost,10/9/2016
1stSecond,2778,DaenerysT,2703,White,1 min,bullet,56,Won,10/4/2016
1stSecond,2771,DaenerysT,2710,Black,1 min,bullet,28,Won,10/4/2016
1stSecond,2764,DaenerysT,2717,White,1 min,bullet,65,Draw,10/4/2016
1stSecond,2765,DaenerysT,2716,Black,1 min,bullet,71,Won,10/4/2016
1stSecond,2758,DaenerysT,2723,White,1 min,bullet,40,Won,10/4/2016
1stSecond,2750,DaenerysT,2731,Black,1 min,bullet,46,Lost,10/4/2016
1stSecond,2759,DaenerysT,2722,White,1 min,bullet,31,Won,10/4/2016
1stSecond,2752,DaenerysT,2729,Black,1 min,bullet,35,Won,10/4/2016
1stSecond,2744,DaenerysT,2737,White,1 min,bullet,13,Won,10/4/2016
1stSecond,2736,DaenerysT,2745,Black,1 min,bullet,26,Lost,10/4/2016
1stSecond,2744,DaenerysT,2737,White,1 min,bullet,85,Lost,10/4/2016
1stSecond,2753,DaenerysT,2728,Black,1 min,bullet,41,Won,10/4/2016