player,player_rating,opponent,opponent_rating,side,time_control,time_category,moves,result,date
1stSecond,2726,Divertissement,2717,White,1 min,bullet,51,Won,3/29/2019
1stSecond,2718,Gomatte,2643,White,1 min,bullet,61,Draw,3/27/2019
1stSecond,2720,19283645,2716,Black,1 min,bullet,16,Lost,3/27/2019
1stSecond,2728,19283645,2708,White,1 min,bullet,21,Lost,3/27/2019
1stSecond,2737,19283645,2699,Black,1 min,bullet,63,Lost,3/27/2019
1stSecond,2746,UVEK-fuuck-rules-10,3702,White,1 min,bullet,75,Won,3/21/2019
1stSecond,2730,Davit_Tiraturyan,2726,White,30 sec,bullet,19,Lost,3/9/2019
1stSecond,2738,Davit_Tiraturyan,2718,Black,30 sec,bullet,61,Lost,3/9/2019
1stSecond,2747,Davit_Tiraturyan,2709,White,30 sec,bullet,40,Won,3/9/2019
1stSecond,2740,Davit_Tiraturyan,2716,Black,30 sec,bullet,16,Lost,3/9/2019
1stSecond,2749,Davit_Tiraturyan,2707,White,30 sec,bullet,67,Lost,3/9/2019
1stSecond,2758,Davit_Tiraturyan,2698,Black,30 sec,bullet,68,Lost,3/9/2019
1stSecond,2768,Davit_Tiraturyan,2688,White,30 sec,bullet,21,Won,3/9/2019
1stSecond,2762,Davit_Tiraturyan,2694,Black,30 sec,bullet,38,Lost,3/9/2019
1stSecond,2772,Davit_Tiraturyan,2684,White,30 sec,bullet,34,Lost,3/9/2019
1stSecond,2782,Davit_Tiraturyan,2674,Black,30 sec,bullet,70,Draw,3/9/2019
1stSecond,2784,Davit_Tiraturyan,2672,White,30 sec,bullet,27,Won,3/9/2019
1stSecond,2778,Davit_Tiraturyan,2678,Black,30 sec,bullet,21,Won,3/9/2019
1stSecond,2772,Davit_Tiraturyan,2684,White,30 sec,bullet,55,Won,3/9/2019
1stSecond,2766,Davit_Tiraturyan,2690,Black,30 sec,bullet,34,Won,3/9/2019
1stSecond,2759,Davit_Tiraturyan,2697,White,30 sec,bullet,70,Lost,3/9/2019
1stSecond,2769,Davit_Tiraturyan,2687,Black,30 sec,bullet,48,Won,3/9/2019
1stSecond,2763,Davit_Tiraturyan,2693,White,30 sec,bullet,20,Won,3/9/2019
1stSecond,2756,Davit_Tiraturyan,2700,Black,30 sec,bullet,39,Lost,3/9/2019
1stSecond,2766,Davit_Tiraturyan,2690,White,30 sec,bullet,73,Lost,3/9/2019
1stSecond,2776,Davit_Tiraturyan,2680,Black,30 sec,bullet,33,Won,3/9/2019
1stSecond,2770,Davit_Tiraturyan,2686,White,30 sec,bullet,66,Lost,3/9/2019
1stSecond,2780,Davit_Tiraturyan,2676,Black,1 min,bullet,20,Won,3/9/2019
1stSecond,2774,Davit_Tiraturyan,2682,White,1 min,bullet,20,Won,3/9/2019
1stSecond,2768,Davit_Tiraturyan,2688,Black,1 min,bullet,72,Lost,3/9/2019
1stSecond,2778,Davit_Tiraturyan,2678,White,1 min,bullet,22,Won,3/9/2019
1stSecond,2772,Aryangholami,2595,Black,1 min,bullet,41,Won,3/9/2019
1stSecond,2768,Aryangholami,2600,White,1 min,bullet,59,Lost,3/9/2019
1stSecond,2780,Aryangholami,2585,Black,1 min,bullet,39,Lost,3/9/2019
1stSecond,2792,Aryangholami,2570,White,1 min,bullet,49,Lost,3/9/2019
1stSecond,2805,Aryangholami,2554,Black,1 min,bullet,55,Won,3/9/2019
1stSecond,2802,Aryangholami,2558,White,1 min,bullet,51,Won,3/9/2019
1stSecond,2799,Aryangholami,2562,Black,1 min,bullet,20,Won,3/9/2019
1stSecond,2796,Aryangholami,2567,White,1 min,bullet,55,Won,3/9/2019
1stSecond,2792,Aryangholami,2572,Black,1 min,bullet,38,Won,3/9/2019
1stSecond,2788,Aryangholami,2577,White,1 min,bullet,26,Lost,3/9/2019
1stSecond,2801,Malik02,2733,White,1 min,bullet,22,Won,3/9/2019
1stSecond,2794,Malik02,2740,Black,1 min,bullet,44,Won,3/9/2019
1stSecond,2787,Malik02,2747,White,1 min,bullet,71,Won,3/9/2019
1stSecond,2780,Msb2,2717,White,1 min,bullet,64,Lost,3/9/2019
1stSecond,2790,Msb2,2707,Black,1 min,bullet,56,Draw,3/9/2019
1stSecond,2792,Msb2,2705,White,1 min,bullet,13,Won,3/9/2019
1stSecond,2786,Andreikka,2801,White,1 min,bullet,25,Lost,3/9/2019
1stSecond,2794,Andreikka,2793,Black,1 min,bullet,23,Lost,3/9/2019
1stSecond,2802,Andreikka,2785,White,1 min,bullet,59,Lost,3/9/2019