player,player_rating,opponent,opponent_rating,side,time_control,time_category,moves,result,date
1stSecond,2811,Andreikka,2776,Black,1 min,bullet,31,Won,3/9/2019
1stSecond,2803,Andreikka,2784,White,1 min,bullet,33,Won,3/9/2019
1stSecond,2795,Davit_Tiraturyan,2684,Black,1 min,bullet,34,Lost,3/9/2019
1stSecond,2806,Davit_Tiraturyan,2673,White,1 min,bullet,48,Won,3/9/2019
1stSecond,2801,Davit_Tiraturyan,2678,Black,1 min,bullet,59,Won,3/9/2019
1stSecond,2795,Davit_Tiraturyan,2684,White,1 min,bullet,30,Won,3/9/2019
1stSecond,2789,Davit_Tiraturyan,2690,Black,1 min,bullet,45,Won,3/9/2019
1stSecond,2783,Davit_Tiraturyan,2696,White,1 min,bullet,44,Won,3/9/2019
1stSecond,2777,Davit_Tiraturyan,2702,Black,1 min,bullet,45,Won,3/9/2019
1stSecond,2770,Davit_Tiraturyan,2709,White,1 min,bullet,22,Won,3/9/2019
1stSecond,2763,Davit_Tiraturyan,2716,Black,1 min,bullet,44,Lost,3/9/2019
1stSecond,2773,Davit_Tiraturyan,2706,White,1 min,bullet,81,Won,3/9/2019
1stSecond,2766,Davit_Tiraturyan,2713,Black,1 min,bullet,58,Lost,3/9/2019
1stSecond,2776,Davit_Tiraturyan,2703,White,1 min,bullet,79,Won,3/9/2019
1stSecond,2769,Davit_Tiraturyan,2710,Black,1 min,bullet,40,Won,3/9/2019
1stSecond,2762,beradze,2605,Black,1 min,bullet,47,Lost,3/9/2019
1stSecond,2774,beradze,2593,White,1 min,bullet,52,Won,3/9/2019
1stSecond,2770,beradze,2597,Black,1 min,bullet,42,Won,3/8/2019
1stSecond,2766,beradze,2601,White,1 min,bullet,68,Draw,3/8/2019
1stSecond,2770,beradze,2597,Black,1 min,bullet,44,Won,3/8/2019
1stSecond,2766,beradze,2601,White,1 min,bullet,7,Lost,3/8/2019
1stSecond,2778,beradze,2589,Black,1 min,bullet,27,Lost,3/8/2019
1stSecond,2790,beradze,2577,White,1 min,bullet,62,Draw,3/8/2019
1stSecond,2794,beradze,2573,Black,1 min,bullet,42,Won,3/8/2019
1stSecond,2790,beradze,2577,White,1 min,bullet,26,Won,3/8/2019
1stSecond,2786,beradze,2581,Black,1 min,bullet,43,Lost,3/8/2019
1stSecond,2799,beradze,2568,White,1 min,bullet,75,Won,3/8/2019
1stSecond,2796,beradze,2571,Black,1 min,bullet,44,Won,3/8/2019
1stSecond,2792,beradze,2575,White,1 min,bullet,67,Won,3/8/2019
1stSecond,2788,DevInProd,2805,Black,1 min,bullet,2,Lost,3/8/2019
1stSecond,2796,DevInProd,2797,White,1 min,bullet,26,Won,3/8/2019
1stSecond,2788,DevInProd,2805,Black,1 min,bullet,56,Won,3/8/2019
1stSecond,2779,DevInProd,2814,White,1 min,bullet,44,Lost,3/8/2019
1stSecond,2787,DevInProd,2806,Black,1 min,bullet,31,Won,3/8/2019
1stSecond,2778,gmgamil,2719,Black,1 min,bullet,51,Won,3/7/2019
1stSecond,2771,gmgamil,2726,White,1 min,bullet,57,Won,3/7/2019
1stSecond,2764,gmgamil,2733,Black,1 min,bullet,53,Won,3/7/2019
1stSecond,2756,gmgamil,2741,White,1 min,bullet,52,Won,3/7/2019
1stSecond,2748,gmgamil,2749,Black,1 min,bullet,12,Lost,3/7/2019
1stSecond,2756,gmgamil,2741,White,1 min,bullet,48,Won,3/7/2019
1stSecond,2748,gmgamil,2749,Black,1 min,bullet,17,Won,3/7/2019
1stSecond,2740,gmgamil,2757,White,1 min,bullet,43,Won,3/7/2019
1stSecond,2731,gmgamil,2766,Black,1 min,bullet,56,Lost,3/7/2019
1stSecond,2739,gmgamil,2758,White,1 min,bullet,58,Won,3/7/2019
1stSecond,2730,gmgamil,2767,Black,1 min,bullet,38,Lost,3/7/2019
1stSecond,2738,gmgamil,2759,White,1 min,bullet,33,Won,3/7/2019
1stSecond,2729,pranav_vip,2842,Black,1 min,bullet,94,Draw,3/7/2019
1stSecond,2726,tigrangharamian,2781,Black,1 min,bullet,57,Lost,3/7/2019
1stSecond,2733,tigrangharamian,2774,White,1 min,bullet,36,Won,3/7/2019
1stSecond,2724,tigrangharamian,2783,Black,1 min,bullet,40,Lost,3/7/2019