player,player_rating,opponent,opponent_rating,side,time_control,time_category,moves,result,date
1stSecond,2583,M8in28,2305,White,1 min,bullet,60,Won,10/29/2018
1stSecond,2579,ChessicallyInclined,2502,Black,1 min,bullet,57,Lost,10/29/2018
1stSecond,2593,zayed92,2419,Black,1 min,bullet,42,Won,10/29/2018
1stSecond,2587,stewiiegriffin,2436,White,1 min,bullet,42,Won,10/29/2018
1stSecond,2580,PacmansPal_Twitch,1976,White,1 min,bullet,19,Won,10/29/2018
1stSecond,2579,hugosoler,2222,Black,1 min,bullet,47,Won,10/29/2018
1stSecond,2576,PaulfromSPb,2604,White,1 min,bullet,21,Won,10/29/2018
1stSecond,2562,KBabazada,2636,Black,1 min,bullet,40,Lost,10/29/2018
1stSecond,2572,just_a_prank,2563,Black,1 min,bullet,51,Lost,10/29/2018
1stSecond,2586,Go_GSWarriors_30,2559,Black,1 min,bullet,54,Lost,10/29/2018
1stSecond,2601,gmjlh,2843,White,1 min,bullet,26,Won,10/29/2018
1stSecond,2578,yoolund,2524,Black,1 min,bullet,34,Lost,10/27/2018
1stSecond,2595,miaou33,2537,White,1 min,bullet,81,Lost,10/23/2018
1stSecond,2612,FastChance,2669,Black,1 min,bullet,28,Lost,9/29/2018
1stSecond,2623,FastChance,2662,White,1 min,bullet,50,Lost,9/29/2018
1stSecond,2635,djamir,2641,Black,1 min,bullet,58,Lost,9/16/2018
1stSecond,2647,djamir,2633,White,1 min,bullet,41,Won,9/16/2018
1stSecond,2635,djamir,2641,Black,1 min,bullet,61,Lost,9/16/2018
1stSecond,2648,FastChance,2733,Black,1 min,bullet,43,Lost,9/8/2018
1stSecond,2658,FastChance,2727,White,1 min,bullet,55,Lost,9/8/2018
1stSecond,2669,FastChance,2720,Black,1 min,bullet,60,Lost,9/8/2018
1stSecond,2681,FastChance,2713,White,1 min,bullet,34,Won,9/8/2018
1stSecond,2665,FastChance,2722,Black,1 min,bullet,41,Won,9/8/2018
1stSecond,2648,KNVB,2740,Black,1 min,bullet,41,Lost,6/12/2018
1stSecond,2654,KNVB,2734,White,1 min,bullet,65,Lost,6/12/2018
1stSecond,2660,OparinGrigoriy,2797,White,1 min,bullet,57,Lost,6/2/2018
1stSecond,2665,NMJeevanK,2605,White,1 min,bullet,77,Won,6/1/2018
1stSecond,2658,AlexanderKing,2477,White,1 min,bullet,34,Won,6/1/2018
1stSecond,2654,AlexanderKing,2481,Black,1 min,bullet,55,Draw,6/1/2018
1stSecond,2658,AlexanderKing,2477,White,1 min,bullet,33,Won,6/1/2018
1stSecond,2654,AlexanderKing,2481,Black,1 min,bullet,35,Won,6/1/2018
1stSecond,2650,AlexanderKing,2485,White,1 min,bullet,49,Won,6/1/2018
1stSecond,2645,pultineviciuspaulius,2620,Black,1 min,bullet,45,Won,6/1/2018
1stSecond,2637,pultineviciuspaulius,2628,White,1 min,bullet,59,Lost,6/1/2018
1stSecond,2646,pultineviciuspaulius,2619,Black,1 min,bullet,43,Lost,6/1/2018
1stSecond,2655,pultineviciuspaulius,2610,White,1 min,bullet,69,Won,6/1/2018
1stSecond,2648,NMJeevanK,2612,Black,1 min,bullet,42,Won,6/1/2018
1stSecond,2640,NMJeevanK,2620,White,1 min,bullet,31,Won,6/1/2018
1stSecond,2632,NMJeevanK,2628,Black,1 min,bullet,43,Won,6/1/2018
1stSecond,2624,taktik75,2539,White,1 min,bullet,45,Won,6/1/2018
1stSecond,2618,TigranLPetrosyan,2821,Black,1 min,bullet,30,Lost,6/1/2018
1stSecond,2622,TigranLPetrosyan,2817,White,1 min,bullet,33,Lost,6/1/2018
1stSecond,2626,TigranLPetrosyan,2813,Black,1 min,bullet,54,Won,6/1/2018
1stSecond,2614,TigranLPetrosyan,2825,White,1 min,bullet,74,Lost,6/1/2018
1stSecond,2618,TigranLPetrosyan,2821,Black,1 min,bullet,2,Lost,6/1/2018
1stSecond,2622,GM_shahin,2636,Black,1 min,bullet,53,Lost,5/30/2018
1stSecond,2630,MasterLeif,2538,Black,1 min,bullet,51,Lost,5/30/2018
1stSecond,2641,TheNomNomFactor,2446,White,1 min,bullet,33,Won,5/30/2018
1stSecond,2637,TheNomNomFactor,2450,Black,1 min,bullet,27,Won,5/30/2018
1stSecond,2633,TheNomNomFactor,2454,White,1 min,bullet,33,Won,5/30/2018