player,player_rating,opponent,opponent_rating,side,time_control,time_category,moves,result,date
1stSecond,2685,Mykola-Bortnyk,2824,Black,1 min,bullet,45,Lost,1/21/2018
1stSecond,2690,Mykola-Bortnyk,2819,White,1 min,bullet,32,Won,1/21/2018
1stSecond,2679,VesePower,2598,White,1 min,bullet,38,Won,1/21/2018
1stSecond,2673,VesePower,2604,Black,1 min,bullet,21,Lost,1/21/2018
1stSecond,2683,VesePower,2594,White,1 min,bullet,22,Won,1/21/2018
1stSecond,2677,VesePower,2600,Black,1 min,bullet,39,Won,1/21/2018
1stSecond,2670,OparinGrigoriy,2730,Black,1 min,bullet,78,Draw,1/21/2018
1stSecond,2669,OparinGrigoriy,2731,White,1 min,bullet,68,Draw,1/21/2018
1stSecond,2668,OparinGrigoriy,2738,Black,1 min,bullet,7,Lost,1/21/2018
1stSecond,2675,OparinGrigoriy,2731,White,1 min,bullet,52,Lost,1/21/2018
1stSecond,2682,OparinGrigoriy,2724,Black,1 min,bullet,53,Lost,1/21/2018
1stSecond,2689,Ar4uha,2595,White,1 min,bullet,22,Won,1/17/2018
1stSecond,2683,Ar4uha,2601,Black,1 min,bullet,66,Won,1/17/2018
1stSecond,2677,Ar4uha,2607,White,1 min,bullet,15,Won,1/17/2018
1stSecond,2670,Ar4uha,2614,Black,1 min,bullet,46,Lost,1/17/2018
1stSecond,2680,Gomatte,2701,Black,1 min,bullet,72,Lost,1/16/2018
1stSecond,2688,Gomatte,2693,White,1 min,bullet,23,Won,1/16/2018
1stSecond,2680,Gomatte,2702,Black,1 min,bullet,37,Won,1/16/2018
1stSecond,2671,Gomatte,2711,White,1 min,bullet,26,Lost,1/16/2018
1stSecond,2678,Gomatte,2704,Black,1 min,bullet,25,Lost,1/16/2018
1stSecond,2686,jimis98,2688,White,1 min,bullet,0,Lost,1/16/2018
1stSecond,2694,jimis98,2680,Black,1 min,bullet,36,Lost,1/16/2018
1stSecond,2703,jimis98,2671,White,1 min,bullet,24,Lost,1/16/2018
1stSecond,2712,jimis98,2662,Black,1 min,bullet,41,Lost,1/16/2018
1stSecond,2722,jimis98,2652,White,1 min,bullet,26,Lost,1/16/2018
1stSecond,2732,jimis98,2642,Black,1 min,bullet,38,Won,1/16/2018
1stSecond,2725,jimis98,2648,White,1 min,bullet,66,Won,1/16/2018
1stSecond,2718,jimis98,2655,Black,1 min,bullet,52,Won,1/16/2018
1stSecond,2710,jimis98,2662,White,1 min,bullet,31,Won,1/16/2018
1stSecond,2702,jimis98,2669,Black,1 min,bullet,27,Won,1/16/2018
1stSecond,2693,jimis98,2677,White,1 min,bullet,33,Won,1/16/2018
1stSecond,2684,platy3,2768,White,1|1,bullet,56,Lost,1/16/2018
1stSecond,2692,platy3,2762,Black,1|1,bullet,100,Draw,1/16/2018
1stSecond,2690,platy3,2764,White,1|1,bullet,70,Lost,1/16/2018
1stSecond,2698,platy3,2757,Black,1|1,bullet,63,Won,1/16/2018
1stSecond,2685,platy3,2767,White,1|1,bullet,68,Lost,1/16/2018
1stSecond,2694,platy3,2761,Black,1|1,bullet,70,Lost,1/16/2018
1stSecond,2704,platy3,2754,White,1|1,bullet,42,Won,1/16/2018
1stSecond,2690,platy3,2764,Black,1|1,bullet,30,Lost,1/16/2018
1stSecond,2700,GMKrikor,2696,White,1 min,bullet,55,Lost,12/5/2017
1stSecond,2709,GMKrikor,2686,Black,1 min,bullet,75,Lost,12/5/2017
1stSecond,2718,GMKrikor,2675,White,1 min,bullet,68,Won,12/5/2017
1stSecond,2710,GMKrikor,2684,Black,1 min,bullet,33,Won,12/5/2017
1stSecond,2701,GMKrikor,2694,White,1 min,bullet,36,Won,12/5/2017
1stSecond,2692,GMKrikor,2705,Black,1 min,bullet,74,Lost,12/5/2017
1stSecond,2702,GMKrikor,2694,White,1 min,bullet,68,Lost,12/5/2017
1stSecond,2712,Kaphrep,2772,White,1 min,bullet,32,Lost,10/17/2017
1stSecond,2719,Kaphrep,2765,Black,1 min,bullet,42,Lost,10/17/2017
1stSecond,2726,Kaphrep,2758,White,1 min,bullet,25,Lost,10/17/2017
1stSecond,2734,Kaphrep,2750,Black,1 min,bullet,36,Lost,10/17/2017