player,player_rating,opponent,opponent_rating,side,time_control,time_category,moves,result,date
1stSecond,2717,ToivoK3,2713,White,3 min,blitz,14,Won,1/31/2019
1stSecond,2709,GMG,2695,Black,3 min,blitz,38,Lost,1/30/2019
1stSecond,2718,MikhailovViacheslav,2648,Black,3 min,blitz,79,Won,1/30/2019
1stSecond,2711,gena217,2785,White,3 min,blitz,34,Lost,1/30/2019
1stSecond,2718,DutchPrince,2642,Black,3 min,blitz,26,Won,1/30/2019
1stSecond,2711,DutchPrince,2649,White,3 min,blitz,19,Won,1/30/2019
1stSecond,2704,vuqarrasulov,2806,Black,3 min,blitz,55,Draw,1/30/2019
1stSecond,2702,vuqarrasulov,2808,White,3 min,blitz,91,Lost,1/30/2019
1stSecond,2708,grunge_rock,2637,Black,3 min,blitz,59,Won,1/30/2019
1stSecond,2701,grunge_rock,2644,White,3 min,blitz,50,Lost,1/30/2019
1stSecond,2711,grunge_rock,2634,Black,3 min,blitz,15,Won,1/30/2019
1stSecond,2704,grunge_rock,2641,White,3 min,blitz,52,Draw,1/30/2019
1stSecond,2705,liuyuanzhanfu,2673,White,3 min,blitz,51,Won,1/30/2019
1stSecond,2697,DutchPrince,2613,Black,3 min,blitz,58,Lost,1/30/2019
1stSecond,2707,GM_shahin,2681,White,3 min,blitz,43,Lost,1/30/2019
1stSecond,2716,s7mple,2752,White,3 min,blitz,32,Lost,1/30/2019
1stSecond,2724,s7mple,2744,Black,3 min,blitz,37,Won,1/30/2019
1stSecond,2715,s7mple,2753,White,3 min,blitz,55,Won,1/30/2019
1stSecond,2706,s7mple,2762,Black,3 min,blitz,22,Lost,1/30/2019
1stSecond,2713,s7mple,2755,White,3 min,blitz,76,Won,1/30/2019
1stSecond,2704,igor592,2647,Black,3 min,blitz,33,Lost,1/30/2019
1stSecond,2714,igor592,2637,White,3 min,blitz,32,Won,1/30/2019
1stSecond,2707,Zkid,2694,Black,3 min,blitz,24,Won,1/30/2019
1stSecond,2699,Zkid,2702,White,3 min,blitz,26,Lost,1/29/2019
1stSecond,2707,Federtiu,2603,Black,3 min,blitz,24,Won,1/29/2019
1stSecond,2701,Federtiu,2609,White,3 min,blitz,44,Won,1/29/2019
1stSecond,2695,Federtiu,2615,Black,3 min,blitz,57,Won,1/29/2019
1stSecond,2688,srohithkrishna,2580,White,3 min,blitz,28,Won,1/29/2019
1stSecond,2682,srohithkrishna,2586,Black,3 min,blitz,72,Draw,1/29/2019
1stSecond,2684,srohithkrishna,2584,White,3 min,blitz,66,Draw,1/29/2019
1stSecond,2686,srohithkrishna,2582,Black,3 min,blitz,30,Won,1/29/2019
1stSecond,2680,srohithkrishna,2588,White,3 min,blitz,33,Won,1/29/2019
1stSecond,2674,srohithkrishna,2594,Black,3 min,blitz,28,Won,1/29/2019
1stSecond,2668,cn_ua,2578,White,3 min,blitz,38,Won,1/29/2019
1stSecond,2662,cn_ua,2584,Black,3 min,blitz,34,Won,1/29/2019
1stSecond,2655,cn_ua,2591,White,3 min,blitz,29,Lost,1/29/2019
1stSecond,2665,Tjktiger,2754,Black,3 min,blitz,25,Lost,1/27/2019
1stSecond,2671,Tjktiger,2748,White,3 min,blitz,28,Lost,1/27/2019
1stSecond,2678,Tjktiger,2741,Black,3 min,blitz,36,Lost,1/27/2019
1stSecond,2685,Tjktiger,2734,White,3 min,blitz,37,Lost,1/27/2019
1stSecond,2692,Tjktiger,2727,Black,3 min,blitz,40,Lost,1/27/2019
1stSecond,2700,Tjktiger,2719,White,3 min,blitz,68,Won,1/27/2019
1stSecond,2691,Tjktiger,2728,Black,3 min,blitz,17,Lost,1/27/2019
1stSecond,2699,Tjktiger,2720,White,3 min,blitz,60,Won,1/27/2019
1stSecond,2690,Tjktiger,2729,Black,3 min,blitz,19,Lost,1/27/2019
1stSecond,2697,manudavid,2605,White,3 min,blitz,59,Lost,1/27/2019
1stSecond,2707,manudavid,2595,Black,3 min,blitz,38,Won,1/27/2019
1stSecond,2701,CapitanFindus,2610,White,3 min,blitz,24,Won,1/27/2019
1stSecond,2681,charifMedAmine,2736,White,3 min,blitz,43,Lost,1/24/2019
1stSecond,2688,charifMedAmine,2729,Black,3 min,blitz,28,Draw,1/24/2019