player,player_rating,opponent,opponent_rating,side,time_control,time_category,moves,result,date
1stSecond,2711,GMharikrishna,2729,Black,1 min,bullet,26,Won,9/18/2017
1stSecond,2700,GMharikrishna,2739,White,1 min,bullet,59,Won,9/18/2017
1stSecond,2688,GMharikrishna,2750,Black,1 min,bullet,26,Lost,9/18/2017
1stSecond,2697,Mykola-Bortnyk,2815,Black,1 min,bullet,59,Lost,9/1/2017
1stSecond,2704,Mykola-Bortnyk,2809,White,1 min,bullet,27,Lost,9/1/2017
1stSecond,2711,Mykola-Bortnyk,2803,Black,1 min,bullet,16,Lost,9/1/2017
1stSecond,2719,Mykola-Bortnyk,2797,White,1 min,bullet,46,Lost,9/1/2017
1stSecond,2727,SomePatzer,2640,White,30 sec,bullet,30,Won,8/30/2017
1stSecond,2719,SomePatzer,2646,Black,30 sec,bullet,50,Draw,8/30/2017
1stSecond,2721,SomePatzer,2644,White,30 sec,bullet,53,Won,8/30/2017
1stSecond,2712,SomePatzer,2651,Black,30 sec,bullet,53,Won,8/30/2017
1stSecond,2702,TapeWorthyMoves,2614,Black,1 min,bullet,34,Won,8/30/2017
1stSecond,2693,TapeWorthyMoves,2620,White,1 min,bullet,46,Won,8/30/2017
1stSecond,2683,TapeWorthyMoves,2627,Black,1 min,bullet,50,Lost,8/30/2017
1stSecond,2698,TapeWorthyMoves,2617,White,1 min,bullet,41,Won,8/30/2017
1stSecond,2687,Andreikka,2657,Black,1 min,bullet,35,Lost,8/30/2017
1stSecond,2702,Andreikka,2648,White,1 min,bullet,25,Won,8/30/2017
1stSecond,2690,Andreikka,2655,Black,1 min,bullet,46,Lost,8/30/2017
1stSecond,2707,Andreikka,2646,White,1 min,bullet,55,Lost,8/30/2017
1stSecond,2726,Andreikka,2636,Black,1 min,bullet,50,Draw,8/30/2017
1stSecond,2730,Andreikka,2634,White,1 min,bullet,70,Won,8/30/2017
1stSecond,2717,Andreikka,2640,Black,1 min,bullet,58,Lost,8/30/2017
1stSecond,2739,Andreikka,2630,White,1 min,bullet,29,Won,8/30/2017
1stSecond,2726,Andreikka,2636,Black,1 min,bullet,60,Draw,8/30/2017
1stSecond,2731,Andreikka,2634,White,1 min,bullet,63,Won,8/30/2017
1stSecond,2716,Andreikka,2641,Black,1 min,bullet,60,Won,8/30/2017
1stSecond,2699,pultineviciuspaulius,2582,Black,1 min,bullet,36,Won,8/30/2017
1stSecond,2683,Ustat,2607,Black,1 min,bullet,41,Lost,6/4/2017
1stSecond,2702,Ustat,2597,White,1 min,bullet,50,Won,6/4/2017
1stSecond,2690,Ustat,2603,Black,1 min,bullet,35,Lost,6/4/2017
1stSecond,2711,Ustat,2592,White,1 min,bullet,57,Won,6/4/2017
1stSecond,2699,Ustat,2598,Black,1 min,bullet,57,Won,6/4/2017
1stSecond,2685,Rikikits,2648,Black,1 min,bullet,36,Won,2/11/2017
1stSecond,2678,swapchess90,2602,White,1 min,bullet,55,Lost,2/10/2017
1stSecond,2688,swapchess90,2592,Black,1 min,bullet,23,Won,2/10/2017
1stSecond,2682,Brandon_Clarke,2604,White,1 min,bullet,56,Won,2/10/2017
1stSecond,2675,PaulKotsko,2511,White,1 min,bullet,36,Won,2/10/2017
1stSecond,2669,PaulKotsko,2552,Black,1 min,bullet,24,Won,2/10/2017
1stSecond,2661,Noukii,2796,Black,1 min,bullet,27,Lost,2/1/2017
1stSecond,2667,Noukii,2791,White,1 min,bullet,75,Lost,2/1/2017
1stSecond,2673,Noukii,2785,Black,1 min,bullet,61,Lost,2/1/2017
1stSecond,2679,Noukii,2779,White,1 min,bullet,63,Lost,2/1/2017
1stSecond,2686,Noukii,2773,Black,1 min,bullet,45,Lost,2/1/2017
1stSecond,2693,Noukii,2767,White,1 min,bullet,38,Lost,2/1/2017
1stSecond,2701,Noukii,2760,Black,1 min,bullet,32,Lost,2/1/2017
1stSecond,2709,Noukii,2753,White,1 min,bullet,47,Won,2/1/2017
1stSecond,2697,Genghis_K,2817,Black,1 min,bullet,20,Lost,12/16/2016
1stSecond,2703,Genghis_K,2811,White,1 min,bullet,47,Lost,12/16/2016
1stSecond,2709,Genghis_K,2805,Black,1 min,bullet,52,Draw,12/16/2016
1stSecond,2707,Noukii,2829,Black,1 min,bullet,22,Lost,12/5/2016