player,player_rating,opponent,opponent_rating,side,time_control,time_category,moves,result,date
1stSecond,2766,Artooooo,2751,White,1 min,bullet,51,Lost,4/10/2019
1stSecond,2775,Artooooo,2742,Black,1 min,bullet,53,Lost,4/10/2019
1stSecond,2784,Artooooo,2733,White,1 min,bullet,30,Won,4/10/2019
1stSecond,2777,Artooooo,2740,Black,1 min,bullet,26,Won,4/10/2019
1stSecond,2769,Artooooo,2748,White,1 min,bullet,89,Won,4/10/2019
1stSecond,2761,Artooooo,2756,Black,1 min,bullet,64,Lost,4/10/2019
1stSecond,2770,Artooooo,2747,White,1 min,bullet,58,Lost,4/10/2019
1stSecond,2779,Artooooo,2738,Black,1 min,bullet,55,Won,4/10/2019
1stSecond,2772,Artooooo,2745,White,1 min,bullet,24,Lost,4/10/2019
1stSecond,2781,Artooooo,2736,Black,1 min,bullet,23,Won,4/10/2019
1stSecond,2774,Artooooo,2743,White,1 min,bullet,25,Won,4/10/2019
1stSecond,2766,Artooooo,2751,Black,1 min,bullet,72,Lost,4/10/2019
1stSecond,2775,GMSrinath,2754,White,1 min,bullet,47,Won,4/10/2019
1stSecond,2767,GMSrinath,2762,Black,1 min,bullet,34,Lost,4/10/2019
1stSecond,2775,GMSrinath,2754,White,1 min,bullet,66,Won,4/10/2019
1stSecond,2767,GMSrinath,2762,Black,1 min,bullet,39,Won,4/10/2019
1stSecond,2759,GMSrinath,2770,White,1 min,bullet,38,Won,4/10/2019
1stSecond,2750,GMSrinath,2779,Black,1 min,bullet,66,Won,4/10/2019
1stSecond,2741,GMSrinath,2788,White,1 min,bullet,72,Draw,4/10/2019
1stSecond,2740,GMSrinath,2789,Black,1 min,bullet,44,Lost,4/10/2019
1stSecond,2747,GMSrinath,2782,White,1 min,bullet,22,Won,4/10/2019
1stSecond,2738,GMSrinath,2791,Black,1 min,bullet,23,Won,4/10/2019
1stSecond,2728,GMSrinath,2801,White,1 min,bullet,87,Draw,4/10/2019
1stSecond,2726,GMSrinath,2803,Black,1 min,bullet,52,Won,4/10/2019
1stSecond,2716,GMSrinath,2813,White,1 min,bullet,30,Lost,4/10/2019
1stSecond,2722,Guenplen,2793,White,1 min,bullet,45,Won,4/10/2019
1stSecond,2712,Guenplen,2803,Black,1 min,bullet,57,Won,4/10/2019
1stSecond,2702,Guenplen,2813,White,1 min,bullet,74,Lost,4/10/2019
1stSecond,2708,Guenplen,2807,Black,1 min,bullet,64,Won,4/10/2019
1stSecond,2697,Guenplen,2818,White,1 min,bullet,62,Won,4/10/2019
1stSecond,2686,Guenplen,2829,Black,1 min,bullet,78,Lost,4/10/2019
1stSecond,2691,johnathan113,2655,Black,1 min,bullet,38,Won,4/10/2019
1stSecond,2684,Artooooo,2737,White,1 min,bullet,43,Lost,4/10/2019
1stSecond,2691,Sanan_Sjugirov,2744,Black,1 min,bullet,33,Lost,4/9/2019
1stSecond,2698,Sanan_Sjugirov,2737,White,1 min,bullet,36,Won,4/9/2019
1stSecond,2689,Sanan_Sjugirov,2746,Black,1 min,bullet,58,Lost,4/9/2019
1stSecond,2696,Sanan_Sjugirov,2739,White,1 min,bullet,34,Won,4/9/2019
1stSecond,2687,Sanan_Sjugirov,2748,Black,1 min,bullet,62,Won,4/9/2019
1stSecond,2677,Sanan_Sjugirov,2758,White,1 min,bullet,25,Lost,4/9/2019
1stSecond,2683,Sanan_Sjugirov,2752,Black,1 min,bullet,21,Lost,4/9/2019
1stSecond,2690,Sanan_Sjugirov,2745,White,1 min,bullet,67,Won,4/9/2019
1stSecond,2680,Sanan_Sjugirov,2755,Black,1 min,bullet,73,Lost,4/9/2019
1stSecond,2687,Sanan_Sjugirov,2748,White,1 min,bullet,62,Lost,4/9/2019
1stSecond,2694,Sanan_Sjugirov,2741,Black,1 min,bullet,60,Lost,4/9/2019
1stSecond,2701,Sanan_Sjugirov,2734,White,1 min,bullet,53,Lost,4/9/2019
1stSecond,2709,Sanan_Sjugirov,2726,Black,1 min,bullet,46,Lost,4/9/2019
1stSecond,2717,Sanan_Sjugirov,2718,White,1 min,bullet,61,Won,4/9/2019
1stSecond,2709,Sanan_Sjugirov,2726,Black,1 min,bullet,36,Lost,4/9/2019
1stSecond,2717,Sanan_Sjugirov,2718,White,1 min,bullet,32,Won,4/9/2019
1stSecond,2709,pultineviciuspaulius,2630,Black,1 min,bullet,67,Won,4/9/2019