player,player_rating,opponent,opponent_rating,side,time_control,time_category,moves,result,date
1stSecond,2704,HansCoolNiemann,2696,White,1 min,bullet,42,Won,4/6/2019
1stSecond,2696,HansCoolNiemann,2704,Black,1 min,bullet,67,Won,4/6/2019
1stSecond,2687,HansCoolNiemann,2713,White,1 min,bullet,52,Lost,4/6/2019
1stSecond,2695,HansCoolNiemann,2705,Black,1 min,bullet,50,Lost,4/6/2019
1stSecond,2703,HansCoolNiemann,2697,White,1 min,bullet,70,Lost,4/6/2019
1stSecond,2712,Amincheraghi99,2670,Black,1 min,bullet,37,Won,4/6/2019
1stSecond,2705,Amincheraghi99,2677,White,1 min,bullet,29,Won,4/6/2019
1stSecond,2697,Amincheraghi99,2685,Black,1 min,bullet,40,Lost,4/6/2019
1stSecond,2706,Amincheraghi99,2676,White,1 min,bullet,35,Won,4/6/2019
1stSecond,2698,Amincheraghi99,2684,Black,1 min,bullet,64,Draw,4/6/2019
1stSecond,2698,Mr_Sinigami,2338,Black,1 min,bullet,44,Won,4/4/2019
1stSecond,2696,shnitez,2191,White,1 min,bullet,57,Won,4/4/2019
1stSecond,2695,Rsnr,2608,Black,1 min,bullet,42,Lost,4/4/2019
1stSecond,2705,kosya4ok,2663,Black,1 min,bullet,23,Lost,4/4/2019
1stSecond,2715,maciek_92,2604,White,1 min,bullet,33,Won,4/4/2019
1stSecond,2709,removsky,2517,Black,1 min,bullet,38,Won,4/4/2019
1stSecond,2705,XDPS,2658,White,1 min,bullet,57,Lost,4/4/2019
1stSecond,2715,gahryman,2520,Black,1 min,bullet,50,Won,4/4/2019
1stSecond,2711,DenishevM,2571,Black,1 min,bullet,68,Lost,4/4/2019
1stSecond,2723,baslyabaslya,2093,White,1 min,bullet,37,Won,4/4/2019
1stSecond,2723,Alexander_Donchenko,2676,Black,1 min,bullet,57,Lost,4/4/2019
1stSecond,2733,Guenplen,2825,White,1 min,bullet,43,Lost,4/4/2019
1stSecond,2739,nihalsarin,2922,Black,1 min,bullet,63,Lost,4/4/2019
1stSecond,2743,oskariot,2543,White,1 min,bullet,24,Won,4/4/2019
1stSecond,2739,Bryakin_Mikhail,2695,White,1 min,bullet,68,Won,4/4/2019
1stSecond,2732,S-Fazulyanov,2574,Black,1 min,bullet,32,Won,4/4/2019
1stSecond,2727,jlucasvf,2525,White,1 min,bullet,31,Won,4/4/2019
1stSecond,2723,Kallatroh,2435,White,1 min,bullet,35,Won,4/4/2019
1stSecond,2720,Daxasy,2611,Black,1 min,bullet,64,Lost,4/4/2019
1stSecond,2731,PotapovaM,2438,White,1 min,bullet,44,Won,4/4/2019
1stSecond,2728,COCOLASTICOTTE,2366,Black,1 min,bullet,28,Won,4/4/2019
1stSecond,2726,lucasran,2423,White,1 min,bullet,52,Lost,4/4/2019
1stSecond,2740,Sashadav97,2557,Black,1 min,bullet,70,Lost,4/4/2019
1stSecond,2752,Rikikits,2609,White,1 min,bullet,36,Lost,4/4/2019
1stSecond,2764,Triumphmate,2385,Black,1 min,bullet,35,Won,4/4/2019
1stSecond,2762,spectralsoul,2791,White,1 min,bullet,69,Lost,4/4/2019
1stSecond,2770,spectralsoul,2783,Black,1 min,bullet,83,Lost,4/4/2019
1stSecond,2778,spectralsoul,2775,White,1 min,bullet,76,Draw,4/4/2019
1stSecond,2778,spectralsoul,2775,Black,1 min,bullet,47,Lost,4/4/2019
1stSecond,2786,spectralsoul,2767,White,1 min,bullet,68,Draw,4/4/2019
1stSecond,2786,spectralsoul,2767,Black,1 min,bullet,42,Won,4/4/2019
1stSecond,2778,Angry_Twin,2701,Black,1 min,bullet,26,Won,4/4/2019
1stSecond,2771,Angry_Twin,2708,White,1 min,bullet,17,Won,4/4/2019
1stSecond,2764,Angry_Twin,2715,Black,1 min,bullet,41,Won,4/4/2019
1stSecond,2757,Angry_Twin,2722,White,1 min,bullet,39,Won,4/4/2019
1stSecond,2749,Angry_Twin,2730,Black,1 min,bullet,50,Won,4/4/2019
1stSecond,2741,Angry_Twin,2738,White,1 min,bullet,26,Won,4/4/2019
1stSecond,2733,Msb2,2801,Black,1 min,bullet,37,Lost,4/4/2019
1stSecond,2740,Msb2,2794,White,1 min,bullet,32,Won,4/4/2019
1stSecond,2730,Msb2,2804,Black,1 min,bullet,31,Won,4/4/2019