player,player_rating,opponent,opponent_rating,side,time_control,time_category,moves,result,date
1stSecond,2669,WW2WW,2561,Black,1 min,bullet,55,Won,11/4/2018
1stSecond,2663,WW2WW,2567,White,1 min,bullet,28,Won,11/4/2018
1stSecond,2657,WW2WW,2573,Black,1 min,bullet,53,Won,11/4/2018
1stSecond,2651,WW2WW,2579,White,1 min,bullet,24,Won,11/4/2018
1stSecond,2644,WW2WW,2586,Black,1 min,bullet,42,Draw,11/4/2018
1stSecond,2645,pultineviciuspaulius,2604,White,1 min,bullet,35,Lost,11/2/2018
1stSecond,2654,pultineviciuspaulius,2595,Black,1 min,bullet,44,Lost,11/2/2018
1stSecond,2664,pultineviciuspaulius,2585,White,1 min,bullet,28,Won,11/2/2018
1stSecond,2657,pultineviciuspaulius,2592,Black,1 min,bullet,15,Lost,11/2/2018
1stSecond,2667,pultineviciuspaulius,2582,White,1 min,bullet,28,Won,11/2/2018
1stSecond,2661,pultineviciuspaulius,2588,Black,1 min,bullet,25,Won,11/2/2018
1stSecond,2654,pultineviciuspaulius,2595,White,1 min,bullet,59,Lost,11/2/2018
1stSecond,2664,pultineviciuspaulius,2585,Black,1 min,bullet,41,Lost,11/2/2018
1stSecond,2674,pultineviciuspaulius,2575,White,1 min,bullet,41,Won,11/2/2018
1stSecond,2668,pultineviciuspaulius,2581,Black,1 min,bullet,49,Lost,11/2/2018
1stSecond,2678,pultineviciuspaulius,2571,White,1 min,bullet,29,Won,11/2/2018
1stSecond,2672,pultineviciuspaulius,2577,Black,1 min,bullet,30,Won,11/2/2018
1stSecond,2666,kirillshevchenko,2628,White,1 min,bullet,32,Lost,11/2/2018
1stSecond,2675,kirillshevchenko,2619,Black,1 min,bullet,54,Won,11/2/2018
1stSecond,2668,Thormento007,2177,White,1 min,bullet,38,Won,10/29/2018
1stSecond,2667,Markov_Mikhail,2801,Black,1 min,bullet,39,Lost,10/29/2018
1stSecond,2672,PaulfromSPb,2632,White,1 min,bullet,42,Won,10/29/2018
1stSecond,2665,ChessicallyInclined,2458,White,1 min,bullet,17,Won,10/29/2018
1stSecond,2661,1random,2742,White,1 min,bullet,39,Won,10/29/2018
1stSecond,2651,boris1491,2381,Black,1 min,bullet,44,Won,10/29/2018
1stSecond,2648,PaulfromSPb,2630,Black,1 min,bullet,34,Won,10/29/2018
1stSecond,2640,Copperfield_David,2283,White,1 min,bullet,32,Won,10/29/2018
1stSecond,2638,1random,2764,Black,1 min,bullet,66,Lost,10/29/2018
1stSecond,2643,Hikaru,3078,Black,1 min,bullet,47,Lost,10/29/2018
1stSecond,2644,Go_GSWarriors_30,2563,Black,1 min,bullet,36,Won,10/29/2018
1stSecond,2638,ubochess,2264,Black,1 min,bullet,78,Won,10/29/2018
1stSecond,2636,chess_fan123,2303,Black,1 min,bullet,61,Won,10/29/2018
1stSecond,2634,Markov_Mikhail,2812,White,1 min,bullet,61,Won,10/29/2018
1stSecond,2622,LiridonBehrami1996,2285,Black,1 min,bullet,30,Won,10/29/2018
1stSecond,2620,Go_GSWarriors_30,2545,White,1 min,bullet,64,Won,10/29/2018
1stSecond,2613,gmjlh,2793,Black,1 min,bullet,76,Draw,10/29/2018
1stSecond,2609,Rashad_Zeynalli,2368,White,1 min,bullet,24,Won,10/29/2018
1stSecond,2606,Blitzstream,2630,Black,1 min,bullet,23,Won,10/29/2018
1stSecond,2597,gmjlh,2798,Black,1 min,bullet,78,Lost,10/29/2018
1stSecond,2601,stewiiegriffin,2501,Black,1 min,bullet,43,Won,10/29/2018
1stSecond,2595,gmjlh,2810,Black,1 min,bullet,66,Lost,10/29/2018
1stSecond,2599,zayed92,2373,White,1 min,bullet,59,Won,10/29/2018
1stSecond,2595,Dhaydon19,2624,White,1 min,bullet,50,Lost,10/29/2018
1stSecond,2604,penguingm1,3152,Black,1 min,bullet,23,Lost,10/29/2018
1stSecond,2605,alexandershemeakin,2208,Black,1 min,bullet,29,Won,10/29/2018
1stSecond,2603,Asa-Akira,2454,Black,1 min,bullet,29,Won,10/29/2018
1stSecond,2597,kiborg1987,2775,White,1 min,bullet,71,Lost,10/29/2018
1stSecond,2602,KBabazada,2605,White,1 min,bullet,21,Won,10/29/2018
1stSecond,2591,Copperfield_David,2379,Black,1 min,bullet,31,Won,10/29/2018
1stSecond,2586,ubochess,2243,White,1 min,bullet,41,Won,10/29/2018