player,player_rating,opponent,opponent_rating,side,time_control,time_category,moves,result,date
1stSecond,2711,mishanick,2875,White,3 min,blitz,58,Lost,4/10/2019
1stSecond,2716,mishanick,2870,Black,3 min,blitz,23,Won,4/10/2019
1stSecond,2704,Edgar_Karagyozyan,2620,White,3 min,blitz,47,Won,4/10/2019
1stSecond,2698,Edgar_Karagyozyan,2626,Black,3 min,blitz,63,Won,4/10/2019
1stSecond,2691,carlesdc96,2697,White,3 min,blitz,90,Draw,4/9/2019
1stSecond,2691,DutchPrince,2662,White,3 min,blitz,39,Draw,4/9/2019
1stSecond,2692,DutchPrince,2661,Black,3 min,blitz,56,Draw,4/9/2019
1stSecond,2693,DutchPrince,2660,White,3 min,blitz,75,Draw,4/9/2019
1stSecond,2694,DraskovicL,2617,Black,3 min,blitz,66,Won,4/9/2019
1stSecond,2687,DraskovicL,2624,White,3 min,blitz,59,Lost,4/9/2019
1stSecond,2697,DraskovicL,2614,Black,3 min,blitz,39,Won,4/9/2019
1stSecond,2691,fearless_guy,2660,White,3 min,blitz,24,Lost,4/9/2019
1stSecond,2700,ArnaudovP,2591,Black,3 min,blitz,38,Won,4/9/2019
1stSecond,2694,SirStrateg,2622,White,3 min,blitz,16,Won,4/9/2019
1stSecond,2687,SirStrateg,2629,Black,3 min,blitz,50,Draw,4/9/2019
1stSecond,2688,Lanshou,2682,Black,3 min,blitz,59,Won,4/9/2019
1stSecond,2680,PE-TRO,2706,Black,3 min,blitz,45,Lost,4/9/2019
1stSecond,2688,PE-TRO,2698,White,3 min,blitz,79,Won,4/9/2019
1stSecond,2679,yoavjm_2004,2678,White,3 min,blitz,58,Lost,4/6/2019
1stSecond,2687,BeyBeyBey,2596,Black,3 min,blitz,25,Draw,4/6/2019
1stSecond,2689,BeyBeyBey,2594,White,3 min,blitz,29,Won,4/6/2019
1stSecond,2683,HoldenHc,2661,Black,3 min,blitz,41,Won,4/6/2019
1stSecond,2675,HoldenHc,2669,White,3 min,blitz,27,Won,4/6/2019
1stSecond,2667,HoldenHc,2677,Black,3 min,blitz,54,Won,4/6/2019
1stSecond,2658,HoldenHc,2686,White,3 min,blitz,82,Won,4/6/2019
1stSecond,2649,nurgyulsalimova,2553,Black,3 min,blitz,26,Won,4/6/2019
1stSecond,2643,Rukia_Kuchiki1,2668,White,3 min,blitz,64,Lost,4/6/2019
1stSecond,2651,Rukia_Kuchiki1,2660,Black,3 min,blitz,39,Lost,4/6/2019
1stSecond,2659,Rukia_Kuchiki1,2652,White,3 min,blitz,35,Draw,4/6/2019
1stSecond,2659,hurricane7791,2746,White,3 min,blitz,37,Lost,4/4/2019
1stSecond,2665,samhawkins,2688,Black,3 min,blitz,80,Won,4/4/2019
1stSecond,2656,samhawkins,2697,White,3 min,blitz,39,Lost,4/4/2019
1stSecond,2663,hurricane7791,2740,Black,3 min,blitz,19,Lost,4/4/2019
1stSecond,2670,ExceptionallyDubious,2690,White,3 min,blitz,33,Won,4/4/2019
1stSecond,2661,ExceptionallyDubious,2699,Black,3 min,blitz,39,Lost,4/4/2019
1stSecond,2668,ExceptionallyDubious,2692,White,3 min,blitz,45,Draw,4/4/2019
1stSecond,2667,talentzeker,2659,White,3 min,blitz,59,Lost,4/4/2019
1stSecond,2676,Kriari,2762,White,3 min,blitz,49,Lost,4/4/2019
1stSecond,2682,yoavjm_2004,2618,Black,3 min,blitz,42,Lost,4/3/2019
1stSecond,2692,Lovkov_Roman,2638,White,3 min,blitz,23,Won,4/2/2019
1stSecond,2685,Lovkov_Roman,2645,Black,3 min,blitz,28,Lost,4/2/2019
1stSecond,2694,Imre91,2814,Black,3 min,blitz,53,Won,3/31/2019
1stSecond,2683,Onegust,2592,Black,3 min,blitz,82,Won,3/30/2019
1stSecond,2677,Onegust,2598,White,3 min,blitz,28,Won,3/30/2019
1stSecond,2670,Illingworth,2843,Black,3 min,blitz,67,Lost,3/30/2019
1stSecond,2674,Onegust,2610,Black,3 min,blitz,33,Draw,3/30/2019
1stSecond,2675,tdf98pantani,2663,White,3 min,blitz,42,Lost,3/27/2019
1stSecond,2684,tdf98pantani,2654,Black,3 min,blitz,24,Won,3/27/2019
1stSecond,2676,Hunninn,2649,Black,3 min,blitz,47,Lost,3/26/2019
1stSecond,2685,Alexander_Khlebovich,2606,White,3 min,blitz,42,Won,3/25/2019