player,player_rating,opponent,opponent_rating,side,time_control,time_category,moves,result,date
1stSecond,2775,SergeiAza,2742,White,3 min,blitz,45,Lost,1/2/2019
1stSecond,2784,SergeiAza,2733,Black,3 min,blitz,36,Lost,1/2/2019
1stSecond,2783,Mistango,2727,Black,3 min,blitz,12,Lost,1/1/2019
1stSecond,2793,Mistango,2717,White,3 min,blitz,52,Lost,1/1/2019
1stSecond,2803,Alexander_Moskalenko,2837,White,3 min,blitz,53,Draw,1/1/2019
1stSecond,2802,Alexander_Moskalenko,2838,Black,3 min,blitz,39,Lost,1/1/2019
1stSecond,2810,Alexander_Moskalenko,2830,White,3 min,blitz,29,Won,1/1/2019
1stSecond,2801,Alexander_Moskalenko,2839,Black,3 min,blitz,61,Lost,1/1/2019
1stSecond,2808,Alexandr_Predke,2720,Black,3 min,blitz,43,Lost,1/1/2019
1stSecond,2818,Alexandr_Predke,2710,White,3 min,blitz,35,Won,1/1/2019
1stSecond,2812,Alexandr_Predke,2716,Black,3 min,blitz,57,Won,1/1/2019
1stSecond,2806,Alexandr_Predke,2722,White,3 min,blitz,40,Won,1/1/2019
1stSecond,2800,michaelq2d5,2762,White,3 min,blitz,37,Won,1/1/2019
1stSecond,2793,michaelq2d5,2769,Black,3 min,blitz,44,Won,1/1/2019
1stSecond,2785,michaelq2d5,2777,White,3 min,blitz,43,Lost,1/1/2019
1stSecond,2794,michaelq2d5,2768,Black,3 min,blitz,53,Won,1/1/2019
1stSecond,2786,Sychev_Klementy,2791,White,3 min,blitz,40,Lost,1/1/2019
1stSecond,2794,MrTattaglia,2642,White,3 min,blitz,25,Won,12/31/2018
1stSecond,2789,MrTattaglia,2647,Black,3 min,blitz,98,Won,12/31/2018
1stSecond,2784,MrTattaglia,2652,White,3 min,blitz,79,Won,12/31/2018
1stSecond,2779,MrTattaglia,2657,Black,3 min,blitz,13,Won,12/31/2018
1stSecond,2773,MrTattaglia,2663,White,3 min,blitz,12,Won,12/31/2018
1stSecond,2767,MrTattaglia,2669,Black,3 min,blitz,21,Won,12/31/2018
1stSecond,2761,MrTattaglia,2675,White,3 min,blitz,23,Won,12/31/2018
1stSecond,2755,MrTattaglia,2681,Black,3 min,blitz,85,Won,12/31/2018
1stSecond,2748,MrTattaglia,2688,White,3 min,blitz,30,Lost,12/31/2018
1stSecond,2758,MrTattaglia,2678,Black,3 min,blitz,52,Won,12/31/2018
1stSecond,2752,MrTattaglia,2684,White,3 min,blitz,69,Draw,12/31/2018
1stSecond,2754,MrTattaglia,2682,Black,3 min,blitz,32,Won,12/31/2018
1stSecond,2747,MrTattaglia,2689,White,3 min,blitz,53,Draw,12/31/2018
1stSecond,2748,MrTattaglia,2688,Black,3 min,blitz,36,Won,12/31/2018
1stSecond,2741,MrTattaglia,2695,White,3 min,blitz,28,Won,12/31/2018
1stSecond,2734,MrTattaglia,2702,Black,3 min,blitz,74,Won,12/31/2018
1stSecond,2726,MarchingCase,2603,White,3 min,blitz,27,Won,12/31/2018
1stSecond,2720,MarchingCase,2609,Black,3 min,blitz,29,Won,12/31/2018
1stSecond,2714,mmmflatbread,2659,White,3 min,blitz,66,Lost,12/31/2018
1stSecond,2724,Keranke,2771,White,3 min,blitz,46,Lost,12/31/2018
1stSecond,2731,omidnoroozi21,2667,White,3 min,blitz,45,Won,12/31/2018
1stSecond,2724,omidnoroozi21,2674,Black,3 min,blitz,35,Lost,12/31/2018
1stSecond,2734,omidnoroozi21,2664,White,3 min,blitz,23,Won,12/31/2018
1stSecond,2727,omidnoroozi21,2671,Black,3 min,blitz,29,Won,12/31/2018
1stSecond,2720,gmgamil,2766,Black,3 min,blitz,29,Lost,12/31/2018
1stSecond,2727,gmgamil,2759,White,3 min,blitz,67,Draw,12/31/2018
1stSecond,2726,Aborigen_came,2655,White,3 min,blitz,51,Won,12/31/2018
1stSecond,2719,Kiborg95,2630,Black,3 min,blitz,57,Lost,12/31/2018
1stSecond,2729,Kiborg95,2620,White,3 min,blitz,45,Won,12/31/2018
1stSecond,2723,Rethinking_fables,2686,White,3 min,blitz,34,Won,12/30/2018
1stSecond,2715,Rethinking_fables,2694,Black,3 min,blitz,19,Lost,12/30/2018
1stSecond,2724,aisiic,2631,Black,3 min,blitz,70,Draw,12/30/2018
1stSecond,2726,shosti-73,2617,White,3 min,blitz,31,Won,12/30/2018