player,player_rating,opponent,opponent_rating,side,time_control,time_category,moves,result,date
1stSecond,2774,LifeIsGoingOn,2719,White,3 min,blitz,46,Lost,12/27/2018
1stSecond,2784,gmgamil,2737,Black,3 min,blitz,60,Lost,12/27/2018
1stSecond,2794,gmgamil,2727,White,3 min,blitz,33,Won,12/27/2018
1stSecond,2787,honestgirl,2716,Black,3 min,blitz,41,Won,12/27/2018
1stSecond,2780,spectralsoul,2807,White,3 min,blitz,32,Lost,12/27/2018
1stSecond,2788,spectralsoul,2799,Black,3 min,blitz,63,Won,12/27/2018
1stSecond,2779,Bryakin_Mikhail,2627,Black,3 min,blitz,68,Draw,12/27/2018
1stSecond,2782,Bryakin_Mikhail,2624,White,3 min,blitz,29,Won,12/27/2018
1stSecond,2777,in_the_fire,2696,White,3 min,blitz,27,Won,12/27/2018
1stSecond,2771,Dilemma71,2726,White,3 min,blitz,58,Lost,12/27/2018
1stSecond,2780,Dilemma71,2717,Black,3 min,blitz,55,Won,12/27/2018
1stSecond,2773,Alexander_Khlebovich,2723,Black,3 min,blitz,24,Won,12/27/2018
1stSecond,2766,Marcus_Harvey,2702,Black,3 min,blitz,78,Won,12/26/2018
1stSecond,2759,Marcus_Harvey,2709,White,3 min,blitz,70,Lost,12/26/2018
1stSecond,2769,Marcus_Harvey,2699,Black,3 min,blitz,64,Won,12/26/2018
1stSecond,2762,Marcus_Harvey,2706,White,3 min,blitz,80,Lost,12/26/2018
1stSecond,2772,Alexander_Khlebovich,2782,White,3 min,blitz,35,Draw,12/26/2018
1stSecond,2772,gmgamil,2724,Black,3 min,blitz,60,Won,12/26/2018
1stSecond,2765,Gvalch,2725,White,3 min,blitz,43,Won,12/26/2018
1stSecond,2758,Ginger_GM,2703,Black,3 min,blitz,47,Lost,12/23/2018
1stSecond,2768,Ginger_GM,2693,White,3 min,blitz,38,Won,12/23/2018
1stSecond,2761,Keranke,2783,Black,3 min,blitz,30,Lost,12/23/2018
1stSecond,2769,Wizard456,2854,Black,3 min,blitz,34,Lost,12/22/2018
1stSecond,2775,SergeiAza,2807,White,3 min,blitz,53,Lost,12/21/2018
1stSecond,2783,SergeiAza,2799,Black,3 min,blitz,67,Draw,12/21/2018
1stSecond,2783,SergeiAza,2799,White,3 min,blitz,37,Lost,12/21/2018
1stSecond,2791,ahmadzada13,2820,Black,3 min,blitz,32,Won,12/21/2018
1stSecond,2782,GigaQuparadze,2831,White,3 min,blitz,48,Lost,12/21/2018
1stSecond,2789,GigaQuparadze,2824,Black,3 min,blitz,65,Lost,12/21/2018
1stSecond,2797,GigaQuparadze,2816,White,3 min,blitz,53,Won,12/21/2018
1stSecond,2788,GigaQuparadze,2825,Black,3 min,blitz,43,Lost,12/21/2018
1stSecond,2795,GigaQuparadze,2818,White,3 min,blitz,90,Won,12/21/2018
1stSecond,2786,GigaQuparadze,2827,Black,3 min,blitz,66,Draw,12/21/2018
1stSecond,2785,GigaQuparadze,2828,White,3 min,blitz,25,Won,12/21/2018
1stSecond,2776,GigaQuparadze,2837,Black,3 min,blitz,40,Lost,12/21/2018
1stSecond,2783,GigaQuparadze,2830,White,3 min,blitz,66,Lost,12/21/2018
1stSecond,2790,GigaQuparadze,2823,Black,3 min,blitz,52,Won,12/21/2018
1stSecond,2781,GigaQuparadze,2832,White,3 min,blitz,20,Won,12/21/2018
1stSecond,2771,GigaQuparadze,2842,Black,3 min,blitz,28,Lost,12/21/2018
1stSecond,2778,GigaQuparadze,2835,White,3 min,blitz,34,Won,12/21/2018
1stSecond,2768,Malik02,2800,Black,3 min,blitz,37,Lost,12/21/2018
1stSecond,2776,Malik02,2784,White,3 min,blitz,52,Lost,12/21/2018
1stSecond,2784,Malik02,2776,Black,3 min,blitz,19,Lost,12/21/2018
1stSecond,2793,Torosyan_Norayr,2628,Black,3 min,blitz,68,Draw,12/21/2018
1stSecond,2797,Hemanthsankar,2620,Black,3 min,blitz,16,Won,12/21/2018
1stSecond,2784,Ustat,2612,Black,3 min,blitz,43,Won,12/20/2018
1stSecond,2779,Ustat,2617,White,3 min,blitz,25,Won,12/20/2018
1stSecond,2774,Dooploff,2809,White,3 min,blitz,30,Won,12/20/2018
1stSecond,2765,Sibelephant,2837,Black,3 min,blitz,36,Lost,12/20/2018
1stSecond,2772,Sibelephant,2830,White,3 min,blitz,58,Lost,12/20/2018