player,player_rating,opponent,opponent_rating,side,time_control,time_category,moves,result,date
1stSecond,2704,pultineviciuspaulius,2625,Black,1 min,bullet,37,Lost,3/6/2019
1stSecond,2714,pultineviciuspaulius,2615,White,1 min,bullet,25,Won,3/6/2019
1stSecond,2708,pultineviciuspaulius,2621,Black,1 min,bullet,27,Won,3/6/2019
1stSecond,2702,pultineviciuspaulius,2627,White,1 min,bullet,29,Won,3/6/2019
1stSecond,2695,pultineviciuspaulius,2634,Black,1 min,bullet,13,Won,3/6/2019
1stSecond,2688,pultineviciuspaulius,2641,White,1 min,bullet,43,Won,3/6/2019
1stSecond,2681,pultineviciuspaulius,2648,Black,1 min,bullet,40,Won,3/6/2019
1stSecond,2673,pultineviciuspaulius,2656,White,1 min,bullet,31,Lost,3/6/2019
1stSecond,2682,Msb2,2650,Black,1 min,bullet,63,Won,3/6/2019
1stSecond,2674,Msb2,2658,White,1 min,bullet,47,Lost,3/6/2019
1stSecond,2683,Msb2,2649,Black,1 min,bullet,38,Lost,3/6/2019
1stSecond,2692,Msb2,2640,White,1 min,bullet,51,Lost,3/6/2019
1stSecond,2702,Msb2,2630,Black,1 min,bullet,66,Draw,3/6/2019
1stSecond,2704,217-16-8,2699,Black,1 min,bullet,32,Lost,3/4/2019
1stSecond,2713,217-16-8,2691,White,1 min,bullet,64,Lost,3/4/2019
1stSecond,2722,217-16-8,2682,Black,1 min,bullet,59,Lost,3/4/2019
1stSecond,2732,217-16-8,2673,White,1 min,bullet,17,Won,3/4/2019
1stSecond,2724,217-16-8,2680,Black,1 min,bullet,47,Won,3/4/2019
1stSecond,2716,217-16-8,2687,White,1 min,bullet,45,Won,3/4/2019
1stSecond,2707,217-16-8,2695,Black,1 min,bullet,60,Won,3/4/2019
1stSecond,2697,217-16-8,2703,White,1 min,bullet,65,Lost,3/4/2019
1stSecond,2707,217-16-8,2695,Black,1 min,bullet,27,Won,3/4/2019
1stSecond,2697,Dhaydon19,2619,White,1 min,bullet,27,Won,3/4/2019
1stSecond,2688,Dhaydon19,2626,Black,1 min,bullet,72,Won,3/4/2019
1stSecond,2679,Vugar_Manafov,2498,Black,1 min,bullet,47,Lost,1/2/2019
1stSecond,2691,Vugar_Manafov,2486,White,1 min,bullet,17,Lost,1/2/2019
1stSecond,2704,Vugar_Manafov,2473,Black,1 min,bullet,14,Won,1/2/2019
1stSecond,2701,Vugar_Manafov,2476,White,1 min,bullet,35,Won,1/2/2019
1stSecond,2697,Vugar_Manafov,2480,Black,1 min,bullet,63,Lost,1/2/2019
1stSecond,2710,Vugar_Manafov,2467,White,1 min,bullet,31,Won,1/2/2019
1stSecond,2707,Vugar_Manafov,2470,Black,1 min,bullet,72,Won,1/2/2019
1stSecond,2704,Vugar_Manafov,2473,White,1 min,bullet,47,Won,1/2/2019
1stSecond,2701,Vugar_Manafov,2476,Black,1 min,bullet,28,Lost,1/2/2019
1stSecond,2714,Vugar_Manafov,2463,White,1 min,bullet,56,Won,1/2/2019
1stSecond,2711,Vugar_Manafov,2466,Black,1 min,bullet,75,Lost,1/2/2019
1stSecond,2724,Vugar_Manafov,2453,White,1 min,bullet,38,Won,1/2/2019
1stSecond,2721,Vugar_Manafov,2456,Black,1 min,bullet,64,Won,1/2/2019
1stSecond,2718,zoranp,2517,White,1 min,bullet,23,Won,12/19/2018
1stSecond,2714,zoranp,2521,Black,1 min,bullet,43,Won,12/19/2018
1stSecond,2710,zoranp,2525,White,1 min,bullet,20,Won,12/19/2018
1stSecond,2706,zoranp,2529,Black,1 min,bullet,29,Lost,12/19/2018
1stSecond,2718,zoranp,2517,White,1 min,bullet,32,Won,12/19/2018
1stSecond,2714,zoranp,2521,Black,1 min,bullet,16,Won,12/19/2018
1stSecond,2710,zoranp,2525,White,1 min,bullet,62,Lost,12/19/2018
1stSecond,2722,zoranp,2513,Black,1 min,bullet,34,Won,12/19/2018
1stSecond,2718,zoranp,2517,White,1 min,bullet,64,Draw,12/19/2018
1stSecond,2722,zoranp,2513,Black,1 min,bullet,45,Won,12/19/2018
1stSecond,2718,zoranp,2517,White,1 min,bullet,61,Won,12/19/2018
1stSecond,2714,zoranp,2521,Black,1 min,bullet,39,Won,12/19/2018
1stSecond,2710,zoranp,2525,White,1 min,bullet,45,Won,12/19/2018