player,player_rating,opponent,opponent_rating,side,time_control,time_category,moves,result,date
1stSecond,2712,Sakkazelet7,2703,Black,3 min,blitz,27,Won,11/20/2018
1stSecond,2704,GrigorGrigorov,2763,White,3 min,blitz,50,Lost,11/19/2018
1stSecond,2711,Leon-Livaic,2671,White,3 min,blitz,35,Won,11/18/2018
1stSecond,2704,Bryakin_Mikhail,2741,Black,3 min,blitz,42,Lost,11/18/2018
1stSecond,2712,Bryakin_Mikhail,2733,White,3 min,blitz,34,Won,11/18/2018
1stSecond,2703,dangerousfish,2621,White,3 min,blitz,49,Lost,11/18/2018
1stSecond,2713,Adham_Fawzy,2708,White,3 min,blitz,61,Won,11/18/2018
1stSecond,2705,GrigoriyM2001,2683,Black,3 min,blitz,59,Lost,11/17/2018
1stSecond,2714,GrigoriyM2001,2674,White,3 min,blitz,51,Won,11/17/2018
1stSecond,2707,Alflame,2702,Black,3 min,blitz,32,Lost,11/16/2018
1stSecond,2715,francyIM,2676,Black,3 min,blitz,50,Lost,11/16/2018
1stSecond,2724,francyIM,2667,White,3 min,blitz,23,Won,11/16/2018
1stSecond,2717,carlesdc96,2684,Black,3 min,blitz,54,Draw,11/16/2018
1stSecond,2718,pKiLz5Rn9b,2750,White,3 min,blitz,47,Lost,11/16/2018
1stSecond,2726,Dragonflow,2611,Black,3 min,blitz,44,Won,11/16/2018
1stSecond,2720,Openyagami,2766,White,3 min,blitz,49,Lost,11/16/2018
1stSecond,2727,michaelq2d5,2789,White,3 min,blitz,87,Lost,11/16/2018
1stSecond,2734,michaelq2d5,2782,Black,3 min,blitz,55,Won,11/16/2018
1stSecond,2725,ahmadzada13,2601,White,3 min,blitz,44,Won,11/15/2018
1stSecond,2719,Axves,2745,White,3 min,blitz,55,Draw,11/15/2018
1stSecond,2718,Axves,2746,Black,3 min,blitz,45,Lost,11/15/2018
1stSecond,2726,kasparik_garik,2659,Black,3 min,blitz,60,Lost,11/15/2018
1stSecond,2736,Sethu0025,2741,White,3 min,blitz,82,Won,11/15/2018
1stSecond,2728,Sethu0025,2749,Black,3 min,blitz,22,Lost,11/15/2018
1stSecond,2736,Sethu0025,2741,White,3 min,blitz,64,Draw,11/15/2018
1stSecond,2736,Sethu0025,2741,Black,3 min,blitz,69,Won,11/15/2018
1stSecond,2728,sergoy,2728,White,3 min,blitz,54,Won,11/15/2018
1stSecond,2720,sergoy,2736,Black,3 min,blitz,48,Won,11/15/2018
1stSecond,2711,sergoy,2745,White,3 min,blitz,30,Lost,11/15/2018
1stSecond,2719,sergoy,2737,Black,3 min,blitz,36,Won,11/15/2018
1stSecond,2710,sergoy,2746,White,3 min,blitz,53,Lost,11/15/2018
1stSecond,2718,eljanov,2773,White,3 min,blitz,41,Won,11/15/2018
1stSecond,2708,eljanov,2783,Black,3 min,blitz,49,Lost,11/15/2018
1stSecond,2715,eljanov,2776,White,3 min,blitz,22,Lost,11/15/2018
1stSecond,2722,eljanov,2769,Black,3 min,blitz,41,Lost,11/15/2018
1stSecond,2729,mishanick,2843,White,3 min,blitz,36,Won,11/15/2018
1stSecond,2718,mishanick,2884,Black,3 min,blitz,93,Lost,11/14/2018
1stSecond,2723,Rus_Steel,2647,Black,3 min,blitz,27,Won,11/14/2018
1stSecond,2716,Alexander_Khlebovich,2619,Black,3 min,blitz,71,Draw,11/14/2018
1stSecond,2718,justantan,2758,Black,3 min,blitz,39,Lost,11/12/2018
1stSecond,2725,justantan,2751,White,3 min,blitz,41,Lost,11/12/2018
1stSecond,2733,GrigorGrigorov,2708,Black,3 min,blitz,71,Draw,11/12/2018
1stSecond,2734,GrigorGrigorov,2707,White,3 min,blitz,18,Won,11/12/2018
1stSecond,2726,NTBT_DHS,2658,Black,3 min,blitz,54,Lost,11/12/2018
1stSecond,2736,NTBT_DHS,2648,White,3 min,blitz,51,Won,11/12/2018
1stSecond,2730,NTBT_DHS,2654,Black,3 min,blitz,56,Won,11/12/2018
1stSecond,2723,chesscemil,2755,Black,3 min,blitz,25,Lost,11/12/2018
1stSecond,2731,Last7Samurai,2680,White,3 min,blitz,37,Lost,11/12/2018
1stSecond,2741,ficorrales,2734,White,3 min,blitz,48,Won,11/12/2018
1stSecond,2733,Alexander_Khlebovich,2686,White,3 min,blitz,30,Lost,11/12/2018