player,player_rating,opponent,opponent_rating,side,time_control,time_category,moves,result,date
217-16-8,2636,Sherlock760,2463,White,1 min,bullet,24,Won,3/29/2019
217-16-8,2631,Sherlock760,2468,Black,1 min,bullet,59,Won,3/29/2019
217-16-8,2626,PavlovDanila,2495,Black,1 min,bullet,35,Lost,3/29/2019
217-16-8,2637,PavlovDanila,2484,White,1 min,bullet,50,Lost,3/29/2019
217-16-8,2649,PavlovDanila,2472,Black,1 min,bullet,30,Won,3/29/2019
217-16-8,2645,BASSU1,2570,White,1 min,bullet,42,Lost,3/26/2019
217-16-8,2655,BASSU1,2560,Black,1 min,bullet,36,Won,3/26/2019
217-16-8,2649,BASSU1,2566,White,1 min,bullet,27,Lost,3/26/2019
217-16-8,2659,Irakli_Akhvlediani,2503,White,1 min,bullet,78,Lost,3/26/2019
217-16-8,2671,Irakli_Akhvlediani,2491,Black,1 min,bullet,57,Won,3/26/2019
217-16-8,2667,Irakli_Akhvlediani,2495,White,1 min,bullet,33,Won,3/26/2019
217-16-8,2663,Irakli_Akhvlediani,2499,Black,1 min,bullet,70,Draw,3/26/2019
217-16-8,2667,Irakli_Akhvlediani,2495,White,1 min,bullet,62,Won,3/26/2019
217-16-8,2663,Gajuchess,2697,White,1 min,bullet,41,Lost,3/26/2019
217-16-8,2671,maciek_92,2668,White,1 min,bullet,42,Won,3/24/2019
217-16-8,2663,liuyuanzhanfu,2670,Black,1 min,bullet,8,Lost,3/24/2019
217-16-8,2671,Superpuper8,2469,White,1 min,bullet,23,Won,3/24/2019
217-16-8,2667,Superpuper8,2473,Black,1 min,bullet,41,Won,3/24/2019
217-16-8,2663,Superpuper8,2477,White,1 min,bullet,30,Won,3/24/2019
217-16-8,2659,Superpuper8,2481,Black,1 min,bullet,61,Draw,3/24/2019
217-16-8,2663,Superpuper8,2477,White,1 min,bullet,41,Won,3/24/2019
217-16-8,2659,Superpuper8,2481,Black,1 min,bullet,70,Draw,3/24/2019
217-16-8,2663,michaelq2d5,2738,White,1 min,bullet,31,Lost,3/23/2019
217-16-8,2670,michaelq2d5,2731,Black,1 min,bullet,62,Lost,3/23/2019
217-16-8,2677,HustleTime,2527,Black,1 min,bullet,51,Lost,3/23/2019
217-16-8,2689,HustleTime,2515,White,1 min,bullet,70,Won,3/23/2019
217-16-8,2685,HustleTime,2519,Black,1 min,bullet,42,Won,3/23/2019
217-16-8,2680,abykhovsky,2487,White,1 min,bullet,28,Won,3/23/2019
217-16-8,2676,abykhovsky,2491,Black,1 min,bullet,30,Lost,3/23/2019
217-16-8,2688,abykhovsky,2479,White,1 min,bullet,48,Won,3/23/2019
217-16-8,2684,abykhovsky,2483,Black,1 min,bullet,20,Won,3/23/2019
217-16-8,2680,djamir,2637,White,1 min,bullet,68,Lost,3/23/2019
217-16-8,2689,217s,2531,White,1 min,bullet,40,Won,3/23/2019
217-16-8,2684,Ustat,2567,White,1 min,bullet,40,Lost,3/22/2019
217-16-8,2695,Ustat,2556,Black,1 min,bullet,47,Won,3/22/2019
217-16-8,2690,Ustat,2561,White,1 min,bullet,29,Lost,3/22/2019
217-16-8,2701,Ustat,2550,Black,1 min,bullet,68,Won,3/22/2019
217-16-8,2696,Ustat,2555,White,1 min,bullet,61,Draw,3/22/2019
217-16-8,2699,Ustat,2552,Black,1 min,bullet,38,Draw,3/22/2019
217-16-8,2702,Ustat,2549,White,1 min,bullet,30,Won,3/22/2019
217-16-8,2697,Ustat,2554,Black,1 min,bullet,40,Won,3/22/2019
217-16-8,2692,Ustat,2559,White,1 min,bullet,56,Won,3/22/2019
217-16-8,2687,Ustat,2564,Black,1 min,bullet,53,Won,3/22/2019
217-16-8,2681,Ustat,2570,White,1 min,bullet,62,Won,3/22/2019
217-16-8,2675,Ali_rastbod,2674,Black,1 min,bullet,53,Lost,3/22/2019
217-16-8,2683,Ali_rastbod,2666,White,1 min,bullet,39,Won,3/22/2019
217-16-8,2675,Ali_rastbod,2674,Black,1 min,bullet,79,Lost,3/22/2019
217-16-8,2683,Ali_rastbod,2666,White,1 min,bullet,44,Won,3/22/2019
217-16-8,2675,Rsnr,2674,Black,1 min,bullet,74,Draw,3/22/2019
217-16-8,2675,Rsnr,2674,White,1 min,bullet,37,Won,3/22/2019