player,player_rating,opponent,opponent_rating,side,time_control,time_category,moves,result,date
217-16-8,2692,BM_on_ICC,2396,White,1 min,bullet,45,Won,2/8/2019
217-16-8,2689,BM_on_ICC,2399,Black,1 min,bullet,38,Won,2/8/2019
217-16-8,2686,BM_on_ICC,2402,White,1 min,bullet,28,Won,2/8/2019
217-16-8,2683,BM_on_ICC,2405,Black,1 min,bullet,58,Won,2/8/2019
217-16-8,2680,BM_on_ICC,2408,White,1 min,bullet,40,Won,2/8/2019
217-16-8,2677,BM_on_ICC,2411,Black,1 min,bullet,38,Won,2/8/2019
217-16-8,2674,BM_on_ICC,2414,White,1 min,bullet,38,Won,2/8/2019
217-16-8,2671,BM_on_ICC,2417,Black,1 min,bullet,54,Won,2/8/2019
217-16-8,2668,BM_on_ICC,2420,White,1 min,bullet,48,Won,2/8/2019
217-16-8,2665,BM_on_ICC,2423,Black,1 min,bullet,36,Won,2/8/2019
217-16-8,2662,BM_on_ICC,2426,White,1 min,bullet,15,Won,2/8/2019
217-16-8,2659,BM_on_ICC,2429,Black,1 min,bullet,44,Won,2/8/2019
217-16-8,2656,allinoneman,2473,Black,1 min,bullet,49,Lost,2/8/2019
217-16-8,2668,prepredeni,2289,White,1 min,bullet,34,Won,2/8/2019
217-16-8,2666,prepredeni,2291,Black,1 min,bullet,63,Won,2/8/2019
217-16-8,2664,prepredeni,2293,White,1 min,bullet,39,Won,2/8/2019
217-16-8,2662,prepredeni,2295,Black,1 min,bullet,43,Won,2/8/2019
217-16-8,2660,Alex_32167,2476,White,1 min,bullet,47,Won,2/8/2019
217-16-8,2656,yigeren,2505,White,1 min,bullet,24,Won,2/8/2019
217-16-8,2651,yigeren,2510,Black,1 min,bullet,52,Won,2/8/2019
217-16-8,2646,yigeren,2515,White,1 min,bullet,67,Lost,2/8/2019
217-16-8,2657,yigeren,2504,Black,1 min,bullet,31,Won,2/8/2019
217-16-8,2652,yigeren,2509,White,1 min,bullet,34,Won,2/8/2019
217-16-8,2647,yigeren,2514,Black,1 min,bullet,54,Won,2/8/2019
217-16-8,2642,yigeren,2519,White,1 min,bullet,47,Won,2/8/2019
217-16-8,2636,yigeren,2525,Black,1 min,bullet,29,Lost,2/8/2019
217-16-8,2647,yigeren,2514,White,1 min,bullet,32,Won,2/8/2019
217-16-8,2642,yigeren,2519,Black,1 min,bullet,15,Won,2/8/2019
217-16-8,2636,yigeren,2525,White,1 min,bullet,42,Won,2/8/2019
217-16-8,2630,profesordechess,2457,White,1 min,bullet,52,Won,2/8/2019
217-16-8,2625,profesordechess,2462,Black,1 min,bullet,27,Won,2/8/2019
217-16-8,2620,ZenMast3r,2336,Black,1 min,bullet,72,Lost,2/8/2019
217-16-8,2634,meoluoi91,2450,Black,1 min,bullet,52,Won,2/8/2019
217-16-8,2630,meoluoi91,2454,White,1 min,bullet,34,Won,2/8/2019
217-16-8,2626,meoluoi91,2458,Black,1 min,bullet,57,Won,2/8/2019
217-16-8,2621,meoluoi91,2463,White,1 min,bullet,52,Won,2/8/2019
217-16-8,2616,meoluoi91,2468,Black,1 min,bullet,33,Won,2/8/2019
217-16-8,2611,meoluoi91,2473,White,1 min,bullet,24,Won,2/8/2019
217-16-8,2605,meoluoi91,2478,Black,1 min,bullet,45,Lost,2/8/2019
217-16-8,2617,meoluoi91,2466,White,1 min,bullet,46,Won,2/8/2019
217-16-8,2611,parciful,2429,White,1 min,bullet,43,Lost,2/8/2019
217-16-8,2625,Toyota_Land_Cruiser,2587,Black,1 min,bullet,38,Lost,2/8/2019
217-16-8,2636,Toyota_Land_Cruiser,2578,White,1 min,bullet,65,Lost,2/8/2019
217-16-8,2648,Dr_Nezard,2302,White,1 min,bullet,46,Won,2/8/2019
217-16-8,2646,Dr_Nezard,2304,Black,1 min,bullet,44,Won,2/8/2019
217-16-8,2643,Hongjin,2475,White,1 min,bullet,24,Won,2/8/2019
217-16-8,2637,Hongjin,2480,Black,1 min,bullet,47,Won,2/8/2019
217-16-8,2631,NTBT_DHS,2584,Black,1 min,bullet,48,Won,2/6/2019
217-16-8,2621,NTBT_DHS,2591,White,1 min,bullet,51,Won,2/6/2019
217-16-8,2611,NTBT_DHS,2599,Black,1 min,bullet,61,Draw,2/6/2019