player,player_rating,opponent,opponent_rating,side,time_control,time_category,moves,result,date
217-16-8,2710,OparinGrigoriy,2714,Black,1 min,bullet,61,Lost,4/4/2019
217-16-8,2718,OparinGrigoriy,2706,White,1 min,bullet,26,Won,4/4/2019
217-16-8,2710,OparinGrigoriy,2714,Black,1 min,bullet,21,Lost,4/4/2019
217-16-8,2718,OparinGrigoriy,2706,White,1 min,bullet,24,Won,4/4/2019
217-16-8,2710,OparinGrigoriy,2714,Black,1 min,bullet,48,Won,4/4/2019
217-16-8,2701,OparinGrigoriy,2723,White,1 min,bullet,45,Lost,4/4/2019
217-16-8,2709,OparinGrigoriy,2715,Black,1 min,bullet,23,Won,4/4/2019
217-16-8,2700,OparinGrigoriy,2724,White,1 min,bullet,59,Won,4/4/2019
217-16-8,2691,OparinGrigoriy,2733,Black,1 min,bullet,101,Won,4/4/2019
217-16-8,2682,OparinGrigoriy,2742,White,1 min,bullet,27,Lost,4/4/2019
217-16-8,2689,OparinGrigoriy,2735,Black,1 min,bullet,74,Won,4/4/2019
217-16-8,2680,OparinGrigoriy,2744,White,1 min,bullet,64,Lost,4/4/2019
217-16-8,2687,OparinGrigoriy,2737,Black,1 min,bullet,50,Lost,4/4/2019
217-16-8,2694,OparinGrigoriy,2730,White,1 min,bullet,34,Lost,4/4/2019
217-16-8,2702,OparinGrigoriy,2722,Black,1 min,bullet,22,Won,4/4/2019
217-16-8,2693,OparinGrigoriy,2731,White,1 min,bullet,29,Won,4/4/2019
217-16-8,2684,OparinGrigoriy,2740,Black,1 min,bullet,38,Won,4/4/2019
217-16-8,2674,OparinGrigoriy,2750,White,1 min,bullet,93,Draw,4/4/2019
217-16-8,2672,OparinGrigoriy,2752,Black,1 min,bullet,63,Won,4/4/2019
217-16-8,2662,fireblader,2618,Black,1 min,bullet,33,Lost,4/4/2019
217-16-8,2671,tango_argentino,2533,White,1 min,bullet,52,Won,4/2/2019
217-16-8,2666,tango_argentino,2538,Black,1 min,bullet,35,Won,4/2/2019
217-16-8,2661,tango_argentino,2543,White,1 min,bullet,44,Won,4/2/2019
217-16-8,2655,tango_argentino,2549,Black,1 min,bullet,27,Won,4/2/2019
217-16-8,2649,tango_argentino,2555,White,1 min,bullet,63,Won,4/2/2019
217-16-8,2643,tango_argentino,2561,Black,1 min,bullet,48,Won,4/2/2019
217-16-8,2637,tango_argentino,2567,White,1 min,bullet,54,Won,4/2/2019
217-16-8,2630,Alex_32167,2539,Black,1 min,bullet,26,Lost,4/2/2019
217-16-8,2640,Alex_32167,2529,White,1 min,bullet,52,Won,4/2/2019
217-16-8,2634,skylerwayne23,2433,White,1 min,bullet,53,Won,4/2/2019
217-16-8,2630,skylerwayne23,2437,Black,1 min,bullet,32,Won,4/2/2019
217-16-8,2626,isaiahdaniel,2546,Black,1 min,bullet,72,Lost,3/31/2019
217-16-8,2636,isaiahdaniel,2536,White,1 min,bullet,77,Draw,3/31/2019
217-16-8,2638,isaiahdaniel,2534,Black,1 min,bullet,62,Won,3/31/2019
217-16-8,2632,isaiahdaniel,2540,White,1 min,bullet,47,Won,3/31/2019
217-16-8,2626,isaiahdaniel,2546,Black,1 min,bullet,71,Lost,3/31/2019
217-16-8,2636,isaiahdaniel,2536,White,1 min,bullet,39,Draw,3/31/2019
217-16-8,2638,PulpanJ,2715,White,1 min,bullet,72,Lost,3/31/2019
217-16-8,2645,PulpanJ,2708,Black,1 min,bullet,60,Draw,3/31/2019
217-16-8,2644,Venezia2018,2519,White,1 min,bullet,59,Won,3/31/2019
217-16-8,2639,Venezia2018,2524,Black,1 min,bullet,0,Won,3/31/2019
217-16-8,2633,Venezia2018,2515,White,1 min,bullet,43,Won,3/31/2019
217-16-8,2627,GulamaliRises,2597,White,1 min,bullet,9,Lost,3/31/2019
217-16-8,2636,GulamaliRises,2588,Black,1 min,bullet,37,Lost,3/31/2019
217-16-8,2646,GulamaliRises,2578,White,1 min,bullet,31,Lost,3/31/2019
217-16-8,2656,Sherlock760,2443,Black,1 min,bullet,54,Won,3/29/2019
217-16-8,2652,Sherlock760,2447,White,1 min,bullet,63,Won,3/29/2019
217-16-8,2648,Sherlock760,2451,Black,1 min,bullet,33,Won,3/29/2019
217-16-8,2644,Sherlock760,2455,White,1 min,bullet,70,Won,3/29/2019
217-16-8,2640,Sherlock760,2459,Black,1 min,bullet,58,Won,3/29/2019