player,player_rating,opponent,opponent_rating,side,time_control,time_category,moves,result,date
217-16-8,2709,Gahan-MG,2516,Black,1 min,bullet,45,Draw,3/16/2019
217-16-8,2713,Gahan-MG,2512,White,1 min,bullet,80,Won,3/16/2019
217-16-8,2709,bigken,2442,White,1 min,bullet,40,Won,3/16/2019
217-16-8,2706,bigken,2445,Black,1 min,bullet,32,Won,3/16/2019
217-16-8,2703,bigken,2448,White,1 min,bullet,60,Won,3/16/2019
217-16-8,2700,bigken,2451,Black,1 min,bullet,67,Lost,3/16/2019
217-16-8,2713,bigken,2438,White,1 min,bullet,64,Won,3/16/2019
217-16-8,2710,9859713,2425,Black,1 min,bullet,15,Won,3/16/2019
217-16-8,2707,9859713,2428,White,1 min,bullet,61,Won,3/16/2019
217-16-8,2704,Nitzan_Steinberg,2682,Black,1 min,bullet,54,Lost,3/16/2019
217-16-8,2713,Nitzan_Steinberg,2673,White,1 min,bullet,26,Lost,3/16/2019
217-16-8,2722,Nitzan_Steinberg,2664,Black,1 min,bullet,51,Lost,3/16/2019
217-16-8,2732,dudna1989,2486,Black,1 min,bullet,29,Won,3/14/2019
217-16-8,2729,dudna1989,2489,White,1 min,bullet,56,Won,3/14/2019
217-16-8,2726,dudna1989,2492,Black,1 min,bullet,34,Lost,3/14/2019
217-16-8,2739,FancyPlaySyndrome,2462,Black,1 min,bullet,45,Won,3/14/2019
217-16-8,2736,ivanooob,2585,Black,1 min,bullet,52,Won,3/14/2019
217-16-8,2731,johnathan113,2695,White,1 min,bullet,54,Draw,3/10/2019
217-16-8,2732,dudna1989,2541,White,1 min,bullet,21,Won,3/8/2019
217-16-8,2728,dudna1989,2545,Black,1 min,bullet,36,Won,3/8/2019
217-16-8,2724,dudna1989,2549,White,1 min,bullet,57,Won,3/8/2019
217-16-8,2720,dudna1989,2553,Black,1 min,bullet,38,Won,3/8/2019
217-16-8,2715,TampaChess,2667,White,1 min,bullet,27,Won,3/8/2019
217-16-8,2708,TampaChess,2674,Black,1 min,bullet,76,Lost,3/8/2019
217-16-8,2717,SahajGrover,2588,Black,1 min,bullet,62,Draw,3/8/2019
217-16-8,2720,SahajGrover,2585,White,1 min,bullet,33,Won,3/8/2019
217-16-8,2715,elchechereche,2490,Black,1 min,bullet,38,Won,3/7/2019
217-16-8,2711,elchechereche,2494,White,1 min,bullet,61,Won,3/7/2019
217-16-8,2707,elchechereche,2498,Black,1 min,bullet,52,Won,3/7/2019
217-16-8,2703,elchechereche,2502,White,1 min,bullet,49,Won,3/7/2019
217-16-8,2699,elchechereche,2506,Black,1 min,bullet,32,Won,3/7/2019
217-16-8,2695,elchechereche,2510,White,1 min,bullet,28,Won,3/7/2019
217-16-8,2691,Irakli_Akhvlediani,2536,Black,1 min,bullet,61,Won,3/7/2019
217-16-8,2686,pultineviciuspaulius,2576,White,1 min,bullet,24,Won,3/7/2019
217-16-8,2680,pultineviciuspaulius,2582,Black,1 min,bullet,65,Won,3/7/2019
217-16-8,2674,Davit_Tiraturyan,2717,White,1 min,bullet,68,Lost,3/7/2019
217-16-8,2681,Davit_Tiraturyan,2710,Black,1 min,bullet,77,Lost,3/7/2019
217-16-8,2689,Davit_Tiraturyan,2702,White,1 min,bullet,56,Lost,3/7/2019
217-16-8,2697,LikeWater,2660,White,1 min,bullet,49,Won,3/5/2019
217-16-8,2690,LikeWater,2667,Black,1 min,bullet,37,Lost,3/5/2019
217-16-8,2699,LikeWater,2658,White,1 min,bullet,35,Draw,3/5/2019
217-16-8,2700,LikeWater,2657,Black,1 min,bullet,73,Lost,3/5/2019
217-16-8,2709,LikeWater,2648,White,1 min,bullet,43,Won,3/5/2019
217-16-8,2702,AryamAbreu,2509,Black,1 min,bullet,53,Won,3/5/2019
217-16-8,2698,AryamAbreu,2514,White,1 min,bullet,43,Won,3/5/2019
217-16-8,2694,AryamAbreu,2519,Black,1 min,bullet,39,Won,3/5/2019
217-16-8,2689,AryamAbreu,2525,White,1 min,bullet,28,Won,3/5/2019
217-16-8,2684,TMTor,2706,Black,1 min,bullet,63,Lost,3/5/2019
217-16-8,2692,hannibal4,2305,Black,1 min,bullet,50,Won,3/5/2019
217-16-8,2690,hannibal4,2307,White,1 min,bullet,38,Won,3/5/2019