player,player_rating,opponent,opponent_rating,side,time_control,time_category,moves,result,date
217-16-8,2667,Firebullet,2518,White,1 min,bullet,66,Won,3/22/2019
217-16-8,2662,Firebullet,2523,Black,1 min,bullet,58,Won,3/22/2019
217-16-8,2657,Firebullet,2528,White,1 min,bullet,36,Draw,3/22/2019
217-16-8,2660,Firebullet,2525,Black,1 min,bullet,35,Won,3/22/2019
217-16-8,2655,Firebullet,2530,White,1 min,bullet,35,Won,3/22/2019
217-16-8,2650,Firebullet,2535,Black,1 min,bullet,56,Won,3/22/2019
217-16-8,2644,jlandaw,2477,White,1 min,bullet,42,Won,3/22/2019
217-16-8,2639,Ali_rastbod,2666,Black,1 min,bullet,61,Lost,3/22/2019
217-16-8,2647,Ali_rastbod,2658,White,1 min,bullet,43,Lost,3/22/2019
217-16-8,2655,Ali_rastbod,2650,Black,1 min,bullet,59,Draw,3/22/2019
217-16-8,2655,Ali_rastbod,2650,White,1 min,bullet,30,Lost,3/22/2019
217-16-8,2664,Gahan-MG,2550,White,1 min,bullet,75,Lost,3/22/2019
217-16-8,2675,Gahan-MG,2539,Black,1 min,bullet,28,Lost,3/22/2019
217-16-8,2686,Gahan-MG,2528,White,1 min,bullet,94,Won,3/22/2019
217-16-8,2681,Gahan-MG,2533,Black,1 min,bullet,42,Won,3/22/2019
217-16-8,2676,Gahan-MG,2538,White,1 min,bullet,46,Won,3/22/2019
217-16-8,2671,Gahan-MG,2543,Black,1 min,bullet,32,Won,3/22/2019
217-16-8,2666,isaiahdaniel,2503,Black,1 min,bullet,59,Won,3/22/2019
217-16-8,2661,isaiahdaniel,2508,White,1 min,bullet,34,Won,3/22/2019
217-16-8,2656,isaiahdaniel,2513,Black,1 min,bullet,28,Won,3/22/2019
217-16-8,2651,isaiahdaniel,2518,White,1 min,bullet,34,Lost,3/22/2019
217-16-8,2662,isaiahdaniel,2507,Black,1 min,bullet,51,Won,3/22/2019
217-16-8,2657,AlternativFacts,2629,White,1 min,bullet,55,Lost,3/22/2019
217-16-8,2666,AlternativFacts,2620,Black,1 min,bullet,40,Lost,3/22/2019
217-16-8,2675,AlternativFacts,2611,White,1 min,bullet,32,Won,3/22/2019
217-16-8,2668,irregularity,2672,Black,1 min,bullet,24,Lost,3/21/2019
217-16-8,2676,irregularity,2664,White,1 min,bullet,40,Won,3/21/2019
217-16-8,2668,irregularity,2672,Black,1 min,bullet,54,Draw,3/21/2019
217-16-8,2668,irregularity,2672,White,1 min,bullet,70,Won,3/21/2019
217-16-8,2660,Paladin61,2508,White,1 min,bullet,36,Won,3/21/2019
217-16-8,2655,Paladin61,2513,Black,1 min,bullet,40,Won,3/21/2019
217-16-8,2650,Paladin61,2518,White,1 min,bullet,50,Won,3/21/2019
217-16-8,2645,maloy07,2715,Black,1 min,bullet,11,Lost,3/21/2019
217-16-8,2652,maloy07,2708,White,1 min,bullet,60,Lost,3/21/2019
217-16-8,2659,maloy07,2701,Black,1 min,bullet,26,Won,3/21/2019
217-16-8,2650,maloy07,2710,White,1 min,bullet,20,Lost,3/21/2019
217-16-8,2657,Venezia2018,2486,Black,1 min,bullet,47,Won,3/21/2019
217-16-8,2652,BASSU1,2480,Black,1 min,bullet,35,Lost,3/21/2019
217-16-8,2664,djamir,2589,Black,1 min,bullet,62,Lost,3/21/2019
217-16-8,2674,djamir,2579,White,1 min,bullet,33,Lost,3/21/2019
217-16-8,2685,djamir,2568,Black,1 min,bullet,74,Lost,3/21/2019
217-16-8,2696,djamir,2557,White,1 min,bullet,27,Won,3/21/2019
217-16-8,2691,djamir,2562,Black,1 min,bullet,63,Won,3/21/2019
217-16-8,2686,Servantik,2344,White,1 min,bullet,84,Lost,3/17/2019
217-16-8,2700,Servantik,2330,Black,1 min,bullet,61,Won,3/17/2019
217-16-8,2698,reader55,2322,White,1 min,bullet,73,Won,3/17/2019
217-16-8,2696,SmoothAsAHedgehog,2546,Black,1 min,bullet,50,Won,3/17/2019
217-16-8,2691,SmoothAsAHedgehog,2551,White,1 min,bullet,69,Draw,3/17/2019
217-16-8,2694,SmoothAsAHedgehog,2548,Black,1 min,bullet,70,Draw,3/17/2019
217-16-8,2697,Gahan-MG,2528,White,1 min,bullet,29,Lost,3/16/2019