player,player_rating,opponent,opponent_rating,side,time_control,time_category,moves,result,date
217-16-8,2649,Yaroslav_Remizov,2476,White,3 min,blitz,35,Lost,12/28/2018
217-16-8,2662,IGROK1111,2583,White,3 min,blitz,42,Won,12/28/2018
217-16-8,2655,IGROK1111,2590,Black,3 min,blitz,53,Lost,12/28/2018
217-16-8,2666,Vardhmanchris,1354,Black,3 min,blitz,25,Won,12/28/2018
217-16-8,2666,abzal-2005,2057,White,3 min,blitz,39,Won,12/27/2018
217-16-8,2665,abzal-2005,2057,Black,3 min,blitz,29,Won,12/27/2018
217-16-8,2664,Artur_Avalyan03,2574,White,3 min,blitz,52,Won,12/27/2018
217-16-8,2657,GM_IMPOSSIBLE3250,1602,White,3 min,blitz,24,Won,12/26/2018
217-16-8,2657,Jaaborok,2618,White,3 min,blitz,60,Won,12/26/2018
217-16-8,2648,argimiro,2510,White,3 min,blitz,70,Won,12/26/2018
217-16-8,2642,argimiro,2515,Black,3 min,blitz,29,Won,12/26/2018
217-16-8,2635,argimiro,2521,White,3 min,blitz,28,Draw,12/26/2018
217-16-8,2638,argimiro,2518,Black,3 min,blitz,18,Lost,12/26/2018
217-16-8,2652,DrNykterstein1,2406,White,3 min,blitz,39,Won,12/25/2018
217-16-8,2648,DrNykterstein1,2410,Black,3 min,blitz,38,Won,12/25/2018
217-16-8,2643,MarchingCase,2606,Black,3 min,blitz,16,Won,12/25/2018
217-16-8,2633,dimailuka,2494,White,3 min,blitz,83,Draw,12/25/2018
217-16-8,2637,dimailuka,2491,Black,3 min,blitz,29,Won,12/25/2018
217-16-8,2630,Rain_Delay,2657,White,3 min,blitz,36,Won,12/25/2018
217-16-8,2616,ChessShop,2595,White,3 min,blitz,30,Won,12/25/2018
217-16-8,2604,ChessShop,2603,Black,3 min,blitz,46,Lost,12/25/2018
217-16-8,2618,RobertFontaine,2623,White,3 min,blitz,36,Won,12/24/2018
217-16-8,2604,Markov_Mikhail,2647,Black,3 min,blitz,51,Lost,12/24/2018
217-16-8,2617,kapinovo,2560,White,3 min,blitz,24,Lost,12/24/2018
217-16-8,2634,Boris98,2664,White,3 min,blitz,38,Lost,12/24/2018
217-16-8,2648,DoHoChess,2475,Black,3 min,blitz,45,Won,12/24/2018
217-16-8,2639,Raja3401,2627,White,3 min,blitz,19,Won,12/24/2018
217-16-8,2622,DoHoChess,2471,White,3 min,blitz,40,Won,12/24/2018
217-16-8,2611,DoHoChess,2476,Black,3 min,blitz,38,Won,12/24/2018
217-16-8,2599,Artur_Avalyan03,2578,Black,3 min,blitz,53,Won,12/24/2018
217-16-8,2580,CapitanFindus,2585,White,3 min,blitz,26,Lost,12/24/2018
217-16-8,2601,731291,2627,Black,3 min,blitz,62,Lost,12/24/2018
217-16-8,2621,CapitanFindus,2576,Black,3 min,blitz,58,Lost,12/24/2018
217-16-8,2648,kuban23,2675,Black,3 min,blitz,61,Won,12/24/2018
217-16-8,2621,kuban23,2684,White,3 min,blitz,58,Lost,12/24/2018
217-16-8,2643,AFishbein,2619,White,3 min,blitz,39,Draw,12/1/2018
217-16-8,2645,jerom555888,2586,Black,3 min,blitz,40,Lost,12/1/2018
217-16-8,2678,jerom555888,2576,White,3 min,blitz,53,Won,12/1/2018
217-16-8,2656,ProstoIgrok,2650,Black,3 min,blitz,27,Won,12/1/2018
217-16-8,2623,agapov771,2493,White,3 min,blitz,76,Draw,12/1/2018
217-16-8,2636,flamaster7,2493,White,3 min,blitz,27,Won,12/1/2018
217-16-8,2612,flamaster7,2499,Black,3 min,blitz,20,Won,12/1/2018
217-16-8,2581,VSanduleac,2581,White,3 min,blitz,5,Lost,12/1/2018
217-16-8,2582,Sewastopol,2483,White,3|2,blitz,39,Lost,10/31/2018
217-16-8,2652,Debawy5,954),Black,5 min,blitz,26,Won,10/28/2018
217-16-8,2652,Zboev,2282,Black,3 min,blitz,29,Won,10/8/2018
217-16-8,2640,Zboev,2284,White,3 min,blitz,42,Won,10/8/2018
217-16-8,2627,Zboev,2286,Black,3 min,blitz,12,Won,10/8/2018
217-16-8,2611,CapitanFindus,2444,White,3 min,blitz,37,Won,10/8/2018
217-16-8,2569,Sanek_Mikheev,2208,Black,3 min,blitz,21,Won,10/8/2018