player,player_rating,opponent,opponent_rating,side,time_control,time_category,moves,result,date
217-16-8,2729,MehdiHosseinipour,2583,White,3 min,blitz,38,Won,3/17/2019
217-16-8,2724,MehdiHosseinipour,2588,Black,3 min,blitz,28,Won,3/17/2019
217-16-8,2719,MehdiHosseinipour,2593,White,3 min,blitz,41,Won,3/17/2019
217-16-8,2714,tk22h,2342,White,3 min,blitz,40,Draw,3/17/2019
217-16-8,2720,tk22h,2336,Black,3 min,blitz,52,Won,3/17/2019
217-16-8,2718,Yardird,2591,White,3 min,blitz,39,Lost,3/17/2019
217-16-8,2729,Onegust,2605,White,3 min,blitz,36,Won,3/12/2019
217-16-8,2724,Onegust,2611,Black,3 min,blitz,36,Lost,3/12/2019
217-16-8,2735,Maitreia,2670,White,3 min,blitz,36,Won,3/12/2019
217-16-8,2728,Safetysuit,2560,White,3 min,blitz,23,Won,3/12/2019
217-16-8,2723,ChessShop,2587,Black,3 min,blitz,50,Won,2/23/2019
217-16-8,2718,ChessShop,2592,White,3 min,blitz,44,Won,2/23/2019
217-16-8,2713,ChessShop,2597,Black,3 min,blitz,49,Lost,2/23/2019
217-16-8,2724,Badmatsyrenov_Oleg,2650,White,3 min,blitz,61,Won,2/22/2019
217-16-8,2717,Badmatsyrenov_Oleg,2657,Black,3 min,blitz,37,Lost,2/22/2019
217-16-8,2727,swisspower96,2571,Black,3 min,blitz,50,Lost,2/22/2019
217-16-8,2739,Fighterman91,2756,Black,3 min,blitz,53,Won,2/21/2019
217-16-8,2730,Fighterman91,2765,White,3 min,blitz,51,Lost,2/21/2019
217-16-8,2738,Fighterman91,2757,Black,3 min,blitz,32,Lost,2/21/2019
217-16-8,2746,Fighterman91,2749,White,3 min,blitz,53,Won,2/21/2019
217-16-8,2738,Erik_Obgolts,2678,White,3 min,blitz,41,Lost,2/20/2019
217-16-8,2748,Erik_Obgolts,2668,Black,3 min,blitz,68,Lost,2/20/2019
217-16-8,2758,Erik_Obgolts,2658,White,3 min,blitz,67,Won,2/20/2019
217-16-8,2752,Erik_Obgolts,2664,Black,3 min,blitz,34,Won,2/20/2019
217-16-8,2746,Erik_Obgolts,2670,White,3 min,blitz,65,Won,2/20/2019
217-16-8,2739,maloy07,2711,Black,3 min,blitz,49,Won,2/17/2019
217-16-8,2731,freddy2200,2590,White,3 min,blitz,50,Lost,2/17/2019
217-16-8,2743,gmgamil,2684,Black,3 min,blitz,60,Won,2/17/2019
217-16-8,2736,gmgamil,2691,White,3 min,blitz,31,Lost,2/17/2019
217-16-8,2745,srohithkrishna,2649,White,3 min,blitz,75,Won,2/17/2019
217-16-8,2739,srohithkrishna,2655,Black,3 min,blitz,48,Lost,2/17/2019
217-16-8,2749,srohithkrishna,2645,White,3 min,blitz,43,Won,2/17/2019
217-16-8,2743,srohithkrishna,2651,Black,3 min,blitz,42,Lost,2/17/2019
217-16-8,2754,Edgar_Karagyozyan,2617,Black,3 min,blitz,52,Won,2/16/2019
217-16-8,2749,Edgar_Karagyozyan,2622,White,3 min,blitz,62,Won,2/16/2019
217-16-8,2744,sara_khm,2520,Black,3 min,blitz,26,Won,2/16/2019
217-16-8,2740,sara_khm,2524,White,3 min,blitz,60,Won,2/16/2019
217-16-8,2736,GjakanTati,2620,Black,3 min,blitz,14,Won,2/5/2019
217-16-8,2730,GjakanTati,2626,White,3 min,blitz,37,Won,2/5/2019
217-16-8,2724,pmlmail,2573,Black,3 min,blitz,26,Draw,2/4/2019
217-16-8,2727,agus_k,2595,White,3 min,blitz,37,Won,2/2/2019
217-16-8,2722,agus_k,2600,Black,3 min,blitz,33,Won,2/2/2019
217-16-8,2716,Nodar_Lortkipanidze,2707,White,3 min,blitz,34,Won,2/1/2019
217-16-8,2708,Nodar_Lortkipanidze,2715,Black,3 min,blitz,70,Won,2/1/2019
217-16-8,2699,ExceptionallyDubious,2717,White,3 min,blitz,46,Draw,1/26/2019
217-16-8,2699,ExceptionallyDubious,2717,Black,3 min,blitz,72,Draw,1/26/2019
217-16-8,2699,Aleksei_Bykov,2507,White,3 min,blitz,59,Won,1/26/2019
217-16-8,2695,Pelusiansky,2694,White,3 min,blitz,91,Lost,1/24/2019
217-16-8,2703,Pelusiansky,2686,Black,3 min,blitz,75,Lost,1/24/2019
217-16-8,2712,Alexander_Khlebovich,2699,Black,3 min,blitz,41,Draw,1/19/2019