player,player_rating,opponent,opponent_rating,side,time_control,time_category,moves,result,date
217-16-8,2712,Alexander_Khlebovich,2699,White,3 min,blitz,44,Won,1/19/2019
217-16-8,2704,ediboss,2486,White,3 min,blitz,52,Won,1/16/2019
217-16-8,2700,ediboss,2490,Black,3 min,blitz,38,Won,1/16/2019
217-16-8,2696,ediboss,2494,White,3 min,blitz,67,Won,1/16/2019
217-16-8,2692,ediboss,2498,Black,3 min,blitz,52,Won,1/16/2019
217-16-8,2688,wonderfulllife,2708,Black,3 min,blitz,16,Won,1/16/2019
217-16-8,2679,Ustat,2568,Black,3 min,blitz,49,Draw,1/15/2019
217-16-8,2682,Ustat,2565,White,3 min,blitz,36,Won,1/15/2019
217-16-8,2676,RussianChessCoach,2520,Black,3 min,blitz,48,Won,1/13/2019
217-16-8,2671,sinisa75,2335,Black,3 min,blitz,41,Won,1/13/2019
217-16-8,2669,sinisa75,2337,White,3 min,blitz,46,Won,1/13/2019
217-16-8,2667,gedeblas,2451,White,3 min,blitz,45,Won,1/12/2019
217-16-8,2663,gedeblas,2455,Black,3 min,blitz,27,Won,1/12/2019
217-16-8,2659,Badmatsyrenov_Oleg,2574,White,3 min,blitz,54,Won,1/10/2019
217-16-8,2653,BlackBoarder,2629,White,3 min,blitz,21,Lost,1/7/2019
217-16-8,2662,BlackBoarder,2620,Black,3 min,blitz,88,Won,1/7/2019
217-16-8,2655,BlackBoarder,2627,White,3 min,blitz,71,Lost,1/7/2019
217-16-8,2664,BlackBoarder,2618,Black,3 min,blitz,19,Won,1/7/2019
217-16-8,2657,Tiqr777,2595,White,3 min,blitz,37,Won,1/6/2019
217-16-8,2650,Tiqr777,2602,Black,3 min,blitz,61,Lost,1/6/2019
217-16-8,2660,pmlmail,2568,White,3 min,blitz,42,Lost,1/6/2019
217-16-8,2670,pmlmail,2558,Black,3 min,blitz,70,Won,1/6/2019
217-16-8,2664,IMprof1,2629,White,3 min,blitz,58,Won,1/6/2019
217-16-8,2656,IMprof1,2637,Black,3 min,blitz,43,Won,1/6/2019
217-16-8,2648,padam19,2577,White,3 min,blitz,58,Won,1/6/2019
217-16-8,2641,skylerwayne23,2629,White,3 min,blitz,35,Lost,1/6/2019
217-16-8,2650,skylerwayne23,2620,Black,3 min,blitz,50,Won,1/6/2019
217-16-8,2642,Azatnew,2530,Black,3 min,blitz,19,Won,1/6/2019
217-16-8,2636,Azatnew,2536,White,3 min,blitz,34,Lost,1/6/2019
217-16-8,2647,Badmatsyrenov_Oleg,2598,Black,3 min,blitz,66,Draw,1/6/2019
217-16-8,2648,pmlmail,2548,White,3 min,blitz,48,Draw,1/6/2019
217-16-8,2650,SteelSpider,2669,Black,3 min,blitz,79,Lost,1/6/2019
217-16-8,2658,fa191828,2534,White,3 min,blitz,25,Won,1/6/2019
217-16-8,2653,fearless_guy,2656,White,3 min,blitz,25,Lost,1/6/2019
217-16-8,2661,fearless_guy,2648,Black,3 min,blitz,53,Won,1/6/2019
217-16-8,2653,fearless_guy,2656,White,3 min,blitz,46,Lost,1/6/2019
217-16-8,2661,fearless_guy,2648,Black,3 min,blitz,21,Lost,1/6/2019
217-16-8,2670,fa191828,2497,Black,3 min,blitz,27,Won,1/6/2019
217-16-8,2666,banana-head,1278,Black,5 min,blitz,71,Won,12/28/2018
217-16-8,2666,organdzievhren,2535,White,3 min,blitz,64,Won,12/28/2018
217-16-8,2661,organdzievhren,2540,Black,3 min,blitz,35,Won,12/28/2018
217-16-8,2655,FrancisMarcos,2307,White,3 min,blitz,28,Lost,12/28/2018
217-16-8,2669,AFishbein,2618,White,3 min,blitz,59,Draw,12/28/2018
217-16-8,2670,AFishbein,2617,Black,3 min,blitz,23,Won,12/28/2018
217-16-8,2663,AFishbein,2624,White,3 min,blitz,42,Draw,12/28/2018
217-16-8,2664,AFishbein,2623,Black,3 min,blitz,40,Won,12/28/2018
217-16-8,2657,AFishbein,2630,White,3 min,blitz,26,Lost,12/28/2018
217-16-8,2666,AFishbein,2621,Black,3 min,blitz,45,Won,12/28/2018
217-16-8,2659,Gab_Rai_Sal,2481,White,3 min,blitz,30,Won,12/28/2018
217-16-8,2654,Gab_Rai_Sal,2485,Black,3 min,blitz,39,Won,12/28/2018