player,player_rating,opponent,opponent_rating,side,time_control,time_category,moves,result,date
217-16-8,2688,Alex_32167,2498,Black,1 min,bullet,35,Won,3/5/2019
217-16-8,2684,vsuri97,2611,Black,1 min,bullet,26,Lost,3/5/2019
217-16-8,2694,vsuri97,2601,White,1 min,bullet,61,Won,3/5/2019
217-16-8,2688,vsuri97,2607,Black,1 min,bullet,22,Lost,3/5/2019
217-16-8,2698,vsuri97,2597,White,1 min,bullet,58,Draw,3/5/2019
217-16-8,2700,Carnapian,2512,White,1 min,bullet,42,Won,3/5/2019
217-16-8,2696,Carnapian,2516,Black,1 min,bullet,56,Lost,3/5/2019
217-16-8,2708,BobanBogosavljevic,2592,Black,1 min,bullet,36,Won,3/5/2019
217-16-8,2702,BobanBogosavljevic,2598,White,1 min,bullet,52,Won,3/5/2019
217-16-8,2696,davidarenas1224,2304,Black,1 min,bullet,17,Won,3/5/2019
217-16-8,2694,davidarenas1224,2306,White,1 min,bullet,34,Won,3/5/2019
217-16-8,2692,davidarenas1224,2308,Black,1 min,bullet,37,Won,3/5/2019
217-16-8,2690,davidarenas1224,2310,White,1 min,bullet,53,Won,3/5/2019
217-16-8,2688,Galice,2403,Black,1 min,bullet,57,Won,3/4/2019
217-16-8,2685,Galice,2406,White,1 min,bullet,30,Won,3/4/2019
217-16-8,2682,Galice,2409,Black,1 min,bullet,76,Lost,3/4/2019
217-16-8,2696,Galice,2395,White,1 min,bullet,58,Won,3/4/2019
217-16-8,2694,Valen562,2307,White,1 min,bullet,17,Won,3/4/2019
217-16-8,2692,Valen562,2309,Black,1 min,bullet,81,Draw,3/4/2019
217-16-8,2699,1stSecond,2704,White,1 min,bullet,32,Won,3/4/2019
217-16-8,2691,1stSecond,2713,Black,1 min,bullet,64,Won,3/4/2019
217-16-8,2682,1stSecond,2722,White,1 min,bullet,59,Won,3/4/2019
217-16-8,2673,1stSecond,2732,Black,1 min,bullet,17,Lost,3/4/2019
217-16-8,2680,1stSecond,2724,White,1 min,bullet,47,Lost,3/4/2019
217-16-8,2687,1stSecond,2716,Black,1 min,bullet,45,Lost,3/4/2019
217-16-8,2695,1stSecond,2707,White,1 min,bullet,60,Lost,3/4/2019
217-16-8,2703,1stSecond,2697,Black,1 min,bullet,65,Won,3/4/2019
217-16-8,2695,1stSecond,2707,White,1 min,bullet,27,Lost,3/4/2019
217-16-8,2703,MayansC,2443,Black,1 min,bullet,68,Draw,3/2/2019
217-16-8,2708,MayansC,2438,White,1 min,bullet,47,Won,3/2/2019
217-16-8,2705,Shoorly,2428,White,1 min,bullet,14,Won,3/2/2019
217-16-8,2702,Shoorly,2431,Black,1 min,bullet,27,Won,3/2/2019
217-16-8,2699,IMTominho,2704,White,1 min,bullet,66,Won,3/2/2019
217-16-8,2691,IMTominho,2712,Black,1 min,bullet,62,Won,3/2/2019
217-16-8,2682,Swatto,2383,Black,1 min,bullet,29,Lost,3/2/2019
217-16-8,2696,Swatto,2369,White,1 min,bullet,30,Won,3/2/2019
217-16-8,2694,Swatto,2371,Black,1 min,bullet,56,Lost,3/2/2019
217-16-8,2708,Swatto,2356,White,1 min,bullet,66,Draw,3/2/2019
217-16-8,2714,djamir,2590,White,1 min,bullet,25,Won,3/2/2019
217-16-8,2709,djamir,2595,Black,1 min,bullet,35,Won,3/2/2019
217-16-8,2703,djamir,2601,White,1 min,bullet,60,Lost,3/2/2019
217-16-8,2714,djamir,2590,Black,1 min,bullet,37,Won,3/2/2019
217-16-8,2709,Coffeecafe,2463,Black,1 min,bullet,76,Lost,3/2/2019
217-16-8,2722,Coffeecafe,2450,White,1 min,bullet,48,Won,3/2/2019
217-16-8,2719,mitrabhaa,2595,Black,1 min,bullet,31,Won,3/2/2019
217-16-8,2714,mitrabhaa,2600,White,1 min,bullet,45,Won,3/2/2019
217-16-8,2708,mitrabhaa,2606,Black,1 min,bullet,43,Won,3/2/2019
217-16-8,2702,mitrabhaa,2612,White,1 min,bullet,30,Won,3/2/2019
217-16-8,2696,BM_on_ICC,2392,White,1 min,bullet,24,Won,2/8/2019
217-16-8,2694,BM_on_ICC,2394,Black,1 min,bullet,43,Won,2/8/2019