player,player_rating,opponent,opponent_rating,side,time_control,time_category,moves,result,date
217-16-8,2611,NTBT_DHS,2599,White,1 min,bullet,18,Won,2/6/2019
217-16-8,2599,NTBT_DHS,2607,Black,1 min,bullet,25,Lost,2/6/2019
217-16-8,2611,NTBT_DHS,2599,White,1 min,bullet,46,Lost,2/6/2019
217-16-8,2625,NTBT_DHS,2590,Black,1 min,bullet,22,Won,2/6/2019
217-16-8,2613,NTBT_DHS,2598,White,1 min,bullet,34,Won,2/6/2019
217-16-8,2599,NTBT_DHS,2606,Black,1 min,bullet,35,Lost,2/6/2019
217-16-8,2613,NTBT_DHS,2598,White,1 min,bullet,77,Draw,2/6/2019
217-16-8,2614,NTBT_DHS,2598,Black,1 min,bullet,53,Won,2/6/2019
217-16-8,2599,NTBT_DHS,2606,White,1 min,bullet,53,Won,2/6/2019
217-16-8,2582,staz_staz,2435,White,1 min,bullet,50,Won,2/5/2019
217-16-8,2572,staz_staz,2440,Black,1 min,bullet,41,Lost,2/5/2019
217-16-8,2597,staz_staz,2428,White,1 min,bullet,42,Lost,2/5/2019
217-16-8,2624,staz_staz,2416,Black,1 min,bullet,55,Won,2/5/2019
217-16-8,2615,staz_staz,2420,White,1 min,bullet,42,Lost,2/5/2019
217-16-8,2645,murdershewrote,2371,White,1 min,bullet,30,Won,2/5/2019
217-16-8,2638,murdershewrote,2374,Black,1 min,bullet,63,Won,2/5/2019
217-16-8,2630,Cmm94316,2487,White,1 min,bullet,64,Won,2/4/2019
217-16-8,2616,Cmm94316,2492,Black,1 min,bullet,67,Won,2/4/2019
217-16-8,2600,Kain777,2650,Black,1 min,bullet,37,Lost,2/4/2019
217-16-8,2623,Kain777,2623,White,1 min,bullet,30,Lost,2/4/2019
217-16-8,2651,MrGorik,2550,Black,1 min,bullet,27,Won,2/4/2019
217-16-8,2630,MrGorik,2556,White,1 min,bullet,43,Won,2/4/2019
217-16-8,2604,Totenkopf21,2388,White,1 min,bullet,64,Won,2/4/2019
217-16-8,2588,Totenkopf21,2392,Black,1 min,bullet,39,Won,2/4/2019
217-16-8,2570,Totenkopf21,2397,White,1 min,bullet,59,Won,2/4/2019
217-16-8,2548,sorito,2327,White,1 min,bullet,11,Won,2/4/2019
217-16-8,2528,sorito,2331,Black,1 min,bullet,45,Won,2/4/2019
217-16-8,2504,sorito,2336,White,1 min,bullet,31,Won,2/4/2019
217-16-8,2473,sorito,2341,Black,1 min,bullet,38,Won,2/4/2019
217-16-8,2430,Otrio,2099,Black,1 min,bullet,36,Won,10/8/2018
217-16-8,2414,Otrio,2102,White,1 min,bullet,34,Won,10/8/2018
217-16-8,2395,Otrio,2105,Black,1 min,bullet,47,Won,10/8/2018
217-16-8,2371,itaiacoca,1962,White,1 min,bullet,48,Won,10/8/2018
217-16-8,2357,rinolda,2387,Black,1 min,bullet,57,Won,10/8/2018
217-16-8,2246,rinolda,2398,White,1 min,bullet,45,Lost,10/8/2018
217-16-8,2325,rinolda,2391,Black,1 min,bullet,37,Lost,10/8/2018
217-16-8,2501,rinolda,2381,White,1 min,bullet,30,Won,10/8/2018