player,player_rating,opponent,opponent_rating,side,time_control,time_category,moves,result,date
2Vladimirovich90,2742,tigra,2570,Black,,blitz,63,Draw,2/7/2017
2Vladimirovich90,2746,BilodeauA,2579,White,,blitz,31,Draw,2/7/2017
2Vladimirovich90,2750,kpio91,2519,White,,blitz,101,Won,2/7/2017
2Vladimirovich90,2746,Pierrebl,2399,Black,,blitz,16,Won,2/7/2017
2Vladimirovich90,2744,Annawel,2750,White,,blitz,47,Lost,2/7/2017
2Vladimirovich90,2754,Annawel,2742,Black,,blitz,27,Won,2/7/2017
2Vladimirovich90,2744,Annawel,2750,White,,blitz,80,Won,2/7/2017
2Vladimirovich90,2733,Annawel,2759,Black,,blitz,34,Lost,2/7/2017
2Vladimirovich90,2744,ajkom197,2327,Black,,blitz,82,Lost,1/3/2017
2Vladimirovich90,2759,Dlugy,2685,White,,blitz,24,Lost,1/3/2017
2Vladimirovich90,2769,bivark,2362,Black,,blitz,40,Won,1/3/2017
2Vladimirovich90,2767,DuleMudule,2519,White,,blitz,46,Draw,1/3/2017
2Vladimirovich90,2772,danir29,2458,Black,,blitz,35,Won,1/3/2017
2Vladimirovich90,2770,gmsakk,2456,White,,blitz,24,Won,1/3/2017
2Vladimirovich90,2767,162a54f5d,2384,Black,,blitz,39,Won,1/3/2017
2Vladimirovich90,2765,Arabicfalcon,2719,White,,blitz,64,Lost,1/3/2017
2Vladimirovich90,2775,Arabicfalcon,2710,Black,,blitz,44,Won,1/3/2017
2Vladimirovich90,2767,Dr-Bassem,2657,White,,blitz,24,Won,1/3/2017
2Vladimirovich90,2760,Dr-Bassem,2666,Black,,blitz,41,Won,1/3/2017
2Vladimirovich90,2753,VitaliyBernadskiy,2621,White,,blitz,33,Lost,12/13/2016
2Vladimirovich90,2764,VitaliyBernadskiy,2610,Black,,blitz,54,Draw,12/13/2016
2Vladimirovich90,2767,VitaliyBernadskiy,2607,White,,blitz,17,Won,12/13/2016
2Vladimirovich90,2762,VitaliyBernadskiy,2612,Black,,blitz,32,Won,12/13/2016
2Vladimirovich90,2757,NguyenXi,2613,White,,blitz,35,Won,12/13/2016
2Vladimirovich90,2752,Arabicfalcon,2716,White,,blitz,49,Draw,12/12/2016
2Vladimirovich90,2753,Yaacovn,2591,White,,blitz,57,Won,12/12/2016
2Vladimirovich90,2748,Yaacovn,2596,Black,,blitz,29,Won,12/12/2016
2Vladimirovich90,2743,Yaacovn,2601,White,,blitz,70,Won,12/12/2016
2Vladimirovich90,2737,Yaacovn,2606,Black,,blitz,51,Lost,12/12/2016
2Vladimirovich90,2750,Yaacovn,2595,White,,blitz,16,Won,12/12/2016
2Vladimirovich90,2744,Yaacovn,2600,Black,,blitz,79,Lost,12/12/2016
2Vladimirovich90,2758,Illingworth,2648,Black,,blitz,24,Won,12/12/2016
2Vladimirovich90,2751,Illingworth,2654,White,,blitz,37,Won,12/12/2016
2Vladimirovich90,2743,Arabicfalcon,2715,Black,,blitz,36,Lost,12/12/2016
2Vladimirovich90,2755,Arabicfalcon,2706,White,,blitz,29,Won,12/12/2016
2Vladimirovich90,2746,Arabicfalcon,2713,Black,,blitz,24,Won,12/12/2016
2Vladimirovich90,2736,Arabicfalcon,2721,White,,blitz,69,Lost,12/12/2016
2Vladimirovich90,2748,KuzubovYuriy,2525,Black,,blitz,29,Won,11/25/2016
2Vladimirovich90,2743,Harbuzi01,2648,Black,,blitz,43,Lost,11/25/2016
2Vladimirovich90,2756,Harbuzi01,2637,White,,blitz,20,Draw,11/25/2016
2Vladimirovich90,2760,Harbuzi01,2634,Black,,blitz,20,Won,11/25/2016
2Vladimirovich90,2753,Harbuzi01,2640,White,,blitz,16,Won,11/25/2016
2Vladimirovich90,2745,AlexanderL,2584,Black,,blitz,52,Lost,11/1/2016
2Vladimirovich90,2759,TheButcher,2504,White,,blitz,37,Won,11/1/2016
2Vladimirovich90,2755,rim1618,2592,Black,,blitz,83,Draw,11/1/2016
2Vladimirovich90,2759,Nyzhnyk_Illia,2557,White,,blitz,139,Draw,11/1/2016
2Vladimirovich90,2764,Rumpel-VK,2463,Black,,blitz,35,Won,11/1/2016
2Vladimirovich90,2761,Evgeny_Levin,2702,Black,,blitz,38,Won,11/1/2016
2Vladimirovich90,2752,E-Shaposhnikov,2707,White,,blitz,58,Won,11/1/2016
2Vladimirovich90,2743,swayamsm,2643,White,,blitz,43,Won,11/1/2016