player,player_rating,opponent,opponent_rating,side,time_control,time_category,moves,result,date
2Vladimirovich90,2735,DanielNaroditsky,2742,Black,,blitz,86,Draw,11/1/2016
2Vladimirovich90,2735,howitzer14,2765,Black,,blitz,23,Draw,11/1/2016
2Vladimirovich90,2734,Sanan_Sjugirov,2691,White,,blitz,77,Won,11/1/2016
2Vladimirovich90,2723,Cayse,2591,Black,,blitz,68,Won,11/1/2016
2Vladimirovich90,2715,Blitzstream,2539,White,,blitz,38,Won,11/1/2016
2Vladimirovich90,2708,Frolyanov_D,2422,Black,,blitz,53,Won,11/1/2016
2Vladimirovich90,2704,Arabicfalcon,2702,Black,,blitz,34,Lost,11/1/2016
2Vladimirovich90,2718,Arabicfalcon,2693,White,,blitz,28,Won,11/1/2016
2Vladimirovich90,2705,wonderfultime,2692,White,,blitz,75,Draw,9/6/2016
2Vladimirovich90,2705,Elshan1985,2590,Black,,blitz,27,Won,9/6/2016
2Vladimirovich90,2699,ZapataCharlesS,2586,White,,blitz,75,Won,9/6/2016
2Vladimirovich90,2693,psv98,2533,White,,blitz,26,Won,9/6/2016
2Vladimirovich90,2687,dretch,2639,Black,,blitz,62,Lost,9/6/2016
2Vladimirovich90,2698,DeviatkinAndrey,2588,White,,blitz,47,Won,9/6/2016
2Vladimirovich90,2691,MaestroASK,2467,Black,,blitz,29,Won,9/6/2016
2Vladimirovich90,2687,yurisolo,2489,Black,,blitz,47,Draw,9/6/2016
2Vladimirovich90,2692,Chakraborty-ARZ,2318,White,,blitz,16,Won,9/6/2016
2Vladimirovich90,2690,Alexander_Moskalenko,2655,Black,,blitz,92,Lost,9/6/2016
2Vladimirovich90,2702,pKiLz5Rn9b,2459,White,,blitz,27,Won,9/6/2016
2Vladimirovich90,2698,viktorskliarov,2453,Black,,blitz,19,Won,9/6/2016
2Vladimirovich90,2693,Nigmatov,2416,White,,blitz,18,Won,9/6/2016
2Vladimirovich90,2689,igorkovalenko,2608,Black,,blitz,77,Draw,9/6/2016
2Vladimirovich90,2692,ilya261991,2476,White,,blitz,64,Lost,9/6/2016
2Vladimirovich90,2711,Iuri_Shkuro,2490,Black,,blitz,45,Won,9/6/2016
2Vladimirovich90,2706,ChessWarrior7197,2476,White,,blitz,40,Won,9/6/2016
2Vladimirovich90,2701,Drags95,2365,Black,,blitz,37,Won,9/6/2016
2Vladimirovich90,2698,Alexander_Moskalenko,2655,Black,,blitz,48,Lost,8/2/2016
2Vladimirovich90,2709,Chesstrainer1,2449,White,,blitz,28,Won,8/2/2016
2Vladimirovich90,2705,Astaneh,2488,Black,,blitz,52,Won,8/2/2016
2Vladimirovich90,2700,1stSecond,2542,White,,blitz,49,Draw,8/2/2016
2Vladimirovich90,2704,viditchess,2551,Black,,blitz,58,Draw,8/2/2016
2Vladimirovich90,2708,Semetey,2431,Black,,blitz,50,Won,8/2/2016
2Vladimirovich90,2704,Krutoy123,2398,White,,blitz,60,Won,8/2/2016
2Vladimirovich90,2701,DeviatkinAndrey,2501,White,,blitz,40,Lost,8/2/2016
2Vladimirovich90,2719,BrilliantPenguin,2349,Black,,blitz,45,Won,8/2/2016
2Vladimirovich90,2717,jcibarra,2660,Black,,blitz,74,Draw,7/5/2016
2Vladimirovich90,2718,Unico10,2429,White,,blitz,56,Won,7/5/2016
2Vladimirovich90,2715,pedromartinez91,2318,White,,blitz,27,Won,7/5/2016
2Vladimirovich90,2713,AlexanderL,2561,Black,,blitz,39,Lost,7/5/2016
2Vladimirovich90,2726,EltajSafarli,2816,Black,,blitz,52,Lost,7/5/2016
2Vladimirovich90,2733,Zenzo,2373,White,,blitz,26,Won,7/5/2016
2Vladimirovich90,2731,Izoria123,2602,Black,,blitz,37,Draw,7/5/2016
2Vladimirovich90,2734,SavelijTartakover,2516,White,,blitz,45,Won,7/5/2016
2Vladimirovich90,2729,ChessNinja48,2324,Black,,blitz,36,Won,7/5/2016
2Vladimirovich90,2727,Hikaru,2999,White,,blitz,44,Lost,7/5/2016
2Vladimirovich90,2731,Alexander_Donchenko,2596,Black,,blitz,27,Won,7/5/2016
2Vladimirovich90,2724,viditchess,2535,White,,blitz,27,Won,7/5/2016
2Vladimirovich90,2718,Smirnov_Pavel,2554,Black,,blitz,114,Draw,7/5/2016
2Vladimirovich90,2723,VerdeNotte,2639,White,,blitz,57,Draw,7/5/2016
2Vladimirovich90,2726,E-Shaposhnikov,2649,White,,blitz,53,Draw,7/5/2016