player,player_rating,opponent,opponent_rating,side,time_control,time_category,moves,result,date
2Vladimirovich90,3007,Firouzja2003,3088,Black,,bullet,46,Lost,11/14/2018
2Vladimirovich90,3015,Firouzja2003,3081,White,,bullet,23,Lost,11/14/2018
2Vladimirovich90,3023,1random,2884,White,,bullet,78,Lost,11/4/2018
2Vladimirovich90,3036,1random,2873,Black,,bullet,16,Won,11/4/2018
2Vladimirovich90,3031,1random,2878,White,,bullet,18,Won,11/4/2018
2Vladimirovich90,3025,1random,2883,Black,,bullet,52,Lost,11/4/2018
2Vladimirovich90,3039,1random,2871,White,,bullet,31,Won,11/4/2018
2Vladimirovich90,3033,1random,2876,Black,,bullet,54,Won,11/4/2018
2Vladimirovich90,3027,Firouzja2003,2947,Black,,bullet,30,Won,10/11/2018
2Vladimirovich90,3021,Firouzja2003,2953,White,,bullet,41,Lost,10/11/2018
2Vladimirovich90,3031,Firouzja2003,3023,White,,bullet,37,Lost,9/18/2018
2Vladimirovich90,3040,Firouzja2003,3014,Black,,bullet,38,Won,9/18/2018
2Vladimirovich90,3032,Firouzja2003,3022,White,,bullet,25,Won,9/18/2018
2Vladimirovich90,3024,Firouzja2003,3030,Black,,bullet,43,Lost,9/18/2018
2Vladimirovich90,3032,Firouzja2003,3022,White,,bullet,51,Won,9/18/2018
2Vladimirovich90,3024,Firouzja2003,3030,Black,,bullet,37,Lost,9/18/2018
2Vladimirovich90,3032,Firouzja2003,3022,White,,bullet,19,Won,9/18/2018
2Vladimirovich90,3024,Firouzja2003,3030,Black,,bullet,54,Won,9/18/2018
2Vladimirovich90,3015,Firouzja2003,3039,White,,bullet,24,Won,9/18/2018
2Vladimirovich90,3006,Firouzja2003,3048,Black,,bullet,32,Draw,9/18/2018
2Vladimirovich90,3005,Firouzja2003,3049,White,,bullet,32,Lost,9/18/2018
2Vladimirovich90,3012,Firouzja2003,3042,Black,,bullet,34,Won,9/18/2018
2Vladimirovich90,3003,Firouzja2003,3051,White,,bullet,34,Won,9/18/2018
2Vladimirovich90,2993,Firouzja2003,3061,Black,,bullet,41,Won,9/18/2018
2Vladimirovich90,2983,Artooooo,2833,Black,,bullet,37,Lost,9/14/2018
2Vladimirovich90,2995,Artooooo,2821,White,,bullet,50,Won,9/14/2018
2Vladimirovich90,2990,Artooooo,2825,Black,,bullet,27,Won,9/14/2018
2Vladimirovich90,2985,Artooooo,2830,White,,bullet,18,Won,9/14/2018
2Vladimirovich90,2980,Artooooo,2835,Black,,bullet,35,Won,9/14/2018
2Vladimirovich90,2975,wonderfultime,3006,White,,bullet,58,Lost,9/14/2018
2Vladimirovich90,2983,wonderfultime,2998,Black,,bullet,28,Lost,9/14/2018
2Vladimirovich90,2991,wonderfultime,2990,White,,bullet,52,Won,9/14/2018
2Vladimirovich90,2982,wonderfultime,2998,Black,,bullet,59,Lost,9/14/2018
2Vladimirovich90,2991,wonderfultime,2990,White,,bullet,57,Won,9/14/2018
2Vladimirovich90,2982,wonderfultime,2998,Black,,bullet,37,Lost,9/14/2018
2Vladimirovich90,2991,The_bird_of_peace,2941,Black,,bullet,61,Lost,9/14/2018
2Vladimirovich90,3002,The_bird_of_peace,2931,White,,bullet,63,Lost,9/14/2018
2Vladimirovich90,3014,Firouzja2003,2961,White,,bullet,15,Won,8/21/2018
2Vladimirovich90,3007,Firouzja2003,2968,Black,,bullet,77,Lost,8/21/2018
2Vladimirovich90,3016,Firouzja2003,2959,White,,bullet,53,Won,8/21/2018
2Vladimirovich90,3009,Firouzja2003,2966,Black,,bullet,21,Won,8/21/2018
2Vladimirovich90,3001,Firouzja2003,2973,White,,bullet,53,Lost,8/21/2018
2Vladimirovich90,3011,Firouzja2003,2964,Black,,bullet,39,Lost,8/21/2018
2Vladimirovich90,3021,Firouzja2003,2955,White,,bullet,39,Lost,8/21/2018
2Vladimirovich90,3032,Firouzja2003,2945,Black,,bullet,30,Won,8/21/2018
2Vladimirovich90,3025,Firouzja2003,2951,White,,bullet,33,Won,8/21/2018
2Vladimirovich90,3017,Firouzja2003,2958,Black,,bullet,36,Lost,8/21/2018
2Vladimirovich90,3029,Firouzja2003,2948,White,,bullet,41,Won,8/21/2018
2Vladimirovich90,3021,Firouzja2003,2955,Black,,bullet,49,Won,8/21/2018
2Vladimirovich90,3012,Firouzja2003,2962,White,,bullet,36,Won,8/21/2018