player,player_rating,opponent,opponent_rating,side,time_control,time_category,moves,result,date
2Vladimirovich90,2855,LyonBeast,2860,Black,,bullet,42,Lost,11/22/2014
2Vladimirovich90,2867,LyonBeast,2851,White,,bullet,53,Lost,11/22/2014
2Vladimirovich90,2881,LyonBeast,2842,Black,,bullet,34,Lost,11/22/2014
2Vladimirovich90,2896,LyonBeast,2832,White,,bullet,66,Won,11/22/2014
2Vladimirovich90,2884,LyonBeast,2840,Black,,bullet,75,Won,11/22/2014
2Vladimirovich90,2871,LyonBeast,2849,White,,bullet,57,Lost,11/22/2014
2Vladimirovich90,2887,LyonBeast,2838,Black,,bullet,34,Won,11/22/2014
2Vladimirovich90,2873,LyonBeast,2847,White,,bullet,66,Draw,11/22/2014
2Vladimirovich90,2874,Boryboy,2620,White,,bullet,31,Won,11/17/2014
2Vladimirovich90,2868,Boryboy,2623,Black,,bullet,21,Won,11/17/2014
2Vladimirovich90,2861,Boryboy,2626,White,,bullet,23,Won,11/17/2014
2Vladimirovich90,2854,Boryboy,2629,Black,,bullet,31,Won,11/17/2014
2Vladimirovich90,2846,Boryboy,2633,White,,bullet,19,Won,11/17/2014
2Vladimirovich90,2837,Boryboy,2637,Black,,bullet,50,Won,11/17/2014
2Vladimirovich90,2827,Boryboy,2641,White,,bullet,21,Won,11/17/2014
2Vladimirovich90,2816,Boryboy,2645,Black,,bullet,62,Lost,11/17/2014
2Vladimirovich90,2846,Boryboy,2633,White,,bullet,20,Won,11/17/2014
2Vladimirovich90,2836,Boryboy,2637,Black,,bullet,52,Won,11/17/2014
2Vladimirovich90,2825,Boryboy,2641,White,,bullet,17,Won,11/17/2014
2Vladimirovich90,2812,liczner,2627,Black,,bullet,61,Lost,11/17/2014
2Vladimirovich90,2849,liczner,2614,White,,bullet,31,Won,11/17/2014
2Vladimirovich90,2838,Yaacovn,2741,Black,,bullet,17,Won,8/20/2014
2Vladimirovich90,2824,Yaacovn,2747,White,,bullet,27,Won,8/20/2014
2Vladimirovich90,2808,Yaacovn,2754,Black,,bullet,40,Won,8/20/2014
2Vladimirovich90,2790,Yaacovn,2761,White,,bullet,82,Draw,8/20/2014
2Vladimirovich90,2792,Yaacovn,2760,Black,,bullet,65,Won,8/20/2014
2Vladimirovich90,2770,amirsose,2535,White,,bullet,72,Draw,5/23/2014
2Vladimirovich90,2779,amirsose,2530,Black,,bullet,40,Won,5/23/2014
2Vladimirovich90,2772,amirsose,2533,White,,bullet,19,Won,5/23/2014
2Vladimirovich90,2765,amirsose,2536,Black,,bullet,26,Won,5/23/2014
2Vladimirovich90,2757,ChessTrener,2496,White,,bullet,40,Won,5/23/2014
2Vladimirovich90,2750,ChessTrener,2499,Black,,bullet,39,Won,5/23/2014
2Vladimirovich90,2743,LiemLe,2815,Black,,bullet,49,Lost,5/3/2014
2Vladimirovich90,2757,LiemLe,2805,White,,bullet,32,Won,5/3/2014
2Vladimirovich90,2736,LiemLe,2820,Black,,bullet,49,Lost,5/3/2014
2Vladimirovich90,2751,LiemLe,2809,White,,bullet,54,Lost,5/3/2014
2Vladimirovich90,2768,LiemLe,2797,Black,,bullet,49,Won,5/3/2014
2Vladimirovich90,2744,LiemLe,2813,White,,bullet,64,Draw,5/3/2014
2Vladimirovich90,2740,LiemLe,2816,Black,,bullet,59,Lost,5/3/2014
2Vladimirovich90,2759,LiemLe,2803,White,,bullet,18,Won,5/3/2014
2Vladimirovich90,2730,LiemLe,2822,Black,,bullet,57,Lost,5/3/2014
2Vladimirovich90,2751,LiemLe,2808,White,,bullet,38,Lost,5/3/2014
2Vladimirovich90,2776,LiemLe,2792,Black,,bullet,68,Draw,5/3/2014
2Vladimirovich90,2775,grandmastergauri,2343,White,,bullet,19,Won,4/21/2014
2Vladimirovich90,2770,grandmastergauri,2344,Black,,bullet,42,Won,4/21/2014
2Vladimirovich90,2764,Petrosian-Davit,2434,White,,bullet,48,Won,1/4/2014
2Vladimirovich90,2758,Petrosian-Davit,2436,Black,,bullet,15,Won,1/4/2014
2Vladimirovich90,2751,Petrosian-Davit,2438,White,,bullet,74,Won,1/4/2014
2Vladimirovich90,2744,Petrosian-Davit,2440,Black,,bullet,54,Won,1/4/2014
2Vladimirovich90,2736,Petrosian-Davit,2442,White,,bullet,31,Won,1/4/2014