player,player_rating,opponent,opponent_rating,side,time_control,time_category,moves,result,date
2Vladimirovich90,3022,Firouzja2003,3072,Black,,blitz,12,Lost,4/5/2019
2Vladimirovich90,3029,Firouzja2003,3065,White,,blitz,71,Draw,4/5/2019
2Vladimirovich90,3028,Firouzja2003,3066,Black,,blitz,34,Lost,4/5/2019
2Vladimirovich90,3035,Firouzja2003,3059,White,,blitz,45,Draw,4/5/2019
2Vladimirovich90,3034,erichansen,2804,White,,blitz,28,Won,4/2/2019
2Vladimirovich90,3031,emperor87,2710,White,,blitz,22,Won,4/2/2019
2Vladimirovich90,3029,GataKamsky1974,2791,Black,,blitz,67,Lost,4/2/2019
2Vladimirovich90,3042,Lennis93,2367,White,,blitz,28,Won,4/2/2019
2Vladimirovich90,3042,Korchmar_Vasiliy,2789,Black,,blitz,60,Lost,4/2/2019
2Vladimirovich90,3055,martinmartinez95,2561,White,,blitz,25,Won,4/2/2019
2Vladimirovich90,3054,Last7Samurai,2736,White,,blitz,48,Won,4/2/2019
2Vladimirovich90,3052,dreamist,2698,Black,,blitz,40,Draw,4/2/2019
2Vladimirovich90,3058,bubacik,2608,White,,blitz,29,Won,4/2/2019
2Vladimirovich90,3057,dmosesov,2500,Black,,blitz,43,Won,4/2/2019
2Vladimirovich90,3056,DanielNaroditsky,3055,White,,blitz,22,Won,3/26/2019
2Vladimirovich90,3048,DanielNaroditsky,3063,Black,,blitz,42,Won,3/26/2019
2Vladimirovich90,3039,DanielNaroditsky,3072,White,,blitz,128,Draw,3/26/2019
2Vladimirovich90,3038,DanielNaroditsky,3073,Black,,blitz,52,Lost,3/26/2019
2Vladimirovich90,3046,DanielNaroditsky,3065,White,,blitz,25,Won,3/26/2019
2Vladimirovich90,3037,DanielNaroditsky,3074,Black,,blitz,27,Lost,3/26/2019
2Vladimirovich90,3045,DanielNaroditsky,3066,White,,blitz,21,Won,3/26/2019
2Vladimirovich90,3036,DanielNaroditsky,3075,Black,,blitz,49,Lost,3/26/2019
2Vladimirovich90,3043,DanielNaroditsky,3068,White,,blitz,22,Won,3/26/2019
2Vladimirovich90,3034,DanielNaroditsky,3077,Black,,blitz,15,Draw,3/26/2019
2Vladimirovich90,3033,DanielNaroditsky,3078,White,,blitz,27,Won,3/26/2019
2Vladimirovich90,3024,DanielNaroditsky,3087,Black,,blitz,61,Draw,3/26/2019
2Vladimirovich90,3022,DanielNaroditsky,3089,White,,blitz,29,Lost,3/26/2019
2Vladimirovich90,3029,DanielNaroditsky,3082,Black,,blitz,40,Lost,3/26/2019
2Vladimirovich90,3036,DanielNaroditsky,3075,White,,blitz,43,Won,3/26/2019
2Vladimirovich90,3027,DanielNaroditsky,3084,Black,,blitz,42,Draw,3/26/2019
2Vladimirovich90,3026,DanielNaroditsky,3085,White,,blitz,74,Lost,3/26/2019
2Vladimirovich90,3033,tiredofdancing,2905,White,,blitz,69,Won,2/18/2019
2Vladimirovich90,3028,tiredofdancing,2910,Black,,blitz,46,Draw,2/18/2019
2Vladimirovich90,3031,tiredofdancing,2907,White,,blitz,47,Lost,2/18/2019
2Vladimirovich90,3042,tiredofdancing,2896,Black,,blitz,32,Won,2/18/2019
2Vladimirovich90,3037,GMWSO,2971,Black,,blitz,43,Won,2/11/2019
2Vladimirovich90,3030,GMWSO,2978,White,,blitz,32,Won,2/11/2019
2Vladimirovich90,3023,DanielNaroditsky,3078,Black,,blitz,91,Draw,2/10/2019
2Vladimirovich90,3022,DanielNaroditsky,3079,White,,blitz,63,Lost,2/10/2019
2Vladimirovich90,3029,DanielNaroditsky,3072,Black,,blitz,26,Won,2/10/2019
2Vladimirovich90,3020,DanielNaroditsky,3081,White,,blitz,33,Lost,2/10/2019
2Vladimirovich90,3027,DanielNaroditsky,3074,Black,,blitz,58,Won,2/10/2019
2Vladimirovich90,3017,DanielNaroditsky,3084,White,,blitz,31,Lost,2/10/2019
2Vladimirovich90,3024,DanielNaroditsky,3077,Black,,blitz,52,Draw,2/10/2019
2Vladimirovich90,3023,DanielNaroditsky,3078,White,,blitz,42,Draw,2/10/2019
2Vladimirovich90,3022,DanielNaroditsky,3079,Black,,blitz,36,Lost,2/10/2019
2Vladimirovich90,3029,DanielNaroditsky,3072,White,,blitz,32,Draw,2/10/2019
2Vladimirovich90,3028,DanielNaroditsky,3073,Black,,blitz,54,Lost,2/10/2019
2Vladimirovich90,3035,DanielNaroditsky,3066,White,,blitz,45,Draw,2/10/2019
2Vladimirovich90,3034,DanielNaroditsky,3067,Black,,blitz,26,Won,2/10/2019