player,player_rating,opponent,opponent_rating,side,time_control,time_category,moves,result,date
2Vladimirovich90,2932,MichaelRoiz,2928,Black,,blitz,31,Draw,11/16/2018
2Vladimirovich90,2932,Jospem,2870,Black,,blitz,23,Won,11/15/2018
2Vladimirovich90,2925,Jospem,2877,White,,blitz,65,Lost,11/15/2018
2Vladimirovich90,2934,Bigfish1995,2912,White,,blitz,77,Won,11/15/2018
2Vladimirovich90,2926,Bigfish1995,2920,Black,,blitz,53,Lost,11/15/2018
2Vladimirovich90,2935,Bigfish1995,2911,White,,blitz,47,Lost,11/15/2018
2Vladimirovich90,2944,Bigfish1995,2902,Black,,blitz,29,Lost,11/15/2018
2Vladimirovich90,2953,Bigfish1995,2893,White,,blitz,38,Lost,11/15/2018
2Vladimirovich90,2963,Bigfish1995,2883,Black,,blitz,66,Won,11/15/2018
2Vladimirovich90,2956,Bigfish1995,2890,White,,blitz,26,Won,11/15/2018
2Vladimirovich90,2949,Andreikka,2878,White,,blitz,54,Lost,11/14/2018
2Vladimirovich90,2959,Andreikka,2868,Black,,blitz,44,Won,11/14/2018
2Vladimirovich90,2953,Andreikka,2874,White,,blitz,63,Draw,11/14/2018
2Vladimirovich90,2955,limitlesss9,2888,White,,blitz,30,Won,11/14/2018
2Vladimirovich90,2948,limitlesss9,2895,Black,,blitz,76,Lost,11/14/2018
2Vladimirovich90,2958,Andreikka,2872,Black,,blitz,53,Won,11/14/2018
2Vladimirovich90,2952,Andreikka,2878,White,,blitz,56,Won,11/14/2018
2Vladimirovich90,2945,Andreikka,2885,Black,,blitz,61,Won,11/14/2018
2Vladimirovich90,2938,ARMCOMPOSER,2907,White,,blitz,85,Lost,11/14/2018
2Vladimirovich90,2947,Andreikka,2882,White,,blitz,38,Won,11/13/2018
2Vladimirovich90,2940,Andreikka,2889,Black,,blitz,34,Won,11/13/2018
2Vladimirovich90,2933,Andreikka,2896,White,,blitz,43,Won,11/13/2018
2Vladimirovich90,2925,Andreikka,2904,Black,,blitz,62,Draw,11/13/2018
2Vladimirovich90,2925,Muisback26,2856,Black,,blitz,18,Won,11/13/2018
2Vladimirovich90,2918,Muisback26,2863,White,,blitz,22,Won,11/13/2018
2Vladimirovich90,2911,Muisback26,2870,Black,,blitz,63,Lost,11/13/2018
2Vladimirovich90,2920,Muisback26,2861,White,,blitz,24,Lost,11/13/2018
2Vladimirovich90,2930,Muisback26,2851,Black,,blitz,28,Won,11/13/2018
2Vladimirovich90,2923,Muisback26,2858,White,,blitz,34,Won,11/13/2018
2Vladimirovich90,2916,Bigfish1995,2882,Black,,blitz,46,Lost,11/13/2018
2Vladimirovich90,2925,Bigfish1995,2873,White,,blitz,28,Won,11/13/2018
2Vladimirovich90,2918,Bigfish1995,2880,Black,,blitz,118,Won,11/13/2018
2Vladimirovich90,2911,Bigfish1995,2887,White,,blitz,73,Won,11/13/2018
2Vladimirovich90,2903,Bigfish1995,2895,Black,,blitz,27,Lost,11/13/2018
2Vladimirovich90,2912,Bigfish1995,2886,White,,blitz,29,Won,11/13/2018
2Vladimirovich90,2904,Lestofante90,2816,Black,,blitz,66,Draw,11/13/2018
2Vladimirovich90,2906,Lestofante90,2814,White,,blitz,40,Lost,11/13/2018
2Vladimirovich90,2917,Lestofante90,2803,Black,,blitz,53,Draw,11/13/2018
2Vladimirovich90,2920,Lestofante90,2800,White,,blitz,47,Won,11/13/2018
2Vladimirovich90,2914,Lestofante90,2806,Black,,blitz,22,Lost,11/13/2018
2Vladimirovich90,2925,Lestofante90,2795,White,,blitz,25,Won,11/13/2018
2Vladimirovich90,2920,Lestofante90,2800,Black,,blitz,6,Won,11/13/2018
2Vladimirovich90,2914,Lestofante90,2806,White,,blitz,45,Draw,11/13/2018
2Vladimirovich90,2916,Lestofante90,2804,Black,,blitz,35,Won,11/13/2018
2Vladimirovich90,2910,Lestofante90,2810,White,,blitz,45,Won,11/13/2018
2Vladimirovich90,2904,Ar4uha,2621,Black,,blitz,83,Lost,11/6/2018
2Vladimirovich90,2918,kuli4ik,2798,White,,blitz,73,Lost,11/6/2018
2Vladimirovich90,2929,AlexTriapishko,2771,Black,,blitz,69,Draw,11/6/2018
2Vladimirovich90,2933,dreamist,2679,White,,blitz,34,Won,11/6/2018
2Vladimirovich90,2930,Torosyan_Norayr,2599,Black,,blitz,28,Won,11/6/2018