player,player_rating,opponent,opponent_rating,side,time_control,time_category,moves,result,date
2Vladimirovich90,2413,ddnos,2231,White,3 min,blitz,32,Won,11/30/2013
2Vladimirovich90,2409,ddnos,2235,Black,3 min,blitz,85,Won,11/30/2013
2Vladimirovich90,2405,ddnos,2239,White,3 min,blitz,42,Won,11/30/2013
2Vladimirovich90,2400,Trendle,2346,Black,3 min,blitz,24,Won,11/30/2013
2Vladimirovich90,2393,Trendle,2353,White,3 min,blitz,34,Won,11/30/2013
2Vladimirovich90,2386,shatir2009,2280,White,3 min,blitz,67,Won,11/30/2013
2Vladimirovich90,2380,shatir2009,2286,Black,3 min,blitz,26,Won,11/30/2013
2Vladimirovich90,2374,vladNY02,2216,Black,3 min,blitz,54,Draw,11/30/2013
2Vladimirovich90,2378,vladNY02,2212,White,3 min,blitz,26,Won,11/30/2013
2Vladimirovich90,2373,STONEWALLGG,2304,Black,3 min,blitz,29,Won,11/30/2013
2Vladimirovich90,2366,Joseppo,2201,White,3 min,blitz,10,Won,11/28/2013
2Vladimirovich90,2361,Joseppo,2206,Black,3 min,blitz,29,Won,11/28/2013
2Vladimirovich90,2356,ProfessorBlunders,2389,Black,3 min,blitz,52,Won,11/27/2013
2Vladimirovich90,2346,ProfessorBlunders,2426,White,3 min,blitz,50,Won,11/27/2013
2Vladimirovich90,2334,bentenggalunggung,2250,White,3 min,blitz,21,Won,11/26/2013
2Vladimirovich90,2327,xMrilk,2247,Black,3 min,blitz,18,Draw,11/26/2013
2Vladimirovich90,2329,xMrilk,2245,White,3 min,blitz,40,Lost,11/26/2013
2Vladimirovich90,2341,oferzemertov,2194,Black,3 min,blitz,26,Won,11/25/2013
2Vladimirovich90,2335,oferzemertov,2199,White,3 min,blitz,25,Won,11/25/2013
2Vladimirovich90,2329,bentenggalunggung,2248,Black,3 min,blitz,30,Won,11/25/2013
2Vladimirovich90,2321,nap2,2173,Black,3 min,blitz,27,Won,11/25/2013
2Vladimirovich90,2315,c4e6,2152,White,3 min,blitz,41,Won,11/25/2013
2Vladimirovich90,2309,StarcraftGM,2306,White,3 min,blitz,28,Lost,11/25/2013
2Vladimirovich90,2320,StarcraftGM,2298,Black,3 min,blitz,28,Won,11/25/2013
2Vladimirovich90,2309,StarcraftGM,2306,White,3 min,blitz,33,Lost,11/25/2013
2Vladimirovich90,2321,chessrcsa13,2211,White,3 min,blitz,21,Won,11/24/2013
2Vladimirovich90,2313,chessrcsa13,2217,Black,3 min,blitz,24,Won,11/24/2013
2Vladimirovich90,2304,chessrcsa13,2223,White,3 min,blitz,95,Won,11/24/2013
2Vladimirovich90,2294,chessrcsa13,2230,Black,3 min,blitz,40,Won,11/24/2013
2Vladimirovich90,2283,2550,2210,White,3 min,blitz,35,Lost,11/23/2013
2Vladimirovich90,2300,2550,2191,Black,3 min,blitz,17,Won,11/23/2013
2Vladimirovich90,2290,2550,2203,White,3 min,blitz,11,Won,11/23/2013
2Vladimirovich90,2278,2550,2216,Black,3 min,blitz,45,Won,11/23/2013
2Vladimirovich90,2265,2550,2231,White,3 min,blitz,24,Won,11/23/2013
2Vladimirovich90,2250,2550,2249,Black,3 min,blitz,51,Won,11/23/2013
2Vladimirovich90,2233,Wyvill,2191,Black,3 min,blitz,42,Won,11/23/2013
2Vladimirovich90,2218,Wyvill,2194,White,3 min,blitz,22,Won,11/23/2013
2Vladimirovich90,2201,Wyvill,2194,Black,3 min,blitz,62,Won,11/23/2013
2Vladimirovich90,2182,Wyvill,2196,White,3 min,blitz,57,Won,11/23/2013
2Vladimirovich90,2161,albertoquintin,2166,Black,3 min,blitz,58,Won,11/23/2013
2Vladimirovich90,2139,SnakeDocTheUnit,2106,Black,3 min,blitz,29,Won,11/23/2013
2Vladimirovich90,2118,drsmrt,2169,White,3 min,blitz,31,Won,11/23/2013
2Vladimirovich90,2091,ZARANDIETA,2064,White,3 min,blitz,22,Won,11/23/2013
2Vladimirovich90,2067,ZARANDIETA,2072,Black,3 min,blitz,30,Won,11/23/2013
2Vladimirovich90,2039,Lecrazybishop,2148,White,3 min,blitz,42,Won,11/23/2013
2Vladimirovich90,2001,banlock,1971,Black,3 min,blitz,53,Won,11/23/2013
2Vladimirovich90,1972,mdmate,1850,Black,3 min,blitz,26,Won,11/23/2013
2Vladimirovich90,1949,mdmate,1856,White,3 min,blitz,29,Won,11/23/2013
2Vladimirovich90,1921,mdmate,1863,Black,3 min,blitz,35,Won,11/23/2013
2Vladimirovich90,1886,mdmate,1871,White,3 min,blitz,33,Won,11/23/2013