player,player_rating,opponent,opponent_rating,side,time_control,time_category,moves,result,date
2Vladimirovich90,2729,Ginger_GM,2511,Black,,blitz,29,Won,7/5/2016
2Vladimirovich90,2724,VSERGUEI,2491,White,,blitz,63,Won,7/5/2016
2Vladimirovich90,2719,wnstop,2359,Black,,blitz,38,Won,7/5/2016
2Vladimirovich90,2716,Lukianoo,2630,Black,,blitz,92,Draw,6/7/2016
2Vladimirovich90,2718,E-Shaposhnikov,2608,White,,blitz,41,Draw,6/7/2016
2Vladimirovich90,2721,severomorskij,2606,Black,,blitz,64,Won,6/7/2016
2Vladimirovich90,2714,dondimi,2447,White,,blitz,44,Draw,6/7/2016
2Vladimirovich90,2721,AlexanderL,2597,White,,blitz,65,Won,6/7/2016
2Vladimirovich90,2713,kpio91,2516,Black,,blitz,69,Won,6/7/2016
2Vladimirovich90,2707,Rekcul,2468,Black,,blitz,58,Won,6/7/2016
2Vladimirovich90,2702,vovkcoach,2500,White,,blitz,74,Draw,6/7/2016
2Vladimirovich90,2708,Usurpov,2360,Black,,blitz,30,Won,6/7/2016
2Vladimirovich90,2705,erichansen,2530,White,,blitz,15,Won,5/31/2016
2Vladimirovich90,2699,1stSecond,2560,Black,,blitz,24,Won,5/31/2016
2Vladimirovich90,2691,wonderfultime,2619,Black,,blitz,49,Lost,5/31/2016
2Vladimirovich90,2706,jcibarra,2655,White,,blitz,42,Lost,5/31/2016
2Vladimirovich90,2721,lachesisQ,2505,Black,,blitz,33,Won,5/31/2016
2Vladimirovich90,2715,igorkovalenko,2577,White,,blitz,72,Won,5/31/2016
2Vladimirovich90,2706,EvgenyT,2391,Black,,blitz,39,Won,5/31/2016
2Vladimirovich90,2702,dretch,2591,Black,,blitz,43,Lost,5/31/2016
2Vladimirovich90,2721,SabinoBrunello,2545,White,,blitz,48,Won,5/31/2016
2Vladimirovich90,2713,NewBornNow,2576,Black,,blitz,25,Lost,5/31/2016
2Vladimirovich90,2734,FCChelsea14,2512,White,,blitz,34,Won,5/31/2016
2Vladimirovich90,2727,Genghis_K,2566,Black,,blitz,29,Won,5/31/2016
2Vladimirovich90,2718,underdogchss,2363,Black,,blitz,65,Won,4/5/2016
2Vladimirovich90,2715,khekhm,2360,Black,,blitz,29,Won,4/5/2016
2Vladimirovich90,2712,KuzubovYuriy,2634,White,,blitz,26,Lost,4/5/2016
2Vladimirovich90,2727,KuzubovYuriy,2622,Black,,blitz,28,Lost,4/5/2016
2Vladimirovich90,2743,KuzubovYuriy,2609,White,,blitz,40,Lost,4/5/2016
2Vladimirovich90,2760,KuzubovYuriy,2595,Black,,blitz,35,Won,4/5/2016
2Vladimirovich90,2753,DanielNaroditsky,2615,Black,,blitz,70,Draw,3/1/2016
2Vladimirovich90,2757,SenseiJulio,2606,White,,blitz,45,Won,3/1/2016
2Vladimirovich90,2751,dretch,2584,Black,,blitz,49,Lost,3/1/2016
2Vladimirovich90,2766,Hikaru,2864,White,,blitz,31,Draw,3/1/2016
2Vladimirovich90,2763,renatoterrylujan,2651,White,,blitz,28,Won,3/1/2016
2Vladimirovich90,2755,chessdude,2390,White,,blitz,36,Won,3/1/2016
2Vladimirovich90,2752,GrigorGrigorov,2521,Black,,blitz,44,Won,3/1/2016
2Vladimirovich90,2747,Fins0905,2440,Black,,blitz,35,Won,3/1/2016
2Vladimirovich90,2743,oskariot,2308,White,,blitz,32,Won,3/1/2016
2Vladimirovich90,2741,renatoterrylujan,2643,White,,blitz,35,Won,3/1/2016
2Vladimirovich90,2732,MinhGTrAn,2662,Black,,blitz,19,Draw,3/1/2016
2Vladimirovich90,2734,ChessTrener,2606,Black,,blitz,48,Lost,3/1/2016
2Vladimirovich90,2751,Yaacovn,2633,White,,blitz,39,Won,3/1/2016
2Vladimirovich90,2742,AndroQueen,2553,White,,blitz,31,Won,3/1/2016
2Vladimirovich90,2735,spectralsoul,2582,Black,,blitz,33,Won,3/1/2016
2Vladimirovich90,2726,Izoria123,2546,Black,,blitz,51,Won,3/1/2016
2Vladimirovich90,2718,VerdeNotte,2482,White,,blitz,89,Won,3/1/2016
2Vladimirovich90,2711,biostatistician,2347,White,,blitz,61,Won,3/1/2016
2Vladimirovich90,2708,SergeyMuha,2356,White,,blitz,32,Won,3/1/2016
2Vladimirovich90,2704,Tesla37,2586,Black,,blitz,57,Lost,2/2/2016