player,player_rating,opponent,opponent_rating,side,time_control,time_category,moves,result,date
2Vladimirovich90,2949,GMWSO,3009,White,,blitz,58,Lost,1/19/2019
2Vladimirovich90,2956,GMWSO,3002,Black,,blitz,39,Won,1/19/2019
2Vladimirovich90,2947,GMWSO,3011,White,,blitz,40,Lost,1/19/2019
2Vladimirovich90,2954,GMWSO,3004,Black,,blitz,64,Lost,1/19/2019
2Vladimirovich90,2961,GMWSO,2997,White,,blitz,31,Lost,1/19/2019
2Vladimirovich90,2969,GMWSO,2989,Black,,blitz,55,Lost,1/19/2019
2Vladimirovich90,2977,GMWSO,2981,White,,blitz,66,Won,1/19/2019
2Vladimirovich90,2969,GMWSO,2989,Black,,blitz,53,Won,1/19/2019
2Vladimirovich90,2960,wudileige,2939,Black,,blitz,67,Draw,1/19/2019
2Vladimirovich90,2960,wudileige,2938,White,,blitz,35,Lost,1/19/2019
2Vladimirovich90,2969,DanielNaroditsky,3024,Black,,blitz,70,Won,1/16/2019
2Vladimirovich90,2959,DanielNaroditsky,3034,White,,blitz,74,Lost,1/16/2019
2Vladimirovich90,2966,DanielNaroditsky,3027,Black,,blitz,30,Lost,1/16/2019
2Vladimirovich90,2973,DanielNaroditsky,3020,White,,blitz,33,Won,1/16/2019
2Vladimirovich90,2963,DanielNaroditsky,3030,Black,,blitz,71,Won,1/16/2019
2Vladimirovich90,2953,DanielNaroditsky,3040,White,,blitz,25,Won,1/16/2019
2Vladimirovich90,2943,DanielNaroditsky,3050,Black,,blitz,30,Lost,1/16/2019
2Vladimirovich90,2949,DanielNaroditsky,3044,White,,blitz,27,Lost,1/16/2019
2Vladimirovich90,2955,DanielNaroditsky,3038,Black,,blitz,23,Lost,1/16/2019
2Vladimirovich90,2961,DanielNaroditsky,3032,White,,blitz,29,Lost,1/16/2019
2Vladimirovich90,2968,DanielNaroditsky,3025,Black,,blitz,71,Lost,1/16/2019
2Vladimirovich90,2975,DanielNaroditsky,3018,White,,blitz,49,Won,1/16/2019
2Vladimirovich90,2966,DanielNaroditsky,3027,Black,,blitz,95,Draw,1/16/2019
2Vladimirovich90,2965,DanielNaroditsky,3028,White,,blitz,60,Lost,1/16/2019
2Vladimirovich90,2972,DanielNaroditsky,3021,Black,,blitz,85,Won,1/16/2019
2Vladimirovich90,2962,DanielNaroditsky,3031,White,,blitz,32,Won,1/16/2019
2Vladimirovich90,2952,DanielNaroditsky,3041,Black,,blitz,90,Lost,1/16/2019
2Vladimirovich90,2958,DanielNaroditsky,3035,White,,blitz,69,Lost,1/16/2019
2Vladimirovich90,2965,DanielNaroditsky,3028,Black,,blitz,57,Lost,1/16/2019
2Vladimirovich90,2972,DanielNaroditsky,3021,White,,blitz,22,Won,1/16/2019
2Vladimirovich90,2962,nihalsarin,2961,White,,blitz,62,Won,1/15/2019
2Vladimirovich90,2954,nihalsarin,2969,Black,,blitz,37,Lost,1/15/2019
2Vladimirovich90,2962,nihalsarin,2961,White,,blitz,33,Lost,1/15/2019
2Vladimirovich90,2970,nihalsarin,2953,Black,,blitz,54,Lost,1/15/2019
2Vladimirovich90,2979,nihalsarin,2944,White,,blitz,18,Won,1/15/2019
2Vladimirovich90,2971,nihalsarin,2952,Black,,blitz,57,Won,1/15/2019
2Vladimirovich90,2963,nihalsarin,2960,White,,blitz,37,Lost,1/15/2019
2Vladimirovich90,2971,nihalsarin,2952,Black,,blitz,52,Lost,1/15/2019
2Vladimirovich90,2980,nihalsarin,2943,White,,blitz,34,Won,1/15/2019
2Vladimirovich90,2973,nihalsarin,2950,Black,,blitz,27,Won,1/15/2019
2Vladimirovich90,2965,nihalsarin,2958,White,,blitz,55,Draw,1/15/2019
2Vladimirovich90,2965,nihalsarin,2958,Black,,blitz,54,Won,1/15/2019
2Vladimirovich90,2957,nihalsarin,2966,White,,blitz,38,Lost,1/15/2019
2Vladimirovich90,2965,nihalsarin,2958,Black,,blitz,66,Won,1/15/2019
2Vladimirovich90,2957,nihalsarin,2966,White,,blitz,151,Lost,1/15/2019
2Vladimirovich90,2965,nihalsarin,2958,Black,,blitz,42,Draw,1/15/2019
2Vladimirovich90,2965,nihalsarin,2958,White,,blitz,47,Won,1/15/2019
2Vladimirovich90,2957,nihalsarin,2966,Black,,blitz,31,Won,1/15/2019
2Vladimirovich90,2948,Duhless,2988,White,,blitz,24,Won,1/14/2019
2Vladimirovich90,2939,Duhless,2997,Black,,blitz,21,Lost,1/14/2019