player,player_rating,opponent,opponent_rating,side,time_control,time_category,moves,result,date
2Vladimirovich90,2958,Bigfish1995,2908,White,,blitz,35,Won,9/15/2018
2Vladimirovich90,2951,Bigfish1995,2915,Black,,blitz,38,Won,9/15/2018
2Vladimirovich90,2943,abhijeetgupta1016,2850,White,,blitz,37,Won,9/15/2018
2Vladimirovich90,2937,abhijeetgupta1016,2856,Black,,blitz,47,Draw,9/15/2018
2Vladimirovich90,2939,abhijeetgupta1016,2854,White,,blitz,61,Won,9/15/2018
2Vladimirovich90,2933,abhijeetgupta1016,2860,Black,,blitz,28,Won,9/15/2018
2Vladimirovich90,2926,abhijeetgupta1016,2867,White,,blitz,49,Lost,9/15/2018
2Vladimirovich90,2936,abhijeetgupta1016,2857,Black,,blitz,66,Won,9/15/2018
2Vladimirovich90,2930,abhijeetgupta1016,2863,White,,blitz,47,Lost,9/15/2018
2Vladimirovich90,2940,abhijeetgupta1016,2853,Black,,blitz,39,Won,9/15/2018
2Vladimirovich90,2934,JDBryant,2796,White,,blitz,44,Won,9/15/2018
2Vladimirovich90,2929,JDBryant,2801,Black,,blitz,19,Won,9/15/2018
2Vladimirovich90,2924,JDBryant,2806,White,,blitz,32,Won,9/15/2018
2Vladimirovich90,2918,JDBryant,2812,Black,,blitz,61,Won,9/15/2018
2Vladimirovich90,2912,Bigfish1995,2891,White,,blitz,38,Lost,9/14/2018
2Vladimirovich90,2921,Bigfish1995,2882,Black,,blitz,26,Won,9/14/2018
2Vladimirovich90,2914,Bigfish1995,2889,White,,blitz,25,Lost,9/14/2018
2Vladimirovich90,2923,Bigfish1995,2880,Black,,blitz,63,Won,9/14/2018
2Vladimirovich90,2916,Bigfish1995,2887,White,,blitz,29,Won,9/14/2018
2Vladimirovich90,2908,Bigfish1995,2895,Black,,blitz,28,Draw,9/14/2018
2Vladimirovich90,2908,mishanick,2871,Black,,blitz,65,Draw,9/14/2018
2Vladimirovich90,2909,mishanick,2870,White,,blitz,85,Draw,9/14/2018
2Vladimirovich90,2910,mishanick,2869,Black,,blitz,23,Won,9/14/2018
2Vladimirovich90,2903,mishanick,2876,White,,blitz,65,Lost,9/14/2018
2Vladimirovich90,2912,mishanick,2867,Black,,blitz,28,Won,9/14/2018
2Vladimirovich90,2905,mishanick,2874,White,,blitz,53,Won,9/14/2018
2Vladimirovich90,2897,mishanick,2882,Black,,blitz,56,Lost,9/14/2018
2Vladimirovich90,2906,mishanick,2873,White,,blitz,49,Won,9/14/2018
2Vladimirovich90,2898,mishanick,2881,Black,,blitz,31,Lost,9/14/2018
2Vladimirovich90,2907,mishanick,2872,White,,blitz,90,Lost,9/14/2018
2Vladimirovich90,2916,wonderfultime,2866,White,,blitz,27,Lost,9/14/2018
2Vladimirovich90,2926,wonderfultime,2856,Black,,blitz,25,Won,9/14/2018
2Vladimirovich90,2919,Gamza_Juventus,2826,Black,,blitz,57,Draw,9/14/2018
2Vladimirovich90,2921,Gamza_Juventus,2824,White,,blitz,66,Won,9/14/2018
2Vladimirovich90,2915,Gamza_Juventus,2824,Black,,blitz,61,Lost,9/14/2018
2Vladimirovich90,2925,Gamza_Juventus,2814,White,,blitz,48,Won,9/14/2018
2Vladimirovich90,2919,Gamza_Juventus,2820,Black,,blitz,51,Lost,9/14/2018
2Vladimirovich90,2930,Gamza_Juventus,2809,White,,blitz,26,Won,9/14/2018
2Vladimirovich90,2904,rajeshwarsrivastava,2813,White,,blitz,37,Lost,8/21/2018
2Vladimirovich90,2914,rajeshwarsrivastava,2803,Black,,blitz,41,Won,8/21/2018
2Vladimirovich90,2908,rajeshwarsrivastava,2809,White,,blitz,45,Won,8/21/2018
2Vladimirovich90,2902,rajeshwarsrivastava,2815,Black,,blitz,29,Lost,8/21/2018
2Vladimirovich90,2912,Tapuah,2789,Black,,blitz,61,Lost,8/21/2018
2Vladimirovich90,2923,Tapuah,2778,White,,blitz,34,Lost,8/21/2018
2Vladimirovich90,2935,Alexander_Moskalenko,2865,White,,blitz,52,Won,8/21/2018
2Vladimirovich90,2928,Alexander_Moskalenko,2872,Black,,blitz,40,Won,8/21/2018
2Vladimirovich90,2921,Micki-taryan,2904,White,,blitz,44,Lost,8/21/2018
2Vladimirovich90,2930,Micki-taryan,2895,Black,,blitz,55,Lost,8/21/2018
2Vladimirovich90,2939,Micki-taryan,2886,White,,blitz,35,Lost,8/21/2018
2Vladimirovich90,2949,oskariot,2486,Black,,blitz,51,Won,8/7/2018