player,player_rating,opponent,opponent_rating,side,time_control,time_category,moves,result,date
2Vladimirovich90,2894,Kriari,2881,Black,,blitz,46,Lost,5/5/2018
2Vladimirovich90,2903,Kriari,2872,White,,blitz,29,Won,5/5/2018
2Vladimirovich90,2895,Kriari,2880,Black,,blitz,28,Won,5/5/2018
2Vladimirovich90,2887,Kriari,2848,White,,blitz,40,Won,5/5/2018
2Vladimirovich90,2880,Kriari,2855,Black,,blitz,64,Lost,5/5/2018
2Vladimirovich90,2889,Kriari,2846,White,,blitz,28,Won,5/5/2018
2Vladimirovich90,2882,Azzaro25,2835,Black,,blitz,96,Won,5/5/2018
2Vladimirovich90,2874,Azzaro25,2854,White,,blitz,57,Draw,5/5/2018
2Vladimirovich90,2874,Azzaro25,2853,Black,,blitz,16,Lost,5/5/2018
2Vladimirovich90,2883,Azzaro25,2827,White,,blitz,101,Lost,5/5/2018
2Vladimirovich90,2893,Azzaro25,2797,Black,,blitz,36,Draw,5/5/2018
2Vladimirovich90,2895,Azzaro25,2790,White,,blitz,60,Won,5/5/2018
2Vladimirovich90,2889,Azzaro25,2812,Black,,blitz,65,Won,5/5/2018
2Vladimirovich90,2882,Azzaro25,2838,White,,blitz,64,Won,5/5/2018
2Vladimirovich90,2874,Azzaro25,2869,Black,,blitz,19,Draw,5/5/2018
2Vladimirovich90,2874,igorkovalenko,2733,White,,blitz,45,Won,5/1/2018
2Vladimirovich90,2869,ENEASZ,2464,Black,,blitz,46,Won,5/1/2018
2Vladimirovich90,2868,TigranLPetrosyan,2726,White,,blitz,39,Lost,5/1/2018
2Vladimirovich90,2880,Fandorine,2720,Black,,blitz,33,Won,5/1/2018
2Vladimirovich90,2875,Indianlad,2645,White,,blitz,50,Won,5/1/2018
2Vladimirovich90,2871,MatthewG-p4p,2607,Black,,blitz,27,Won,5/1/2018
2Vladimirovich90,2868,michaelq2d5,2706,White,,blitz,81,Lost,5/1/2018
2Vladimirovich90,2880,temiksmozg,2590,Black,,blitz,21,Won,5/1/2018
2Vladimirovich90,2877,BrizuelaRonald,2515,White,,blitz,167,Won,5/1/2018
2Vladimirovich90,2875,CoachGunnar,2408,Black,,blitz,37,Won,5/1/2018
2Vladimirovich90,2874,Alexander_Moskalenko,2749,White,,blitz,84,Lost,4/17/2018
2Vladimirovich90,2885,JustKid,2468,White,,blitz,26,Won,4/17/2018
2Vladimirovich90,2884,Rakhmanator,2686,Black,,blitz,56,Lost,4/17/2018
2Vladimirovich90,2896,Zaven_ChessMood,2870,White,,blitz,27,Draw,4/17/2018
2Vladimirovich90,2897,ShimanovAlex,2726,Black,,blitz,60,Won,4/17/2018
2Vladimirovich90,2892,nailbeshirli,2305,Black,,blitz,42,Won,4/17/2018
2Vladimirovich90,2891,ZapataCharlesS,2689,White,,blitz,77,Draw,4/17/2018
2Vladimirovich90,2895,SergeiAza,2644,Black,,blitz,27,Won,4/17/2018
2Vladimirovich90,2892,shyam,2564,White,,blitz,46,Won,4/17/2018
2Vladimirovich90,2890,Rokis13,2430,Black,,blitz,43,Won,4/17/2018
2Vladimirovich90,2889,Firouzja2003,2789,White,,blitz,39,Won,4/7/2018
2Vladimirovich90,2883,Firouzja2003,2795,Black,,blitz,43,Lost,4/7/2018
2Vladimirovich90,2893,Firouzja2003,2785,White,,blitz,49,Won,4/7/2018
2Vladimirovich90,2887,Firouzja2003,2791,Black,,blitz,18,Won,4/7/2018
2Vladimirovich90,2881,IM_dmitrij,2720,White,,blitz,50,Won,4/6/2018
2Vladimirovich90,2876,IM_dmitrij,2725,Black,,blitz,28,Won,4/6/2018
2Vladimirovich90,2871,IM_dmitrij,2730,White,,blitz,57,Draw,4/6/2018
2Vladimirovich90,2874,IM_dmitrij,2727,Black,,blitz,86,Won,4/6/2018
2Vladimirovich90,2869,Indianlad,2778,Black,,blitz,30,Won,3/28/2018
2Vladimirovich90,2863,Indianlad,2784,White,,blitz,38,Draw,3/28/2018
2Vladimirovich90,2865,Indianlad,2782,Black,,blitz,36,Won,3/28/2018
2Vladimirovich90,2859,Indianlad,2788,White,,blitz,74,Draw,3/28/2018
2Vladimirovich90,2861,Indianlad,2786,Black,,blitz,27,Lost,3/28/2018
2Vladimirovich90,2871,Indianlad,2776,White,,blitz,32,Won,3/28/2018
2Vladimirovich90,2865,Indianlad,2782,Black,,blitz,95,Draw,3/28/2018