player,player_rating,opponent,opponent_rating,side,time_control,time_category,moves,result,date
2Vladimirovich90,2948,Indianlad,2751,Black,,blitz,73,Draw,8/7/2018
2Vladimirovich90,2952,Annawel,2795,White,,blitz,81,Draw,8/7/2018
2Vladimirovich90,2955,AleksandarSavanovic,2349,Black,,blitz,40,Won,8/7/2018
2Vladimirovich90,2955,SergeiAza,2704,White,,blitz,49,Won,8/7/2018
2Vladimirovich90,2952,Nyzhnyk_Illia,2775,Black,,blitz,40,Lost,8/7/2018
2Vladimirovich90,2964,Vuk2000,2681,White,,blitz,58,Won,8/7/2018
2Vladimirovich90,2961,GadimbayliA,2679,White,,blitz,80,Draw,8/7/2018
2Vladimirovich90,2966,PaulfromSPb,2567,Black,,blitz,32,Won,8/7/2018
2Vladimirovich90,2964,Mikhail_Golubev,2413,White,,blitz,42,Won,8/7/2018
2Vladimirovich90,2963,penguingm1,2822,White,,blitz,72,Lost,8/7/2018
2Vladimirovich90,2974,penguingm1,2811,Black,,blitz,46,Won,8/7/2018
2Vladimirovich90,2969,penguingm1,2816,White,,blitz,37,Won,8/7/2018
2Vladimirovich90,2964,penguingm1,2821,Black,,blitz,70,Won,8/7/2018
2Vladimirovich90,2959,penguingm1,2826,White,,blitz,36,Won,8/7/2018
2Vladimirovich90,2954,penguingm1,2831,Black,,blitz,36,Lost,8/7/2018
2Vladimirovich90,2965,penguingm1,2820,White,,blitz,74,Draw,8/7/2018
2Vladimirovich90,2968,penguingm1,2817,Black,,blitz,36,Lost,8/7/2018
2Vladimirovich90,2980,Kingofchess1311,2815,White,,blitz,62,Won,8/4/2018
2Vladimirovich90,2975,Kingofchess1311,2820,Black,,blitz,26,Won,8/4/2018
2Vladimirovich90,2970,Bigfish1995,2909,White,,blitz,16,Won,7/17/2018
2Vladimirovich90,2963,Bigfish1995,2916,Black,,blitz,26,Lost,7/17/2018
2Vladimirovich90,2972,Bigfish1995,2907,White,,blitz,42,Won,7/17/2018
2Vladimirovich90,2965,Bigfish1995,2914,Black,,blitz,53,Won,7/17/2018
2Vladimirovich90,2958,Bigfish1995,2921,White,,blitz,20,Won,7/17/2018
2Vladimirovich90,2951,Bigfish1995,2928,Black,,blitz,68,Won,7/17/2018
2Vladimirovich90,2943,Bigfish1995,2936,White,,blitz,49,Won,7/17/2018
2Vladimirovich90,2935,Bigfish1995,2944,Black,,blitz,48,Lost,7/17/2018
2Vladimirovich90,2943,Bigfish1995,2936,White,,blitz,89,Lost,7/17/2018
2Vladimirovich90,2952,Bigfish1995,2927,Black,,blitz,45,Lost,7/17/2018
2Vladimirovich90,2961,Bigfish1995,2918,White,,blitz,52,Won,7/17/2018
2Vladimirovich90,2954,Bigfish1995,2925,Black,,blitz,50,Won,7/17/2018
2Vladimirovich90,2946,Bigfish1995,2933,White,,blitz,74,Won,7/17/2018
2Vladimirovich90,2938,Bigfish1995,2941,Black,,blitz,57,Won,7/17/2018
2Vladimirovich90,2930,DanielNaroditsky,2920,Black,,blitz,57,Won,7/17/2018
2Vladimirovich90,2922,DanielNaroditsky,2928,White,,blitz,60,Lost,7/17/2018
2Vladimirovich90,2930,DanielNaroditsky,2920,Black,,blitz,47,Lost,7/17/2018
2Vladimirovich90,2939,DanielNaroditsky,2911,White,,blitz,51,Won,7/17/2018
2Vladimirovich90,2931,Bigfish1995,2964,White,,blitz,27,Won,7/16/2018
2Vladimirovich90,2922,Bigfish1995,2973,Black,,blitz,56,Lost,7/16/2018
2Vladimirovich90,2929,Bigfish1995,2966,White,,blitz,53,Lost,7/16/2018
2Vladimirovich90,2937,Bigfish1995,2958,Black,,blitz,43,Lost,7/16/2018
2Vladimirovich90,2945,Bigfish1995,2950,White,,blitz,32,Won,7/16/2018
2Vladimirovich90,2937,Bigfish1995,2959,Black,,blitz,48,Won,7/16/2018
2Vladimirovich90,2928,Bigfish1995,2968,White,,blitz,31,Lost,7/16/2018
2Vladimirovich90,2935,Bigfish1995,2961,Black,,blitz,61,Won,7/16/2018
2Vladimirovich90,2926,Bigfish1995,2970,White,,blitz,56,Draw,7/16/2018
2Vladimirovich90,2925,Bigfish1995,2971,Black,,blitz,65,Lost,7/16/2018
2Vladimirovich90,2932,nihalsarin,2885,White,,blitz,24,Won,7/15/2018
2Vladimirovich90,2925,AntonSmirnov,2875,White,,blitz,48,Lost,7/6/2018
2Vladimirovich90,2935,AntonSmirnov,2865,Black,,blitz,69,Draw,7/6/2018