player,player_rating,opponent,opponent_rating,side,time_control,time_category,moves,result,date
2Vladimirovich90,2957,ViIIagra,3023,Black,,bullet,32,Lost,11/7/2017
2Vladimirovich90,2986,ViIIagra,3016,White,,bullet,45,Lost,11/7/2017
2Vladimirovich90,3021,ViIIagra,3008,Black,,bullet,54,Lost,11/7/2017
2Vladimirovich90,3065,ViIIagra,2998,White,,bullet,76,Won,11/7/2017
2Vladimirovich90,3027,ViIIagra,3006,Black,,bullet,53,Lost,11/7/2017
2Vladimirovich90,3082,ViIIagra,2995,White,,bullet,24,Won,11/7/2017
2Vladimirovich90,3036,Annawel,2929,White,,bullet,57,Won,1/3/2017
2Vladimirovich90,3010,Annawel,2935,Black,,bullet,48,Won,1/3/2017
2Vladimirovich90,2979,Genghis_K,2855,White,,bullet,59,Won,5/31/2016
2Vladimirovich90,2965,Genghis_K,2861,Black,,bullet,47,Draw,5/31/2016
2Vladimirovich90,2971,Genghis_K,2858,White,,bullet,39,Won,5/31/2016
2Vladimirovich90,2955,Genghis_K,2864,Black,,bullet,38,Lost,5/31/2016
2Vladimirovich90,2986,Genghis_K,2853,White,,bullet,87,Won,5/31/2016
2Vladimirovich90,2969,Genghis_K,2859,Black,,bullet,48,Won,5/31/2016
2Vladimirovich90,2949,Genghis_K,2865,White,,bullet,42,Won,5/31/2016
2Vladimirovich90,2926,Genghis_K,2872,Black,,bullet,56,Draw,5/31/2016
2Vladimirovich90,2931,Genghis_K,2871,White,,bullet,24,Won,5/31/2016
2Vladimirovich90,2901,Boryboy,2650,Black,,bullet,31,Won,10/6/2015
2Vladimirovich90,2895,Boryboy,2653,White,,bullet,4,Won,10/6/2015
2Vladimirovich90,2889,Boryboy,2656,Black,,bullet,39,Won,10/6/2015
2Vladimirovich90,2883,Boryboy,2659,White,,bullet,60,Won,10/6/2015
2Vladimirovich90,2876,Boryboy,2663,Black,,bullet,45,Draw,10/6/2015
2Vladimirovich90,2885,wonderfultime,2727,Black,,bullet,51,Won,10/6/2015
2Vladimirovich90,2875,wonderfultime,2732,White,,bullet,48,Won,10/6/2015
2Vladimirovich90,2864,wonderfultime,2737,Black,,bullet,28,Won,10/6/2015
2Vladimirovich90,2852,wonderfultime,2743,White,,bullet,28,Won,10/6/2015
2Vladimirovich90,2839,wonderfultime,2749,Black,,bullet,37,Lost,10/6/2015
2Vladimirovich90,2864,wonderfultime,2738,White,,bullet,29,Won,10/6/2015
2Vladimirovich90,2850,wonderfultime,2744,Black,,bullet,49,Won,10/6/2015
2Vladimirovich90,2834,wonderfultime,2750,White,,bullet,24,Won,10/6/2015
2Vladimirovich90,2816,talentzeker,2512,Black,,bullet,9,Won,10/6/2015
2Vladimirovich90,2809,talentzeker,2515,White,,bullet,35,Won,10/6/2015
2Vladimirovich90,2801,wonderfultime,2771,Black,,bullet,55,Lost,8/4/2015
2Vladimirovich90,2823,wonderfultime,2762,White,,bullet,45,Lost,8/4/2015
2Vladimirovich90,2848,wonderfultime,2752,Black,,bullet,57,Lost,8/4/2015
2Vladimirovich90,2876,wonderfultime,2741,White,,bullet,26,Won,8/4/2015
2Vladimirovich90,2861,wonderfultime,2746,Black,,bullet,35,Won,8/4/2015
2Vladimirovich90,2844,wonderfultime,2752,White,,bullet,44,Won,8/4/2015
2Vladimirovich90,2824,wonderfultime,2759,Black,,bullet,43,Lost,8/4/2015
2Vladimirovich90,2857,wonderfultime,2749,White,,bullet,47,Won,8/4/2015
2Vladimirovich90,2835,9ShMat2,2683,Black,,bullet,55,Lost,3/31/2015
2Vladimirovich90,2863,9ShMat2,2671,White,,bullet,48,Lost,3/31/2015
2Vladimirovich90,2893,9ShMat2,2658,Black,,bullet,43,Won,3/31/2015
2Vladimirovich90,2884,9ShMat2,2661,White,,bullet,28,Won,3/31/2015
2Vladimirovich90,2874,LyonBeast,2847,Black,,bullet,66,Draw,11/22/2014
2Vladimirovich90,2875,LyonBeast,2846,White,,bullet,25,Lost,11/22/2014
2Vladimirovich90,2887,LyonBeast,2837,Black,,bullet,43,Won,11/22/2014
2Vladimirovich90,2877,LyonBeast,2844,White,,bullet,52,Won,11/22/2014
2Vladimirovich90,2867,LyonBeast,2852,Black,,bullet,49,Draw,11/22/2014
2Vladimirovich90,2867,LyonBeast,2852,White,,bullet,26,Won,11/22/2014