player,player_rating,opponent,opponent_rating,side,time_control,time_category,moves,result,date
2Vladimirovich90,3025,DanielNaroditsky,3076,White,,blitz,35,Lost,2/10/2019
2Vladimirovich90,3032,DanielNaroditsky,3069,Black,,blitz,49,Lost,2/10/2019
2Vladimirovich90,3040,DanielNaroditsky,3061,White,,blitz,33,Won,2/10/2019
2Vladimirovich90,3031,DanielNaroditsky,3070,Black,,blitz,36,Won,2/10/2019
2Vladimirovich90,3022,DanielNaroditsky,3079,White,,blitz,34,Won,2/10/2019
2Vladimirovich90,3012,DanielNaroditsky,3089,Black,,blitz,27,Won,2/10/2019
2Vladimirovich90,3002,DanielNaroditsky,3099,White,,blitz,45,Won,2/10/2019
2Vladimirovich90,2991,GMWSO,2968,Black,,blitz,20,Won,2/9/2019
2Vladimirovich90,2983,GMWSO,2976,White,,blitz,50,Won,2/9/2019
2Vladimirovich90,2975,GMWSO,2984,Black,,blitz,28,Won,2/9/2019
2Vladimirovich90,2966,GMWSO,2993,White,,blitz,61,Lost,2/9/2019
2Vladimirovich90,2974,GMWSO,2985,Black,,blitz,22,Lost,2/9/2019
2Vladimirovich90,2982,GMWSO,2977,White,,blitz,40,Won,2/9/2019
2Vladimirovich90,2974,GMWSO,2985,Black,,blitz,54,Lost,2/9/2019
2Vladimirovich90,2982,GMWSO,2977,White,,blitz,79,Won,2/9/2019
2Vladimirovich90,2974,GMWSO,2985,Black,,blitz,40,Won,2/9/2019
2Vladimirovich90,2965,GMWSO,2994,White,,blitz,69,Draw,2/9/2019
2Vladimirovich90,2964,GMWSO,2995,Black,,blitz,21,Won,2/9/2019
2Vladimirovich90,2955,Artooooo,2863,Black,,blitz,31,Lost,2/9/2019
2Vladimirovich90,2966,Artooooo,2852,White,,blitz,24,Won,2/9/2019
2Vladimirovich90,2960,Artooooo,2858,Black,,blitz,40,Won,2/9/2019
2Vladimirovich90,2954,GMWSO,3004,White,,blitz,61,Lost,2/9/2019
2Vladimirovich90,2961,GMWSO,2997,Black,,blitz,38,Lost,2/9/2019
2Vladimirovich90,2968,GMWSO,2990,White,,blitz,63,Draw,2/9/2019
2Vladimirovich90,2967,Sharpchess22,2820,White,,blitz,39,Won,2/9/2019
2Vladimirovich90,2962,Sharpchess22,2825,Black,,blitz,21,Won,2/9/2019
2Vladimirovich90,2957,Sharpchess22,2830,White,,blitz,56,Won,2/9/2019
2Vladimirovich90,2952,Sharpchess22,2835,Black,,blitz,33,Lost,2/9/2019
2Vladimirovich90,2963,NowayJosey,2935,Black,,blitz,46,Won,2/7/2019
2Vladimirovich90,2955,NowayJosey,2943,White,,blitz,49,Won,2/7/2019
2Vladimirovich90,2947,vsuri97,2803,Black,,blitz,28,Won,2/3/2019
2Vladimirovich90,2942,Jospem,2864,Black,,blitz,94,Lost,1/22/2019
2Vladimirovich90,2952,Jospem,2854,White,,blitz,40,Won,1/22/2019
2Vladimirovich90,2946,GMWSO,3012,Black,,blitz,35,Draw,1/19/2019
2Vladimirovich90,2944,GMWSO,3014,White,,blitz,56,Draw,1/19/2019
2Vladimirovich90,2942,GMWSO,3016,Black,,blitz,39,Lost,1/19/2019
2Vladimirovich90,2949,GMWSO,3009,White,,blitz,34,Won,1/19/2019
2Vladimirovich90,2939,GMWSO,3019,Black,,blitz,35,Lost,1/19/2019
2Vladimirovich90,2946,GMWSO,3012,White,,blitz,24,Lost,1/19/2019
2Vladimirovich90,2953,GMWSO,3005,Black,,blitz,26,Won,1/19/2019
2Vladimirovich90,2943,GMWSO,3015,White,,blitz,51,Won,1/19/2019
2Vladimirovich90,2933,GMWSO,3025,Black,,blitz,56,Lost,1/19/2019
2Vladimirovich90,2939,GMWSO,3019,White,,blitz,20,Won,1/19/2019
2Vladimirovich90,2929,GMWSO,3029,Black,,blitz,48,Lost,1/19/2019
2Vladimirovich90,2935,GMWSO,3023,White,,blitz,31,Lost,1/19/2019
2Vladimirovich90,2941,GMWSO,3017,Black,,blitz,100,Draw,1/19/2019
2Vladimirovich90,2939,GMWSO,3019,White,,blitz,38,Lost,1/19/2019
2Vladimirovich90,2946,GMWSO,3012,Black,,blitz,46,Draw,1/19/2019
2Vladimirovich90,2944,GMWSO,3014,White,,blitz,60,Draw,1/19/2019
2Vladimirovich90,2942,GMWSO,3016,Black,,blitz,41,Lost,1/19/2019