player,player_rating,opponent,opponent_rating,side,time_control,time_category,moves,result,date
2Vladimirovich90,2721,tigra,2403,White,3|2,blitz,44,Won,2/2/2016
2Vladimirovich90,2717,E-Shaposhnikov,2500,White,3|2,blitz,43,Won,2/2/2016
2Vladimirovich90,2711,Matibar,2523,Black,3|2,blitz,25,Lost,2/2/2016
2Vladimirovich90,2732,Dr-Bassem,2469,White,3|2,blitz,49,Draw,2/2/2016
2Vladimirovich90,2741,BahadirOzen,2523,Black,3|2,blitz,45,Lost,2/2/2016
2Vladimirovich90,2763,Smirnov_Pavel,2531,White,3|2,blitz,71,Won,2/2/2016
2Vladimirovich90,2757,tac49,2459,White,3|2,blitz,36,Won,2/2/2016
2Vladimirovich90,2752,LADIESGET2KNOWME,2333,Black,3|2,blitz,33,Won,2/2/2016
2Vladimirovich90,2749,Computer1-EASY,1166,White,3|2,blitz,29,Won,2/2/2016
2Vladimirovich90,2749,Smirnov_Pavel,2376,Black,3|2,blitz,78,Won,1/6/2016
2Vladimirovich90,2746,GrigorGrigorov,2513,White,3|2,blitz,28,Won,1/6/2016
2Vladimirovich90,2740,Rekcul,2407,White,3|2,blitz,58,Won,1/6/2016
2Vladimirovich90,2736,cheese111,2260,White,3|2,blitz,28,Won,1/6/2016
2Vladimirovich90,2734,HansCoolNiemann,2230,White,3|2,blitz,45,Won,1/6/2016
2Vladimirovich90,2732,chessdude,2361,Black,3|2,blitz,63,Lost,1/6/2016
2Vladimirovich90,2757,Silent_Terror,2421,Black,3|2,blitz,55,Draw,1/6/2016
2Vladimirovich90,2769,MasterLeif,2372,White,3|2,blitz,71,Draw,1/6/2016
2Vladimirovich90,2780,cool64chess,2223,Black,3|2,blitz,55,Won,1/6/2016
2Vladimirovich90,2779,AlexanderL,2588,Black,3|2,blitz,58,Lost,1/5/2016
2Vladimirovich90,2801,Anton_Demchenko,2678,White,3|2,blitz,119,Won,1/5/2016
2Vladimirovich90,2791,nijat_a,2687,Black,3|2,blitz,26,Won,1/5/2016
2Vladimirovich90,2779,LyonBeast,2779,White,3|2,blitz,51,Won,1/5/2016
2Vladimirovich90,2762,Hikaru,2894,White,3|2,blitz,48,Won,1/5/2016
2Vladimirovich90,2738,Fandorine,2546,Black,3|2,blitz,40,Won,1/5/2016
2Vladimirovich90,2729,yurisolo,2467,White,3|2,blitz,33,Won,1/5/2016
2Vladimirovich90,2722,Vorenus_Lucius,2403,Black,3|2,blitz,47,Won,1/5/2016
2Vladimirovich90,2715,motivated_bishop,2266,White,3|2,blitz,41,Won,1/5/2016
2Vladimirovich90,2712,Dlugy,2572,White,3|2,blitz,33,Won,11/3/2015
2Vladimirovich90,2703,jcibarra,2529,Black,3|2,blitz,34,Won,11/3/2015
2Vladimirovich90,2695,AlexanderL,2576,Black,3|2,blitz,54,Lost,11/3/2015
2Vladimirovich90,2715,Fandorine,2540,White,3|2,blitz,47,Won,11/3/2015
2Vladimirovich90,2706,GGuseinov,2541,White,3|2,blitz,33,Won,11/3/2015
2Vladimirovich90,2697,AleksandrNevski,2319,Black,3|2,blitz,28,Won,11/3/2015
2Vladimirovich90,2694,GrigorGrigorov,2442,Black,3|2,blitz,47,Draw,11/3/2015
2Vladimirovich90,2704,Nefedov_Sergey,2381,White,3|2,blitz,62,Draw,11/3/2015
2Vladimirovich90,2716,BIG_Pirate,2267,White,3|2,blitz,57,Won,11/3/2015
2Vladimirovich90,2713,Gannikus21,2490,Black,3 min,blitz,32,Draw,11/3/2015
2Vladimirovich90,2723,Gannikus21,2485,White,3 min,blitz,25,Won,11/3/2015
2Vladimirovich90,2715,IMRosen,2252,White,3|2,blitz,34,Won,10/6/2015
2Vladimirovich90,2713,1stSecond,2410,White,3|2,blitz,68,Won,10/6/2015
2Vladimirovich90,2708,Tal-Baronfew,2756,Black,3|2,blitz,46,Lost,10/6/2015
2Vladimirovich90,2723,SenseiJulio,2600,Black,3|2,blitz,45,Won,10/6/2015
2Vladimirovich90,2710,Dlugy,2563,White,3|2,blitz,68,Draw,10/6/2015
2Vladimirovich90,2717,Rekcul,2357,Black,3|2,blitz,41,Won,10/6/2015
2Vladimirovich90,2713,tac49,2464,Black,3|2,blitz,23,Won,10/6/2015
2Vladimirovich90,2705,facu57,2490,White,3|2,blitz,56,Draw,10/6/2015
2Vladimirovich90,2716,kleinebeer98,2276,White,3|2,blitz,33,Won,10/6/2015
2Vladimirovich90,2713,HansCoolNiemann,2112,Black,3|2,blitz,43,Won,9/1/2015
2Vladimirovich90,2712,REALBIZOO,2529,White,3|2,blitz,28,Won,9/1/2015
2Vladimirovich90,2702,Krutoy123,2217,Black,3|2,blitz,66,Draw,9/1/2015