player,player_rating,opponent,opponent_rating,side,time_control,time_category,moves,result,date
2Vladimirovich90,2867,Indianlad,2780,White,,blitz,30,Lost,3/28/2018
2Vladimirovich90,2877,Indianlad,2743,Black,,blitz,21,Won,3/27/2018
2Vladimirovich90,2872,Indianlad,2748,White,,blitz,53,Won,3/27/2018
2Vladimirovich90,2866,Indianlad,2753,Black,,blitz,31,Won,3/27/2018
2Vladimirovich90,2860,Indianlad,2759,White,,blitz,76,Won,3/27/2018
2Vladimirovich90,2854,Indianlad,2765,Black,,blitz,32,Won,3/27/2018
2Vladimirovich90,2848,Indianlad,2771,White,,blitz,63,Draw,3/27/2018
2Vladimirovich90,2850,Firouzja2003,2771,White,,blitz,25,Lost,3/24/2018
2Vladimirovich90,2860,Firouzja2003,2761,Black,,blitz,51,Lost,3/24/2018
2Vladimirovich90,2871,Firouzja2003,2750,White,,blitz,51,Won,3/24/2018
2Vladimirovich90,2865,Firouzja2003,2756,Black,,blitz,45,Won,3/24/2018
2Vladimirovich90,2859,Lunaticx,2800,White,,blitz,42,Won,3/24/2018
2Vladimirovich90,2852,Lunaticx,2807,Black,,blitz,54,Won,3/24/2018
2Vladimirovich90,2845,abhijeetgupta1016,2778,White,,blitz,56,Lost,3/23/2018
2Vladimirovich90,2855,abhijeetgupta1016,2768,Black,,blitz,69,Won,3/23/2018
2Vladimirovich90,2849,abhijeetgupta1016,2774,White,,blitz,66,Won,3/23/2018
2Vladimirovich90,2842,abhijeetgupta1016,2781,Black,,blitz,57,Draw,3/23/2018
2Vladimirovich90,2843,abhijeetgupta1016,2780,White,,blitz,40,Won,3/23/2018
2Vladimirovich90,2836,abhijeetgupta1016,2787,Black,,blitz,33,Won,3/23/2018
2Vladimirovich90,2829,Mykola-Bortnyk,2755,Black,,blitz,21,Won,3/23/2018
2Vladimirovich90,2822,Mykola-Bortnyk,2762,White,,blitz,30,Won,3/23/2018
2Vladimirovich90,2815,Mykola-Bortnyk,2769,Black,,blitz,19,Won,3/23/2018
2Vladimirovich90,2808,Mykola-Bortnyk,2776,White,,blitz,28,Won,3/23/2018
2Vladimirovich90,2800,Mykola-Bortnyk,2784,Black,,blitz,41,Lost,3/23/2018
2Vladimirovich90,2809,Mykola-Bortnyk,2775,White,,blitz,42,Won,3/23/2018
2Vladimirovich90,2801,Mykola-Bortnyk,2783,Black,,blitz,40,Won,3/23/2018
2Vladimirovich90,2793,Lunaticx,2691,White,,blitz,21,Won,3/20/2018
2Vladimirovich90,2787,Lunaticx,2697,Black,,blitz,49,Draw,3/20/2018
2Vladimirovich90,2789,Lunaticx,2695,White,,blitz,35,Won,3/20/2018
2Vladimirovich90,2783,Lunaticx,2701,Black,,blitz,31,Won,3/20/2018
2Vladimirovich90,2777,Lunaticx,2707,White,,blitz,38,Won,3/20/2018
2Vladimirovich90,2770,Lunaticx,2714,Black,,blitz,21,Won,3/20/2018
2Vladimirovich90,2763,Lunaticx,2721,White,,blitz,39,Won,3/19/2018
2Vladimirovich90,2756,Lunaticx,2728,Black,,blitz,17,Lost,3/19/2018
2Vladimirovich90,2765,Lunaticx,2719,White,,blitz,58,Draw,3/19/2018
2Vladimirovich90,2766,Lunaticx,2718,Black,,blitz,30,Lost,3/19/2018
2Vladimirovich90,2776,Lunaticx,2708,White,,blitz,40,Won,3/19/2018
2Vladimirovich90,2768,Lunaticx,2715,Black,,blitz,17,Won,3/19/2018
2Vladimirovich90,2760,Lunaticx,2722,White,,blitz,26,Won,3/19/2018
2Vladimirovich90,2751,Lunaticx,2729,Black,,blitz,35,Lost,3/19/2018
2Vladimirovich90,2762,Indianlad,2712,Black,,blitz,37,Lost,3/19/2018
2Vladimirovich90,2774,Indianlad,2702,White,,blitz,43,Draw,3/19/2018
2Vladimirovich90,2776,Indianlad,2700,Black,,blitz,51,Won,3/19/2018
2Vladimirovich90,2767,Indianlad,2707,White,,blitz,18,Won,3/19/2018
2Vladimirovich90,2758,Indianlad,2714,Black,,blitz,79,Won,3/19/2018
2Vladimirovich90,2748,Indianlad,2721,White,,blitz,31,Won,3/19/2018
2Vladimirovich90,2737,MaximDlugy,2688,Black,,blitz,31,Won,3/19/2018
2Vladimirovich90,2726,MaximDlugy,2695,White,,blitz,30,Won,3/19/2018
2Vladimirovich90,2714,MaximDlugy,2703,Black,,blitz,24,Won,3/19/2018
2Vladimirovich90,2701,GrigorGrigorov,2592,Black,,blitz,38,Won,3/17/2018