player,player_rating,opponent,opponent_rating,side,time_control,time_category,moves,result,date
2Vladimirovich90,2727,kleinebeer98,2463,Black,,blitz,23,Won,8/1/2017
2Vladimirovich90,2723,viggi38,2378,White,,blitz,30,Won,8/1/2017
2Vladimirovich90,2720,Annawel,2738,White,,blitz,46,Lost,8/1/2017
2Vladimirovich90,2731,Annawel,2729,Black,,blitz,24,Won,8/1/2017
2Vladimirovich90,2719,Lunaticx,2645,White,,blitz,28,Lost,8/1/2017
2Vladimirovich90,2733,MichaelRoiz,2745,White,,blitz,63,Draw,8/1/2017
2Vladimirovich90,2733,DrTancredi,2794,White,,blitz,71,Won,8/1/2017
2Vladimirovich90,2718,DrTancredi,2804,Black,,blitz,74,Lost,8/1/2017
2Vladimirovich90,2728,DrTancredi,2798,White,,blitz,16,Won,8/1/2017
2Vladimirovich90,2712,DrTancredi,2808,Black,,blitz,32,Lost,8/1/2017
2Vladimirovich90,2722,AkshatChandra,2678,Black,,blitz,93,Draw,7/4/2017
2Vladimirovich90,2723,gena217,2666,Black,,blitz,28,Won,7/4/2017
2Vladimirovich90,2711,SergeiAza,2722,White,,blitz,31,Draw,7/4/2017
2Vladimirovich90,2711,BilodeauA,2634,Black,,blitz,64,Draw,7/4/2017
2Vladimirovich90,2714,dalmatinac101,2629,White,,blitz,46,Won,7/4/2017
2Vladimirovich90,2703,A-Fier,2557,White,,blitz,102,Won,7/4/2017
2Vladimirovich90,2695,JeffReinberg,2524,Black,,blitz,63,Draw,7/4/2017
2Vladimirovich90,2703,Rodalquilar,2541,White,,blitz,19,Won,7/4/2017
2Vladimirovich90,2695,ChessQueen,2503,White,,blitz,44,Won,7/4/2017
2Vladimirovich90,2687,Vamostodorecto,2327,Black,,blitz,44,Won,7/4/2017
2Vladimirovich90,2683,Yaacovn,2639,White,,blitz,76,Draw,7/4/2017
2Vladimirovich90,2685,Yaacovn,2638,Black,,blitz,79,Lost,7/4/2017
2Vladimirovich90,2704,GeorgMeier,2727,White,,blitz,58,Lost,4/11/2017
2Vladimirovich90,2713,Kacparov,2611,Black,,blitz,69,Won,4/11/2017
2Vladimirovich90,2706,jefferyx,2618,White,,blitz,27,Won,4/11/2017
2Vladimirovich90,2698,Marcus_Harvey,2513,Black,,blitz,35,Won,4/11/2017
2Vladimirovich90,2693,itsFelix,2241,White,,blitz,34,Won,4/11/2017
2Vladimirovich90,2692,chesstatour,1949,White,,blitz,27,Won,4/11/2017
2Vladimirovich90,2692,maciek_92,2523,Black,,blitz,39,Lost,4/11/2017
2Vladimirovich90,2707,Cayse,2609,White,,blitz,59,Lost,4/11/2017
2Vladimirovich90,2720,ViIIagra,2490,Black,,blitz,40,Won,4/11/2017
2Vladimirovich90,2715,TheNextLevelFan,2379,White,,blitz,78,Won,4/11/2017
2Vladimirovich90,2712,Hikaru,2936,Black,,blitz,25,Lost,4/11/2017
2Vladimirovich90,2717,Hikaru,2932,White,,blitz,36,Lost,4/11/2017
2Vladimirovich90,2722,Hikaru,2928,Black,,blitz,27,Lost,4/11/2017
2Vladimirovich90,2727,Hikaru,2924,White,,blitz,32,Lost,4/11/2017
2Vladimirovich90,2733,Hikaru,2920,Black,,blitz,36,Lost,4/11/2017
2Vladimirovich90,2739,Fandorine,2652,Black,,blitz,63,Won,4/4/2017
2Vladimirovich90,2730,SergeiAza,2634,White,,blitz,50,Won,4/4/2017
2Vladimirovich90,2721,Buffy7,2535,White,,blitz,25,Won,4/4/2017
2Vladimirovich90,2715,justantan,2158,Black,,blitz,74,Won,4/4/2017
2Vladimirovich90,2714,platy3,2631,Black,,blitz,30,Lost,4/4/2017
2Vladimirovich90,2730,evgenyermolaev,2384,White,,blitz,38,Won,4/4/2017
2Vladimirovich90,2727,ZEN-22,2337,Black,,blitz,50,Won,4/4/2017
2Vladimirovich90,2724,Gabix_94,2510,White,,blitz,70,Draw,4/4/2017
2Vladimirovich90,2731,donotreadit,2499,White,,blitz,55,Draw,4/4/2017
2Vladimirovich90,2739,shmuliker,2353,Black,,blitz,35,Won,4/4/2017
2Vladimirovich90,2736,Jospem,2540,Black,,blitz,36,Won,2/19/2017
2Vladimirovich90,2731,Jospem,2544,White,,blitz,38,Won,2/19/2017
2Vladimirovich90,2726,underdogchss,2458,White,,blitz,18,Lost,2/7/2017