player,player_rating,opponent,opponent_rating,side,time_control,time_category,moves,result,date
2Vladimirovich90,2671,LyonBeast,2748,Black,5|1,blitz,3,Won,11/22/2014
2Vladimirovich90,2643,LyonBeast,2759,White,5|1,blitz,33,Lost,11/22/2014
2Vladimirovich90,2660,LyonBeast,2753,Black,5|1,blitz,45,Won,11/22/2014
2Vladimirovich90,2628,LyonBeast,2765,White,5|1,blitz,40,Lost,11/22/2014
2Vladimirovich90,2645,LyonBeast,2759,Black,5|1,blitz,52,Lost,11/22/2014
2Vladimirovich90,2665,LiemLe,2588,White,3|1,blitz,76,Draw,5/3/2014
2Vladimirovich90,2667,LiemLe,2586,Black,3|1,blitz,58,Won,5/3/2014
2Vladimirovich90,2658,LiemLe,2593,White,3|1,blitz,39,Won,5/3/2014
2Vladimirovich90,2649,LiemLe,2601,Black,3|1,blitz,42,Draw,5/3/2014
2Vladimirovich90,2651,LiemLe,2600,White,3|1,blitz,35,Won,5/3/2014
2Vladimirovich90,2641,LiemLe,2609,Black,3|1,blitz,70,Draw,5/3/2014
2Vladimirovich90,2642,LiemLe,2608,White,3|1,blitz,68,Draw,5/3/2014
2Vladimirovich90,2643,LiemLe,2607,Black,3|1,blitz,37,Won,5/3/2014
2Vladimirovich90,2631,LiemLe,2617,White,3|1,blitz,43,Won,5/3/2014
2Vladimirovich90,2618,LiemLe,2628,White,5|1,blitz,48,Won,5/3/2014
2Vladimirovich90,2603,LiemLe,2640,Black,5|1,blitz,62,Won,5/3/2014
2Vladimirovich90,2587,LiemLe,2653,White,5|1,blitz,67,Draw,5/3/2014
2Vladimirovich90,2584,LiemLe,2655,Black,5|1,blitz,28,Won,5/3/2014
2Vladimirovich90,2565,LiemLe,2670,White,5|1,blitz,21,Won,5/3/2014
2Vladimirovich90,2543,LiemLe,2687,Black,5|1,blitz,28,Won,5/3/2014
2Vladimirovich90,2519,LiemLe,2706,White,5|1,blitz,23,Won,5/3/2014
2Vladimirovich90,2493,LiemLe,2726,Black,5|1,blitz,43,Draw,5/3/2014
2Vladimirovich90,2483,LiemLe,2734,White,5|1,blitz,70,Lost,5/3/2014
2Vladimirovich90,2491,riazimadni,2354,White,3 min,blitz,46,Lost,1/4/2014
2Vladimirovich90,2502,biostatistician,2272,White,3 min,blitz,34,Won,1/2/2014
2Vladimirovich90,2498,biostatistician,2275,Black,3 min,blitz,45,Won,1/2/2014
2Vladimirovich90,2494,biostatistician,2279,White,3 min,blitz,36,Lost,1/2/2014
2Vladimirovich90,2507,IM_Michal_Luch,2301,White,3 min,blitz,26,Won,12/13/2013
2Vladimirovich90,2503,IM_Michal_Luch,2310,Black,3 min,blitz,50,Won,12/13/2013
2Vladimirovich90,2499,ChessTrener,2348,Black,3 min,blitz,52,Won,12/11/2013
2Vladimirovich90,2494,ChessTrener,2353,White,3 min,blitz,40,Won,12/11/2013
2Vladimirovich90,2489,LADIESGET2KNOWME,2285,Black,3 min,blitz,19,Won,12/11/2013
2Vladimirovich90,2485,LADIESGET2KNOWME,2291,White,3 min,blitz,42,Won,12/11/2013
2Vladimirovich90,2481,LADIESGET2KNOWME,2298,Black,3 min,blitz,13,Won,12/11/2013
2Vladimirovich90,2477,LADIESGET2KNOWME,2306,White,3 min,blitz,49,Won,12/11/2013
2Vladimirovich90,2472,smurfo,2432,Black,3 min,blitz,31,Won,12/6/2013
2Vladimirovich90,2465,Spartakus1975,2382,White,3 min,blitz,27,Won,12/6/2013
2Vladimirovich90,2459,Spartakus1975,2388,Black,3 min,blitz,24,Lost,12/6/2013
2Vladimirovich90,2469,Spartakus1975,2378,White,3 min,blitz,64,Won,12/6/2013
2Vladimirovich90,2463,Spartakus1975,2384,Black,3 min,blitz,47,Won,12/6/2013
2Vladimirovich90,2456,Hakamanes,2362,White,3 min,blitz,50,Won,12/3/2013
2Vladimirovich90,2450,ameet100,2271,White,3 min,blitz,30,Won,12/1/2013
2Vladimirovich90,2446,ameet100,2277,Black,3 min,blitz,41,Won,12/1/2013
2Vladimirovich90,2441,ameet100,2283,White,3 min,blitz,43,Won,12/1/2013
2Vladimirovich90,2436,ameet100,2289,Black,3 min,blitz,40,Won,12/1/2013
2Vladimirovich90,2431,ameet100,2296,White,3 min,blitz,43,Won,12/1/2013
2Vladimirovich90,2426,ameet100,2304,Black,3 min,blitz,29,Won,12/1/2013
2Vladimirovich90,2420,ameet100,2312,White,3 min,blitz,67,Draw,12/1/2013
2Vladimirovich90,2423,TigerGenov,2311,Black,3 min,blitz,25,Won,12/1/2013
2Vladimirovich90,2417,ddnos,2227,Black,3 min,blitz,30,Won,11/30/2013