player,player_rating,opponent,opponent_rating,side,time_control,time_category,moves,result,date
2Vladimirovich90,2951,johnathan113,2766,White,,bullet,48,Draw,3/23/2018
2Vladimirovich90,2956,johnathan113,2762,Black,,bullet,40,Won,3/23/2018
2Vladimirovich90,2951,johnathan113,2766,White,,bullet,48,Won,3/23/2018
2Vladimirovich90,2946,johnathan113,2770,Black,,bullet,27,Won,3/23/2018
2Vladimirovich90,2940,johnathan113,2774,White,,bullet,48,Draw,3/23/2018
2Vladimirovich90,2945,johnathan113,2770,Black,,bullet,40,Won,3/23/2018
2Vladimirovich90,2939,Shant_Sargsyan,2853,White,,bullet,65,Draw,3/21/2018
2Vladimirovich90,2942,Shant_Sargsyan,2851,Black,,bullet,73,Draw,3/21/2018
2Vladimirovich90,2945,Lunaticx,2739,White,,bullet,64,Won,3/20/2018
2Vladimirovich90,2940,Lunaticx,2743,Black,,bullet,56,Won,3/20/2018
2Vladimirovich90,2934,Lunaticx,2748,White,,bullet,26,Won,3/20/2018
2Vladimirovich90,2928,Lunaticx,2753,Black,,bullet,28,Won,3/20/2018
2Vladimirovich90,2921,Lunaticx,2758,White,,bullet,74,Lost,3/20/2018
2Vladimirovich90,2939,Lunaticx,2744,Black,,bullet,58,Won,3/20/2018
2Vladimirovich90,2932,wonderfultime,2926,White,,bullet,42,Lost,3/17/2018
2Vladimirovich90,2945,wonderfultime,2917,Black,,bullet,28,Lost,3/17/2018
2Vladimirovich90,2960,wonderfultime,2908,White,,bullet,27,Won,3/17/2018
2Vladimirovich90,2948,wonderfultime,2915,Black,,bullet,44,Draw,3/17/2018
2Vladimirovich90,2949,wonderfultime,2914,White,,bullet,53,Lost,3/17/2018
2Vladimirovich90,2966,wonderfultime,2905,Black,,bullet,32,Lost,3/17/2018
2Vladimirovich90,2985,wonderfultime,2895,White,,bullet,26,Won,3/17/2018
2Vladimirovich90,2972,wonderfultime,2901,Black,,bullet,19,Won,3/17/2018
2Vladimirovich90,2958,wonderfultime,2908,White,,bullet,50,Won,3/17/2018
2Vladimirovich90,2942,wonderfultime,2915,Black,,bullet,62,Draw,3/17/2018
2Vladimirovich90,2943,wonderfultime,2914,White,,bullet,28,Won,3/17/2018
2Vladimirovich90,2924,wonderfultime,2922,Black,,bullet,81,Draw,3/17/2018
2Vladimirovich90,2924,Annawel,2874,White,,bullet,17,Won,11/29/2017
2Vladimirovich90,2914,Annawel,2881,Black,,bullet,61,Won,11/29/2017
2Vladimirovich90,2903,Annawel,2889,White,,bullet,46,Lost,11/29/2017
2Vladimirovich90,2916,Annawel,2880,Black,,bullet,50,Won,11/29/2017
2Vladimirovich90,2904,Annawel,2888,White,,bullet,34,Lost,11/29/2017
2Vladimirovich90,2918,Annawel,2879,Black,,bullet,59,Lost,11/29/2017
2Vladimirovich90,2933,Annawel,2870,White,,bullet,16,Won,11/29/2017
2Vladimirovich90,2921,Annawel,2877,Black,,bullet,62,Lost,11/29/2017
2Vladimirovich90,2938,Annawel,2867,White,,bullet,53,Lost,11/29/2017
2Vladimirovich90,2956,Annawel,2857,Black,,bullet,31,Won,11/29/2017
2Vladimirovich90,2944,Annawel,2863,White,,bullet,47,Won,11/29/2017
2Vladimirovich90,2931,Annawel,2870,Black,,bullet,64,Lost,11/29/2017
2Vladimirovich90,2951,Annawel,2860,White,,bullet,20,Won,11/29/2017
2Vladimirovich90,2937,Annawel,2866,Black,,bullet,16,Won,11/29/2017
2Vladimirovich90,2922,Annawel,2873,White,,bullet,38,Won,11/29/2017
2Vladimirovich90,2904,Annawel,2880,Black,,bullet,43,Won,11/29/2017
2Vladimirovich90,2884,GeorgMeier,2789,White,,bullet,21,Lost,11/29/2017
2Vladimirovich90,2912,GeorgMeier,2778,Black,,bullet,75,Lost,11/29/2017
2Vladimirovich90,2944,DanielNaroditsky,2924,Black,,bullet,45,Lost,11/7/2017
2Vladimirovich90,2968,DanielNaroditsky,2915,White,,bullet,38,Lost,11/7/2017
2Vladimirovich90,2996,ViIIagra,3012,Black,,bullet,20,Won,11/7/2017
2Vladimirovich90,2969,ViIIagra,3021,White,,bullet,76,Lost,11/7/2017
2Vladimirovich90,2993,ViIIagra,3013,Black,,bullet,78,Draw,11/7/2017
2Vladimirovich90,2991,ViIIagra,3014,White,,bullet,26,Won,11/7/2017