player,player_rating,opponent,opponent_rating,side,time_control,time_category,moves,result,date
2Vladimirovich90,3002,manudavid,2801,Black,,bullet,55,Lost,8/21/2018
2Vladimirovich90,3019,manudavid,2788,White,,bullet,27,Won,8/21/2018
2Vladimirovich90,3014,manudavid,2791,Black,,bullet,52,Won,8/21/2018
2Vladimirovich90,3009,manudavid,2795,White,,bullet,61,Draw,8/21/2018
2Vladimirovich90,3015,manudavid,2790,Black,,bullet,48,Won,8/21/2018
2Vladimirovich90,3010,manudavid,2794,White,,bullet,26,Won,8/21/2018
2Vladimirovich90,3004,manudavid,2798,Black,,bullet,70,Lost,8/21/2018
2Vladimirovich90,3024,manudavid,2785,White,,bullet,36,Won,8/21/2018
2Vladimirovich90,3019,manudavid,2788,Black,,bullet,18,Won,8/21/2018
2Vladimirovich90,3013,GHANDEEVAM2003,2833,White,,bullet,54,Lost,8/21/2018
2Vladimirovich90,3033,GHANDEEVAM2003,2821,Black,,bullet,38,Lost,8/21/2018
2Vladimirovich90,3055,Firouzja2003,3017,Black,,bullet,50,Won,7/3/2018
2Vladimirovich90,3046,Firouzja2003,3025,White,,bullet,21,Won,7/3/2018
2Vladimirovich90,3036,Firouzja2003,3033,Black,,bullet,16,Won,7/3/2018
2Vladimirovich90,3026,Firouzja2003,3041,White,,bullet,30,Lost,7/3/2018
2Vladimirovich90,3036,Firouzja2003,3033,Black,,bullet,36,Won,7/3/2018
2Vladimirovich90,3025,Firouzja2003,3041,White,,bullet,70,Won,7/3/2018
2Vladimirovich90,3013,Firouzja2003,3050,Black,,bullet,27,Lost,7/3/2018
2Vladimirovich90,3024,wonderfultime,2958,White,,bullet,31,Lost,6/12/2018
2Vladimirovich90,3036,wonderfultime,2948,Black,,bullet,24,Won,6/12/2018
2Vladimirovich90,3028,wonderfultime,2954,White,,bullet,59,Won,6/12/2018
2Vladimirovich90,3020,wonderfultime,2961,Black,,bullet,38,Won,6/12/2018
2Vladimirovich90,3011,wonderfultime,2968,White,,bullet,21,Won,6/12/2018
2Vladimirovich90,3001,wonderfultime,2975,Black,,bullet,55,Draw,6/12/2018
2Vladimirovich90,3002,ARMCOMPOSER,2872,Black,,bullet,67,Won,5/2/2018
2Vladimirovich90,2997,ARMCOMPOSER,2877,White,,bullet,25,Won,5/2/2018
2Vladimirovich90,2991,ARMCOMPOSER,2883,Black,,bullet,42,Won,5/2/2018
2Vladimirovich90,2985,ARMCOMPOSER,2889,White,,bullet,42,Won,5/2/2018
2Vladimirovich90,2979,ARMCOMPOSER,2895,Black,,bullet,25,Won,5/2/2018
2Vladimirovich90,2972,ARMCOMPOSER,2901,White,,bullet,37,Won,5/2/2018
2Vladimirovich90,2965,ARMCOMPOSER,2908,Black,,bullet,42,Lost,5/2/2018
2Vladimirovich90,2975,ARMCOMPOSER,2898,White,,bullet,51,Draw,5/2/2018
2Vladimirovich90,2977,ARMCOMPOSER,2896,Black,,bullet,30,Won,5/2/2018
2Vladimirovich90,2970,ARMCOMPOSER,2902,White,,bullet,26,Won,5/2/2018
2Vladimirovich90,2962,ARMCOMPOSER,2909,Black,,bullet,23,Draw,5/2/2018
2Vladimirovich90,2963,ARMCOMPOSER,2908,White,,bullet,35,Won,5/2/2018
2Vladimirovich90,2954,ARMCOMPOSER,2915,Black,,bullet,36,Draw,5/2/2018
2Vladimirovich90,2955,Firouzja2003,2907,White,,bullet,26,Won,4/7/2018
2Vladimirovich90,2948,Firouzja2003,2914,Black,,bullet,28,Lost,4/7/2018
2Vladimirovich90,2957,Firouzja2003,2905,White,,bullet,33,Won,4/7/2018
2Vladimirovich90,2950,Firouzja2003,2912,Black,,bullet,20,Won,4/7/2018
2Vladimirovich90,2942,Firouzja2003,2919,White,,bullet,56,Won,4/7/2018
2Vladimirovich90,2933,Firouzja2003,2927,Black,,bullet,68,Lost,4/7/2018
2Vladimirovich90,2943,Firouzja2003,2918,White,,bullet,29,Lost,4/7/2018
2Vladimirovich90,2953,Firouzja2003,2909,Black,,bullet,43,Won,4/7/2018
2Vladimirovich90,2944,Firouzja2003,2916,White,,bullet,59,Lost,4/7/2018
2Vladimirovich90,2955,Firouzja2003,2907,Black,,bullet,45,Won,4/7/2018
2Vladimirovich90,2946,xxysoul6,2761,Black,,bullet,32,Lost,3/24/2018
2Vladimirovich90,2960,xxysoul6,2749,White,,bullet,29,Won,3/24/2018
2Vladimirovich90,2956,xxysoul6,2753,Black,,bullet,54,Won,3/24/2018