player,player_rating,opponent,opponent_rating,side,time_control,time_category,moves,result,date
2Vladimirovich90,3032,erichansen,3007,White,,bullet,62,Won,3/26/2019
2Vladimirovich90,3024,erichansen,3015,Black,,bullet,64,Lost,3/26/2019
2Vladimirovich90,3033,erichansen,3006,White,,bullet,31,Lost,3/26/2019
2Vladimirovich90,3042,erichansen,2997,Black,,bullet,52,Lost,3/26/2019
2Vladimirovich90,3051,erichansen,2988,White,,bullet,57,Lost,3/26/2019
2Vladimirovich90,3061,erichansen,2978,Black,,bullet,34,Won,3/26/2019
2Vladimirovich90,3055,erichansen,2984,White,,bullet,28,Lost,3/26/2019
2Vladimirovich90,3065,erichansen,2974,Black,,bullet,20,Won,3/26/2019
2Vladimirovich90,3059,erichansen,2980,White,,bullet,27,Won,3/26/2019
2Vladimirovich90,3053,erichansen,2986,Black,,bullet,50,Lost,3/26/2019
2Vladimirovich90,3063,erichansen,2976,White,,bullet,58,Lost,3/26/2019
2Vladimirovich90,3073,erichansen,2966,Black,,bullet,57,Won,3/26/2019
2Vladimirovich90,3067,erichansen,2972,White,,bullet,52,Won,3/26/2019
2Vladimirovich90,3061,erichansen,2978,Black,,bullet,69,Draw,3/26/2019
2Vladimirovich90,3063,erichansen,2976,White,,bullet,38,Lost,3/26/2019
2Vladimirovich90,3073,erichansen,2966,Black,,bullet,14,Won,3/26/2019
2Vladimirovich90,3067,erichansen,2972,White,,bullet,30,Won,3/26/2019
2Vladimirovich90,3061,erichansen,2978,Black,,bullet,25,Won,3/26/2019
2Vladimirovich90,3055,erichansen,2984,White,,bullet,58,Lost,3/26/2019
2Vladimirovich90,3065,erichansen,2974,Black,,bullet,59,Won,3/26/2019
2Vladimirovich90,3059,erichansen,2980,White,,bullet,60,Lost,3/26/2019
2Vladimirovich90,3069,erichansen,2970,Black,,bullet,42,Won,3/26/2019
2Vladimirovich90,3063,penguingm1,3067,White,,bullet,37,Won,3/15/2019
2Vladimirovich90,3054,penguingm1,3076,Black,,bullet,29,Won,3/15/2019
2Vladimirovich90,3045,penguingm1,3085,White,,bullet,66,Draw,3/15/2019
2Vladimirovich90,3044,penguingm1,3086,Black,,bullet,50,Lost,3/15/2019
2Vladimirovich90,3051,penguingm1,3079,White,,bullet,46,Won,3/15/2019
2Vladimirovich90,3042,penguingm1,3088,Black,,bullet,23,Won,3/15/2019
2Vladimirovich90,3033,penguingm1,3097,White,,bullet,20,Won,3/15/2019
2Vladimirovich90,3023,penguingm1,3107,Black,,bullet,40,Won,3/15/2019
2Vladimirovich90,3013,penguingm1,3117,White,,bullet,33,Won,3/15/2019
2Vladimirovich90,3002,penguingm1,3128,Black,,bullet,80,Lost,3/15/2019
2Vladimirovich90,3007,penguingm1,3123,White,,bullet,54,Lost,3/15/2019
2Vladimirovich90,3013,penguingm1,3117,Black,,bullet,15,Won,3/15/2019
2Vladimirovich90,3002,penguingm1,3128,White,,bullet,25,Lost,3/15/2019
2Vladimirovich90,3007,penguingm1,3123,Black,,bullet,64,Lost,3/15/2019
2Vladimirovich90,3013,penguingm1,3117,White,,bullet,54,Won,3/15/2019
2Vladimirovich90,3002,penguingm1,3128,Black,,bullet,23,Lost,3/15/2019
2Vladimirovich90,3007,penguingm1,3123,White,,bullet,23,Lost,3/15/2019
2Vladimirovich90,3013,penguingm1,3117,Black,,bullet,23,Lost,3/15/2019
2Vladimirovich90,3019,penguingm1,3111,White,,bullet,34,Lost,3/15/2019
2Vladimirovich90,3025,penguingm1,3105,Black,,bullet,46,Won,3/15/2019
2Vladimirovich90,3015,penguingm1,3115,White,,bullet,29,Lost,3/15/2019
2Vladimirovich90,3021,penguingm1,3109,Black,,bullet,44,Lost,3/15/2019
2Vladimirovich90,3027,penguingm1,3103,White,,bullet,42,Lost,3/15/2019
2Vladimirovich90,3034,penguingm1,3096,Black,,bullet,46,Lost,3/15/2019
2Vladimirovich90,3041,penguingm1,3089,White,,bullet,37,Lost,3/15/2019
2Vladimirovich90,3048,penguingm1,3082,Black,,bullet,44,Lost,3/15/2019
2Vladimirovich90,3056,penguingm1,3074,White,,bullet,34,Lost,3/15/2019
2Vladimirovich90,3064,penguingm1,3066,Black,,bullet,25,Won,3/15/2019