player,player_rating,opponent,opponent_rating,side,time_control,time_category,moves,result,date
2Vladimirovich90,2946,Duhless,2990,White,,blitz,73,Won,1/14/2019
2Vladimirovich90,2937,Duhless,2999,Black,,blitz,28,Draw,1/14/2019
2Vladimirovich90,2936,Duhless,3000,White,,blitz,17,Lost,1/14/2019
2Vladimirovich90,2943,Duhless,2993,White,,blitz,52,Won,1/14/2019
2Vladimirovich90,2933,Kriari,2860,Black,,blitz,111,Won,1/14/2019
2Vladimirovich90,2926,Kriari,2867,White,,blitz,48,Draw,1/14/2019
2Vladimirovich90,2927,Kriari,2866,Black,,blitz,26,Won,1/14/2019
2Vladimirovich90,2920,Kriari,2873,White,,blitz,51,Lost,1/14/2019
2Vladimirovich90,2930,Kriari,2863,Black,,blitz,53,Won,1/14/2019
2Vladimirovich90,2923,Kriari,2870,White,,blitz,49,Lost,1/14/2019
2Vladimirovich90,2933,Kriari,2860,Black,,blitz,49,Lost,1/14/2019
2Vladimirovich90,2943,Kriari,2850,White,,blitz,27,Won,1/14/2019
2Vladimirovich90,2937,Kriari,2856,Black,,blitz,26,Won,1/14/2019
2Vladimirovich90,2931,Mykola-Bortnyk,2823,Black,,blitz,56,Won,1/14/2019
2Vladimirovich90,2925,Mykola-Bortnyk,2829,White,,blitz,59,Won,1/14/2019
2Vladimirovich90,2919,Mykola-Bortnyk,2835,Black,,blitz,40,Won,1/14/2019
2Vladimirovich90,2913,Mykola-Bortnyk,2841,White,,blitz,36,Won,1/14/2019
2Vladimirovich90,2906,Mykola-Bortnyk,2848,Black,,blitz,59,Lost,1/14/2019
2Vladimirovich90,2916,Mykola-Bortnyk,2838,White,,blitz,34,Won,1/14/2019
2Vladimirovich90,2909,Kriari,2862,White,,blitz,78,Lost,1/14/2019
2Vladimirovich90,2918,Kriari,2853,Black,,blitz,35,Lost,1/14/2019
2Vladimirovich90,2928,Kriari,2843,White,,blitz,21,Won,1/14/2019
2Vladimirovich90,2922,Kriari,2849,Black,,blitz,23,Won,1/14/2019
2Vladimirovich90,2915,Artooooo,2807,White,,blitz,21,Lost,1/12/2019
2Vladimirovich90,2926,Firouzja2003,2986,Black,,blitz,35,Lost,1/10/2019
2Vladimirovich90,2933,Firouzja2003,2979,White,,blitz,30,Lost,1/10/2019
2Vladimirovich90,2940,lachesisQ,2965,White,,blitz,76,Draw,11/24/2018
2Vladimirovich90,2939,lachesisQ,2966,Black,,blitz,37,Lost,11/24/2018
2Vladimirovich90,2947,lachesisQ,2958,White,,blitz,47,Lost,11/24/2018
2Vladimirovich90,2955,lachesisQ,2950,Black,,blitz,34,Lost,11/24/2018
2Vladimirovich90,2964,lachesisQ,2941,White,,blitz,67,Lost,11/24/2018
2Vladimirovich90,2973,lachesisQ,2932,Black,,blitz,75,Won,11/24/2018
2Vladimirovich90,2966,lachesisQ,2939,White,,blitz,28,Won,11/24/2018
2Vladimirovich90,2958,lachesisQ,2947,Black,,blitz,79,Lost,11/24/2018
2Vladimirovich90,2967,lachesisQ,2938,White,,blitz,32,Lost,11/24/2018
2Vladimirovich90,2976,lachesisQ,2929,Black,,blitz,50,Lost,11/24/2018
2Vladimirovich90,2986,lachesisQ,2919,White,,blitz,37,Lost,11/24/2018
2Vladimirovich90,2996,lachesisQ,2909,Black,,blitz,24,Won,11/24/2018
2Vladimirovich90,2990,lachesisQ,2915,White,,blitz,54,Won,11/24/2018
2Vladimirovich90,2983,Hikaru,3069,Black,,blitz,27,Lost,11/17/2018
2Vladimirovich90,2989,Hikaru,3063,White,,blitz,63,Lost,11/17/2018
2Vladimirovich90,2996,Hikaru,3056,Black,,blitz,59,Won,11/17/2018
2Vladimirovich90,2986,Hikaru,3066,White,,blitz,26,Won,11/16/2018
2Vladimirovich90,2976,GMharikrishna,2824,White,,blitz,30,Won,11/16/2018
2Vladimirovich90,2971,GMharikrishna,2829,Black,,blitz,32,Won,11/16/2018
2Vladimirovich90,2966,GMharikrishna,2834,White,,blitz,40,Won,11/16/2018
2Vladimirovich90,2961,GMharikrishna,2839,Black,,blitz,22,Won,11/16/2018
2Vladimirovich90,2955,MichaelRoiz,2905,White,,blitz,31,Won,11/16/2018
2Vladimirovich90,2948,MichaelRoiz,2912,Black,,blitz,63,Won,11/16/2018
2Vladimirovich90,2940,MichaelRoiz,2920,White,,blitz,36,Won,11/16/2018