player,player_rating,opponent,opponent_rating,side,time_control,time_category,moves,result,date
2Vladimirovich90,2987,nihalsarin,2830,White,,bullet,16,Won,1/13/2019
2Vladimirovich90,2982,nihalsarin,2835,Black,,bullet,34,Won,1/13/2019
2Vladimirovich90,2976,nihalsarin,2840,White,,bullet,21,Won,1/13/2019
2Vladimirovich90,2970,nihalsarin,2845,Black,,bullet,54,Won,1/13/2019
2Vladimirovich90,2964,Killtrochess,2919,White,,bullet,55,Draw,11/22/2018
2Vladimirovich90,2965,Killtrochess,2918,Black,,bullet,28,Lost,11/22/2018
2Vladimirovich90,2975,Killtrochess,2908,White,,bullet,50,Lost,11/22/2018
2Vladimirovich90,2985,Killtrochess,2898,Black,,bullet,20,Won,11/22/2018
2Vladimirovich90,2979,Killtrochess,2904,White,,bullet,18,Won,11/22/2018
2Vladimirovich90,2972,Killtrochess,2911,Black,,bullet,23,Lost,11/22/2018
2Vladimirovich90,2982,Killtrochess,2901,White,,bullet,30,Won,11/22/2018
2Vladimirovich90,2976,Killtrochess,2907,Black,,bullet,51,Lost,11/22/2018
2Vladimirovich90,2986,Killtrochess,2897,White,,bullet,24,Won,11/22/2018
2Vladimirovich90,2980,Killtrochess,2903,Black,,bullet,16,Lost,11/22/2018
2Vladimirovich90,2990,Killtrochess,2893,White,,bullet,31,Lost,11/22/2018
2Vladimirovich90,3001,Killtrochess,2882,Black,,bullet,55,Won,11/22/2018
2Vladimirovich90,2995,Killtrochess,2888,White,,bullet,30,Won,11/22/2018
2Vladimirovich90,2989,Killtrochess,2894,Black,,bullet,27,Won,11/22/2018
2Vladimirovich90,2983,Killtrochess,2900,White,,bullet,37,Lost,11/22/2018
2Vladimirovich90,2993,Killtrochess,2890,Black,,bullet,69,Won,11/22/2018
2Vladimirovich90,2987,Killtrochess,2896,White,,bullet,63,Draw,11/22/2018
2Vladimirovich90,2989,Killtrochess,2894,Black,,bullet,18,Won,11/22/2018
2Vladimirovich90,2983,wonderfultime,2946,White,,bullet,36,Lost,11/19/2018
2Vladimirovich90,2992,wonderfultime,2937,Black,,bullet,22,Draw,11/19/2018
2Vladimirovich90,2993,wonderfultime,2936,White,,bullet,9,Won,11/19/2018
2Vladimirovich90,2986,wonderfultime,2943,Black,,bullet,73,Won,11/19/2018
2Vladimirovich90,2979,wonderfultime,2950,White,,bullet,59,Lost,11/19/2018
2Vladimirovich90,2988,wonderfultime,2941,Black,,bullet,44,Lost,11/19/2018
2Vladimirovich90,2997,wonderfultime,2932,White,,bullet,48,Lost,11/19/2018
2Vladimirovich90,3007,wonderfultime,2922,Black,,bullet,49,Lost,11/19/2018
2Vladimirovich90,3017,wonderfultime,2912,White,,bullet,44,Won,11/19/2018
2Vladimirovich90,3011,wonderfultime,2918,Black,,bullet,21,Won,11/19/2018
2Vladimirovich90,3005,wonderfultime,2924,White,,bullet,31,Lost,11/19/2018
2Vladimirovich90,3015,wonderfultime,2914,Black,,bullet,42,Won,11/19/2018
2Vladimirovich90,3009,wonderfultime,2920,White,,bullet,60,Won,11/19/2018
2Vladimirovich90,3003,wonderfultime,2926,Black,,bullet,58,Lost,11/19/2018
2Vladimirovich90,3013,wonderfultime,2916,White,,bullet,25,Won,11/19/2018
2Vladimirovich90,3007,wonderfultime,2922,Black,,bullet,65,Draw,11/16/2018
2Vladimirovich90,3009,wonderfultime,2920,White,,bullet,46,Draw,11/16/2018
2Vladimirovich90,3011,wonderfultime,2918,Black,,bullet,47,Won,11/16/2018
2Vladimirovich90,3005,wonderfultime,2924,White,,bullet,33,Won,11/16/2018
2Vladimirovich90,2999,wonderfultime,2930,Black,,bullet,44,Won,11/16/2018
2Vladimirovich90,2992,wonderfultime,2937,White,,bullet,56,Lost,11/16/2018
2Vladimirovich90,3002,wonderfultime,2927,Black,,bullet,18,Won,11/16/2018
2Vladimirovich90,2995,wonderfultime,2934,White,,bullet,39,Won,11/16/2018
2Vladimirovich90,2988,wonderfultime,2941,Black,,bullet,39,Lost,11/16/2018
2Vladimirovich90,2998,wonderfultime,2931,White,,bullet,59,Draw,11/16/2018
2Vladimirovich90,3000,wonderfultime,2929,Black,,bullet,34,Won,11/16/2018
2Vladimirovich90,2993,Firouzja2003,3100,Black,,bullet,42,Lost,11/14/2018
2Vladimirovich90,3000,Firouzja2003,3094,White,,bullet,40,Lost,11/14/2018