player,player_rating,opponent,opponent_rating,side,time_control,time_category,moves,result,date
2Vladimirovich90,2691,GrigorGrigorov,2598,White,,blitz,17,Won,3/17/2018
2Vladimirovich90,2680,Jospem,2706,Black,,blitz,28,Lost,3/6/2018
2Vladimirovich90,2693,Jospem,2698,White,,blitz,53,Lost,3/6/2018
2Vladimirovich90,2707,Jospem,2690,Black,,blitz,42,Won,3/6/2018
2Vladimirovich90,2693,Jospem,2698,White,,blitz,31,Won,3/6/2018
2Vladimirovich90,2677,thewallofchess,2406,White,,blitz,1,Lost,2/6/2018
2Vladimirovich90,2698,popov_m,2454,White,,blitz,0,Lost,2/6/2018
2Vladimirovich90,2719,DrDoom94,2372,Black,,blitz,1,Won,2/6/2018
2Vladimirovich90,2716,igorkovalenko,2848,Black,,blitz,49,Lost,2/6/2018
2Vladimirovich90,2725,igorkovalenko,2843,White,,blitz,27,Lost,2/6/2018
2Vladimirovich90,2735,LawrenceTrent,2394,White,,blitz,13,Won,1/2/2018
2Vladimirovich90,2732,ZapataCharlesS,2648,Black,,blitz,28,Lost,1/2/2018
2Vladimirovich90,2746,ChessQueen,2647,White,,blitz,62,Draw,1/2/2018
2Vladimirovich90,2749,GGuseinov,2722,Black,,blitz,70,Lost,1/2/2018
2Vladimirovich90,2762,TheFlaminGM,2678,Black,,blitz,26,Won,1/2/2018
2Vladimirovich90,2752,jeden94,2435,White,,blitz,21,Won,1/2/2018
2Vladimirovich90,2748,Korchmar_Vasiliy,2531,Black,,blitz,46,Won,1/2/2018
2Vladimirovich90,2742,Nigmatov,2523,Black,,blitz,31,Won,1/2/2018
2Vladimirovich90,2736,chidori_boruto,2526,White,,blitz,59,Draw,1/2/2018
2Vladimirovich90,2743,chessking2151,2403,Black,,blitz,71,Won,1/2/2018
2Vladimirovich90,2739,Sam_ChessMood,2653,Black,,blitz,31,Won,12/19/2017
2Vladimirovich90,2729,Sam_ChessMood,2659,White,,blitz,35,Lost,12/19/2017
2Vladimirovich90,2745,Sam_ChessMood,2649,Black,,blitz,36,Won,12/19/2017
2Vladimirovich90,2735,Sam_ChessMood,2655,White,,blitz,26,Lost,12/19/2017
2Vladimirovich90,2753,Genghis_K,2697,White,,blitz,46,Lost,11/7/2017
2Vladimirovich90,2766,Tobi-Wan-Kenobi,2522,White,,blitz,71,Lost,11/7/2017
2Vladimirovich90,2784,renatoterrylujan,2646,Black,,blitz,23,Draw,11/7/2017
2Vladimirovich90,2788,Dr-Bassem,2606,White,,blitz,46,Won,11/7/2017
2Vladimirovich90,2782,VitaliyBernadskiy,2576,White,,blitz,38,Won,11/7/2017
2Vladimirovich90,2776,michaelq2d5,2642,Black,,blitz,70,Draw,11/7/2017
2Vladimirovich90,2780,LaStreetCmaMaison,2595,White,,blitz,36,Won,11/7/2017
2Vladimirovich90,2773,ZapataCharlesS,2523,Black,,blitz,71,Won,11/7/2017
2Vladimirovich90,2768,Margency,2528,Black,,blitz,61,Draw,11/7/2017
2Vladimirovich90,2776,PositionalGenius,2422,White,,blitz,29,Won,11/7/2017
2Vladimirovich90,2773,chipmunknau,2458,Black,,blitz,0,Draw,11/7/2017
2Vladimirovich90,2783,popov_m,2452,White,,blitz,4,Draw,11/7/2017
2Vladimirovich90,2793,Anton_Demchenko,2675,White,,blitz,59,Won,11/7/2017
2Vladimirovich90,2783,Anton_Demchenko,2681,Black,,blitz,44,Won,11/7/2017
2Vladimirovich90,2772,Anton_Demchenko,2687,White,,blitz,28,Won,11/7/2017
2Vladimirovich90,2760,Anton_Demchenko,2694,Black,,blitz,48,Won,11/7/2017
2Vladimirovich90,2746,mukhin1,2700,Black,,blitz,48,Lost,11/7/2017
2Vladimirovich90,2765,mukhin1,2690,White,,blitz,70,Won,11/7/2017
2Vladimirovich90,2751,Witik,2586,Black,,blitz,49,Won,8/1/2017
2Vladimirovich90,2746,AlphaRatel,2602,White,,blitz,54,Won,8/1/2017
2Vladimirovich90,2740,sergiochess83,2678,Black,,blitz,25,Lost,8/1/2017
2Vladimirovich90,2751,TigranLPetrosyan,2743,White,,blitz,32,Won,8/1/2017
2Vladimirovich90,2741,Sebastian,2796,Black,,blitz,63,Draw,8/1/2017
2Vladimirovich90,2739,lukas_111111,2424,White,,blitz,31,Won,8/1/2017
2Vladimirovich90,2736,krzyzan94,2542,Black,,blitz,31,Won,8/1/2017
2Vladimirovich90,2731,DavidMarkosyan,2500,White,,blitz,25,Won,8/1/2017