player,player_rating,opponent,opponent_rating,side,time_control,time_category,moves,result,date
2Vladimirovich90,2937,AntonSmirnov,2863,White,,blitz,44,Won,7/6/2018
2Vladimirovich90,2930,AntonSmirnov,2870,Black,,blitz,57,Draw,7/6/2018
2Vladimirovich90,2931,AntonSmirnov,2869,White,,blitz,21,Won,7/6/2018
2Vladimirovich90,2924,AntonSmirnov,2876,Black,,blitz,74,Draw,7/6/2018
2Vladimirovich90,2925,Kriari,2725,White,,blitz,28,Won,7/6/2018
2Vladimirovich90,2921,Kriari,2729,Black,,blitz,47,Won,7/6/2018
2Vladimirovich90,2917,Parhamov,2774,Black,,blitz,89,Draw,7/3/2018
2Vladimirovich90,2920,penguingm1,2786,White,,blitz,106,Draw,7/3/2018
2Vladimirovich90,2923,ficorrales,2675,White,,blitz,53,Won,7/3/2018
2Vladimirovich90,2920,djogrodek1,2500,Black,,blitz,25,Won,7/3/2018
2Vladimirovich90,2919,Kaphrep,2667,White,,blitz,19,Won,7/3/2018
2Vladimirovich90,2916,Rickstereo,2173,Black,,blitz,15,Won,7/3/2018
2Vladimirovich90,2916,Bauxi435,2431,White,,blitz,22,Won,7/3/2018
2Vladimirovich90,2915,moro182,2620,Black,,blitz,31,Lost,7/3/2018
2Vladimirovich90,2929,Goala,2429,White,,blitz,21,Won,7/3/2018
2Vladimirovich90,2928,volodja49,2462,Black,,blitz,38,Draw,7/3/2018
2Vladimirovich90,2935,Kriari,2903,White,,blitz,22,Lost,6/12/2018
2Vladimirovich90,2944,Kriari,2894,Black,,blitz,30,Won,6/12/2018
2Vladimirovich90,2937,Kriari,2901,White,,blitz,41,Lost,6/12/2018
2Vladimirovich90,2946,Kriari,2892,Black,,blitz,31,Won,6/12/2018
2Vladimirovich90,2939,TigranLPetrosyan,2830,Black,,blitz,52,Lost,6/5/2018
2Vladimirovich90,2950,Fandorine,2736,White,,blitz,40,Won,6/5/2018
2Vladimirovich90,2946,Infernal_XaM,2765,Black,,blitz,66,Lost,6/5/2018
2Vladimirovich90,2958,maximlavrov,2480,White,,blitz,53,Won,6/5/2018
2Vladimirovich90,2957,kleinebeer98,2480,Black,,blitz,24,Won,6/5/2018
2Vladimirovich90,2956,GadimbayliA,2490,White,,blitz,49,Draw,6/5/2018
2Vladimirovich90,2963,LornerAcosta,2312,Black,,blitz,35,Won,6/5/2018
2Vladimirovich90,2963,Godzillator,2243,White,,blitz,52,Won,6/5/2018
2Vladimirovich90,2963,Matibar,2618,Black,,blitz,46,Draw,6/5/2018
2Vladimirovich90,2969,ChainsOfFantasia,2427,White,,blitz,26,Won,6/5/2018
2Vladimirovich90,2968,Buffy7,2747,White,,blitz,51,Won,5/21/2018
2Vladimirovich90,2964,Buffy7,2751,Black,,blitz,41,Won,5/21/2018
2Vladimirovich90,2960,Shant_Sargsyan,2889,Black,,blitz,27,Won,5/7/2018
2Vladimirovich90,2953,Shant_Sargsyan,2896,White,,blitz,33,Won,5/7/2018
2Vladimirovich90,2946,Shant_Sargsyan,2903,Black,,blitz,67,Won,5/7/2018
2Vladimirovich90,2939,Shant_Sargsyan,2910,White,,blitz,47,Draw,5/7/2018
2Vladimirovich90,2940,Shant_Sargsyan,2909,Black,,blitz,23,Draw,5/7/2018
2Vladimirovich90,2941,Shant_Sargsyan,2908,White,,blitz,53,Won,5/7/2018
2Vladimirovich90,2933,Shant_Sargsyan,2916,Black,,blitz,40,Lost,5/7/2018
2Vladimirovich90,2942,Shant_Sargsyan,2907,White,,blitz,69,Won,5/7/2018
2Vladimirovich90,2934,Shant_Sargsyan,2915,Black,,blitz,96,Lost,5/7/2018
2Vladimirovich90,2943,Shant_Sargsyan,2906,White,,blitz,64,Draw,5/7/2018
2Vladimirovich90,2944,Shant_Sargsyan,2905,Black,,blitz,25,Won,5/7/2018
2Vladimirovich90,2937,Shant_Sargsyan,2912,White,,blitz,50,Won,5/7/2018
2Vladimirovich90,2929,Shant_Sargsyan,2920,Black,,blitz,24,Draw,5/7/2018
2Vladimirovich90,2929,Kriari,2846,White,,blitz,30,Won,5/5/2018
2Vladimirovich90,2923,Kriari,2852,Black,,blitz,23,Won,5/5/2018
2Vladimirovich90,2916,Kriari,2859,White,,blitz,21,Won,5/5/2018
2Vladimirovich90,2909,Kriari,2866,Black,,blitz,26,Won,5/5/2018
2Vladimirovich90,2902,Kriari,2873,White,,blitz,56,Won,5/5/2018