player,player_rating,opponent,opponent_rating,side,time_control,time_category,moves,result,date
2Vladimirovich90,2928,Jbd735,2465,White,,blitz,28,Won,11/6/2018
2Vladimirovich90,2927,limitlesss9,2845,White,,blitz,43,Won,11/4/2018
2Vladimirovich90,2921,limitlesss9,2851,Black,,blitz,63,Lost,11/4/2018
2Vladimirovich90,2931,Bigfish1995,2961,Black,,blitz,43,Draw,11/3/2018
2Vladimirovich90,2930,Bigfish1995,2962,White,,blitz,35,Won,11/3/2018
2Vladimirovich90,2921,Bigfish1995,2971,Black,,blitz,52,Draw,11/3/2018
2Vladimirovich90,2920,Bigfish1995,2972,White,,blitz,31,Won,11/3/2018
2Vladimirovich90,2910,Bigfish1995,2982,Black,,blitz,85,Lost,11/3/2018
2Vladimirovich90,2917,Bigfish1995,2975,White,,blitz,102,Draw,11/3/2018
2Vladimirovich90,2916,SmirnovAA,2354,White,,blitz,32,Won,11/3/2018
2Vladimirovich90,2915,SmirnovAA,2357,Black,,blitz,23,Won,11/3/2018
2Vladimirovich90,2914,Bigfish1995,3014,Black,,blitz,39,Lost,11/1/2018
2Vladimirovich90,2920,Bigfish1995,3008,White,,blitz,27,Lost,11/1/2018
2Vladimirovich90,2926,Bigfish1995,3002,Black,,blitz,34,Lost,11/1/2018
2Vladimirovich90,2933,Bigfish1995,2995,White,,blitz,41,Won,11/1/2018
2Vladimirovich90,2923,Bigfish1995,3005,Black,,blitz,43,Draw,11/1/2018
2Vladimirovich90,2921,Bigfish1995,3007,White,,blitz,44,Lost,11/1/2018
2Vladimirovich90,2927,Firouzja2003,2878,Black,,blitz,35,Won,10/11/2018
2Vladimirovich90,2920,Firouzja2003,2885,White,,blitz,36,Draw,10/11/2018
2Vladimirovich90,2921,Firouzja2003,2884,Black,,blitz,23,Won,10/11/2018
2Vladimirovich90,2914,Shtembuliak,2827,Black,,blitz,27,Lost,10/1/2018
2Vladimirovich90,2924,Shtembuliak,2817,White,,blitz,18,Won,10/1/2018
2Vladimirovich90,2918,Shtembuliak,2823,Black,,blitz,57,Lost,10/1/2018
2Vladimirovich90,2929,Shtembuliak,2812,White,,blitz,33,Lost,10/1/2018
2Vladimirovich90,2940,Shtembuliak,2801,Black,,blitz,22,Won,10/1/2018
2Vladimirovich90,2935,Bigfish1995,2941,Black,,blitz,46,Draw,9/28/2018
2Vladimirovich90,2935,Bigfish1995,2941,White,,blitz,39,Lost,9/28/2018
2Vladimirovich90,2943,Bigfish1995,2933,Black,,blitz,34,Lost,9/28/2018
2Vladimirovich90,2952,Bigfish1995,2924,White,,blitz,40,Lost,9/28/2018
2Vladimirovich90,2961,Bigfish1995,2915,Black,,blitz,66,Draw,9/28/2018
2Vladimirovich90,2962,Bigfish1995,2914,White,,blitz,34,Won,9/28/2018
2Vladimirovich90,2955,Bigfish1995,2921,Black,,blitz,14,Won,9/28/2018
2Vladimirovich90,2947,Bigfish1995,2929,White,,blitz,41,Lost,9/28/2018
2Vladimirovich90,2956,Andreikka,2924,White,,blitz,40,Lost,9/28/2018
2Vladimirovich90,2965,Andreikka,2915,Black,,blitz,54,Draw,9/28/2018
2Vladimirovich90,2966,Andreikka,2914,White,,blitz,59,Lost,9/28/2018
2Vladimirovich90,2976,MaximDlugy,2903,White,,blitz,41,Draw,9/27/2018
2Vladimirovich90,2977,MaximDlugy,2902,Black,,blitz,66,Draw,9/27/2018
2Vladimirovich90,2978,MaximDlugy,2901,White,,blitz,43,Draw,9/27/2018
2Vladimirovich90,2979,Andreikka,2817,Black,,blitz,38,Won,9/19/2018
2Vladimirovich90,2974,Andreikka,2822,White,,blitz,32,Won,9/19/2018
2Vladimirovich90,2969,Andreikka,2827,Black,,blitz,63,Won,9/19/2018
2Vladimirovich90,2964,Andreikka,2832,White,,blitz,58,Won,9/19/2018
2Vladimirovich90,2959,wonderfultime,2856,White,,blitz,37,Won,9/18/2018
2Vladimirovich90,2953,wonderfultime,2862,Black,,blitz,42,Won,9/18/2018
2Vladimirovich90,2947,Margvela90,2769,White,,blitz,41,Draw,9/15/2018
2Vladimirovich90,2951,Margvela90,2765,Black,,blitz,21,Won,9/15/2018
2Vladimirovich90,2947,Bigfish1995,2919,Black,,blitz,38,Lost,9/15/2018
2Vladimirovich90,2956,Bigfish1995,2910,White,,blitz,45,Lost,9/15/2018
2Vladimirovich90,2965,Bigfish1995,2901,Black,,blitz,41,Won,9/15/2018