player,player_rating,opponent,opponent_rating,side,time_control,time_category,moves,result,date
2Vladimirovich90,2718,AlexanderL,2506,White,3|2,blitz,36,Won,9/1/2015
2Vladimirovich90,2709,facu57,2468,Black,3|2,blitz,43,Draw,9/1/2015
2Vladimirovich90,2721,MattyDPerrine,2253,Black,3|2,blitz,26,Won,9/1/2015
2Vladimirovich90,2718,kubrick28,2470,Black,3|2,blitz,65,Draw,9/1/2015
2Vladimirovich90,2730,zmaj23,2394,White,3|2,blitz,92,Draw,9/1/2015
2Vladimirovich90,2745,LADIESGET2KNOWME,2257,White,3|2,blitz,28,Won,9/1/2015
2Vladimirovich90,2742,Genghis_K,2587,White,3|2,blitz,83,Won,8/4/2015
2Vladimirovich90,2730,Cruel_Yaro,2509,White,3|2,blitz,61,Won,8/4/2015
2Vladimirovich90,2721,Tal-Baronfew,2816,Black,3|2,blitz,26,Lost,8/4/2015
2Vladimirovich90,2739,Storne89,2503,Black,3|2,blitz,39,Won,8/4/2015
2Vladimirovich90,2729,erichansen,2486,White,3|2,blitz,29,Won,8/4/2015
2Vladimirovich90,2719,Fh2411,2160,Black,3|2,blitz,38,Won,8/4/2015
2Vladimirovich90,2717,Chesseducation4u,2487,White,3|2,blitz,56,Lost,8/4/2015
2Vladimirovich90,2756,Keaton87,2436,White,3|2,blitz,39,Won,8/4/2015
2Vladimirovich90,2748,MattyDPerrine,2241,Black,3|2,blitz,29,Won,8/4/2015
2Vladimirovich90,2745,BIG_Pirate,2263,Black,3|2,blitz,58,Won,8/4/2015
2Vladimirovich90,2742,Gannikus21,2417,Black,3 min,blitz,57,Won,8/4/2015
2Vladimirovich90,2734,Gannikus21,2421,White,3 min,blitz,43,Won,8/4/2015
2Vladimirovich90,2725,Gannikus21,2426,Black,3 min,blitz,18,Won,8/4/2015
2Vladimirovich90,2691,162a54f5d,2305,White,3|2,blitz,0,Draw,1/27/2015
2Vladimirovich90,2701,LexySexy,2701,Black,3|2,blitz,0,Lost,1/27/2015
2Vladimirovich90,2715,REALBIZOO,2563,Black,3|2,blitz,55,Draw,1/27/2015
2Vladimirovich90,2721,Tilicheev_Viacheslav,2506,White,3|2,blitz,56,Won,1/27/2015
2Vladimirovich90,2714,guillead1,2398,Black,3|2,blitz,68,Won,1/27/2015
2Vladimirovich90,2710,pKiLz5Rn9b,2270,White,3|2,blitz,34,Won,1/27/2015
2Vladimirovich90,2708,Sebastian,2533,White,3|2,blitz,36,Won,12/30/2014
2Vladimirovich90,2701,Imre91,2540,White,3|2,blitz,32,Won,12/30/2014
2Vladimirovich90,2694,davopetr,2576,Black,3|2,blitz,54,Draw,12/30/2014
2Vladimirovich90,2698,Gevorg_Harutjunyan,2451,Black,3|2,blitz,38,Lost,12/30/2014
2Vladimirovich90,2720,ameet100,2411,White,3|2,blitz,36,Won,12/30/2014
2Vladimirovich90,2716,VovAn1991,2424,Black,3|2,blitz,28,Won,12/30/2014
2Vladimirovich90,2711,David_Klein,2369,White,3|2,blitz,29,Won,12/30/2014
2Vladimirovich90,2707,DanielRensch,2344,Black,3|2,blitz,45,Won,12/30/2014
2Vladimirovich90,2704,DrHolmes13,2206,White,3|2,blitz,58,Won,12/30/2014
2Vladimirovich90,2702,amirsose,2435,White,3 min,blitz,46,Won,12/30/2014
2Vladimirovich90,2696,amirsose,2438,Black,3 min,blitz,36,Won,12/30/2014
2Vladimirovich90,2690,LyonBeast,2735,Black,3|1,blitz,47,Won,11/22/2014
2Vladimirovich90,2676,LyonBeast,2745,White,3|1,blitz,61,Draw,11/22/2014
2Vladimirovich90,2674,LyonBeast,2747,Black,3|1,blitz,29,Lost,11/22/2014
2Vladimirovich90,2685,LyonBeast,2740,White,3|1,blitz,37,Lost,11/22/2014
2Vladimirovich90,2697,LyonBeast,2733,Black,3|1,blitz,31,Won,11/22/2014
2Vladimirovich90,2681,LyonBeast,2742,White,3|1,blitz,54,Lost,11/22/2014
2Vladimirovich90,2693,LyonBeast,2735,Black,3|1,blitz,60,Won,11/22/2014
2Vladimirovich90,2676,LyonBeast,2745,White,3|1,blitz,36,Won,11/22/2014
2Vladimirovich90,2657,LyonBeast,2755,Black,3|1,blitz,34,Lost,11/22/2014
2Vladimirovich90,2669,LyonBeast,2749,White,3|1,blitz,13,Lost,11/22/2014
2Vladimirovich90,2683,LyonBeast,2742,Black,3|1,blitz,67,Lost,11/22/2014
2Vladimirovich90,2699,LyonBeast,2735,White,5|1,blitz,48,Won,11/22/2014
2Vladimirovich90,2678,LyonBeast,2745,Black,5|1,blitz,25,Lost,11/22/2014
2Vladimirovich90,2695,LyonBeast,2738,White,5|1,blitz,54,Won,11/22/2014