player,player_rating,opponent,opponent_rating,side,time_control,time_category,moves,result,date
2Vladimirovich90,2727,Petrosian-Davit,2445,Black,,bullet,53,Won,1/4/2014
2Vladimirovich90,2717,ExceptionallyDubious,2426,White,,bullet,36,Won,1/2/2014
2Vladimirovich90,2707,ExceptionallyDubious,2429,Black,,bullet,53,Lost,1/2/2014
2Vladimirovich90,2756,ExceptionallyDubious,2415,White,,bullet,28,Won,1/2/2014
2Vladimirovich90,2748,ExceptionallyDubious,2417,Black,,bullet,15,Won,1/2/2014
2Vladimirovich90,2739,PhysioTherapist,2355,White,,bullet,71,Lost,1/2/2014
2Vladimirovich90,2798,PhysioTherapist,2340,Black,,bullet,41,Won,1/2/2014
2Vladimirovich90,2793,SEMPAl,2657,Black,,bullet,37,Lost,12/14/2013
2Vladimirovich90,2840,ChessTrener,2583,White,,bullet,21,Won,12/11/2013
2Vladimirovich90,2825,ChessTrener,2586,Black,,bullet,43,Won,12/11/2013
2Vladimirovich90,2808,ChessTrener,2590,White,,bullet,27,Won,12/11/2013
2Vladimirovich90,2788,ChessTrener,2594,Black,,bullet,16,Won,12/11/2013
2Vladimirovich90,2764,ChessTrener,2598,White,,bullet,30,Won,12/11/2013
2Vladimirovich90,2734,Under-Rated,2338,White,,bullet,44,Won,12/11/2013
2Vladimirovich90,2722,Under-Rated,2340,Black,,bullet,32,Won,12/11/2013
2Vladimirovich90,2708,Under-Rated,2342,White,,bullet,23,Won,12/11/2013
2Vladimirovich90,2692,Under-Rated,2344,Black,,bullet,53,Won,12/11/2013
2Vladimirovich90,2673,bugsbunny444,2390,White,,bullet,20,Won,12/3/2013
2Vladimirovich90,2646,bugsbunny444,2393,Black,,bullet,19,Won,12/3/2013
2Vladimirovich90,2610,bugsbunny444,2397,White,,bullet,37,Won,12/3/2013
2Vladimirovich90,2560,bugsbunny444,2402,Black,,bullet,43,Won,12/3/2013
2Vladimirovich90,2486,Ustat,2420,Black,,bullet,25,Won,12/3/2013
2Vladimirovich90,2360,thecheesykid,2193,White,,bullet,33,Won,12/1/2013
2Vladimirovich90,2236,thecheesykid,2200,Black,,bullet,35,Won,12/1/2013