player,player_rating,opponent,opponent_rating,side,time_control,time_category,moves,result,date
2Vladimirovich90,3056,Firouzja2003,3064,Black,,bullet,33,Lost,3/15/2019
2Vladimirovich90,3064,Firouzja2003,3056,White,,bullet,17,Won,3/15/2019
2Vladimirovich90,3056,Firouzja2003,3064,Black,,bullet,25,Won,3/15/2019
2Vladimirovich90,3047,Firouzja2003,3073,White,,bullet,51,Won,3/15/2019
2Vladimirovich90,3038,Firouzja2003,3082,Black,,bullet,58,Lost,3/15/2019
2Vladimirovich90,3045,Firouzja2003,3075,White,,bullet,15,Won,3/15/2019
2Vladimirovich90,3036,Firouzja2003,3084,Black,,bullet,47,Lost,3/15/2019
2Vladimirovich90,3043,Firouzja2003,3077,White,,bullet,27,Lost,3/15/2019
2Vladimirovich90,3051,limitlesss9,2903,White,,bullet,19,Won,2/18/2019
2Vladimirovich90,3046,limitlesss9,2908,Black,,bullet,30,Won,2/18/2019
2Vladimirovich90,3041,limitlesss9,2914,White,,bullet,37,Lost,2/18/2019
2Vladimirovich90,3052,limitlesss9,2901,Black,,bullet,38,Won,2/18/2019
2Vladimirovich90,3047,limitlesss9,2907,White,,bullet,25,Won,2/18/2019
2Vladimirovich90,3042,limitlesss9,2913,Black,,bullet,45,Won,2/18/2019
2Vladimirovich90,3037,Firouzja2003,3162,Black,,bullet,27,Lost,2/11/2019
2Vladimirovich90,3042,Firouzja2003,3157,White,,bullet,28,Won,2/11/2019
2Vladimirovich90,3031,Firouzja2003,3168,Black,,bullet,29,Lost,2/11/2019
2Vladimirovich90,3036,Firouzja2003,3163,White,,bullet,37,Lost,2/11/2019
2Vladimirovich90,3041,Firouzja2003,3158,Black,,bullet,24,Lost,2/11/2019
2Vladimirovich90,3047,Firouzja2003,3152,White,,bullet,61,Draw,2/11/2019
2Vladimirovich90,3045,Firouzja2003,3154,Black,,bullet,63,Draw,2/11/2019
2Vladimirovich90,3042,Firouzja2003,3157,White,,bullet,29,Won,2/11/2019
2Vladimirovich90,3031,Firouzja2003,3168,Black,,bullet,50,Lost,2/11/2019
2Vladimirovich90,3036,Firouzja2003,3163,White,,bullet,35,Lost,2/11/2019
2Vladimirovich90,3041,Firouzja2003,3158,Black,,bullet,45,Lost,2/11/2019
2Vladimirovich90,3047,Firouzja2003,3152,White,,bullet,23,Lost,2/11/2019
2Vladimirovich90,3053,Firouzja2003,3146,Black,,bullet,62,Draw,2/11/2019
2Vladimirovich90,3051,Firouzja2003,3148,White,,bullet,58,Lost,2/11/2019
2Vladimirovich90,3057,Firouzja2003,3142,Black,,bullet,41,Lost,2/11/2019
2Vladimirovich90,3063,Firouzja2003,3136,White,,bullet,29,Draw,2/11/2019
2Vladimirovich90,3061,Firouzja2003,3138,Black,,bullet,28,Lost,2/11/2019
2Vladimirovich90,3068,Firouzja2003,3131,White,,bullet,34,Won,2/11/2019
2Vladimirovich90,3058,Firouzja2003,3141,Black,,bullet,56,Lost,2/11/2019
2Vladimirovich90,3065,Firouzja2003,3135,White,,bullet,24,Won,2/11/2019
2Vladimirovich90,3054,1random,2999,White,,bullet,25,Won,2/1/2019
2Vladimirovich90,3047,1random,3006,Black,,bullet,55,Won,2/1/2019
2Vladimirovich90,3040,1random,3013,White,,bullet,38,Won,2/1/2019
2Vladimirovich90,3032,1random,3021,Black,,bullet,59,Won,2/1/2019
2Vladimirovich90,3024,1random,3029,White,,bullet,70,Draw,2/1/2019
2Vladimirovich90,3024,1random,3029,Black,,bullet,56,Won,2/1/2019
2Vladimirovich90,3015,Keranke,2815,Black,,bullet,61,Won,1/20/2019
2Vladimirovich90,3011,Keranke,2819,White,,bullet,42,Won,1/20/2019
2Vladimirovich90,3007,Keranke,2823,Black,,bullet,31,Draw,1/20/2019
2Vladimirovich90,3011,Keranke,2819,White,,bullet,28,Won,1/20/2019
2Vladimirovich90,3007,HomayoonTofighi,2884,White,,bullet,22,Won,1/14/2019
2Vladimirovich90,3001,HomayoonTofighi,2890,Black,,bullet,26,Won,1/14/2019
2Vladimirovich90,2995,HomayoonTofighi,2896,White,,bullet,19,Won,1/14/2019
2Vladimirovich90,2989,HomayoonTofighi,2902,Black,,bullet,22,Won,1/14/2019
2Vladimirovich90,2983,HomayoonTofighi,2908,White,,bullet,24,Lost,1/14/2019
2Vladimirovich90,2994,HomayoonTofighi,2898,Black,,bullet,38,Won,1/14/2019