player,player_rating,opponent,opponent_rating,side,time_control,time_category,moves,result,date
4Justice01,2482,ukigumo,2311,White,1 min,bullet,58,Won,12/6/2018
4Justice01,2473,ukigumo,2316,Black,1 min,bullet,61,Draw,12/6/2018
4Justice01,2480,bernar7,2310,White,1 min,bullet,33,Won,12/6/2018
4Justice01,2470,bernar7,2315,Black,1 min,bullet,15,Won,12/6/2018
4Justice01,2459,EmbarrassmentSon,2343,White,1 min,bullet,39,Won,12/6/2018
4Justice01,2445,sargis95,2314,White,1 min,bullet,44,Lost,12/6/2018
4Justice01,2473,sargis95,2302,Black,1 min,bullet,17,Won,12/6/2018
4Justice01,2461,sargis95,2307,White,1 min,bullet,44,Won,12/6/2018
4Justice01,2447,hutek,2472,Black,1 min,bullet,43,Won,12/6/2018
4Justice01,2420,Goa,2252,White,1 min,bullet,39,Won,12/6/2018
4Justice01,2405,bernar7,2300,White,1 min,bullet,40,Won,12/6/2018
4Justice01,2385,popovich38,2302,Black,1 min,bullet,39,Won,12/6/2018
4Justice01,2361,popovich38,2309,White,1 min,bullet,16,Won,12/6/2018
4Justice01,2332,popovich38,2317,Black,1 min,bullet,41,Won,12/6/2018
4Justice01,2296,HorriblePlayer_1,2182,Black,1 min,bullet,49,Won,12/6/2018
4Justice01,2268,rizhanin,2118,White,1 min,bullet,42,Won,12/6/2018
4Justice01,2241,CabraWar,2060,Black,1 min,bullet,29,Won,12/6/2018
4Justice01,2214,CabraWar,2065,White,1 min,bullet,23,Won,12/6/2018
4Justice01,2179,CabraWar,2071,Black,1 min,bullet,33,Won,12/6/2018
4Justice01,2129,CabraWar,2078,White,1 min,bullet,19,Won,12/6/2018
4Justice01,2053,Lezheboka,2025,Black,1 min,bullet,47,Won,12/6/2018
4Justice01,1944,kagawadchungking,1766,White,1 min,bullet,56,Won,12/6/2018
4Justice01,1858,YouShouldTakethePawn,1774,White,1 min,bullet,51,Won,7/20/2015
4Justice01,1821,Agassian,1444,White,1 min,bullet,0,Lost,7/20/2015
4Justice01,1907,a_to_run,1619,White,1 min,bullet,51,Won,7/20/2015
4Justice01,1888,sinaisam,1639,Black,1 min,bullet,41,Won,7/20/2015
4Justice01,1863,pterodactilo,1252,White,1 min,bullet,27,Won,7/20/2015
4Justice01,1858,foxpro123,1634,Black,1 min,bullet,35,Won,7/20/2015
4Justice01,1826,bikinei,1702,Black,1 min,bullet,27,Won,7/20/2015
4Justice01,1772,broncos451,1711,White,1 min,bullet,19,Won,7/20/2015
4Justice01,1692,imandiezz,1585,Black,1 min,bullet,45,Won,7/20/2015
4Justice01,1607,Surmonalex,1460,White,1 min,bullet,20,Won,7/20/2015
4Justice01,1512,coolman13mk,1404,Black,1 min,bullet,24,Won,7/20/2015
4Justice01,1370,09665643434375644342,1217,White,1 min,bullet,30,Won,7/20/2015