player,player_rating,opponent,opponent_rating,side,time_control,time_category,moves,result,date
4Justice01,2803,Trsw715,2579,Black,30 sec,bullet,46,Won,4/11/2019
4Justice01,2799,Trsw715,2583,White,30 sec,bullet,27,Won,4/11/2019
4Justice01,2795,Trsw715,2587,Black,30 sec,bullet,51,Won,4/11/2019
4Justice01,2791,Trsw715,2591,White,30 sec,bullet,54,Won,4/11/2019
4Justice01,2787,Trsw715,2595,Black,30 sec,bullet,35,Won,4/11/2019
4Justice01,2783,Trsw715,2599,White,30 sec,bullet,45,Won,4/11/2019
4Justice01,2779,Trsw715,2603,Black,30 sec,bullet,39,Lost,4/11/2019
4Justice01,2791,Trsw715,2591,White,30 sec,bullet,49,Won,4/11/2019
4Justice01,2787,Trsw715,2595,Black,30 sec,bullet,30,Lost,4/11/2019
4Justice01,2799,Trsw715,2583,White,30 sec,bullet,52,Won,4/11/2019
4Justice01,2795,Trsw715,2587,Black,30 sec,bullet,64,Draw,4/11/2019
4Justice01,2799,Trsw715,2583,White,30 sec,bullet,45,Won,4/11/2019
4Justice01,2795,Trsw715,2587,Black,30 sec,bullet,29,Won,4/11/2019
4Justice01,2791,LittlePeasant,2676,White,1 min,bullet,79,Won,4/11/2019
4Justice01,2785,LittlePeasant,2682,Black,1 min,bullet,30,Won,4/11/2019
4Justice01,2779,LittlePeasant,2688,White,1 min,bullet,30,Won,4/11/2019
4Justice01,2773,LittlePeasant,2694,Black,1 min,bullet,37,Won,4/11/2019
4Justice01,2766,LittlePeasant,2701,White,1 min,bullet,16,Won,4/11/2019
4Justice01,2759,LittlePeasant,2708,Black,1 min,bullet,26,Won,4/11/2019
4Justice01,2752,LittlePeasant,2715,White,1 min,bullet,45,Won,4/11/2019
4Justice01,2745,LittlePeasant,2722,Black,1 min,bullet,19,Lost,4/11/2019
4Justice01,2754,LittlePeasant,2713,White,1 min,bullet,28,Lost,4/11/2019
4Justice01,2763,LittlePeasant,2704,Black,1 min,bullet,63,Won,4/11/2019
4Justice01,2756,LittlePeasant,2711,White,1 min,bullet,15,Won,4/11/2019
4Justice01,2749,LittlePeasant,2718,Black,1 min,bullet,43,Won,4/11/2019
4Justice01,2741,LittlePeasant,2726,White,1 min,bullet,71,Draw,4/11/2019
4Justice01,2741,LittlePeasant,2726,Black,1 min,bullet,29,Lost,4/11/2019
4Justice01,2750,LittlePeasant,2717,White,1 min,bullet,16,Won,4/11/2019
4Justice01,2742,LittlePeasant,2725,Black,1 min,bullet,69,Lost,4/11/2019
4Justice01,2751,LittlePeasant,2716,White,1 min,bullet,35,Won,4/11/2019
4Justice01,2743,LittlePeasant,2724,Black,1 min,bullet,33,Lost,4/11/2019
4Justice01,2752,LittlePeasant,2715,White,1 min,bullet,48,Lost,4/11/2019
4Justice01,2761,LittlePeasant,2706,Black,1 min,bullet,57,Won,4/11/2019
4Justice01,2754,LittlePeasant,2713,White,1 min,bullet,19,Lost,4/11/2019
4Justice01,2763,LittlePeasant,2704,Black,1 min,bullet,18,Lost,4/11/2019
4Justice01,2773,LittlePeasant,2694,White,1 min,bullet,38,Draw,4/11/2019
4Justice01,2775,LittlePeasant,2692,Black,1 min,bullet,55,Won,4/11/2019
4Justice01,2769,LittlePeasant,2698,White,1 min,bullet,29,Lost,4/11/2019
4Justice01,2779,LittlePeasant,2688,Black,1 min,bullet,35,Lost,4/11/2019
4Justice01,2790,manudavid,2780,White,1 min,bullet,15,Won,4/11/2019
4Justice01,2782,Amincheraghi99,2636,Black,1 min,bullet,41,Won,4/11/2019
4Justice01,2777,1random,2851,White,30 sec,bullet,53,Won,4/10/2019
4Justice01,2767,1random,2861,Black,30 sec,bullet,30,Lost,4/10/2019
4Justice01,2773,1random,2855,White,30 sec,bullet,66,Draw,4/10/2019
4Justice01,2771,1random,2857,Black,30 sec,bullet,34,Won,4/10/2019
4Justice01,2761,1random,2867,White,30 sec,bullet,62,Draw,4/10/2019
4Justice01,2759,Illingworth,2807,Black,1 min,bullet,36,Won,4/8/2019
4Justice01,2750,Illingworth,2816,White,1 min,bullet,62,Lost,4/8/2019
4Justice01,2757,VodkaMaster,2792,Black,1 min,bullet,51,Lost,4/8/2019
4Justice01,2765,VodkaMaster,2784,White,1 min,bullet,40,Lost,4/8/2019