player,player_rating,opponent,opponent_rating,side,time_control,time_category,moves,result,date
4Justice01,2655,Chebure,2523,White,1 min,bullet,52,Lost,12/21/2018
4Justice01,2666,Chebure,2512,Black,1 min,bullet,25,Lost,12/21/2018
4Justice01,2678,NTBT_DHS,2684,Black,1 min,bullet,41,Won,12/20/2018
4Justice01,2669,mikhaillushenkov,2557,Black,1 min,bullet,49,Won,12/17/2018
4Justice01,2663,Ali_rastbod,2584,White,1 min,bullet,23,Won,12/17/2018
4Justice01,2656,Ali_rastbod,2591,Black,1 min,bullet,22,Won,12/17/2018
4Justice01,2649,profesordechess,2496,White,1 min,bullet,37,Won,12/17/2018
4Justice01,2644,white31,2544,White,1 min,bullet,44,Won,12/14/2018
4Justice01,2638,white31,2550,Black,1 min,bullet,26,Won,12/14/2018
4Justice01,2632,white31,2556,White,1 min,bullet,28,Lost,12/14/2018
4Justice01,2642,LiYankai,2672,Black,1 min,bullet,72,Lost,12/14/2018
4Justice01,2650,LiYankai,2664,White,1 min,bullet,77,Won,12/14/2018
4Justice01,2641,LiYankai,2673,Black,1 min,bullet,38,Won,12/14/2018
4Justice01,2632,LiYankai,2682,White,1 min,bullet,27,Lost,12/14/2018
4Justice01,2639,LiYankai,2675,Black,1 min,bullet,71,Lost,12/14/2018
4Justice01,2647,LiYankai,2667,White,1 min,bullet,35,Lost,12/14/2018
4Justice01,2655,LiYankai,2659,Black,1 min,bullet,32,Lost,12/14/2018
4Justice01,2663,LiYankai,2651,White,1 min,bullet,36,Won,12/14/2018
4Justice01,2655,LiYankai,2659,Black,1 min,bullet,35,Lost,12/14/2018
4Justice01,2663,LiYankai,2651,White,1 min,bullet,41,Won,12/14/2018
4Justice01,2655,LiYankai,2659,Black,1 min,bullet,14,Won,12/14/2018
4Justice01,2647,Antifish7,2520,Black,1 min,bullet,45,Won,12/14/2018
4Justice01,2642,FastChance,2748,Black,1 min,bullet,55,Won,12/14/2018
4Justice01,2631,FastChance,2759,White,1 min,bullet,28,Lost,12/14/2018
4Justice01,2636,FastChance,2754,Black,1 min,bullet,92,Won,12/14/2018
4Justice01,2625,FastChance,2765,White,1 min,bullet,141,Lost,12/14/2018
4Justice01,2630,FastChance,2760,Black,1 min,bullet,84,Draw,12/14/2018
4Justice01,2627,FastChance,2763,White,1 min,bullet,39,Lost,12/14/2018
4Justice01,2632,FastChance,2755,Black,1 min,bullet,37,Lost,12/12/2018
4Justice01,2638,FastChance,2749,White,1 min,bullet,16,Lost,12/12/2018
4Justice01,2644,ficorrales,2614,Black,1 min,bullet,25,Won,12/12/2018
4Justice01,2636,ficorrales,2622,White,1 min,bullet,52,Won,12/12/2018
4Justice01,2628,ficorrales,2630,Black,1 min,bullet,38,Lost,12/12/2018
4Justice01,2636,ficorrales,2622,White,1 min,bullet,42,Lost,12/12/2018
4Justice01,2645,ficorrales,2613,Black,1 min,bullet,54,Won,12/12/2018
4Justice01,2637,ficorrales,2621,White,1 min,bullet,26,Won,12/12/2018
4Justice01,2629,ficorrales,2629,Black,1 min,bullet,54,Draw,12/12/2018
4Justice01,2629,ficorrales,2629,White,1 min,bullet,25,Lost,12/12/2018
4Justice01,2637,ficorrales,2621,Black,1 min,bullet,31,Lost,12/12/2018
4Justice01,2646,ficorrales,2583,White,1 min,bullet,83,Won,12/12/2018
4Justice01,2639,BobbyFischerRegen,2761,White,1 min,bullet,42,Won,12/12/2018
4Justice01,2628,suicidemouse17,2459,Black,1 min,bullet,27,Won,12/11/2018
4Justice01,2623,suicidemouse17,2464,White,1 min,bullet,39,Draw,12/11/2018
4Justice01,2627,suicidemouse17,2460,Black,1 min,bullet,18,Won,12/11/2018
4Justice01,2622,Tsar_96,2419,White,1 min,bullet,54,Won,12/11/2018
4Justice01,2618,Tsar_96,2423,Black,1 min,bullet,57,Won,12/11/2018
4Justice01,2614,Caleuche,2435,White,1 min,bullet,42,Won,12/10/2018
4Justice01,2610,Caleuche,2439,Black,1 min,bullet,33,Lost,12/10/2018
4Justice01,2622,Caleuche,2427,White,1 min,bullet,24,Won,12/10/2018
4Justice01,2618,Caleuche,2431,Black,1 min,bullet,20,Won,12/10/2018