player,player_rating,opponent,opponent_rating,side,time_control,time_category,moves,result,date
4Justice01,2726,m_e_l_o,2521,Black,1 min,bullet,19,Won,1/11/2019
4Justice01,2722,pultineviciuspaulius,2623,White,1 min,bullet,59,Won,12/28/2018
4Justice01,2716,MrBynas,2600,White,1 min,bullet,49,Won,12/25/2018
4Justice01,2710,MrBynas,2606,Black,1 min,bullet,19,Won,12/25/2018
4Justice01,2704,MrBynas,2612,White,1 min,bullet,72,Lost,12/25/2018
4Justice01,2714,Keranke,2700,White,1 min,bullet,53,Won,12/24/2018
4Justice01,2706,Keranke,2708,Black,1 min,bullet,63,Won,12/24/2018
4Justice01,2698,Keranke,2716,White,1 min,bullet,34,Lost,12/24/2018
4Justice01,2706,bubacik,2583,Black,1 min,bullet,33,Won,12/24/2018
4Justice01,2701,bubacik,2588,White,1 min,bullet,79,Won,12/24/2018
4Justice01,2695,bubacik,2594,Black,1 min,bullet,91,Lost,12/24/2018
4Justice01,2706,bubacik,2583,White,1 min,bullet,65,Won,12/24/2018
4Justice01,2701,bubacik,2588,Black,1 min,bullet,67,Draw,12/24/2018
4Justice01,2704,ProstoIgrok,2624,White,1 min,bullet,21,Won,12/24/2018
4Justice01,2697,ProstoIgrok,2631,Black,1 min,bullet,39,Lost,12/24/2018
4Justice01,2707,pultineviciuspaulius,2665,Black,1 min,bullet,78,Won,12/24/2018
4Justice01,2700,mikhaillushenkov,2627,Black,1 min,bullet,56,Lost,12/24/2018
4Justice01,2710,mikhaillushenkov,2617,White,1 min,bullet,66,Won,12/24/2018
4Justice01,2704,Judas_Priest,2597,Black,1 min,bullet,33,Won,12/24/2018
4Justice01,2698,Judas_Priest,2603,White,1 min,bullet,22,Won,12/24/2018
4Justice01,2692,Judas_Priest,2609,Black,1 min,bullet,73,Won,12/24/2018
4Justice01,2686,Judas_Priest,2615,White,1 min,bullet,77,Draw,12/24/2018
4Justice01,2688,Judas_Priest,2613,Black,1 min,bullet,30,Won,12/24/2018
4Justice01,2681,Judas_Priest,2620,White,1 min,bullet,25,Lost,12/24/2018
4Justice01,2691,mikhaillushenkov,2655,Black,1 min,bullet,51,Draw,12/24/2018
4Justice01,2692,mikhaillushenkov,2654,White,1 min,bullet,45,Won,12/24/2018
4Justice01,2685,white31,2518,Black,1 min,bullet,25,Won,12/24/2018
4Justice01,2680,white31,2523,White,1 min,bullet,10,Won,12/24/2018
4Justice01,2675,white31,2528,Black,1 min,bullet,28,Lost,12/24/2018
4Justice01,2687,mikhaillushenkov,2668,Black,1 min,bullet,42,Lost,12/24/2018
4Justice01,2696,mikhaillushenkov,2659,White,1 min,bullet,45,Won,12/24/2018
4Justice01,2689,Davit_Tiraturyan,2688,Black,1 min,bullet,47,Won,12/21/2018
4Justice01,2681,Davit_Tiraturyan,2696,White,1 min,bullet,31,Won,12/21/2018
4Justice01,2672,Davit_Tiraturyan,2705,Black,30 sec,bullet,61,Draw,12/21/2018
4Justice01,2671,Davit_Tiraturyan,2706,White,1 min,bullet,21,Won,12/21/2018
4Justice01,2662,Toyota_Land_Cruiser,2574,White,1 min,bullet,81,Draw,12/21/2018
4Justice01,2664,fireheart92,2759,Black,1 min,bullet,24,Lost,12/21/2018
4Justice01,2670,fireheart92,2753,White,1 min,bullet,56,Won,12/21/2018
4Justice01,2660,zoranp,2518,White,1 min,bullet,24,Won,12/21/2018
4Justice01,2655,zoranp,2523,Black,1 min,bullet,52,Won,12/21/2018
4Justice01,2650,zoranp,2528,White,1 min,bullet,35,Won,12/21/2018
4Justice01,2644,zoranp,2534,Black,1 min,bullet,50,Draw,12/21/2018
4Justice01,2647,zoranp,2531,White,1 min,bullet,36,Won,12/21/2018
4Justice01,2641,zoranp,2537,Black,1 min,bullet,50,Lost,12/21/2018
4Justice01,2652,bahodistruction,2615,Black,1 min,bullet,67,Won,12/21/2018
4Justice01,2645,Dhaydon19,2585,White,1 min,bullet,41,Won,12/21/2018
4Justice01,2638,Dhaydon19,2592,Black,1 min,bullet,83,Draw,12/21/2018
4Justice01,2639,Dhaydon19,2591,White,1 min,bullet,70,Lost,12/21/2018
4Justice01,2649,Doreality,2492,White,1 min,bullet,32,Won,12/21/2018
4Justice01,2644,Chebure,2534,Black,1 min,bullet,62,Lost,12/21/2018