player,player_rating,opponent,opponent_rating,side,time_control,time_category,moves,result,date
4Justice01,2308,matej_titan,2321,White,3 min,blitz,30,Lost,1/31/2019
4Justice01,2318,matej_titan,2313,Black,3 min,blitz,39,Lost,1/31/2019
4Justice01,2328,matej_titan,2304,White,3 min,blitz,50,Lost,1/31/2019
4Justice01,2339,matej_titan,2295,Black,3 min,blitz,84,Won,1/31/2019
4Justice01,2330,matej_titan,2302,Black,3 min,blitz,58,Won,1/31/2019
4Justice01,2320,matej_titan,2310,White,3 min,blitz,28,Won,1/31/2019
4Justice01,2309,matej_titan,2318,Black,3 min,blitz,67,Won,1/31/2019
4Justice01,2297,Coffeecafe,2366,White,3 min,blitz,30,Won,1/31/2019
4Justice01,2282,King_Rocco,2143,White,3 min,blitz,23,Won,1/31/2019
4Justice01,2274,uf97_forza_sge,2170,Black,3 min,blitz,30,Won,1/31/2019
4Justice01,2265,Dmitry_Che,2210,Black,3 min,blitz,33,Won,1/30/2019
4Justice01,2254,drAndrej,2264,White,3 min,blitz,70,Won,1/30/2019
4Justice01,2239,R_ALMAGUER,2229,Black,3 min,blitz,39,Won,1/11/2019
4Justice01,2227,br00net,2211,White,3 min,blitz,25,Won,1/11/2019
4Justice01,2214,flowerbelly,2155,Black,3 min,blitz,18,Won,1/11/2019
4Justice01,2203,Roquembole,2105,White,3 min,blitz,26,Won,1/11/2019
4Justice01,2193,ItsMeFreddy,2147,White,3 min,blitz,21,Won,1/11/2019
4Justice01,2180,soroush1378,2073,Black,3 min,blitz,31,Won,1/11/2019
4Justice01,2169,soroush1378,2079,White,3 min,blitz,15,Won,1/11/2019
4Justice01,2157,Oleksandr_11,2114,Black,3 min,blitz,27,Won,1/11/2019
4Justice01,2142,Stefchezz,1997,White,3 min,blitz,32,Won,1/11/2019
4Justice01,2131,Stefchezz,2002,Black,3 min,blitz,25,Won,1/11/2019
4Justice01,2119,Stefchezz,2008,White,3 min,blitz,39,Won,1/11/2019
4Justice01,2106,Stefchezz,2014,Black,3 min,blitz,19,Won,1/11/2019
4Justice01,2091,Stefchezz,2020,White,3 min,blitz,17,Won,1/11/2019
4Justice01,2074,Stefchezz,2027,Black,3 min,blitz,8,Won,1/11/2019
4Justice01,2054,Stefchezz,2035,White,3 min,blitz,31,Won,1/11/2019
4Justice01,2031,Reillich,1928,White,3 min,blitz,35,Won,1/11/2019
4Justice01,2013,Bear488,2002,Black,3 min,blitz,51,Won,1/11/2019
4Justice01,1986,yuribarkov,1929,Black,3 min,blitz,59,Won,12/27/2018
4Justice01,1962,rookcheck,1792,Black,3 min,blitz,28,Won,12/27/2018
4Justice01,1945,MEV_d_LM,1912,White,3 min,blitz,76,Won,12/27/2018
4Justice01,1915,BatendonoRicardo,1887,White,3 min,blitz,35,Won,12/27/2018
4Justice01,1881,justin2323,1832,Black,3 min,blitz,43,Won,12/27/2018
4Justice01,1846,MFelix93,1727,Black,3 min,blitz,51,Won,12/27/2018
4Justice01,1815,powerdan,1774,White,3 min,blitz,29,Won,12/24/2018
4Justice01,1769,Antonion61,1706,White,3 min,blitz,25,Won,12/24/2018
4Justice01,1718,PTayla,1623,White,3 min,blitz,48,Won,12/20/2018
4Justice01,1664,eighteenand1giantlos,1496,White,3 min,blitz,19,Won,12/20/2018
4Justice01,1614,eighteenand1giantlos,1502,Black,3 min,blitz,24,Won,12/20/2018
4Justice01,1530,sharadsomani,1451,White,3 min,blitz,22,Won,12/20/2018
4Justice01,1387,ry4ng1ggs,1215,White,3 min,blitz,43,Won,12/14/2018