player,player_rating,opponent,opponent_rating,side,time_control,time_category,moves,result,date
4Justice01,2525,Aguiar94,2497,White,3 min,blitz,33,Won,4/8/2019
4Justice01,2517,Death_Does_Not_Exist,2431,White,3 min,blitz,65,Won,4/8/2019
4Justice01,2511,fa191828,2544,White,3 min,blitz,19,Won,4/8/2019
4Justice01,2502,MustafayevFarid2004,2502,Black,3 min,blitz,51,Won,4/8/2019
4Justice01,2494,zverr1,2404,White,3 min,blitz,61,Lost,4/8/2019
4Justice01,2505,skoularikii,2539,White,3 min,blitz,114,Draw,4/6/2019
4Justice01,2504,LevPaukman,2425,White,3 min,blitz,51,Won,4/6/2019
4Justice01,2497,aNONoNonono,2520,Black,3 min,blitz,57,Won,4/6/2019
4Justice01,2488,DeusaCaissa,2385,Black,3 min,blitz,61,Won,3/12/2019
4Justice01,2482,KD64,2495,White,3 min,blitz,26,Won,3/12/2019
4Justice01,2473,KD64,2504,Black,3 min,blitz,102,Won,3/12/2019
4Justice01,2464,nebono,2335,White,3 min,blitz,27,Won,3/12/2019
4Justice01,2459,Lidsky_Alex,2468,White,3 min,blitz,61,Won,3/12/2019
4Justice01,2450,stinx,2356,White,3 min,blitz,56,Won,3/5/2019
4Justice01,2444,Armless_Clock,2364,Black,3 min,blitz,34,Lost,3/5/2019
4Justice01,2454,cidermike,2371,White,3 min,blitz,32,Won,3/5/2019
4Justice01,2448,Nursultan1990,2403,Black,3 min,blitz,40,Won,3/5/2019
4Justice01,2441,Nursultan1990,2410,White,3 min,blitz,70,Draw,3/5/2019
4Justice01,2442,mled,2301,Black,3 min,blitz,31,Won,3/5/2019
4Justice01,2437,Suhdud,2325,Black,3 min,blitz,20,Won,2/28/2019
4Justice01,2431,ianina,2288,Black,3 min,blitz,28,Won,2/28/2019
4Justice01,2426,Wernad,2306,White,3 min,blitz,19,Won,2/28/2019
4Justice01,2420,Wernad,2312,Black,3 min,blitz,51,Won,2/28/2019
4Justice01,2414,Little_John_2019,2680,White,3 min,blitz,53,Won,2/28/2019
4Justice01,2401,agent_Leon21,2439,White,3 min,blitz,26,Won,2/28/2019
4Justice01,2392,neas78,2422,White,3 min,blitz,36,Won,2/28/2019
4Justice01,2383,sico_cz,2431,White,3 min,blitz,43,Won,2/28/2019
4Justice01,2373,cuizon,2249,Black,3 min,blitz,24,Won,2/28/2019
4Justice01,2368,cuizon,2254,White,3 min,blitz,39,Won,2/28/2019
4Justice01,2362,cuizon,2260,Black,3 min,blitz,38,Lost,2/28/2019
4Justice01,2373,SashaMaliutin,2339,White,3 min,blitz,62,Won,2/28/2019
4Justice01,2365,smolhauz,2283,Black,3 min,blitz,49,Won,2/25/2019
4Justice01,2359,kichot,2327,Black,3 min,blitz,72,Won,2/25/2019
4Justice01,2351,TadVan,2366,Black,3 min,blitz,27,Won,2/25/2019
4Justice01,2342,tuan4,2233,White,3 min,blitz,39,Won,2/25/2019
4Justice01,2336,diaspar,2356,White,3 min,blitz,56,Won,2/25/2019
4Justice01,2326,PsychoPato,2362,Black,3 min,blitz,44,Lost,2/25/2019
4Justice01,2334,tambatumba,2407,White,3 min,blitz,30,Won,2/25/2019
4Justice01,2323,kolasadze,2300,White,3 min,blitz,47,Won,2/25/2019
4Justice01,2314,capatoday,2246,Black,3 min,blitz,67,Won,2/5/2019
4Justice01,2307,ViennaRocket,2271,Black,3 min,blitz,27,Won,2/5/2019
4Justice01,2299,Master786afg,2159,Black,3 min,blitz,32,Won,2/5/2019
4Justice01,2294,rba69,2274,White,3 min,blitz,25,Won,2/5/2019
4Justice01,2286,tranngocvi,2203,White,3 min,blitz,32,Won,2/5/2019
4Justice01,2279,matej_titan,2348,White,3 min,blitz,18,Lost,1/31/2019
4Justice01,2286,matej_titan,2341,Black,3 min,blitz,13,Lost,1/31/2019
4Justice01,2293,matej_titan,2334,White,3 min,blitz,72,Won,1/31/2019
4Justice01,2283,matej_titan,2343,Black,3 min,blitz,28,Lost,1/31/2019
4Justice01,2291,matej_titan,2336,White,3 min,blitz,32,Lost,1/31/2019
4Justice01,2299,matej_titan,2329,Black,3 min,blitz,29,Lost,1/31/2019