player,player_rating,opponent,opponent_rating,side,time_control,time_category,moves,result,date
4Justice01,2614,Caleuche,2435,White,1 min,bullet,29,Won,12/10/2018
4Justice01,2610,Caleuche,2439,Black,1 min,bullet,33,Won,12/10/2018
4Justice01,2605,Caleuche,2444,White,1 min,bullet,59,Won,12/10/2018
4Justice01,2600,tango_argentino,2490,Black,1 min,bullet,61,Won,12/8/2018
4Justice01,2594,DevInProd,2692,White,1 min,bullet,43,Won,12/8/2018
4Justice01,2583,DevInProd,2703,Black,1 min,bullet,33,Won,12/8/2018
4Justice01,2572,DevInProd,2714,White,1 min,bullet,73,Draw,12/8/2018
4Justice01,2569,DevInProd,2717,Black,1 min,bullet,60,Lost,12/8/2018
4Justice01,2574,DevInProd,2712,White,1 min,bullet,42,Lost,12/8/2018
4Justice01,2579,DevInProd,2707,Black,1 min,bullet,51,Draw,12/8/2018
4Justice01,2576,DevInProd,2710,White,1 min,bullet,44,Lost,12/8/2018
4Justice01,2581,DevInProd,2705,Black,1 min,bullet,29,Lost,12/8/2018
4Justice01,2587,DevInProd,2699,White,1 min,bullet,40,Lost,12/8/2018
4Justice01,2593,Noe_Tutisani98,2496,White,1 min,bullet,32,Won,12/8/2018
4Justice01,2587,DevInProd,2693,Black,1 min,bullet,73,Lost,12/8/2018
4Justice01,2593,DevInProd,2687,White,1 min,bullet,29,Lost,12/8/2018
4Justice01,2599,DevInProd,2681,Black,1 min,bullet,78,Won,12/8/2018
4Justice01,2589,DevInProd,2691,White,1 min,bullet,17,Won,12/8/2018
4Justice01,2578,DevInProd,2702,Black,1 min,bullet,85,Won,12/8/2018
4Justice01,2567,DevInProd,2713,White,1 min,bullet,21,Lost,12/8/2018
4Justice01,2572,DevInProd,2708,Black,1 min,bullet,54,Lost,12/8/2018
4Justice01,2577,IMcoach,2390,White,1 min,bullet,51,Won,12/8/2018
4Justice01,2573,sberba,2395,Black,1 min,bullet,42,Won,12/7/2018
4Justice01,2569,BarneyStinson97,2410,Black,1 min,bullet,58,Won,12/7/2018
4Justice01,2564,BarneyStinson97,2415,White,1 min,bullet,50,Won,12/7/2018
4Justice01,2559,BarneyStinson97,2420,Black,1 min,bullet,34,Lost,12/7/2018
4Justice01,2570,Bad_Genuis,2585,White,1 min,bullet,61,Won,12/7/2018
4Justice01,2561,Bad_Genuis,2594,Black,1 min,bullet,61,Won,12/7/2018
4Justice01,2552,Bad_Genuis,2603,White,1 min,bullet,25,Lost,12/7/2018
4Justice01,2559,Bad_Genuis,2596,Black,1 min,bullet,44,Won,12/7/2018
4Justice01,2549,Bad_Genuis,2605,White,1 min,bullet,43,Won,12/7/2018
4Justice01,2538,Bad_Genuis,2615,Black,1 min,bullet,32,Lost,12/7/2018
4Justice01,2545,Bad_Genuis,2608,White,1 min,bullet,1,Lost,12/7/2018
4Justice01,2553,EmbarrassmentSon,2378,White,1 min,bullet,51,Won,12/7/2018
4Justice01,2548,EmbarrassmentSon,2382,Black,1 min,bullet,39,Won,12/7/2018
4Justice01,2542,EmbarrassmentSon,2387,White,1 min,bullet,61,Won,12/7/2018
4Justice01,2536,EmbarrassmentSon,2392,Black,1 min,bullet,26,Won,12/7/2018
4Justice01,2530,Jhonmontes,2518,White,1 min,bullet,24,Won,12/7/2018
4Justice01,2520,EmbarrassmentSon,2393,White,1 min,bullet,46,Won,12/7/2018
4Justice01,2513,EmbarrassmentSon,2387,Black,1 min,bullet,59,Draw,12/7/2018
4Justice01,2517,Iron_Fistt,2349,Black,1 min,bullet,46,Won,12/7/2018
4Justice01,2510,CanMertKaan,2495,White,1 min,bullet,57,Lost,12/7/2018
4Justice01,2523,CanMertKaan,2486,Black,1 min,bullet,48,Lost,12/7/2018
4Justice01,2537,DevInProd,2697,Black,1 min,bullet,52,Lost,12/7/2018
4Justice01,2544,sberba,2386,White,1 min,bullet,60,Won,12/6/2018
4Justice01,2536,BM_on_ICC,2461,Black,1 min,bullet,53,Won,12/6/2018
4Justice01,2525,GREAT_PEDRO,2433,Black,1 min,bullet,47,Won,12/6/2018
4Justice01,2514,Viacheslav92,2314,White,1 min,bullet,47,Won,12/6/2018
4Justice01,2507,BM_on_ICC,2453,White,1 min,bullet,21,Won,12/6/2018
4Justice01,2494,sberba,2391,Black,1 min,bullet,47,Won,12/6/2018