player,player_rating,opponent,opponent_rating,side,time_control,time_category,moves,result,date
4Justice01,2844,NeMeQuittePas,2765,Black,1 min,bullet,5,Won,4/6/2019
4Justice01,2837,NeMeQuittePas,2772,White,1 min,bullet,36,Won,4/6/2019
4Justice01,2830,NeMeQuittePas,2779,Black,1 min,bullet,16,Won,4/6/2019
4Justice01,2823,NeMeQuittePas,2786,White,1 min,bullet,63,Won,4/6/2019
4Justice01,2815,NeMeQuittePas,2794,Black,1 min,bullet,80,Draw,4/6/2019
4Justice01,2815,NeMeQuittePas,2794,White,1 min,bullet,29,Won,4/6/2019
4Justice01,2807,NeMeQuittePas,2802,Black,1 min,bullet,34,Lost,4/6/2019
4Justice01,2815,NeMeQuittePas,2794,White,1 min,bullet,94,Won,4/6/2019
4Justice01,2807,NeMeQuittePas,2802,Black,1 min,bullet,33,Lost,4/6/2019
4Justice01,2816,NeMeQuittePas,2794,White,1 min,bullet,49,Lost,4/6/2019
4Justice01,2825,NeMeQuittePas,2785,Black,1 min,bullet,65,Won,4/6/2019
4Justice01,2818,NeMeQuittePas,2792,White,1 min,bullet,12,Lost,4/6/2019
4Justice01,2827,NeMeQuittePas,2783,Black,1 min,bullet,74,Won,4/6/2019
4Justice01,2820,NeMeQuittePas,2790,White,1 min,bullet,56,Lost,4/6/2019
4Justice01,2829,NeMeQuittePas,2781,Black,1 min,bullet,58,Draw,4/6/2019
4Justice01,2830,NeMeQuittePas,2780,White,1 min,bullet,15,Won,4/6/2019
4Justice01,2823,NeMeQuittePas,2787,Black,1 min,bullet,50,Won,4/6/2019
4Justice01,2815,NeMeQuittePas,2795,White,1 min,bullet,47,Lost,4/6/2019
4Justice01,2824,NeMeQuittePas,2786,Black,1 min,bullet,44,Won,4/6/2019
4Justice01,2816,TMTor,2790,White,1 min,bullet,49,Won,4/6/2019
4Justice01,2808,TMTor,2798,Black,1 min,bullet,31,Won,4/6/2019
4Justice01,2799,TMTor,2806,White,1 min,bullet,5,Won,4/6/2019
4Justice01,2790,TMTor,2815,Black,1 min,bullet,49,Won,4/6/2019
4Justice01,2780,TMTor,2824,White,1 min,bullet,59,Lost,4/6/2019
4Justice01,2789,manudavid,2744,Black,1 min,bullet,13,Won,4/6/2019
4Justice01,2780,manudavid,2751,White,1 min,bullet,29,Won,4/6/2019
4Justice01,2771,manudavid,2759,Black,1 min,bullet,21,Won,4/6/2019
4Justice01,2761,KazakhFighter04,2602,White,1 min,bullet,28,Won,4/6/2019
4Justice01,2755,KazakhFighter04,2607,Black,1 min,bullet,60,Won,4/6/2019
4Justice01,2748,1random,2803,Black,1 min,bullet,56,Won,4/6/2019
4Justice01,2735,theblitzchamp,2647,White,1 min,bullet,55,Won,1/28/2019
4Justice01,2729,theblitzchamp,2653,Black,1 min,bullet,60,Won,1/28/2019
4Justice01,2722,theblitzchamp,2660,White,1 min,bullet,1,Lost,1/28/2019
4Justice01,2732,theblitzchamp,2650,Black,1 min,bullet,57,Won,1/28/2019
4Justice01,2726,Atorvastatin,2585,White,1 min,bullet,45,Won,1/28/2019
4Justice01,2721,Atorvastatin,2590,Black,1 min,bullet,52,Won,1/28/2019
4Justice01,2716,KhalilMousavi77,2922,Black,1 min,bullet,66,Draw,1/28/2019
4Justice01,2712,KhalilMousavi77,2926,White,1 min,bullet,41,Lost,1/28/2019
4Justice01,2716,KhalilMousavi77,2922,Black,1 min,bullet,19,Lost,1/28/2019
4Justice01,2720,KhalilMousavi77,2918,White,1 min,bullet,80,Lost,1/28/2019
4Justice01,2724,KhalilMousavi77,2914,Black,1 min,bullet,46,Lost,1/28/2019
4Justice01,2728,KhalilMousavi77,2910,White,1 min,bullet,24,Lost,1/28/2019
4Justice01,2732,KhalilMousavi77,2906,Black,1 min,bullet,24,Lost,1/28/2019
4Justice01,2736,KhalilMousavi77,2902,White,1 min,bullet,61,Draw,1/28/2019
4Justice01,2732,KhalilMousavi77,2906,Black,1 min,bullet,34,Lost,1/28/2019
4Justice01,2736,KhalilMousavi77,2902,White,1 min,bullet,41,Lost,1/28/2019
4Justice01,2741,KhalilMousavi77,2897,Black,1 min,bullet,30,Lost,1/28/2019
4Justice01,2746,KhalilMousavi77,2892,White,1 min,bullet,21,Won,1/28/2019
4Justice01,2734,m_e_l_o,2513,Black,1 min,bullet,51,Won,1/11/2019
4Justice01,2730,m_e_l_o,2517,White,1 min,bullet,28,Won,1/11/2019