player,player_rating,opponent,opponent_rating,side,time_control,time_category,moves,result,date
4Justice01,2773,ficorrales,2681,White,1 min,bullet,38,Won,4/8/2019
4Justice01,2767,ficorrales,2687,Black,1 min,bullet,34,Won,4/8/2019
4Justice01,2761,ficorrales,2693,White,1 min,bullet,71,Won,4/8/2019
4Justice01,2754,ficorrales,2700,Black,1 min,bullet,33,Lost,4/8/2019
4Justice01,2764,ficorrales,2690,White,1 min,bullet,73,Draw,4/8/2019
4Justice01,2766,ficorrales,2688,Black,1 min,bullet,40,Won,4/8/2019
4Justice01,2759,ficorrales,2695,White,1 min,bullet,53,Won,4/8/2019
4Justice01,2752,ficorrales,2702,Black,1 min,bullet,58,Lost,4/8/2019
4Justice01,2762,ficorrales,2692,White,1 min,bullet,70,Won,4/8/2019
4Justice01,2755,ficorrales,2699,Black,1 min,bullet,49,Lost,4/8/2019
4Justice01,2765,ficorrales,2689,White,1 min,bullet,25,Lost,4/8/2019
4Justice01,2775,chaos44,2757,White,1 min,bullet,55,Won,4/8/2019
4Justice01,2767,chaos44,2765,Black,1 min,bullet,31,Lost,4/8/2019
4Justice01,2775,Gabix_94,2722,Black,1 min,bullet,56,Lost,4/8/2019
4Justice01,2785,Gabix_94,2712,White,1 min,bullet,41,Lost,4/8/2019
4Justice01,2795,Gabix_94,2702,Black,1 min,bullet,59,Lost,4/8/2019
4Justice01,2806,Gabix_94,2691,White,1 min,bullet,25,Won,4/8/2019
4Justice01,2800,yoavjm_2004,2681,Black,1 min,bullet,63,Lost,4/8/2019
4Justice01,2811,NeMeQuittePas,2798,Black,1 min,bullet,37,Won,4/7/2019
4Justice01,2803,NeMeQuittePas,2806,White,1 min,bullet,72,Won,4/7/2019
4Justice01,2795,NeMeQuittePas,2814,Black,1 min,bullet,63,Lost,4/7/2019
4Justice01,2803,NeMeQuittePas,2806,White,1 min,bullet,48,Won,4/7/2019
4Justice01,2795,NeMeQuittePas,2814,Black,1 min,bullet,57,Lost,4/7/2019
4Justice01,2803,NeMeQuittePas,2806,White,1 min,bullet,66,Won,4/7/2019
4Justice01,2795,NeMeQuittePas,2814,Black,1 min,bullet,34,Lost,4/7/2019
4Justice01,2803,NeMeQuittePas,2806,White,1 min,bullet,30,Won,4/7/2019
4Justice01,2795,NeMeQuittePas,2814,Black,1 min,bullet,65,Lost,4/7/2019
4Justice01,2803,NeMeQuittePas,2806,White,1 min,bullet,51,Lost,4/7/2019
4Justice01,2811,NeMeQuittePas,2798,Black,1 min,bullet,12,Lost,4/7/2019
4Justice01,2820,NeMeQuittePas,2789,White,1 min,bullet,48,Won,4/7/2019
4Justice01,2812,NeMeQuittePas,2797,Black,1 min,bullet,44,Won,4/7/2019
4Justice01,2804,NeMeQuittePas,2805,White,1 min,bullet,22,Won,4/7/2019
4Justice01,2796,NeMeQuittePas,2813,Black,1 min,bullet,43,Won,4/7/2019
4Justice01,2787,NeMeQuittePas,2822,White,1 min,bullet,42,Lost,4/7/2019
4Justice01,2795,NeMeQuittePas,2814,Black,1 min,bullet,42,Lost,4/7/2019
4Justice01,2803,NeMeQuittePas,2806,White,1 min,bullet,23,Lost,4/7/2019
4Justice01,2811,NeMeQuittePas,2798,Black,1 min,bullet,26,Lost,4/7/2019
4Justice01,2820,NeMeQuittePas,2789,White,1 min,bullet,56,Lost,4/7/2019
4Justice01,2829,NeMeQuittePas,2780,Black,1 min,bullet,18,Lost,4/7/2019
4Justice01,2839,NeMeQuittePas,2770,White,1 min,bullet,17,Won,4/7/2019
4Justice01,2832,NeMeQuittePas,2777,Black,1 min,bullet,40,Won,4/7/2019
4Justice01,2825,NeMeQuittePas,2784,White,1 min,bullet,67,Lost,4/7/2019
4Justice01,2834,NeMeQuittePas,2775,Black,1 min,bullet,26,Won,4/7/2019
4Justice01,2827,NeMeQuittePas,2782,White,1 min,bullet,49,Won,4/7/2019
4Justice01,2820,NeMeQuittePas,2789,Black,1 min,bullet,52,Lost,4/7/2019
4Justice01,2829,NeMeQuittePas,2780,White,1 min,bullet,45,Lost,4/7/2019
4Justice01,2839,NeMeQuittePas,2770,Black,1 min,bullet,16,Won,4/7/2019
4Justice01,2832,NeMeQuittePas,2777,White,1 min,bullet,64,Won,4/7/2019
4Justice01,2825,NeMeQuittePas,2784,Black,1 min,bullet,46,Lost,4/7/2019
4Justice01,2834,NeMeQuittePas,2775,White,1 min,bullet,68,Lost,4/7/2019