player,player_rating,opponent,opponent_rating,side,time_control,time_category,moves,result,date
A-Adly,2840,Anahita_Gholami,2706,Black,1 min,bullet,62,Won,1/11/2019
A-Adly,2835,Anahita_Gholami,2711,White,1 min,bullet,47,Won,1/11/2019
A-Adly,2830,Anahita_Gholami,2717,Black,1 min,bullet,42,Won,1/11/2019
A-Adly,2824,Anahita_Gholami,2723,White,1 min,bullet,63,Draw,1/11/2019
A-Adly,2826,Anahita_Gholami,2721,Black,1 min,bullet,58,Won,1/11/2019
A-Adly,2820,Anahita_Gholami,2727,White,1 min,bullet,28,Lost,1/11/2019
A-Adly,2831,Anahita_Gholami,2716,Black,1 min,bullet,37,Won,1/11/2019
A-Adly,2825,Anahita_Gholami,2722,White,1 min,bullet,41,Lost,1/11/2019
A-Adly,2836,Anahita_Gholami,2711,Black,1 min,bullet,57,Won,1/11/2019
A-Adly,2831,Anahita_Gholami,2716,White,1 min,bullet,22,Won,1/11/2019
A-Adly,2825,Anahita_Gholami,2722,Black,1 min,bullet,29,Won,1/11/2019
A-Adly,2819,Anahita_Gholami,2728,White,1 min,bullet,43,Won,1/11/2019
A-Adly,2813,NowayJosey,2823,Black,1 min,bullet,68,Lost,1/9/2019
A-Adly,2821,NowayJosey,2815,White,1 min,bullet,66,Won,1/9/2019
A-Adly,2813,NowayJosey,2823,Black,1 min,bullet,34,Won,1/9/2019
A-Adly,2804,NowayJosey,2832,White,1 min,bullet,45,Lost,1/9/2019
A-Adly,2812,NowayJosey,2824,Black,1 min,bullet,61,Lost,1/9/2019
A-Adly,2821,NowayJosey,2816,White,1 min,bullet,37,Won,1/9/2019
A-Adly,2812,NowayJosey,2824,Black,1 min,bullet,49,Won,1/9/2019
A-Adly,2802,NowayJosey,2833,White,1 min,bullet,30,Lost,1/9/2019
A-Adly,2811,NowayJosey,2825,Black,1 min,bullet,53,Lost,1/9/2019
A-Adly,2820,NowayJosey,2816,White,1 min,bullet,35,Won,1/9/2019
A-Adly,2810,NowayJosey,2825,Black,1 min,bullet,46,Lost,1/9/2019
A-Adly,2820,NowayJosey,2816,White,1 min,bullet,37,Lost,1/9/2019
A-Adly,2831,NowayJosey,2806,Black,1 min,bullet,15,Won,1/9/2019
A-Adly,2821,NowayJosey,2815,White,1 min,bullet,45,Won,1/9/2019
A-Adly,2810,Jospem,2807,White,1 min,bullet,34,Won,1/9/2019
A-Adly,2798,GHANDEEVAM2003,2801,Black,1 min,bullet,35,Lost,1/8/2019
A-Adly,2810,GHANDEEVAM2003,2793,White,1 min,bullet,50,Lost,1/8/2019
A-Adly,2823,GHANDEEVAM2003,2784,Black,1 min,bullet,32,Won,1/8/2019
A-Adly,2811,GHANDEEVAM2003,2792,White,1 min,bullet,48,Lost,1/8/2019
A-Adly,2825,GHANDEEVAM2003,2783,Black,1 min,bullet,39,Lost,1/8/2019
A-Adly,2841,zvonokchess1996,2707,Black,1 min,bullet,49,Won,11/6/2018
A-Adly,2836,zvonokchess1996,2712,White,1 min,bullet,45,Lost,11/6/2018
A-Adly,2847,zvonokchess1996,2701,Black,1 min,bullet,69,Lost,11/6/2018
A-Adly,2859,zvonokchess1996,2689,White,1 min,bullet,66,Won,11/6/2018
A-Adly,2854,lovesshh,2772,Black,1 min,bullet,24,Won,10/15/2018
A-Adly,2848,lovesshh,2778,White,1 min,bullet,6,Won,10/15/2018
A-Adly,2841,Firouzja2003,3012,Black,30 sec,bullet,41,Lost,9/17/2018
A-Adly,2846,MaximDlugy,2775,Black,1 min,bullet,46,Won,9/11/2018
A-Adly,2839,MaximDlugy,2782,White,1 min,bullet,43,Won,9/11/2018
A-Adly,2832,MaximDlugy,2789,Black,1 min,bullet,30,Won,9/11/2018
A-Adly,2825,MaximDlugy,2796,White,1 min,bullet,33,Won,9/11/2018
A-Adly,2817,SZapataCharles,2621,Black,1 min,bullet,58,Won,9/9/2018
A-Adly,2813,SZapataCharles,2625,White,1 min,bullet,54,Won,9/9/2018
A-Adly,2809,SZapataCharles,2629,Black,1 min,bullet,32,Won,9/9/2018
A-Adly,2805,SZapataCharles,2633,White,1 min,bullet,66,Won,9/9/2018
A-Adly,2800,SZapataCharles,2638,Black,1 min,bullet,49,Lost,9/9/2018
A-Adly,2812,SZapataCharles,2626,White,1 min,bullet,46,Won,9/9/2018
A-Adly,2808,SZapataCharles,2630,Black,1 min,bullet,39,Won,9/9/2018