player,player_rating,opponent,opponent_rating,side,time_control,time_category,moves,result,date
A-Adly,2679,DevInProd,2645,White,1 min,bullet,59,Lost,2/15/2018
A-Adly,2707,DevInProd,2635,Black,1 min,bullet,49,Won,2/15/2018
A-Adly,2685,DevInProd,2642,White,1 min,bullet,45,Won,2/15/2018
A-Adly,2659,DevInProd,2650,Black,1 min,bullet,64,Draw,2/15/2018
A-Adly,2660,DevInProd,2650,White,1 min,bullet,26,Won,2/15/2018
A-Adly,2627,whynotbemad,2414,Black,1 min,bullet,12,Won,2/15/2018
A-Adly,2610,whynotbemad,2418,White,1 min,bullet,41,Won,2/15/2018
A-Adly,2590,whynotbemad,2422,Black,1 min,bullet,34,Won,2/15/2018
A-Adly,2566,whynotbemad,2427,White,1 min,bullet,55,Won,2/15/2018
A-Adly,2536,murdershewrote,2417,White,1 min,bullet,46,Won,2/15/2018
A-Adly,2500,OlegKapush,2296,White,1 min,bullet,46,Won,2/15/2018
A-Adly,2470,murdershewrote,2423,Black,1 min,bullet,43,Won,2/15/2018
A-Adly,2410,OlegKapush,2304,Black,1 min,bullet,32,Won,2/15/2018
A-Adly,2352,MaxEnke,2188,White,1 min,bullet,61,Won,2/15/2018
A-Adly,2295,MaxEnke,2194,Black,1 min,bullet,57,Won,2/15/2018
A-Adly,2208,simeodona,2150,White,1 min,bullet,20,Won,2/15/2018
A-Adly,2084,Mokey32,1927,Black,1 min,bullet,29,Won,2/15/2018
A-Adly,1962,chessman9998,1790,White,1 min,bullet,28,Won,2/15/2018