player,player_rating,opponent,opponent_rating,side,time_control,time_category,moves,result,date
A-Adly,2781,want2lose,2740,White,1 min,bullet,26,Lost,3/20/2019
A-Adly,2790,want2lose,2731,Black,1 min,bullet,27,Won,3/20/2019
A-Adly,2783,want2lose,2738,White,1 min,bullet,57,Won,3/20/2019
A-Adly,2775,alohaindigo,2624,Black,1 min,bullet,25,Lost,2/24/2019
A-Adly,2787,alohaindigo,2612,White,1 min,bullet,57,Lost,2/24/2019
A-Adly,2799,12teen,2762,White,1 min,bullet,48,Lost,2/20/2019
A-Adly,2808,12teen,2753,Black,1 min,bullet,50,Lost,2/20/2019
A-Adly,2818,12teen,2743,White,1 min,bullet,34,Won,2/20/2019
A-Adly,2811,12teen,2750,Black,1 min,bullet,31,Won,2/20/2019
A-Adly,2804,12teen,2757,White,1 min,bullet,50,Lost,2/20/2019
A-Adly,2813,bubacik,2628,White,1 min,bullet,31,Won,2/18/2019
A-Adly,2809,bubacik,2632,Black,1 min,bullet,69,Draw,2/18/2019
A-Adly,2813,bubacik,2628,White,1 min,bullet,22,Won,2/18/2019
A-Adly,2809,bubacik,2632,Black,1 min,bullet,56,Lost,2/18/2019
A-Adly,2821,bubacik,2620,White,1 min,bullet,41,Won,2/18/2019
A-Adly,2817,TigranLPetrosyan,2905,Black,1 min,bullet,30,Lost,2/8/2019
A-Adly,2823,TigranLPetrosyan,2899,White,1 min,bullet,38,Lost,2/8/2019
A-Adly,2830,TigranLPetrosyan,2892,Black,1 min,bullet,59,Lost,2/8/2019
A-Adly,2837,TigranLPetrosyan,2885,White,1 min,bullet,52,Draw,2/8/2019
A-Adly,2836,TigranLPetrosyan,2886,Black,1 min,bullet,42,Lost,2/8/2019
A-Adly,2843,TigranLPetrosyan,2879,White,1 min,bullet,55,Lost,2/8/2019
A-Adly,2851,nihalsarin,2852,Black,1 min,bullet,64,Lost,1/16/2019
A-Adly,2859,nihalsarin,2844,White,1 min,bullet,47,Lost,1/16/2019
A-Adly,2868,nihalsarin,2835,Black,1 min,bullet,49,Won,1/16/2019
A-Adly,2860,nihalsarin,2843,White,1 min,bullet,38,Lost,1/16/2019
A-Adly,2869,nihalsarin,2834,Black,1 min,bullet,69,Won,1/16/2019
A-Adly,2861,nihalsarin,2842,White,1 min,bullet,55,Lost,1/16/2019
A-Adly,2870,nihalsarin,2833,Black,1 min,bullet,30,Won,1/16/2019
A-Adly,2863,nihalsarin,2840,White,1 min,bullet,52,Won,1/16/2019
A-Adly,2855,nihalsarin,2848,Black,1 min,bullet,22,Won,1/16/2019
A-Adly,2847,nihalsarin,2856,White,1 min,bullet,34,Won,1/16/2019
A-Adly,2838,nihalsarin,2865,Black,1 min,bullet,30,Lost,1/16/2019
A-Adly,2846,nihalsarin,2857,White,1 min,bullet,38,Lost,1/16/2019
A-Adly,2854,nihalsarin,2849,Black,1 min,bullet,23,Lost,1/16/2019
A-Adly,2862,nihalsarin,2841,White,1 min,bullet,29,Lost,1/16/2019
A-Adly,2871,nihalsarin,2832,Black,1 min,bullet,18,Won,1/16/2019
A-Adly,2864,nihalsarin,2839,White,1 min,bullet,22,Won,1/16/2019
A-Adly,2856,nihalsarin,2847,Black,1 min,bullet,45,Won,1/16/2019
A-Adly,2848,nihalsarin,2855,White,1 min,bullet,55,Won,1/16/2019
A-Adly,2839,nihalsarin,2864,Black,1 min,bullet,61,Won,1/16/2019
A-Adly,2830,nihalsarin,2873,White,1 min,bullet,37,Lost,1/16/2019
A-Adly,2837,nihalsarin,2866,Black,1 min,bullet,27,Won,1/16/2019
A-Adly,2828,nihalsarin,2875,White,1 min,bullet,58,Won,1/16/2019
A-Adly,2818,nihalsarin,2885,Black,1 min,bullet,42,Lost,1/16/2019
A-Adly,2825,nihalsarin,2878,White,1 min,bullet,41,Lost,1/16/2019
A-Adly,2832,nihalsarin,2871,Black,1 min,bullet,32,Lost,1/16/2019
A-Adly,2839,nihalsarin,2864,White,1 min,bullet,48,Won,1/16/2019
A-Adly,2830,nihalsarin,2873,Black,1 min,bullet,32,Lost,1/16/2019
A-Adly,2837,nihalsarin,2866,White,1 min,bullet,61,Lost,1/16/2019
A-Adly,2845,Anahita_Gholami,2701,White,1 min,bullet,56,Won,1/11/2019