player,player_rating,opponent,opponent_rating,side,time_control,time_category,moves,result,date
A-Adly,2786,GoodMedicine,2578,White,1 min,bullet,19,Won,6/15/2018
A-Adly,2782,GulamaliRises,2633,Black,1 min,bullet,56,Lost,4/23/2018
A-Adly,2794,GulamaliRises,2621,White,1 min,bullet,53,Won,4/23/2018
A-Adly,2789,TarantinoQ,2607,White,1 min,bullet,53,Won,4/23/2018
A-Adly,2785,TarantinoQ,2613,Black,1 min,bullet,38,Won,4/23/2018
A-Adly,2780,TarantinoQ,2619,White,1 min,bullet,64,Lost,4/23/2018
A-Adly,2792,Federtiu,2621,Black,1 min,bullet,33,Won,4/22/2018
A-Adly,2787,Federtiu,2626,White,1 min,bullet,40,Won,4/22/2018
A-Adly,2782,Federtiu,2631,Black,1 min,bullet,24,Won,4/22/2018
A-Adly,2777,Federtiu,2636,White,1 min,bullet,57,Lost,4/22/2018
A-Adly,2789,Federtiu,2624,Black,1 min,bullet,20,Won,4/22/2018
A-Adly,2784,Federtiu,2629,White,1 min,bullet,42,Lost,4/22/2018
A-Adly,2796,manudavid,2677,White,1 min,bullet,43,Lost,4/22/2018
A-Adly,2807,manudavid,2666,Black,1 min,bullet,57,Lost,4/22/2018
A-Adly,2819,Kanallija,2815,Black,1 min,bullet,31,Lost,4/22/2018
A-Adly,2828,Kanallija,2806,White,1 min,bullet,44,Lost,4/22/2018
A-Adly,2837,Kanallija,2797,Black,1 min,bullet,31,Lost,4/22/2018
A-Adly,2846,Kanallija,2788,White,1 min,bullet,19,Lost,4/22/2018
A-Adly,2856,Kanallija,2778,Black,1 min,bullet,55,Won,4/22/2018
A-Adly,2849,Kanallija,2785,White,1 min,bullet,21,Lost,4/22/2018
A-Adly,2859,Kanallija,2775,Black,1 min,bullet,43,Won,4/22/2018
A-Adly,2853,Kanallija,2781,White,1 min,bullet,61,Won,4/22/2018
A-Adly,2846,Kanallija,2788,Black,1 min,bullet,34,Lost,4/22/2018
A-Adly,2856,Kanallija,2778,White,1 min,bullet,30,Won,4/22/2018
A-Adly,2849,Kanallija,2785,Black,1 min,bullet,39,Won,4/22/2018
A-Adly,2842,Kanallija,2792,White,1 min,bullet,57,Won,4/22/2018
A-Adly,2835,Kanallija,2799,Black,1 min,bullet,47,Won,4/22/2018
A-Adly,2828,Kanallija,2806,White,1 min,bullet,12,Won,4/22/2018
A-Adly,2820,Kanallija,2814,Black,1 min,bullet,50,Won,4/22/2018
A-Adly,2812,Kanallija,2822,White,1 min,bullet,38,Won,4/22/2018
A-Adly,2803,Kanallija,2831,Black,1 min,bullet,28,Lost,4/22/2018
A-Adly,2811,Kanallija,2823,White,1 min,bullet,57,Won,4/22/2018
A-Adly,2802,Kanallija,2832,Black,1 min,bullet,40,Lost,4/22/2018
A-Adly,2810,Kanallija,2824,White,1 min,bullet,48,Won,4/22/2018
A-Adly,2801,Kanallija,2833,Black,1 min,bullet,54,Lost,4/22/2018
A-Adly,2809,Kanallija,2825,White,1 min,bullet,57,Won,4/22/2018
A-Adly,2800,Kanallija,2834,Black,1 min,bullet,49,Won,4/22/2018
A-Adly,2791,Kanallija,2843,White,1 min,bullet,53,Lost,4/22/2018
A-Adly,2798,Kanallija,2836,Black,1 min,bullet,50,Won,4/22/2018
A-Adly,2789,Kanallija,2845,White,1 min,bullet,29,Lost,4/22/2018
A-Adly,2796,Kanallija,2838,Black,1 min,bullet,42,Lost,4/22/2018
A-Adly,2803,Kanallija,2831,White,1 min,bullet,46,Won,4/22/2018
A-Adly,2794,Kanallija,2840,Black,1 min,bullet,57,Won,4/22/2018
A-Adly,2785,Kanallija,2849,White,1 min,bullet,34,Lost,4/22/2018
A-Adly,2792,Kanallija,2842,Black,1 min,bullet,41,Lost,4/22/2018
A-Adly,2799,Kanallija,2835,White,1 min,bullet,15,Won,4/22/2018
A-Adly,2790,Kanallija,2844,Black,1 min,bullet,34,Lost,4/22/2018
A-Adly,2797,Kanallija,2837,White,1 min,bullet,19,Won,4/22/2018
A-Adly,2788,Kanallija,2846,Black,1 min,bullet,39,Won,4/22/2018
A-Adly,2778,Kanallija,2856,White,1 min,bullet,30,Lost,4/22/2018