player,player_rating,opponent,opponent_rating,side,time_control,time_category,moves,result,date
A-Adly,2830,Parhamov,2834,Black,3 min,blitz,33,Won,1/8/2019
A-Adly,2822,Parhamov,2842,White,3 min,blitz,70,Won,1/8/2019
A-Adly,2813,Parhamov,2851,Black,3 min,blitz,53,Lost,1/8/2019
A-Adly,2820,Parhamov,2844,White,3 min,blitz,34,Won,1/8/2019
A-Adly,2811,Parhamov,2853,Black,3 min,blitz,36,Won,1/8/2019
A-Adly,2802,Zugazuando,2718,White,3 min,blitz,31,Won,1/7/2019
A-Adly,2796,Zugazuando,2724,Black,3 min,blitz,77,Won,1/7/2019
A-Adly,2789,Zugazuando,2731,White,3 min,blitz,69,Won,1/7/2019
A-Adly,2782,gmgamil,2804,Black,3 min,blitz,21,Lost,1/7/2019
A-Adly,2790,gmgamil,2796,White,3 min,blitz,64,Won,1/7/2019
A-Adly,2781,gmgamil,2805,Black,3 min,blitz,31,Lost,1/7/2019
A-Adly,2790,gmgamil,2797,White,3 min,blitz,29,Won,1/7/2019
A-Adly,2780,gmgamil,2806,Black,3 min,blitz,49,Lost,1/7/2019
A-Adly,2789,Artur_Avalyan03,2685,Black,3 min,blitz,46,Won,1/7/2019
A-Adly,2782,Artur_Avalyan03,2691,White,3 min,blitz,24,Won,1/7/2019
A-Adly,2774,SteelSpider,2720,White,3 min,blitz,58,Draw,1/7/2019
A-Adly,2776,SteelSpider,2719,Black,3 min,blitz,58,Won,1/7/2019
A-Adly,2767,SteelSpider,2726,White,3 min,blitz,24,Lost,1/7/2019
A-Adly,2780,maciek_92,2642,White,3 min,blitz,62,Won,1/7/2019
A-Adly,2773,Edgar_Karagyozyan,2587,White,3 min,blitz,41,Won,1/7/2019
A-Adly,2767,IGROK1111,2656,Black,3 min,blitz,34,Won,1/7/2019
A-Adly,2758,IGROK1111,2662,White,3 min,blitz,28,Won,1/7/2019
A-Adly,2749,Ustat,2644,Black,3 min,blitz,56,Won,1/7/2019
A-Adly,2740,vovkcoach,2752,Black,3 min,blitz,29,Won,1/7/2019
A-Adly,2726,gufgufguf2,2612,Black,3 min,blitz,44,Lost,1/7/2019
A-Adly,2745,GulamaliRises,2637,White,3 min,blitz,46,Won,11/18/2018
A-Adly,2738,GulamaliRises,2643,Black,3 min,blitz,57,Won,11/18/2018
A-Adly,2731,GulamaliRises,2649,White,3 min,blitz,28,Won,11/18/2018
A-Adly,2723,GulamaliRises,2655,Black,3 min,blitz,51,Lost,11/18/2018
A-Adly,2735,GulamaliRises,2645,White,3 min,blitz,33,Lost,11/18/2018
A-Adly,2748,Killtrochess,2616,Black,3 min,blitz,25,Won,11/15/2018
A-Adly,2741,Killtrochess,2622,White,3 min,blitz,62,Lost,11/15/2018
A-Adly,2755,Killtrochess,2609,Black,3 min,blitz,54,Won,11/15/2018
A-Adly,2748,defenceboy,2754,White,3 min,blitz,21,Won,11/15/2018
A-Adly,2736,Malik02,2717,Black,3 min,blitz,70,Lost,11/14/2018
A-Adly,2748,Malik02,2708,White,3 min,blitz,17,Won,11/14/2018
A-Adly,2737,Malik02,2716,Black,3 min,blitz,30,Won,11/14/2018
A-Adly,2725,Malik02,2724,White,3 min,blitz,64,Draw,11/14/2018
A-Adly,2725,Raja3401,2588,White,3 min,blitz,56,Won,11/14/2018
A-Adly,2717,Raja3401,2593,Black,3 min,blitz,42,Won,11/14/2018
A-Adly,2708,Raja3401,2599,White,3 min,blitz,33,Won,11/14/2018
A-Adly,2698,Raja3401,2605,Black,3 min,blitz,67,Lost,11/14/2018
A-Adly,2717,Raja3401,2594,White,3 min,blitz,58,Lost,11/14/2018
A-Adly,2737,Bryakin_Mikhail,2679,Black,3 min,blitz,68,Lost,11/12/2018
A-Adly,2755,Bryakin_Mikhail,2669,White,3 min,blitz,48,Draw,11/12/2018
A-Adly,2759,Bryakin_Mikhail,2667,Black,3 min,blitz,36,Won,11/12/2018
A-Adly,2746,Bryakin_Mikhail,2673,White,3 min,blitz,77,Draw,11/12/2018
A-Adly,2750,Blackmind96,2630,Black,3 min,blitz,54,Won,9/17/2018
A-Adly,2741,Blackmind96,2636,White,3 min,blitz,22,Won,9/17/2018
A-Adly,2732,Blackmind96,2642,Black,3 min,blitz,28,Lost,9/17/2018