player,player_rating,opponent,opponent_rating,side,time_control,time_category,moves,result,date
A-Adly,2767,believeyy,2735,Black,1 min,bullet,56,Lost,6/16/2018
A-Adly,2776,believeyy,2720,White,1 min,bullet,47,Won,6/16/2018
A-Adly,2769,believeyy,2732,Black,1 min,bullet,52,Lost,6/16/2018
A-Adly,2778,believeyy,2715,White,1 min,bullet,37,Won,6/16/2018
A-Adly,2771,believeyy,2728,Black,1 min,bullet,35,Won,6/16/2018
A-Adly,2763,believeyy,2743,White,1 min,bullet,37,Lost,6/16/2018
A-Adly,2772,believeyy,2725,Black,1 min,bullet,57,Draw,6/16/2018
A-Adly,2773,believeyy,2723,White,1 min,bullet,59,Won,6/16/2018
A-Adly,2766,believeyy,2739,Black,1 min,bullet,20,Lost,6/16/2018
A-Adly,2775,believeyy,2717,White,1 min,bullet,20,Won,6/16/2018
A-Adly,2768,believeyy,2735,Black,1 min,bullet,54,Won,6/16/2018
A-Adly,2760,believeyy,2755,White,1 min,bullet,57,Won,6/16/2018
A-Adly,2751,believeyy,2778,Black,1 min,bullet,18,Won,6/16/2018
A-Adly,2742,believeyy,2805,White,1 min,bullet,40,Lost,6/16/2018
A-Adly,2749,believeyy,2783,Black,1 min,bullet,38,Won,6/16/2018
A-Adly,2739,believeyy,2815,White,1 min,bullet,38,Won,6/16/2018
A-Adly,2728,believeyy,2852,Black,1 min,bullet,44,Lost,6/16/2018
A-Adly,2734,believeyy,2830,White,1 min,bullet,33,Lost,6/16/2018
A-Adly,2741,believeyy,2803,Black,1 min,bullet,41,Lost,6/16/2018
A-Adly,2748,believeyy,2770,White,1 min,bullet,55,Draw,6/16/2018
A-Adly,2747,believeyy,2773,Black,1 min,bullet,37,Lost,6/16/2018
A-Adly,2756,TampaChess,2704,White,1 min,bullet,52,Lost,6/15/2018
A-Adly,2766,TampaChess,2694,Black,1 min,bullet,31,Draw,6/15/2018
A-Adly,2768,TampaChess,2692,White,1 min,bullet,37,Lost,6/15/2018
A-Adly,2778,TampaChess,2682,Black,1 min,bullet,49,Won,6/15/2018
A-Adly,2772,TampaChess,2688,White,1 min,bullet,31,Lost,6/15/2018
A-Adly,2782,TampaChess,2678,Black,1 min,bullet,57,Won,6/15/2018
A-Adly,2776,TampaChess,2684,White,1 min,bullet,64,Draw,6/15/2018
A-Adly,2778,TampaChess,2682,Black,1 min,bullet,52,Won,6/15/2018
A-Adly,2772,TampaChess,2688,White,1 min,bullet,61,Lost,6/15/2018
A-Adly,2782,TampaChess,2678,Black,1 min,bullet,51,Won,6/15/2018
A-Adly,2776,TampaChess,2684,White,1 min,bullet,28,Won,6/15/2018
A-Adly,2770,TampaChess,2690,Black,1 min,bullet,26,Lost,6/15/2018
A-Adly,2780,TampaChess,2680,White,1 min,bullet,45,Won,6/15/2018
A-Adly,2774,TampaChess,2686,Black,1 min,bullet,35,Lost,6/15/2018
A-Adly,2784,TampaChess,2676,White,1 min,bullet,43,Won,6/15/2018
A-Adly,2778,TampaChess,2682,Black,1 min,bullet,66,Won,6/15/2018
A-Adly,2772,TampaChess,2688,White,1 min,bullet,69,Draw,6/15/2018
A-Adly,2774,TampaChess,2686,Black,1 min,bullet,47,Lost,6/15/2018
A-Adly,2784,TampaChess,2676,White,1 min,bullet,29,Won,6/15/2018
A-Adly,2778,TampaChess,2682,Black,1 min,bullet,31,Lost,6/15/2018
A-Adly,2789,TampaChess,2671,White,1 min,bullet,49,Won,6/15/2018
A-Adly,2783,TampaChess,2677,Black,1 min,bullet,45,Won,6/15/2018
A-Adly,2777,TampaChess,2683,White,1 min,bullet,40,Won,6/15/2018
A-Adly,2771,TampaChess,2689,Black,1 min,bullet,34,Lost,6/15/2018
A-Adly,2781,TampaChess,2679,White,1 min,bullet,45,Won,6/15/2018
A-Adly,2775,TampaChess,2685,Black,1 min,bullet,50,Won,6/15/2018
A-Adly,2769,TampaChess,2691,White,1 min,bullet,24,Lost,6/15/2018
A-Adly,2779,TampaChess,2681,Black,1 min,bullet,50,Lost,6/15/2018
A-Adly,2790,GoodMedicine,2574,Black,1 min,bullet,27,Won,6/15/2018