player,player_rating,opponent,opponent_rating,side,time_control,time_category,moves,result,date
A-Adly,2756,Lordillidan,2862,Black,1 min,bullet,72,Won,9/3/2018
A-Adly,2745,Lordillidan,2873,White,1 min,bullet,57,Draw,9/3/2018
A-Adly,2742,Lordillidan,2876,Black,1 min,bullet,19,Lost,9/3/2018
A-Adly,2747,Lordillidan,2871,White,1 min,bullet,46,Lost,9/3/2018
A-Adly,2752,Lordillidan,2866,Black,1 min,bullet,86,Won,9/3/2018
A-Adly,2741,Lordillidan,2877,White,1 min,bullet,45,Lost,9/3/2018
A-Adly,2746,Lordillidan,2872,Black,1 min,bullet,35,Lost,9/3/2018
A-Adly,2751,Lordillidan,2867,White,1 min,bullet,48,Lost,9/3/2018
A-Adly,2757,Lordillidan,2861,Black,1 min,bullet,64,Draw,9/3/2018
A-Adly,2755,Lordillidan,2863,White,1 min,bullet,39,Won,9/3/2018
A-Adly,2744,Lordillidan,2874,Black,1 min,bullet,17,Lost,9/3/2018
A-Adly,2749,Lordillidan,2869,White,1 min,bullet,72,Lost,9/3/2018
A-Adly,2755,Lordillidan,2863,Black,1 min,bullet,67,Lost,9/3/2018
A-Adly,2761,NguyenXi,2659,White,1 min,bullet,27,Lost,8/21/2018
A-Adly,2772,NguyenXi,2648,Black,1 min,bullet,43,Draw,8/21/2018
A-Adly,2775,NguyenXi,2645,White,1 min,bullet,46,Draw,8/21/2018
A-Adly,2778,Doreality,2549,White,1 min,bullet,20,Won,8/21/2018
A-Adly,2774,Doreality,2553,Black,1 min,bullet,32,Won,8/21/2018
A-Adly,2770,Doreality,2557,White,1 min,bullet,25,Won,8/21/2018
A-Adly,2766,Doreality,2561,Black,1 min,bullet,38,Won,8/21/2018
A-Adly,2762,memer5334,2577,White,1 min,bullet,7,Won,8/20/2018
A-Adly,2758,memer5334,2581,Black,1 min,bullet,57,Won,8/20/2018
A-Adly,2754,memer5334,2585,White,1 min,bullet,33,Lost,8/20/2018
A-Adly,2766,memer5334,2573,Black,1 min,bullet,37,Won,8/20/2018
A-Adly,2762,memer5334,2577,White,1 min,bullet,50,Won,8/20/2018
A-Adly,2758,memer5334,2581,Black,1 min,bullet,38,Won,8/20/2018
A-Adly,2754,memer5334,2585,White,1 min,bullet,51,Won,8/20/2018
A-Adly,2749,memer5334,2590,Black,1 min,bullet,19,Won,8/20/2018
A-Adly,2744,pultineviciuspaulius,2631,White,1 min,bullet,40,Won,8/18/2018
A-Adly,2738,pultineviciuspaulius,2637,Black,1 min,bullet,59,Lost,8/18/2018
A-Adly,2749,pultineviciuspaulius,2626,White,1 min,bullet,57,Lost,8/18/2018
A-Adly,2760,pultineviciuspaulius,2615,Black,1 min,bullet,16,Lost,8/18/2018
A-Adly,2772,pultineviciuspaulius,2603,White,1 min,bullet,51,Lost,8/18/2018
A-Adly,2784,pultineviciuspaulius,2591,Black,1 min,bullet,54,Won,8/18/2018
A-Adly,2780,pultineviciuspaulius,2595,White,1 min,bullet,23,Won,8/18/2018
A-Adly,2776,Byniolus,2715,White,1 min,bullet,32,Won,8/17/2018
A-Adly,2769,Byniolus,2722,Black,1 min,bullet,35,Won,8/17/2018
A-Adly,2762,Byniolus,2729,White,1 min,bullet,44,Lost,8/17/2018
A-Adly,2771,Byniolus,2720,Black,1 min,bullet,75,Won,8/17/2018
A-Adly,2764,Byniolus,2727,White,1 min,bullet,63,Lost,8/17/2018
A-Adly,2773,Byniolus,2718,Black,1 min,bullet,53,Won,8/17/2018
A-Adly,2766,Byniolus,2725,White,1 min,bullet,53,Won,8/17/2018
A-Adly,2759,Byniolus,2732,Black,1 min,bullet,41,Lost,8/17/2018
A-Adly,2768,Byniolus,2723,White,1 min,bullet,49,Lost,8/17/2018
A-Adly,2777,Byniolus,2714,Black,1 min,bullet,79,Draw,8/17/2018
A-Adly,2778,Byniolus,2713,White,1 min,bullet,53,Won,8/17/2018
A-Adly,2771,Byniolus,2720,Black,1 min,bullet,33,Won,8/17/2018
A-Adly,2764,Byniolus,2727,White,1 min,bullet,24,Won,8/17/2018
A-Adly,2756,Byniolus,2735,Black,1 min,bullet,45,Draw,8/17/2018
A-Adly,2756,Byniolus,2735,White,1 min,bullet,38,Draw,8/17/2018