player,player_rating,opponent,opponent_rating,side,time_control,time_category,moves,result,date
A-Adly,2693,nihalsarin,2662,White,1 min,bullet,27,Lost,3/22/2018
A-Adly,2702,nihalsarin,2653,Black,1 min,bullet,57,Lost,3/22/2018
A-Adly,2712,nihalsarin,2643,White,1 min,bullet,42,Won,3/22/2018
A-Adly,2705,nihalsarin,2650,Black,1 min,bullet,42,Won,3/22/2018
A-Adly,2698,nihalsarin,2657,White,1 min,bullet,21,Lost,3/22/2018
A-Adly,2707,nihalsarin,2648,Black,1 min,bullet,33,Won,3/22/2018
A-Adly,2700,Jovencitos33,2582,White,1 min,bullet,38,Lost,3/22/2018
A-Adly,2711,Jovencitos33,2571,Black,1 min,bullet,35,Won,3/22/2018
A-Adly,2706,Jovencitos33,2576,White,1 min,bullet,62,Won,3/22/2018
A-Adly,2701,Davit_Tiraturyan,2648,White,1 min,bullet,19,Lost,3/21/2018
A-Adly,2711,Davit_Tiraturyan,2638,Black,1 min,bullet,68,Lost,3/21/2018
A-Adly,2721,Davit_Tiraturyan,2628,White,1 min,bullet,17,Won,3/21/2018
A-Adly,2715,Davit_Tiraturyan,2634,Black,1 min,bullet,43,Lost,3/21/2018
A-Adly,2725,Davit_Tiraturyan,2624,White,1 min,bullet,19,Won,3/21/2018
A-Adly,2719,Pal2855,2525,White,1 min,bullet,64,Won,3/21/2018
A-Adly,2715,Pal2855,2529,Black,1 min,bullet,27,Won,3/21/2018
A-Adly,2711,Pal2855,2533,White,1 min,bullet,29,Lost,3/21/2018
A-Adly,2723,Pal2855,2521,Black,1 min,bullet,65,Won,3/21/2018
A-Adly,2719,MrKusaka,2682,White,1 min,bullet,55,Won,3/21/2018
A-Adly,2711,MrKusaka,2690,Black,1 min,bullet,33,Won,3/21/2018
A-Adly,2703,MrKusaka,2698,White,1 min,bullet,60,Lost,3/21/2018
A-Adly,2712,MrKusaka,2689,Black,1 min,bullet,56,Lost,3/21/2018
A-Adly,2721,NguyenXi,2637,Black,1 min,bullet,28,Won,3/19/2018
A-Adly,2715,NguyenXi,2643,White,1 min,bullet,42,Won,3/19/2018
A-Adly,2708,NguyenXi,2650,Black,1 min,bullet,39,Lost,3/19/2018
A-Adly,2718,NguyenXi,2640,White,1 min,bullet,23,Lost,3/19/2018
A-Adly,2728,NguyenXi,2630,Black,1 min,bullet,26,Won,3/19/2018
A-Adly,2722,NguyenXi,2636,White,1 min,bullet,16,Won,3/19/2018
A-Adly,2716,NguyenXi,2642,Black,1 min,bullet,14,Won,3/19/2018
A-Adly,2709,NguyenXi,2649,White,1 min,bullet,24,Won,3/19/2018
A-Adly,2702,NguyenXi,2656,Black,1 min,bullet,30,Lost,3/19/2018
A-Adly,2711,NguyenXi,2647,White,1 min,bullet,55,Draw,3/19/2018
A-Adly,2712,dreamist,2614,Black,1 min,bullet,60,Lost,3/10/2018
A-Adly,2723,dreamist,2603,White,1 min,bullet,26,Lost,3/10/2018
A-Adly,2734,jimis98,2651,White,1 min,bullet,26,Won,3/10/2018
A-Adly,2728,jimis98,2657,Black,1 min,bullet,63,Draw,3/10/2018
A-Adly,2730,jimis98,2655,White,1 min,bullet,39,Won,3/10/2018
A-Adly,2723,Malik02,2708,Black,1 min,bullet,23,Won,3/4/2018
A-Adly,2715,Malik02,2716,White,1 min,bullet,62,Lost,3/4/2018
A-Adly,2723,Malik02,2708,Black,1 min,bullet,47,Lost,3/4/2018
A-Adly,2732,Malik02,2699,White,1 min,bullet,72,Lost,3/4/2018
A-Adly,2741,Malik02,2690,Black,1 min,bullet,37,Won,3/4/2018
A-Adly,2734,Malik02,2697,White,1 min,bullet,30,Won,3/4/2018
A-Adly,2726,Malik02,2705,Black,1 min,bullet,51,Lost,3/4/2018
A-Adly,2735,Malik02,2696,White,1 min,bullet,30,Won,3/4/2018
A-Adly,2728,Malik02,2703,Black,1 min,bullet,55,Lost,3/4/2018
A-Adly,2737,Malik02,2694,White,1 min,bullet,68,Draw,3/4/2018
A-Adly,2738,Malik02,2693,Black,1 min,bullet,33,Won,3/4/2018
A-Adly,2731,Malik02,2700,White,1 min,bullet,58,Won,3/4/2018
A-Adly,2723,Malik02,2708,Black,1 min,bullet,55,Lost,3/4/2018