player,player_rating,opponent,opponent_rating,side,time_control,time_category,moves,result,date
A-Adly,2780,manudavid,2692,Black,1 min,bullet,16,Won,7/7/2018
A-Adly,2774,manudavid,2698,White,1 min,bullet,42,Lost,7/7/2018
A-Adly,2784,manudavid,2688,Black,1 min,bullet,27,Won,7/7/2018
A-Adly,2778,manudavid,2694,White,1 min,bullet,56,Lost,7/7/2018
A-Adly,2788,manudavid,2684,Black,1 min,bullet,14,Won,7/7/2018
A-Adly,2782,manudavid,2690,White,1 min,bullet,38,Won,7/7/2018
A-Adly,2776,manudavid,2696,Black,1 min,bullet,34,Won,7/7/2018
A-Adly,2770,manudavid,2702,White,1 min,bullet,64,Draw,7/7/2018
A-Adly,2772,manudavid,2700,Black,1 min,bullet,27,Won,7/7/2018
A-Adly,2765,manudavid,2707,White,1 min,bullet,39,Lost,7/7/2018
A-Adly,2775,manudavid,2697,Black,1 min,bullet,29,Won,7/7/2018
A-Adly,2768,manudavid,2704,White,1 min,bullet,24,Won,7/7/2018
A-Adly,2761,manudavid,2711,Black,1 min,bullet,57,Lost,7/7/2018
A-Adly,2771,manudavid,2701,White,1 min,bullet,48,Lost,7/7/2018
A-Adly,2781,manudavid,2691,Black,1 min,bullet,35,Won,7/7/2018
A-Adly,2775,manudavid,2697,White,1 min,bullet,33,Won,7/7/2018
A-Adly,2768,manudavid,2704,Black,1 min,bullet,45,Won,7/7/2018
A-Adly,2761,manudavid,2711,White,1 min,bullet,65,Lost,7/7/2018
A-Adly,2771,manudavid,2701,Black,1 min,bullet,37,Lost,7/7/2018
A-Adly,2781,manudavid,2691,White,1 min,bullet,21,Won,7/7/2018
A-Adly,2775,manudavid,2697,Black,1 min,bullet,46,Won,7/7/2018
A-Adly,2768,Arash_Tahbaz,2685,Black,1 min,bullet,1,Lost,7/5/2018
A-Adly,2778,Bad_Genuis,2666,White,1 min,bullet,83,Lost,7/4/2018
A-Adly,2789,Bad_Genuis,2655,Black,1 min,bullet,44,Lost,7/4/2018
A-Adly,2800,Kanallija,2817,Black,1 min,bullet,36,Lost,6/17/2018
A-Adly,2808,Kanallija,2809,White,1 min,bullet,47,Won,6/17/2018
A-Adly,2800,Kanallija,2817,Black,1 min,bullet,36,Lost,6/17/2018
A-Adly,2808,Kanallija,2809,White,1 min,bullet,24,Lost,6/17/2018
A-Adly,2816,Kanallija,2801,Black,1 min,bullet,39,Lost,6/17/2018
A-Adly,2825,Kanallija,2792,White,1 min,bullet,57,Won,6/17/2018
A-Adly,2817,Kanallija,2800,Black,1 min,bullet,43,Lost,6/17/2018
A-Adly,2826,Kanallija,2791,White,1 min,bullet,52,Won,6/17/2018
A-Adly,2818,Kanallija,2799,Black,1 min,bullet,36,Draw,6/17/2018
A-Adly,2818,Kanallija,2799,White,1 min,bullet,37,Won,6/17/2018
A-Adly,2810,yavrukurt40,2746,Black,1 min,bullet,27,Won,6/17/2018
A-Adly,2803,yavrukurt40,2753,White,1 min,bullet,51,Won,6/17/2018
A-Adly,2796,yavrukurt40,2760,Black,1 min,bullet,33,Won,6/17/2018
A-Adly,2789,yavrukurt40,2767,White,1 min,bullet,12,Won,6/17/2018
A-Adly,2781,yavrukurt40,2775,Black,1 min,bullet,34,Won,6/17/2018
A-Adly,2773,believeyy,2719,White,1 min,bullet,61,Lost,6/16/2018
A-Adly,2783,believeyy,2707,Black,1 min,bullet,50,Won,6/16/2018
A-Adly,2776,believeyy,2715,White,1 min,bullet,33,Lost,6/16/2018
A-Adly,2786,believeyy,2703,Black,1 min,bullet,32,Lost,6/16/2018
A-Adly,2796,believeyy,2690,White,1 min,bullet,53,Won,6/16/2018
A-Adly,2790,believeyy,2698,Black,1 min,bullet,53,Won,6/16/2018
A-Adly,2784,believeyy,2707,White,1 min,bullet,48,Won,6/16/2018
A-Adly,2777,believeyy,2716,Black,1 min,bullet,41,Lost,6/16/2018
A-Adly,2787,believeyy,2702,White,1 min,bullet,66,Won,6/16/2018
A-Adly,2781,believeyy,2712,Black,1 min,bullet,39,Won,6/16/2018
A-Adly,2774,believeyy,2723,White,1 min,bullet,50,Won,6/16/2018