player,player_rating,opponent,opponent_rating,side,time_control,time_category,moves,result,date
A-Adly,2804,SZapataCharles,2634,White,1 min,bullet,33,Won,9/9/2018
A-Adly,2799,1random,2643,Black,1 min,bullet,33,Won,9/7/2018
A-Adly,2794,1random,2648,White,1 min,bullet,40,Won,9/7/2018
A-Adly,2789,1random,2653,Black,1 min,bullet,18,Won,9/7/2018
A-Adly,2784,1random,2658,White,1 min,bullet,26,Won,9/7/2018
A-Adly,2779,1random,2663,Black,1 min,bullet,28,Won,9/7/2018
A-Adly,2773,1random,2669,White,1 min,bullet,37,Won,9/7/2018
A-Adly,2767,1random,2675,Black,1 min,bullet,56,Lost,9/7/2018
A-Adly,2778,1random,2664,White,1 min,bullet,44,Won,9/7/2018
A-Adly,2772,1random,2670,Black,1 min,bullet,53,Lost,9/7/2018
A-Adly,2783,1random,2659,White,1 min,bullet,32,Won,9/7/2018
A-Adly,2777,1random,2665,Black,1 min,bullet,38,Won,9/7/2018
A-Adly,2771,1random,2671,White,1 min,bullet,79,Won,9/7/2018
A-Adly,2765,1random,2677,Black,1 min,bullet,34,Lost,9/7/2018
A-Adly,2775,1random,2667,White,1 min,bullet,31,Won,9/7/2018
A-Adly,2769,1random,2673,Black,1 min,bullet,59,Won,9/7/2018
A-Adly,2763,1random,2679,White,1 min,bullet,38,Won,9/7/2018
A-Adly,2757,1random,2685,Black,1 min,bullet,56,Won,9/7/2018
A-Adly,2750,elthon2608,2552,White,1 min,bullet,27,Won,9/7/2018
A-Adly,2746,Lordillidan,2872,White,1 min,bullet,40,Won,9/3/2018
A-Adly,2735,Lordillidan,2883,Black,1 min,bullet,23,Lost,9/3/2018
A-Adly,2740,Lordillidan,2878,White,1 min,bullet,74,Draw,9/3/2018
A-Adly,2737,Lordillidan,2881,Black,1 min,bullet,55,Lost,9/3/2018
A-Adly,2742,Lordillidan,2876,White,1 min,bullet,66,Lost,9/3/2018
A-Adly,2747,Lordillidan,2871,Black,1 min,bullet,28,Lost,9/3/2018
A-Adly,2753,Lordillidan,2865,White,1 min,bullet,47,Lost,9/3/2018
A-Adly,2759,Lordillidan,2859,Black,1 min,bullet,20,Lost,9/3/2018
A-Adly,2765,Lordillidan,2853,White,1 min,bullet,49,Won,9/3/2018
A-Adly,2755,Lordillidan,2863,Black,1 min,bullet,35,Draw,9/3/2018
A-Adly,2753,Lordillidan,2865,White,1 min,bullet,47,Won,9/3/2018
A-Adly,2742,Lordillidan,2876,Black,1 min,bullet,73,Lost,9/3/2018
A-Adly,2747,Lordillidan,2871,White,1 min,bullet,67,Lost,9/3/2018
A-Adly,2753,Lordillidan,2865,Black,1 min,bullet,59,Lost,9/3/2018
A-Adly,2759,Lordillidan,2859,White,1 min,bullet,63,Won,9/3/2018
A-Adly,2748,Lordillidan,2870,Black,1 min,bullet,59,Lost,9/3/2018
A-Adly,2754,Lordillidan,2864,White,1 min,bullet,56,Lost,9/3/2018
A-Adly,2760,Lordillidan,2858,Black,1 min,bullet,51,Won,9/3/2018
A-Adly,2749,Lordillidan,2869,White,1 min,bullet,22,Lost,9/3/2018
A-Adly,2755,Lordillidan,2863,Black,1 min,bullet,47,Draw,9/3/2018
A-Adly,2752,Lordillidan,2866,White,1 min,bullet,19,Lost,9/3/2018
A-Adly,2758,Lordillidan,2860,Black,1 min,bullet,67,Won,9/3/2018
A-Adly,2747,Lordillidan,2871,White,1 min,bullet,23,Won,9/3/2018
A-Adly,2736,Lordillidan,2882,Black,1 min,bullet,33,Lost,9/3/2018
A-Adly,2741,Lordillidan,2877,White,1 min,bullet,64,Draw,9/3/2018
A-Adly,2738,Lordillidan,2880,Black,1 min,bullet,23,Lost,9/3/2018
A-Adly,2743,Lordillidan,2875,White,1 min,bullet,31,Lost,9/3/2018
A-Adly,2748,Lordillidan,2870,Black,1 min,bullet,71,Lost,9/3/2018
A-Adly,2754,Lordillidan,2864,White,1 min,bullet,54,Lost,9/3/2018
A-Adly,2760,Lordillidan,2858,Black,1 min,bullet,55,Draw,9/3/2018
A-Adly,2758,Lordillidan,2860,White,1 min,bullet,69,Draw,9/3/2018