player,player_rating,opponent,opponent_rating,side,time_control,time_category,moves,result,date
A-Adly,2732,GABUZYAN_CHESSMOOD,2645,White,1 min,bullet,59,Lost,3/4/2018
A-Adly,2742,GABUZYAN_CHESSMOOD,2635,Black,1 min,bullet,23,Won,3/4/2018
A-Adly,2736,GABUZYAN_CHESSMOOD,2641,White,1 min,bullet,26,Won,3/4/2018
A-Adly,2730,GABUZYAN_CHESSMOOD,2647,Black,1 min,bullet,61,Lost,3/4/2018
A-Adly,2740,GABUZYAN_CHESSMOOD,2637,White,1 min,bullet,32,Won,3/4/2018
A-Adly,2734,GABUZYAN_CHESSMOOD,2643,Black,1 min,bullet,43,Won,3/4/2018
A-Adly,2728,GABUZYAN_CHESSMOOD,2649,White,1 min,bullet,36,Won,3/4/2018
A-Adly,2722,GABUZYAN_CHESSMOOD,2655,Black,1 min,bullet,44,Lost,3/4/2018
A-Adly,2732,GABUZYAN_CHESSMOOD,2645,White,1 min,bullet,31,Won,3/4/2018
A-Adly,2726,GABUZYAN_CHESSMOOD,2651,Black,1 min,bullet,32,Won,3/4/2018
A-Adly,2719,GABUZYAN_CHESSMOOD,2658,White,1 min,bullet,63,Won,3/4/2018
A-Adly,2712,GABUZYAN_CHESSMOOD,2665,Black,1 min,bullet,61,Won,3/4/2018
A-Adly,2705,GABUZYAN_CHESSMOOD,2672,White,1 min,bullet,92,Lost,3/4/2018
A-Adly,2715,Alexander_Kachko,2578,Black,1 min,bullet,62,Lost,2/23/2018
A-Adly,2726,GMAkiba,2631,White,1 min,bullet,35,Lost,2/23/2018
A-Adly,2737,GMAkiba,2614,Black,1 min,bullet,43,Lost,2/23/2018
A-Adly,2748,GMAkiba,2595,White,1 min,bullet,35,Won,2/23/2018
A-Adly,2743,IMTominho,2587,Black,1 min,bullet,18,Won,2/23/2018
A-Adly,2738,IMTominho,2592,White,1 min,bullet,21,Won,2/23/2018
A-Adly,2733,verguenza,2591,White,1 min,bullet,32,Lost,2/23/2018
A-Adly,2746,verguenza,2579,Black,1 min,bullet,42,Lost,2/23/2018
A-Adly,2759,The_bird_of_peace,2852,Black,1 min,bullet,54,Lost,2/18/2018
A-Adly,2766,The_bird_of_peace,2846,White,1 min,bullet,42,Lost,2/18/2018
A-Adly,2773,Micki-taryan,2704,White,1 min,bullet,33,Won,2/17/2018
A-Adly,2765,Micki-taryan,2711,Black,1 min,bullet,33,Won,2/17/2018
A-Adly,2757,Micki-taryan,2718,White,1 min,bullet,52,Won,2/17/2018
A-Adly,2748,Micki-taryan,2725,Black,1 min,bullet,54,Lost,2/17/2018
A-Adly,2759,Micki-taryan,2716,White,1 min,bullet,33,Won,2/17/2018
A-Adly,2750,Micki-taryan,2723,Black,1 min,bullet,40,Won,2/17/2018
A-Adly,2740,Micki-taryan,2731,White,1 min,bullet,33,Won,2/17/2018
A-Adly,2729,Micki-taryan,2739,Black,1 min,bullet,38,Lost,2/17/2018
A-Adly,2740,Micki-taryan,2731,White,1 min,bullet,26,Won,2/17/2018
A-Adly,2729,Micki-taryan,2739,Black,1 min,bullet,25,Won,2/17/2018
A-Adly,2716,Micki-taryan,2748,White,1 min,bullet,37,Lost,2/17/2018
A-Adly,2727,Micki-taryan,2740,Black,1 min,bullet,36,Won,2/17/2018
A-Adly,2713,Micki-taryan,2749,White,1 min,bullet,27,Won,2/17/2018
A-Adly,2698,Micki-taryan,2758,Black,1 min,bullet,38,Lost,2/17/2018
A-Adly,2710,Micki-taryan,2751,White,1 min,bullet,24,Won,2/17/2018
A-Adly,2694,Micki-taryan,2760,Black,1 min,bullet,41,Lost,2/17/2018
A-Adly,2706,Micki-taryan,2753,White,1 min,bullet,43,Won,2/17/2018
A-Adly,2688,YouGoodPlayer,2555,White,1 min,bullet,32,Won,2/15/2018
A-Adly,2678,Evan_Sabanhur,2545,White,1 min,bullet,55,Lost,2/15/2018
A-Adly,2701,Evan_Sabanhur,2533,Black,1 min,bullet,44,Won,2/15/2018
A-Adly,2691,Evan_Sabanhur,2538,White,1 min,bullet,58,Lost,2/15/2018
A-Adly,2716,Evan_Sabanhur,2526,Black,1 min,bullet,39,Won,2/15/2018
A-Adly,2706,Evan_Sabanhur,2530,White,1 min,bullet,44,Won,2/15/2018
A-Adly,2695,Evan_Sabanhur,2535,Black,1 min,bullet,68,Won,2/15/2018
A-Adly,2683,Evan_Sabanhur,2540,White,1 min,bullet,47,Won,2/15/2018
A-Adly,2670,Evan_Sabanhur,2545,Black,1 min,bullet,45,Won,2/15/2018
A-Adly,2655,DevInProd,2654,Black,1 min,bullet,50,Lost,2/15/2018