player,player_rating,opponent,opponent_rating,side,time_control,time_category,moves,result,date
A-Adly,2749,Blackmind96,2631,White,3 min,blitz,28,Won,9/17/2018
A-Adly,2739,Alexander_Khlebovich,2666,White,3 min,blitz,44,Won,9/17/2018
A-Adly,2727,Alexander_Khlebovich,2673,Black,3 min,blitz,56,Draw,9/17/2018
A-Adly,2729,Yaacovn,2696,White,3 min,blitz,97,Lost,8/21/2018
A-Adly,2743,Yaacovn,2687,Black,3 min,blitz,65,Lost,8/21/2018
A-Adly,2759,Yaacovn,2677,White,3 min,blitz,37,Won,8/21/2018
A-Adly,2748,Yaacovn,2684,Black,3 min,blitz,61,Lost,8/21/2018
A-Adly,2765,Yaacovn,2674,White,3 min,blitz,31,Won,8/21/2018
A-Adly,2754,DanielNaroditsky,2919,Black,3 min,blitz,39,Won,7/12/2018
A-Adly,2737,DanielNaroditsky,2931,White,3 min,blitz,43,Lost,7/12/2018
A-Adly,2743,DanielNaroditsky,2927,Black,3 min,blitz,49,Lost,7/12/2018
A-Adly,2749,DanielNaroditsky,2923,White,3 min,blitz,73,Lost,7/12/2018
A-Adly,2756,DanielNaroditsky,2918,Black,3 min,blitz,35,Won,7/12/2018
A-Adly,2738,Kriari,2701,White,3 min,blitz,57,Won,4/22/2018
A-Adly,2730,Kriari,2709,Black,3 min,blitz,64,Lost,4/22/2018
A-Adly,2739,Kriari,2700,White,3 min,blitz,33,Won,4/22/2018
A-Adly,2732,Kriari,2707,Black,3 min,blitz,27,Won,4/22/2018
A-Adly,2724,Kriari,2715,White,3 min,blitz,53,Won,4/22/2018
A-Adly,2716,Kriari,2723,Black,3 min,blitz,83,Lost,4/22/2018
A-Adly,2724,Kriari,2715,White,3 min,blitz,39,Won,4/22/2018
A-Adly,2716,Kriari,2723,Black,3 min,blitz,33,Won,4/22/2018
A-Adly,2707,Kriari,2732,White,3 min,blitz,17,Won,4/22/2018
A-Adly,2698,Kriari,2741,Black,3 min,blitz,65,Lost,4/22/2018
A-Adly,2705,Jospem,2691,Black,3 min,blitz,45,Won,4/22/2018
A-Adly,2697,Jospem,2699,White,3 min,blitz,63,Draw,4/22/2018
A-Adly,2697,Jospem,2699,Black,3 min,blitz,79,Won,4/22/2018
A-Adly,2689,Jospem,2707,White,3 min,blitz,60,Lost,4/22/2018
A-Adly,2697,Jospem,2699,Black,3 min,blitz,33,Won,4/22/2018
A-Adly,2689,Jospem,2707,White,3 min,blitz,37,Lost,4/22/2018
A-Adly,2697,Jospem,2699,Black,3 min,blitz,53,Won,4/22/2018
A-Adly,2689,Jospem,2707,White,3 min,blitz,77,Lost,4/22/2018
A-Adly,2697,Jospem,2699,Black,3 min,blitz,81,Lost,4/22/2018
A-Adly,2705,Boudin187,2649,White,3 min,blitz,32,Won,3/30/2018
A-Adly,2698,Boudin187,2656,Black,3 min,blitz,26,Lost,3/30/2018
A-Adly,2707,Boudin187,2647,White,3 min,blitz,17,Won,3/30/2018
A-Adly,2700,DHLT216,2492,White,3 min,blitz,38,Won,3/29/2018
A-Adly,2696,HovHovHov1,2574,Black,3 min,blitz,23,Lost,3/29/2018
A-Adly,2707,HovHovHov1,2563,White,3 min,blitz,35,Won,3/29/2018
A-Adly,2702,13_MiRacLe,2499,White,3 min,blitz,46,Won,3/28/2018
A-Adly,2698,13_MiRacLe,2503,Black,3 min,blitz,30,Won,3/28/2018
A-Adly,2694,Positionaltactics270,2633,White,3 min,blitz,66,Won,3/27/2018
A-Adly,2687,Positionaltactics270,2640,Black,3 min,blitz,49,Won,3/27/2018
A-Adly,2680,Positionaltactics270,2647,White,3 min,blitz,9,Won,3/27/2018
A-Adly,2672,Positionaltactics270,2655,Black,3 min,blitz,19,Won,3/27/2018
A-Adly,2664,Positionaltactics270,2663,White,3 min,blitz,28,Won,3/27/2018
A-Adly,2656,Positionaltactics270,2671,Black,3 min,blitz,24,Lost,3/27/2018
A-Adly,2664,Positionaltactics270,2663,White,3 min,blitz,39,Won,3/27/2018
A-Adly,2656,Positionaltactics270,2671,Black,3 min,blitz,40,Won,3/27/2018
A-Adly,2647,Positionaltactics270,2680,White,3 min,blitz,19,Won,3/27/2018
A-Adly,2638,Positionaltactics270,2689,Black,3 min,blitz,24,Won,3/27/2018