player,player_rating,opponent,opponent_rating,side,time_control,time_category,moves,result,date
A-Adly,2785,Kanallija,2849,Black,1 min,bullet,51,Won,4/22/2018
A-Adly,2775,Kanallija,2859,White,1 min,bullet,40,Lost,4/22/2018
A-Adly,2781,Kanallija,2853,Black,1 min,bullet,34,Lost,4/22/2018
A-Adly,2788,spectralsoul,2648,Black,1 min,bullet,75,Lost,4/11/2018
A-Adly,2799,spectralsoul,2637,White,1 min,bullet,35,Won,4/11/2018
A-Adly,2794,spectralsoul,2642,Black,1 min,bullet,32,Won,4/11/2018
A-Adly,2789,spectralsoul,2647,White,1 min,bullet,51,Won,4/11/2018
A-Adly,2784,spectralsoul,2652,Black,1 min,bullet,25,Won,4/11/2018
A-Adly,2779,spectralsoul,2657,White,1 min,bullet,35,Won,4/11/2018
A-Adly,2773,spectralsoul,2663,Black,1 min,bullet,30,Won,4/11/2018
A-Adly,2767,spectralsoul,2669,White,1 min,bullet,21,Won,4/11/2018
A-Adly,2761,spectralsoul,2675,Black,1 min,bullet,28,Won,4/11/2018
A-Adly,2755,spectralsoul,2681,White,1 min,bullet,35,Lost,4/11/2018
A-Adly,2765,spectralsoul,2671,Black,1 min,bullet,45,Won,4/11/2018
A-Adly,2759,spectralsoul,2677,White,1 min,bullet,39,Won,4/11/2018
A-Adly,2753,spectralsoul,2683,White,1 min,bullet,34,Won,4/11/2018
A-Adly,2746,spectralsoul,2690,Black,1 min,bullet,49,Lost,4/11/2018
A-Adly,2756,spectralsoul,2680,White,1 min,bullet,36,Won,4/11/2018
A-Adly,2749,spectralsoul,2687,Black,1 min,bullet,31,Won,4/11/2018
A-Adly,2742,spectralsoul,2694,White,1 min,bullet,60,Lost,4/11/2018
A-Adly,2751,spectralsoul,2685,Black,1 min,bullet,36,Won,4/11/2018
A-Adly,2744,spectralsoul,2692,White,1 min,bullet,58,Won,4/11/2018
A-Adly,2737,xxysoul6,2845,Black,1 min,bullet,40,Draw,4/9/2018
A-Adly,2735,dzhumagaliev,2754,White,1 min,bullet,45,Won,4/9/2018
A-Adly,2726,dzhumagaliev,2763,Black,1 min,bullet,50,Lost,4/9/2018
A-Adly,2733,dzhumagaliev,2756,White,1 min,bullet,46,Lost,4/9/2018
A-Adly,2741,dzhumagaliev,2748,Black,1 min,bullet,43,Lost,4/9/2018
A-Adly,2749,MR_DESTROY_TM,2770,Black,1 min,bullet,45,Lost,3/31/2018
A-Adly,2757,MR_DESTROY_TM,2762,White,1 min,bullet,24,Lost,3/31/2018
A-Adly,2765,MR_DESTROY_TM,2754,Black,1 min,bullet,33,Lost,3/31/2018
A-Adly,2774,MR_DESTROY_TM,2745,White,1 min,bullet,29,Lost,3/31/2018
A-Adly,2783,MR_DESTROY_TM,2736,Black,1 min,bullet,28,Lost,3/31/2018
A-Adly,2793,MR_DESTROY_TM,2726,White,1 min,bullet,38,Draw,3/31/2018
A-Adly,2795,MR_DESTROY_TM,2724,Black,1 min,bullet,57,Won,3/31/2018
A-Adly,2788,MR_DESTROY_TM,2731,White,1 min,bullet,25,Lost,3/31/2018
A-Adly,2798,ST-Sandavagur,2653,White,1 min,bullet,37,Won,3/31/2018
A-Adly,2793,ST-Sandavagur,2658,Black,1 min,bullet,66,Won,3/31/2018
A-Adly,2788,Kanallija,2818,White,1 min,bullet,59,Lost,3/31/2018
A-Adly,2796,Kanallija,2810,Black,1 min,bullet,73,Lost,3/31/2018
A-Adly,2804,Kanallija,2802,White,1 min,bullet,55,Won,3/31/2018
A-Adly,2796,Kanallija,2810,Black,1 min,bullet,23,Lost,3/31/2018
A-Adly,2804,Kanallija,2802,White,1 min,bullet,32,Won,3/31/2018
A-Adly,2796,Kanallija,2810,Black,1 min,bullet,32,Lost,3/31/2018
A-Adly,2804,Kanallija,2802,White,1 min,bullet,34,Lost,3/31/2018
A-Adly,2812,Kanallija,2794,Black,1 min,bullet,27,Lost,3/31/2018
A-Adly,2821,Kanallija,2785,White,1 min,bullet,56,Won,3/31/2018
A-Adly,2813,Kanallija,2793,Black,1 min,bullet,57,Lost,3/31/2018
A-Adly,2822,Kanallija,2784,White,1 min,bullet,54,Won,3/31/2018
A-Adly,2815,Kanallija,2791,Black,1 min,bullet,37,Lost,3/31/2018
A-Adly,2824,Kanallija,2782,White,1 min,bullet,48,Lost,3/31/2018