player,player_rating,opponent,opponent_rating,side,time_control,time_category,moves,result,date
A-Adly,2499,Cosi43,2513,White,3 min,blitz,33,Lost,2/19/2018
A-Adly,2512,RodinMihail,2334,Black,3 min,blitz,24,Won,2/18/2018
A-Adly,2505,fMCMT,2376,Black,3 min,blitz,64,Won,2/18/2018
A-Adly,2496,Kyzu,2352,White,3 min,blitz,37,Won,2/18/2018
A-Adly,2487,Edgar_Karagyozyan,2490,Black,3 min,blitz,35,Won,2/18/2018
A-Adly,2472,ekurtz,2295,White,3 min,blitz,28,Won,2/18/2018
A-Adly,2464,Vladislav_Lisnyak,2264,Black,3 min,blitz,49,Won,2/17/2018
A-Adly,2456,Nadeev_Sergey,2445,Black,3 min,blitz,53,Won,2/17/2018
A-Adly,2440,pep123,2381,White,3 min,blitz,30,Won,2/16/2018
A-Adly,2426,pep123,2388,Black,3 min,blitz,51,Lost,2/16/2018
A-Adly,2446,andresbergergarcia,2380,Black,3 min,blitz,39,Won,2/16/2018
A-Adly,2431,Hedgehog404,2303,White,3 min,blitz,38,Won,2/16/2018
A-Adly,2418,Crew64fsdfasdfsdaf,2231,Black,3 min,blitz,32,Won,2/16/2018
A-Adly,2406,eachieveAnu,2281,White,3 min,blitz,37,Won,2/15/2018
A-Adly,2391,dragon1717,2186,Black,3 min,blitz,43,Won,2/15/2018
A-Adly,2380,JimGenius,2178,Black,3 min,blitz,45,Won,2/15/2018
A-Adly,2368,bobbystruk,2320,Black,3 min,blitz,44,Won,2/15/2018
A-Adly,2346,FMQuest,2180,White,3 min,blitz,51,Won,2/15/2018
A-Adly,2331,Diablo1983,2215,White,3 min,blitz,14,Won,2/15/2018
A-Adly,2311,Diablo1983,2221,Black,3 min,blitz,52,Won,2/15/2018
A-Adly,2287,FMQuest,2185,White,3 min,blitz,29,Won,2/15/2018
A-Adly,2263,NikiforovAlexey,2130,Black,3 min,blitz,61,Won,2/15/2018
A-Adly,2239,JimGenius,2188,White,3 min,blitz,30,Won,2/15/2018
A-Adly,2205,Aram121271,2168,Black,3 min,blitz,47,Lost,2/15/2018
A-Adly,2253,cocosecopanama,2171,Black,3 min,blitz,70,Draw,2/15/2018
A-Adly,2264,d0raem0n22,2098,Black,3 min,blitz,28,Won,2/15/2018
A-Adly,2232,bata_bg,2152,White,3 min,blitz,0,Lost,2/15/2018
A-Adly,2305,M8in28,2206,Black,3 min,blitz,31,Lost,2/15/2018
A-Adly,2390,SergeyVashchilov,2277,White,3 min,blitz,34,Won,2/15/2018
A-Adly,2333,shobkichu,2215,Black,3 min,blitz,14,Won,2/15/2018
A-Adly,2266,mikemarantz,2195,White,3 min,blitz,46,Won,2/15/2018
A-Adly,2171,F430F1,2022,White,3 min,blitz,28,Won,2/15/2018
A-Adly,2076,kkreo,1893,Black,3 min,blitz,19,Won,2/15/2018
A-Adly,1933,SICULETTO,1688,Black,3 min,blitz,15,Won,2/15/2018