player,player_rating,opponent,opponent_rating,side,time_control,time_category,moves,result,date
A-Adly,2834,tiredofdancing,2853,Black,3 min,blitz,61,Won,1/12/2019
A-Adly,2825,tiredofdancing,2862,White,3 min,blitz,63,Lost,1/12/2019
A-Adly,2832,tiredofdancing,2855,Black,3 min,blitz,39,Won,1/12/2019
A-Adly,2823,tiredofdancing,2864,White,3 min,blitz,47,Won,1/12/2019
A-Adly,2814,tiredofdancing,2873,Black,3 min,blitz,65,Lost,1/12/2019
A-Adly,2821,tiredofdancing,2866,White,3 min,blitz,61,Lost,1/12/2019
A-Adly,2828,tiredofdancing,2859,Black,3 min,blitz,54,Lost,1/12/2019
A-Adly,2836,tiredofdancing,2851,White,3 min,blitz,62,Lost,1/12/2019
A-Adly,2844,spicycaterpillar,2898,Black,3 min,blitz,43,Lost,1/12/2019
A-Adly,2851,spicycaterpillar,2891,White,3 min,blitz,17,Lost,1/12/2019
A-Adly,2858,spicycaterpillar,2884,Black,3 min,blitz,41,Lost,1/12/2019
A-Adly,2866,spicycaterpillar,2876,White,3 min,blitz,61,Won,1/12/2019
A-Adly,2857,spicycaterpillar,2885,Black,3 min,blitz,45,Lost,1/12/2019
A-Adly,2865,spicycaterpillar,2877,White,3 min,blitz,23,Lost,1/12/2019
A-Adly,2873,DanielNaroditsky,2948,White,3 min,blitz,57,Won,1/11/2019
A-Adly,2863,DanielNaroditsky,2958,Black,3 min,blitz,69,Lost,1/11/2019
A-Adly,2869,DanielNaroditsky,2952,White,3 min,blitz,71,Lost,1/11/2019
A-Adly,2875,DanielNaroditsky,2946,Black,3 min,blitz,18,Lost,1/11/2019
A-Adly,2882,DanielNaroditsky,2939,White,3 min,blitz,19,Won,1/11/2019
A-Adly,2872,DanielNaroditsky,2949,Black,3 min,blitz,45,Lost,1/11/2019
A-Adly,2879,AntonSmirnov,2875,Black,3 min,blitz,88,Won,1/11/2019
A-Adly,2871,AntonSmirnov,2883,White,3 min,blitz,64,Won,1/11/2019
A-Adly,2862,AntonSmirnov,2892,Black,3 min,blitz,66,Draw,1/11/2019
A-Adly,2861,DanielNaroditsky,2942,White,3 min,blitz,46,Won,1/11/2019
A-Adly,2851,AntonSmirnov,2893,White,3 min,blitz,47,Won,1/11/2019
A-Adly,2842,Kriari,2828,Black,3 min,blitz,62,Lost,1/9/2019
A-Adly,2851,Kriari,2819,White,3 min,blitz,54,Lost,1/9/2019
A-Adly,2860,Kriari,2810,Black,3 min,blitz,42,Lost,1/9/2019
A-Adly,2870,Kriari,2800,White,3 min,blitz,23,Won,1/9/2019
A-Adly,2863,Kriari,2807,Black,3 min,blitz,32,Lost,1/9/2019
A-Adly,2873,Kriari,2797,White,3 min,blitz,68,Won,1/9/2019
A-Adly,2866,Kriari,2804,Black,3 min,blitz,14,Won,1/9/2019
A-Adly,2859,Kriari,2811,White,3 min,blitz,79,Won,1/9/2019
A-Adly,2852,Kriari,2818,Black,3 min,blitz,79,Lost,1/9/2019
A-Adly,2861,Kriari,2809,White,3 min,blitz,68,Draw,1/9/2019
A-Adly,2862,Kriari,2808,Black,3 min,blitz,45,Won,1/9/2019
A-Adly,2855,Kriari,2815,White,3 min,blitz,15,Won,1/9/2019
A-Adly,2848,Kriari,2822,Black,3 min,blitz,51,Won,1/9/2019
A-Adly,2840,Kriari,2830,White,3 min,blitz,56,Won,1/9/2019
A-Adly,2832,Kriari,2838,Black,3 min,blitz,53,Lost,1/9/2019
A-Adly,2840,Kriari,2830,White,3 min,blitz,36,Won,1/9/2019
A-Adly,2832,Kriari,2838,Black,3 min,blitz,52,Won,1/9/2019
A-Adly,2823,Kriari,2847,White,3 min,blitz,39,Lost,1/9/2019
A-Adly,2831,Kriari,2839,Black,3 min,blitz,44,Won,1/9/2019
A-Adly,2822,Kriari,2848,White,3 min,blitz,38,Lost,1/9/2019
A-Adly,2830,Kriari,2840,Black,3 min,blitz,53,Lost,1/9/2019
A-Adly,2838,Kira170,2648,Black,3 min,blitz,29,Won,1/8/2019
A-Adly,2834,Kira170,2652,White,3 min,blitz,45,Won,1/8/2019
A-Adly,2830,Parhamov,2834,Black,3 min,blitz,30,Lost,1/8/2019
A-Adly,2838,Parhamov,2826,White,3 min,blitz,17,Won,1/8/2019