player,player_rating,opponent,opponent_rating,side,time_control,time_category,moves,result,date
A-Adly,2628,Positionaltactics270,2699,White,3 min,blitz,24,Won,3/27/2018
A-Adly,2618,Bryakin_Mikhail,2543,Black,3 min,blitz,39,Won,3/27/2018
A-Adly,2611,DenisQ,2582,White,3 min,blitz,44,Draw,3/27/2018
A-Adly,2612,DenisQ,2581,Black,3 min,blitz,39,Won,3/27/2018
A-Adly,2604,13_MiRacLe,2468,White,3 min,blitz,41,Won,3/26/2018
A-Adly,2599,prepredeni,2487,White,3 min,blitz,38,Won,3/24/2018
A-Adly,2593,GamzaJuventus,2469,Black,3 min,blitz,46,Won,3/24/2018
A-Adly,2588,Ustat,2415,White,3 min,blitz,34,Won,3/24/2018
A-Adly,2583,manudavid,2533,Black,3 min,blitz,36,Won,3/24/2018
A-Adly,2576,RaffaelGM,2525,White,3 min,blitz,14,Lost,3/22/2018
A-Adly,2586,RaffaelGM,2515,Black,3 min,blitz,47,Won,3/22/2018
A-Adly,2579,RaffaelGM,2522,White,3 min,blitz,17,Won,3/22/2018
A-Adly,2572,RaffaelGM,2529,Black,3 min,blitz,28,Won,3/22/2018
A-Adly,2565,RaffaelGM,2536,White,3 min,blitz,45,Lost,3/22/2018
A-Adly,2574,RaffaelGM,2527,Black,3 min,blitz,40,Won,3/22/2018
A-Adly,2567,RaffaelGM,2534,White,3 min,blitz,43,Lost,3/22/2018
A-Adly,2576,RaffaelGM,2525,Black,3 min,blitz,38,Won,3/22/2018
A-Adly,2569,RaffaelGM,2532,White,3 min,blitz,57,Won,3/22/2018
A-Adly,2561,RaffaelGM,2539,Black,3 min,blitz,62,Lost,3/22/2018
A-Adly,2570,RaffaelGM,2530,White,3 min,blitz,28,Won,3/22/2018
A-Adly,2562,RaffaelGM,2537,Black,3 min,blitz,33,Won,3/22/2018
A-Adly,2554,RaffaelGM,2545,White,3 min,blitz,39,Won,3/22/2018
A-Adly,2545,RaffaelGM,2553,Black,3 min,blitz,30,Lost,3/22/2018
A-Adly,2554,Vizua,2442,White,3 min,blitz,28,Won,3/22/2018
A-Adly,2548,Almas_Champ,2402,White,3 min,blitz,52,Won,3/4/2018
A-Adly,2543,Almas_Champ,2407,Black,3 min,blitz,57,Won,3/4/2018
A-Adly,2538,Almas_Champ,2412,White,3 min,blitz,45,Won,3/4/2018
A-Adly,2533,Almas_Champ,2417,Black,3 min,blitz,27,Lost,3/4/2018
A-Adly,2544,Guenplen,2720,Black,3 min,blitz,75,Lost,3/4/2018
A-Adly,2548,Guenplen,2716,White,3 min,blitz,79,Lost,3/4/2018
A-Adly,2553,Guenplen,2711,Black,3 min,blitz,42,Lost,3/4/2018
A-Adly,2558,jdlee,2399,Black,3 min,blitz,38,Won,2/28/2018
A-Adly,2553,jdlee,2404,White,3 min,blitz,49,Won,2/28/2018
A-Adly,2548,jdlee,2409,Black,3 min,blitz,30,Won,2/28/2018
A-Adly,2543,Sleepless-in-newyork,2526,White,3 min,blitz,29,Won,2/28/2018
A-Adly,2534,ErrorNight,2586,White,3 min,blitz,26,Lost,2/28/2018
A-Adly,2542,ErrorNight,2579,Black,3 min,blitz,44,Lost,2/28/2018
A-Adly,2550,ErrorNight,2572,White,3 min,blitz,39,Lost,2/28/2018
A-Adly,2559,ErrorNight,2564,Black,3 min,blitz,71,Won,2/28/2018
A-Adly,2549,ErrorNight,2573,White,3 min,blitz,59,Lost,2/28/2018
A-Adly,2559,ErrorNight,2565,Black,3 min,blitz,67,Won,2/28/2018
A-Adly,2548,Gaabroo,2376,White,3 min,blitz,63,Draw,2/28/2018
A-Adly,2553,RobertoJBM,2504,White,3 min,blitz,42,Won,2/21/2018
A-Adly,2544,ram1zan,2524,Black,3 min,blitz,21,Lost,2/21/2018
A-Adly,2555,cherryandmint,2601,White,3 min,blitz,30,Won,2/21/2018
A-Adly,2542,Cosi43,2484,Black,3 min,blitz,37,Won,2/19/2018
A-Adly,2533,Cosi43,2491,White,3 min,blitz,67,Draw,2/19/2018
A-Adly,2534,Cosi43,2490,Black,3 min,blitz,28,Won,2/19/2018
A-Adly,2523,Cosi43,2497,White,3 min,blitz,32,Won,2/19/2018
A-Adly,2512,Cosi43,2505,Black,3 min,blitz,36,Won,2/19/2018