player,player_rating,opponent,opponent_rating,side,time_control,time_category,moves,result,date
A-Adly,2756,Byniolus,2735,Black,1 min,bullet,45,Won,8/17/2018
A-Adly,2748,Byniolus,2743,White,1 min,bullet,58,Lost,8/17/2018
A-Adly,2757,Byniolus,2734,Black,1 min,bullet,65,Lost,8/17/2018
A-Adly,2766,Byniolus,2725,White,1 min,bullet,40,Lost,8/17/2018
A-Adly,2775,Byniolus,2716,Black,1 min,bullet,50,Lost,8/17/2018
A-Adly,2785,Byniolus,2706,White,1 min,bullet,38,Lost,8/17/2018
A-Adly,2795,Byniolus,2696,Black,1 min,bullet,53,Lost,8/17/2018
A-Adly,2806,Byniolus,2685,White,1 min,bullet,11,Won,8/17/2018
A-Adly,2800,Byniolus,2691,Black,1 min,bullet,44,Won,8/17/2018
A-Adly,2794,Byniolus,2697,White,1 min,bullet,66,Won,8/17/2018
A-Adly,2788,Byniolus,2703,Black,1 min,bullet,44,Won,8/17/2018
A-Adly,2782,Byniolus,2709,White,1 min,bullet,40,Won,8/17/2018
A-Adly,2775,Byniolus,2716,Black,1 min,bullet,25,Lost,8/17/2018
A-Adly,2785,Byniolus,2706,White,1 min,bullet,30,Won,8/17/2018
A-Adly,2779,Byniolus,2712,Black,1 min,bullet,18,Lost,8/17/2018
A-Adly,2789,Byniolus,2702,White,1 min,bullet,51,Won,8/17/2018
A-Adly,2783,Byniolus,2708,Black,1 min,bullet,21,Lost,8/17/2018
A-Adly,2793,gmsakk,2633,White,1 min,bullet,13,Won,7/13/2018
A-Adly,2788,gmsakk,2638,Black,1 min,bullet,41,Won,7/13/2018
A-Adly,2783,gmsakk,2643,White,1 min,bullet,36,Won,7/13/2018
A-Adly,2778,gmsakk,2648,Black,1 min,bullet,41,Lost,7/13/2018
A-Adly,2789,gmsakk,2637,White,1 min,bullet,57,Won,7/13/2018
A-Adly,2784,TigranLPetrosyan,2793,Black,1 min,bullet,36,Won,7/8/2018
A-Adly,2775,TigranLPetrosyan,2802,White,1 min,bullet,26,Lost,7/8/2018
A-Adly,2783,TigranLPetrosyan,2794,Black,1 min,bullet,20,Lost,7/8/2018
A-Adly,2791,TigranLPetrosyan,2786,White,1 min,bullet,50,Won,7/8/2018
A-Adly,2783,TigranLPetrosyan,2794,Black,1 min,bullet,17,Lost,7/8/2018
A-Adly,2791,TigranLPetrosyan,2786,White,1 min,bullet,42,Lost,7/8/2018
A-Adly,2800,TigranLPetrosyan,2777,Black,1 min,bullet,48,Lost,7/8/2018
A-Adly,2809,TigranLPetrosyan,2768,White,1 min,bullet,32,Won,7/8/2018
A-Adly,2802,TigranLPetrosyan,2775,Black,1 min,bullet,25,Won,7/8/2018
A-Adly,2794,TigranLPetrosyan,2783,White,1 min,bullet,50,Won,7/8/2018
A-Adly,2786,TigranLPetrosyan,2791,Black,1 min,bullet,45,Lost,7/8/2018
A-Adly,2794,TigranLPetrosyan,2783,White,1 min,bullet,26,Lost,7/8/2018
A-Adly,2803,TigranLPetrosyan,2774,Black,1 min,bullet,23,Won,7/8/2018
A-Adly,2795,TigranLPetrosyan,2782,White,1 min,bullet,17,Won,7/8/2018
A-Adly,2787,TigranLPetrosyan,2790,Black,1 min,bullet,41,Won,7/8/2018
A-Adly,2779,TigranLPetrosyan,2798,White,1 min,bullet,43,Won,7/8/2018
A-Adly,2770,TigranLPetrosyan,2807,Black,1 min,bullet,40,Lost,7/8/2018
A-Adly,2778,TigranLPetrosyan,2799,White,1 min,bullet,29,Won,7/8/2018
A-Adly,2769,TigranLPetrosyan,2808,Black,1 min,bullet,43,Won,7/8/2018
A-Adly,2760,TigranLPetrosyan,2817,White,1 min,bullet,40,Lost,7/8/2018
A-Adly,2767,TigranLPetrosyan,2810,Black,1 min,bullet,43,Lost,7/8/2018
A-Adly,2774,TigranLPetrosyan,2803,White,1 min,bullet,49,Lost,7/8/2018
A-Adly,2782,TigranLPetrosyan,2795,Black,1 min,bullet,38,Won,7/8/2018
A-Adly,2773,TigranLPetrosyan,2804,White,1 min,bullet,50,Won,7/8/2018
A-Adly,2764,TigranLPetrosyan,2813,Black,1 min,bullet,27,Lost,7/8/2018
A-Adly,2771,TigranLPetrosyan,2806,White,1 min,bullet,18,Lost,7/8/2018
A-Adly,2779,TigranLPetrosyan,2798,Black,1 min,bullet,37,Won,7/8/2018
A-Adly,2770,manudavid,2702,White,1 min,bullet,68,Lost,7/7/2018