player,player_rating,opponent,opponent_rating,side,time_control,time_category,moves,result,date
A-Adly,2833,Kanallija,2773,Black,1 min,bullet,31,Won,3/31/2018
A-Adly,2826,Kanallija,2780,White,1 min,bullet,54,Draw,3/31/2018
A-Adly,2827,Kanallija,2779,Black,1 min,bullet,45,Lost,3/31/2018
A-Adly,2837,Kanallija,2769,White,1 min,bullet,59,Won,3/31/2018
A-Adly,2830,Kanallija,2776,Black,1 min,bullet,38,Lost,3/31/2018
A-Adly,2840,Toyota_Land_Cruiser,2647,Black,1 min,bullet,19,Won,3/30/2018
A-Adly,2836,Toyota_Land_Cruiser,2651,White,1 min,bullet,31,Won,3/30/2018
A-Adly,2832,Toyota_Land_Cruiser,2655,Black,1 min,bullet,31,Won,3/30/2018
A-Adly,2828,Toyota_Land_Cruiser,2659,White,1 min,bullet,37,Won,3/30/2018
A-Adly,2823,Toyota_Land_Cruiser,2664,Black,1 min,bullet,22,Won,3/30/2018
A-Adly,2818,Toyota_Land_Cruiser,2669,White,1 min,bullet,24,Won,3/30/2018
A-Adly,2813,Toyota_Land_Cruiser,2674,Black,1 min,bullet,47,Lost,3/30/2018
A-Adly,2824,Toyota_Land_Cruiser,2663,White,1 min,bullet,20,Won,3/30/2018
A-Adly,2819,Toyota_Land_Cruiser,2668,Black,1 min,bullet,23,Won,3/30/2018
A-Adly,2814,Toyota_Land_Cruiser,2673,White,1 min,bullet,39,Lost,3/30/2018
A-Adly,2826,Toyota_Land_Cruiser,2661,Black,1 min,bullet,39,Won,3/30/2018
A-Adly,2821,Toyota_Land_Cruiser,2666,White,1 min,bullet,31,Won,3/30/2018
A-Adly,2816,Toyota_Land_Cruiser,2671,Black,1 min,bullet,15,Won,3/30/2018
A-Adly,2811,ST-Sandavagur,2668,White,1 min,bullet,21,Won,3/30/2018
A-Adly,2806,ST-Sandavagur,2673,Black,1 min,bullet,42,Won,3/30/2018
A-Adly,2801,manudavid,2658,White,1 min,bullet,51,Won,3/29/2018
A-Adly,2796,manudavid,2663,Black,1 min,bullet,32,Won,3/29/2018
A-Adly,2791,manudavid,2668,White,1 min,bullet,28,Won,3/29/2018
A-Adly,2785,manudavid,2674,Black,1 min,bullet,54,Won,3/29/2018
A-Adly,2779,manudavid,2680,White,1 min,bullet,22,Won,3/29/2018
A-Adly,2773,manudavid,2686,Black,1 min,bullet,19,Won,3/29/2018
A-Adly,2767,manudavid,2692,White,1 min,bullet,47,Won,3/29/2018
A-Adly,2760,XDPS,2613,White,1 min,bullet,53,Won,3/29/2018
A-Adly,2755,XDPS,2618,Black,1 min,bullet,53,Won,3/29/2018
A-Adly,2750,XDPS,2623,White,1 min,bullet,55,Won,3/29/2018
A-Adly,2745,XDPS,2628,Black,1 min,bullet,54,Won,3/29/2018
A-Adly,2739,XDPS,2634,White,1 min,bullet,58,Draw,3/29/2018
A-Adly,2741,XDPS,2632,Black,1 min,bullet,59,Draw,3/29/2018
A-Adly,2744,Firouzja2003,2743,White,1 min,bullet,2,Won,3/29/2018
A-Adly,2736,SantoBlue,2746,White,1 min,bullet,28,Won,3/24/2018
A-Adly,2727,SantoBlue,2755,Black,1 min,bullet,28,Won,3/24/2018
A-Adly,2718,SantoBlue,2764,White,1 min,bullet,66,Won,3/24/2018
A-Adly,2709,SantoBlue,2773,Black,1 min,bullet,39,Lost,3/24/2018
A-Adly,2716,SantoBlue,2766,White,1 min,bullet,60,Lost,3/24/2018
A-Adly,2723,AndrBaryshpolets,2543,White,1 min,bullet,47,Won,3/23/2018
A-Adly,2719,AndrBaryshpolets,2548,Black,1 min,bullet,29,Won,3/23/2018
A-Adly,2714,nihalsarin,2641,Black,1 min,bullet,50,Draw,3/22/2018
A-Adly,2716,nihalsarin,2639,White,1 min,bullet,30,Won,3/22/2018
A-Adly,2709,nihalsarin,2646,Black,1 min,bullet,56,Draw,3/22/2018
A-Adly,2710,nihalsarin,2645,White,1 min,bullet,69,Draw,3/22/2018
A-Adly,2712,nihalsarin,2643,Black,1 min,bullet,32,Won,3/22/2018
A-Adly,2705,nihalsarin,2650,White,1 min,bullet,44,Won,3/22/2018
A-Adly,2698,nihalsarin,2657,Black,1 min,bullet,43,Won,3/22/2018
A-Adly,2691,nihalsarin,2664,White,1 min,bullet,62,Lost,3/22/2018
A-Adly,2700,nihalsarin,2655,Black,1 min,bullet,24,Won,3/22/2018