player,player_rating,opponent,opponent_rating,side,time_control,time_category,moves,result,date
A-Adly,2732,Aradhya2000,2577,Black,3 min,blitz,46,Lost,3/2/2019
A-Adly,2744,Stree,2639,White,3 min,blitz,51,Won,3/2/2019
A-Adly,2738,Stree,2645,Black,3 min,blitz,41,Won,3/2/2019
A-Adly,2732,Mistango,2691,White,3 min,blitz,67,Lost,2/18/2019
A-Adly,2741,jacky72,2675,White,3 min,blitz,66,Lost,2/18/2019
A-Adly,2751,jacky72,2665,Black,3 min,blitz,56,Lost,2/18/2019
A-Adly,2761,jacky72,2655,White,3 min,blitz,54,Won,2/18/2019
A-Adly,2755,Donseng,2693,Black,3 min,blitz,22,Lost,2/4/2019
A-Adly,2765,Noukii,2742,White,3 min,blitz,31,Won,2/4/2019
A-Adly,2757,Noukii,2750,Black,3 min,blitz,54,Lost,2/4/2019
A-Adly,2766,Muradore,2677,White,3 min,blitz,29,Won,2/4/2019
A-Adly,2760,mattin2806,2611,White,3 min,blitz,43,Lost,1/28/2019
A-Adly,2772,Edgar_Karagyozyan,2624,Black,3 min,blitz,45,Lost,1/28/2019
A-Adly,2784,David_Paravyan,2897,White,3 min,blitz,24,Lost,1/21/2019
A-Adly,2790,David_Paravyan,2891,Black,3 min,blitz,56,Lost,1/21/2019
A-Adly,2796,David_Paravyan,2885,White,3 min,blitz,32,Lost,1/21/2019
A-Adly,2802,David_Paravyan,2879,Black,3 min,blitz,46,Lost,1/21/2019
A-Adly,2809,David_Paravyan,2872,White,3 min,blitz,21,Lost,1/21/2019
A-Adly,2816,GeorgMeier,2830,White,3|2,blitz,29,Draw,1/19/2019
A-Adly,2816,ladro1,1367,Black,3|2,blitz,21,Won,1/19/2019
A-Adly,2816,perumovic,1667,Black,3|2,blitz,56,Won,1/19/2019
A-Adly,2816,SuperBueno,2300,Black,3|2,blitz,58,Won,1/19/2019
A-Adly,2815,whatisdasrum,2374,White,3|2,blitz,31,Won,1/19/2019
A-Adly,2814,bednar1992,1893,Black,3|2,blitz,27,Won,1/19/2019
A-Adly,2814,Fighterman91,2648,White,3|2,blitz,40,Won,1/19/2019
A-Adly,2809,janwerle,2551,Black,3|2,blitz,57,Won,1/19/2019
A-Adly,2806,SuperBueno,2377,White,3|2,blitz,24,Won,1/19/2019
A-Adly,2804,whatisdasrum,2372,Black,3|2,blitz,26,Won,1/19/2019
A-Adly,2803,ladro1,1366,White,3|2,blitz,16,Won,1/19/2019
A-Adly,2803,perumovic,1695,White,3|2,blitz,37,Won,1/19/2019
A-Adly,2803,Maghalashvili,2846,White,3|2,blitz,28,Won,1/19/2019
A-Adly,2794,ZivkovicN,2317,Black,3|2,blitz,26,Won,1/19/2019
A-Adly,2793,MRniceplay,2244,Black,3|2,blitz,21,Won,1/19/2019
A-Adly,2792,whatisdasrum,2378,White,3|2,blitz,114,Won,1/19/2019
A-Adly,2791,Maghalashvili,2846,Black,3|2,blitz,35,Lost,1/19/2019
A-Adly,2798,Gergo85,2511,White,3|2,blitz,42,Draw,1/19/2019
A-Adly,2804,GeorgMeier,2837,Black,3|2,blitz,23,Lost,1/19/2019
A-Adly,2812,Hrant_ChessMood,2924,White,3 min,blitz,28,Won,1/19/2019
A-Adly,2801,Hrant_ChessMood,2935,Black,3 min,blitz,60,Lost,1/19/2019
A-Adly,2806,Hrant_ChessMood,2930,White,3 min,blitz,47,Lost,1/19/2019
A-Adly,2811,Hrant_ChessMood,2925,Black,3 min,blitz,32,Lost,1/19/2019
A-Adly,2817,Hrant_ChessMood,2919,White,3 min,blitz,48,Lost,1/19/2019
A-Adly,2823,SteelSpider,2724,Black,3 min,blitz,78,Lost,1/19/2019
A-Adly,2834,champ2005,2673,Black,3 min,blitz,46,Lost,1/16/2019
A-Adly,2846,champ2005,2661,White,3 min,blitz,61,Won,1/16/2019
A-Adly,2842,champ2005,2665,Black,3 min,blitz,52,Won,1/16/2019
A-Adly,2838,champ2005,2669,White,3 min,blitz,58,Won,1/16/2019
A-Adly,2833,champ2005,2674,Black,3 min,blitz,25,Won,1/16/2019
A-Adly,2828,champ2005,2679,White,3 min,blitz,52,Lost,1/16/2019
A-Adly,2840,robbykevlishvili,2719,White,3 min,blitz,46,Won,1/16/2019