player,player_rating,opponent,opponent_rating,side,time_control,time_category,moves,result,date
A-Fier,2678,ratkovic_p,2502,Black,1 min,bullet,20,Won,8/28/2016
A-Fier,2672,ratkovic_p,2506,White,1 min,bullet,47,Won,8/28/2016
A-Fier,2666,ratkovic_p,2511,Black,1 min,bullet,50,Won,8/28/2016
A-Fier,2659,ratkovic_p,2516,White,1 min,bullet,41,Won,8/28/2016
A-Fier,2652,ratkovic_p,2521,Black,1 min,bullet,29,Won,8/28/2016
A-Fier,2644,tanachianj,2330,White,1 min,bullet,40,Won,8/28/2016
A-Fier,2640,semiks,2461,Black,1 min,bullet,47,Won,8/28/2016
A-Fier,2633,NguyenXi,2642,White,1 min,bullet,18,Won,8/28/2016
A-Fier,2619,Edgar_Karagyozyan,2466,Black,1 min,bullet,43,Won,8/28/2016
A-Fier,2611,NTBT_DHS,2533,Black,1 min,bullet,0,Won,8/28/2016
A-Fier,2600,aldrae_23,2401,Black,1 min,bullet,58,Won,8/25/2016
A-Fier,2593,ChessCoachUA,2445,White,1 min,bullet,43,Won,8/25/2016
A-Fier,2584,babak99,2381,Black,1 min,bullet,59,Won,8/25/2016
A-Fier,2576,RichardLeyvaP,2284,White,1 min,bullet,26,Won,8/25/2016
A-Fier,2571,mgl_nomad,2409,White,1 min,bullet,25,Won,8/25/2016
A-Fier,2562,NeverLoseAgainstMe,2558,White,1 min,bullet,54,Won,8/25/2016
A-Fier,2545,NeverLoseAgainstMe,2566,Black,1 min,bullet,24,Won,8/25/2016
A-Fier,2526,NeverLoseAgainstMe,2575,White,1 min,bullet,36,Won,8/25/2016
A-Fier,2504,NeverLoseAgainstMe,2585,Black,1 min,bullet,39,Lost,8/25/2016
A-Fier,2520,NeverLoseAgainstMe,2578,White,1 min,bullet,45,Won,8/25/2016
A-Fier,2496,NeverLoseAgainstMe,2588,Black,1 min,bullet,27,Lost,8/25/2016
A-Fier,2513,grandemas,2374,Black,1 min,bullet,54,Won,8/25/2016
A-Fier,2498,RobertoJBM,2653,Black,1 min,bullet,102,Lost,8/25/2016
A-Fier,2513,Schmackeboom,2476,White,1 min,bullet,44,Won,8/23/2016
A-Fier,2490,Schmackeboom,2484,Black,1 min,bullet,33,Won,8/23/2016
A-Fier,2462,Schmackeboom,2493,White,1 min,bullet,48,Won,8/23/2016
A-Fier,2430,AiCrossover,2330,Black,1 min,bullet,30,Won,8/23/2016
A-Fier,2406,stepanosinovsky,2383,White,1 min,bullet,27,Won,8/23/2016
A-Fier,2373,myaccount88,2207,White,1 min,bullet,40,Won,8/23/2016
A-Fier,2351,FabianoCarlsen,2380,White,1 min,bullet,36,Lost,8/23/2016
A-Fier,2390,myaccount88,2220,Black,1 min,bullet,40,Won,8/23/2016
A-Fier,2364,myaccount88,2225,White,1 min,bullet,26,Won,8/23/2016
A-Fier,2331,ChessBrah,2511,White,1 min,bullet,52,Lost,8/23/2016
A-Fier,2363,birdsopening,2326,Black,1 min,bullet,48,Lost,8/23/2016
A-Fier,2434,LMAOATUALL,1963,Black,1 min,bullet,33,Won,8/23/2016
A-Fier,2423,get_rekt_dude_hahaha,2529,Black,1 min,bullet,22,Lost,4/20/2016
A-Fier,2471,get_rekt_dude_hahaha,2522,White,1 min,bullet,34,Lost,4/20/2016
A-Fier,2538,whatbecause,2606,Black,1 min,bullet,31,Lost,4/20/2016
A-Fier,2614,whatbecause,2598,White,1 min,bullet,95,Draw,4/20/2016
A-Fier,2618,GrafDeMonteKritz,2456,White,1|1,bullet,82,Draw,4/21/2013
A-Fier,2630,GrafDeMonteKritz,2451,Black,1|1,bullet,27,Won,4/21/2013
A-Fier,2613,GrafDeMonteKritz,2458,White,1|1,bullet,64,Won,4/21/2013
A-Fier,2594,GrafDeMonteKritz,2465,Black,1|1,bullet,31,Won,4/21/2013
A-Fier,2571,GrafDeMonteKritz,2474,White,1|1,bullet,39,Won,4/21/2013
A-Fier,2542,GrafDeMonteKritz,2484,Black,1|1,bullet,28,Won,4/21/2013
A-Fier,2506,GrafDeMonteKritz,2496,White,1|1,bullet,23,Won,4/21/2013
A-Fier,2460,GrafDeMonteKritz,2511,Black,1|1,bullet,29,Won,4/21/2013
A-Fier,2400,GrafDeMonteKritz,2529,White,1|1,bullet,41,Lost,4/21/2013
A-Fier,2440,GrafDeMonteKritz,2518,Black,1|1,bullet,68,Draw,4/21/2013
A-Fier,2427,GrafDeMonteKritz,2522,White,1|1,bullet,56,Lost,4/21/2013