player,player_rating,opponent,opponent_rating,side,time_control,time_category,moves,result,date
A-Fier,2720,GMKrikor,2626,White,3 min,blitz,65,Won,2/20/2018
A-Fier,2712,KenanGarayev,2556,White,3 min,blitz,65,Won,2/15/2018
A-Fier,2706,TampaChess,2723,Black,3 min,blitz,78,Lost,2/15/2018
A-Fier,2716,michaelq2d5,2697,White,3 min,blitz,38,Won,2/15/2018
A-Fier,2706,ArnaudovP,2562,White,3 min,blitz,32,Won,2/8/2018
A-Fier,2699,ArnaudovP,2567,Black,3 min,blitz,33,Lost,2/8/2018
A-Fier,2714,ArnaudovP,2556,White,3 min,blitz,17,Won,2/8/2018
A-Fier,2708,ArnaudovP,2561,Black,3 min,blitz,51,Won,2/8/2018
A-Fier,2701,Ginger_GM,2426,Black,3|2,blitz,0,Draw,2/6/2018
A-Fier,2708,Fy_Rakotomaharo,2391,White,3|2,blitz,2,Won,2/6/2018
A-Fier,2705,GrigorGrigorov,2635,Black,3 min,blitz,49,Won,1/19/2018
A-Fier,2697,GrigorGrigorov,2642,White,3 min,blitz,31,Won,1/19/2018
A-Fier,2688,GrigorGrigorov,2649,Black,3 min,blitz,39,Won,1/19/2018
A-Fier,2678,GrigorGrigorov,2657,White,3 min,blitz,30,Won,1/19/2018
A-Fier,2667,TampaChess,2708,White,3 min,blitz,42,Won,1/19/2018
A-Fier,2654,Ovcarija,2528,Black,3 min,blitz,38,Won,1/19/2018
A-Fier,2646,titan013,2545,White,3 min,blitz,51,Won,1/19/2018
A-Fier,2637,tigra,2667,White,3|2,blitz,86,Draw,12/13/2017
A-Fier,2636,Arm-Akiba,2706,Black,3|2,blitz,56,Lost,12/13/2017
A-Fier,2643,gammagramma,2472,White,3|2,blitz,44,Won,12/13/2017
A-Fier,2638,GrigorGrigorov,2593,Black,3|2,blitz,40,Won,12/13/2017
A-Fier,2630,jefferyx,2775,White,3|2,blitz,21,Lost,12/13/2017
A-Fier,2636,TheLancer,2471,Black,3|2,blitz,35,Won,12/13/2017
A-Fier,2630,joppie2,2649,White,3|2,blitz,28,Won,12/12/2017
A-Fier,2619,bascheyaro,2634,White,3|2,blitz,34,Won,12/12/2017
A-Fier,2608,ficorrales,2618,Black,3|2,blitz,55,Won,12/12/2017
A-Fier,2597,rodriguezguevarad3,2307,Black,3|2,blitz,45,Won,12/12/2017
A-Fier,2593,Zhigalko_Sergei,2732,Black,3 min,blitz,96,Lost,12/8/2017
A-Fier,2600,Zhigalko_Sergei,2727,White,3 min,blitz,58,Draw,12/8/2017
A-Fier,2596,Zhigalko_Sergei,2730,Black,3 min,blitz,54,Draw,12/8/2017
A-Fier,2592,Yanvar,2477,White,3 min,blitz,32,Won,12/8/2017
A-Fier,2584,Ashtangi,2389,White,3 min,blitz,36,Won,12/8/2017
A-Fier,2578,mikhaillushenkov,2498,Black,3|2,blitz,50,Lost,11/8/2017
A-Fier,2590,PetrosyanManuel,2597,White,3|2,blitz,94,Lost,11/8/2017
A-Fier,2600,Giorno,2335,Black,3|2,blitz,64,Won,11/8/2017
A-Fier,2596,Mischuk_D,2437,Black,3|2,blitz,0,Won,11/7/2017
A-Fier,2590,Ilja_Semjonovs,2355,White,3|2,blitz,2,Draw,11/7/2017
A-Fier,2596,VitaliyBernadskiy,2606,Black,3 min,blitz,33,Lost,9/17/2017
A-Fier,2604,VitaliyBernadskiy,2598,White,3 min,blitz,27,Lost,9/17/2017
A-Fier,2613,ficorrales,2628,Black,3 min,blitz,57,Lost,9/16/2017
A-Fier,2621,ficorrales,2620,White,3 min,blitz,44,Won,9/16/2017
A-Fier,2613,ficorrales,2628,Black,3 min,blitz,43,Won,9/16/2017
A-Fier,2604,ficorrales,2637,White,3 min,blitz,35,Lost,9/16/2017
A-Fier,2612,ficorrales,2629,Black,3 min,blitz,68,Won,9/16/2017
A-Fier,2603,MichaelRoiz,2757,White,3 min,blitz,10,Won,9/16/2017
A-Fier,2591,Witik,2561,White,3 min,blitz,39,Won,9/16/2017
A-Fier,2583,poluribharath,2456,White,3 min,blitz,27,Won,9/16/2017
A-Fier,2578,poluribharath,2461,Black,3 min,blitz,75,Lost,9/16/2017
A-Fier,2589,aoetnhiudgcroekjxdcnoeubu,2635,Black,3 min,blitz,35,Lost,9/16/2017
A-Fier,2596,aoetnhiudgcroekjxdcnoeubu,2628,White,3 min,blitz,31,Lost,9/16/2017