player,player_rating,opponent,opponent_rating,side,time_control,time_category,moves,result,date
A-Fier,2553,RobertoJBM,2704,White,1|1,bullet,81,Draw,5/23/2018
A-Fier,2540,RobertoJBM,2717,Black,1|1,bullet,26,Lost,5/23/2018
A-Fier,2560,RobertoJBM,2697,White,1|1,bullet,53,Won,5/23/2018
A-Fier,2507,RobertoJBM,2749,Black,1|1,bullet,94,Lost,5/23/2018
A-Fier,2524,Hulk711,2463,Black,1 min,bullet,28,Lost,2/24/2018
A-Fier,2563,Hulk711,2453,White,1 min,bullet,38,Draw,2/24/2018
A-Fier,2574,KananKarayev,2532,White,1 min,bullet,53,Lost,6/29/2017
A-Fier,2591,KananKarayev,2522,Black,1 min,bullet,56,Lost,6/29/2017
A-Fier,2610,KananKarayev,2511,White,1 min,bullet,39,Won,6/29/2017
A-Fier,2598,YOAJM,2517,White,30 sec,bullet,51,Lost,3/7/2017
A-Fier,2608,YOAJM,2507,Black,30 sec,bullet,70,Won,3/7/2017
A-Fier,2602,YOAJM,2513,White,30 sec,bullet,76,Won,3/7/2017
A-Fier,2596,YOAJM,2519,Black,30 sec,bullet,82,Won,3/7/2017
A-Fier,2589,Gomatte,2586,Black,1 min,bullet,43,Lost,3/7/2017
A-Fier,2597,Gomatte,2578,White,1 min,bullet,40,Won,3/7/2017
A-Fier,2589,Gomatte,2586,Black,1 min,bullet,25,Lost,3/7/2017
A-Fier,2597,Gomatte,2578,White,1 min,bullet,60,Lost,3/7/2017
A-Fier,2606,Gomatte,2569,Black,1 min,bullet,56,Won,3/7/2017
A-Fier,2598,Gomatte,2577,White,1 min,bullet,18,Won,3/7/2017
A-Fier,2590,Gomatte,2585,Black,1 min,bullet,51,Lost,3/7/2017
A-Fier,2599,Gomatte,2576,White,1 min,bullet,49,Won,3/7/2017
A-Fier,2591,Gomatte,2584,Black,1 min,bullet,24,Lost,3/7/2017
A-Fier,2600,Gomatte,2575,White,1 min,bullet,66,Lost,3/7/2017
A-Fier,2609,Gomatte,2566,Black,1 min,bullet,24,Won,3/7/2017
A-Fier,2602,Gomatte,2573,White,1 min,bullet,38,Lost,3/7/2017
A-Fier,2611,Gomatte,2564,Black,1 min,bullet,12,Won,3/7/2017
A-Fier,2604,Gomatte,2571,White,1 min,bullet,56,Won,3/7/2017
A-Fier,2596,Gomatte,2579,Black,1 min,bullet,35,Lost,3/7/2017
A-Fier,2605,Gomatte,2570,White,1 min,bullet,42,Won,3/7/2017
A-Fier,2597,Gomatte,2578,Black,1 min,bullet,24,Lost,3/7/2017
A-Fier,2607,Gomatte,2569,White,1 min,bullet,83,Draw,3/7/2017
A-Fier,2608,Gomatte,2568,Black,1 min,bullet,18,Won,3/7/2017
A-Fier,2600,Gomatte,2575,White,1 min,bullet,80,Lost,3/7/2017
A-Fier,2611,Gomatte,2566,Black,1 min,bullet,25,Lost,3/7/2017
A-Fier,2622,Gomatte,2557,White,1 min,bullet,52,Won,3/7/2017
A-Fier,2614,Gomatte,2564,Black,1 min,bullet,59,Won,3/7/2017
A-Fier,2605,Gomatte,2571,White,1 min,bullet,25,Won,3/7/2017
A-Fier,2595,Gomatte,2579,Black,1 min,bullet,31,Lost,3/7/2017
A-Fier,2607,Gomatte,2570,White,1 min,bullet,38,Lost,3/7/2017
A-Fier,2620,Gomatte,2561,Black,1 min,bullet,25,Won,3/7/2017
A-Fier,2610,Gomatte,2568,White,1 min,bullet,17,Won,3/7/2017
A-Fier,2599,Gomatte,2575,Black,1 min,bullet,40,Won,3/7/2017
A-Fier,2587,Gomatte,2583,White,1 min,bullet,37,Lost,3/7/2017
A-Fier,2600,Gomatte,2574,Black,1 min,bullet,55,Won,3/7/2017
A-Fier,2587,Mau_rice,1050,White,1 min,bullet,26,Lost,1/20/2017
A-Fier,2606,larso,2543,White,1 min,bullet,48,Lost,1/17/2017
A-Fier,2617,larso,2533,Black,1 min,bullet,43,Won,1/17/2017
A-Fier,2610,ChrissKing1975,2259,Black,1 min,bullet,52,Lost,1/17/2017
A-Fier,2627,yamioscuro,2127,Black,1 min,bullet,36,Won,12/16/2016
A-Fier,2626,Rikikits,2701,White,1 min,bullet,30,Won,12/16/2016