player,player_rating,opponent,opponent_rating,side,time_control,time_category,moves,result,date
A-Fier,2754,Dhaydon19,2638,Black,3 min,blitz,18,Won,9/1/2018
A-Fier,2746,Dhaydon19,2644,White,3 min,blitz,37,Won,9/1/2018
A-Fier,2737,Adham_Fawzy,2671,Black,3 min,blitz,91,Draw,8/20/2018
A-Fier,2739,Adham_Fawzy,2669,White,3 min,blitz,30,Lost,8/20/2018
A-Fier,2752,Adham_Fawzy,2659,Black,3 min,blitz,32,Won,8/20/2018
A-Fier,2743,zoranp,2568,Black,3 min,blitz,42,Won,8/20/2018
A-Fier,2737,zoranp,2572,White,3 min,blitz,54,Won,8/20/2018
A-Fier,2730,zoranp,2577,Black,3 min,blitz,51,Won,8/20/2018
A-Fier,2723,zoranp,2582,White,3 min,blitz,50,Won,8/20/2018
A-Fier,2715,TrimitziosP7,2659,White,3 min,blitz,66,Won,8/20/2018
A-Fier,2704,TrimitziosP7,2666,Black,3 min,blitz,43,Won,8/20/2018
A-Fier,2692,KBabazada,2661,Black,3 min,blitz,31,Won,8/20/2018
A-Fier,2679,KBabazada,2669,White,3 min,blitz,34,Lost,8/20/2018
A-Fier,2694,KBabazada,2660,Black,3 min,blitz,58,Lost,8/19/2018
A-Fier,2711,KBabazada,2651,White,3 min,blitz,23,Won,8/19/2018
A-Fier,2697,AmieeSingleton,2649,White,3 min,blitz,29,Lost,7/5/2018
A-Fier,2711,AmieeSingleton,2630,Black,3 min,blitz,35,Won,7/5/2018
A-Fier,2701,LPSupi,2700,Black,3|2,blitz,52,Lost,6/14/2018
A-Fier,2713,LPSupi,2676,White,3|2,blitz,48,Lost,6/14/2018
A-Fier,2726,LPSupi,2648,Black,3|2,blitz,44,Lost,6/14/2018
A-Fier,2741,LPSupi,2616,White,3|2,blitz,38,Won,6/14/2018
A-Fier,2733,LPSupi,2635,Black,5|2,blitz,58,Lost,6/14/2018
A-Fier,2750,LPSupi,2596,White,5|2,blitz,50,Won,6/14/2018
A-Fier,2742,LPSupi,2616,Black,5|2,blitz,55,Won,6/14/2018
A-Fier,2733,LPSupi,2640,White,5|2,blitz,55,Lost,6/14/2018
A-Fier,2751,RobertoJBM,2629,White,3|2,blitz,24,Won,5/23/2018
A-Fier,2743,RobertoJBM,2635,Black,3|2,blitz,47,Draw,5/23/2018
A-Fier,2747,RobertoJBM,2632,White,3|2,blitz,32,Won,5/23/2018
A-Fier,2738,RobertoJBM,2638,Black,3|2,blitz,143,Draw,5/23/2018
A-Fier,2742,RobertoJBM,2636,White,5|2,blitz,54,Lost,5/23/2018
A-Fier,2760,RobertoJBM,2625,Black,5|2,blitz,92,Lost,5/23/2018
A-Fier,2779,RobertoJBM,2613,White,5|2,blitz,38,Won,5/23/2018
A-Fier,2771,RobertoJBM,2618,Black,5|2,blitz,31,Won,5/23/2018
A-Fier,2762,RobertoJBM,2623,White,5|2,blitz,47,Won,5/23/2018
A-Fier,2752,attack2mateU,2671,White,3 min,blitz,35,Won,3/11/2018
A-Fier,2745,attack2mateU,2677,Black,3 min,blitz,60,Won,3/11/2018
A-Fier,2738,theredking89,2573,White,3 min,blitz,43,Won,3/11/2018
A-Fier,2733,dancingqueen83,2759,White,3 min,blitz,49,Won,3/10/2018
A-Fier,2723,dancingqueen83,2768,Black,3 min,blitz,37,Draw,3/10/2018
A-Fier,2722,dancingqueen83,2769,White,3 min,blitz,40,Draw,3/10/2018
A-Fier,2721,pep123,2481,Black,3 min,blitz,34,Won,3/10/2018
A-Fier,2717,GMKrikor,2628,Black,3 min,blitz,87,Won,2/20/2018
A-Fier,2711,GMKrikor,2634,White,3 min,blitz,60,Draw,2/20/2018
A-Fier,2713,GMKrikor,2632,Black,3 min,blitz,37,Won,2/20/2018
A-Fier,2706,GMKrikor,2638,White,3 min,blitz,34,Lost,2/20/2018
A-Fier,2717,GMKrikor,2628,Black,3 min,blitz,58,Won,2/20/2018
A-Fier,2710,GMKrikor,2634,White,3 min,blitz,29,Draw,2/20/2018
A-Fier,2712,GMKrikor,2632,Black,3 min,blitz,60,Lost,2/20/2018
A-Fier,2724,GMKrikor,2622,White,3 min,blitz,45,Draw,2/20/2018
A-Fier,2727,GMKrikor,2620,Black,3 min,blitz,74,Won,2/20/2018