player,player_rating,opponent,opponent_rating,side,time_control,time_category,moves,result,date
A-Fier,2638,thadius_caesar,115),White,1 min,bullet,9,Won,10/15/2016
A-Fier,2638,Volkovi,2703,Black,1 min,bullet,54,Lost,10/13/2016
A-Fier,2645,Volkovi,2696,White,1 min,bullet,34,Lost,10/13/2016
A-Fier,2652,Volkovi,2689,Black,1 min,bullet,71,Lost,10/13/2016
A-Fier,2659,PaulfromSPb,2582,Black,1 min,bullet,30,Lost,10/12/2016
A-Fier,2669,PaulfromSPb,2572,White,1 min,bullet,55,Won,10/12/2016
A-Fier,2663,Byniolus,2708,Black,1 min,bullet,47,Won,10/12/2016
A-Fier,2654,Byniolus,2717,White,1 min,bullet,74,Lost,10/12/2016
A-Fier,2661,Byniolus,2710,Black,1 min,bullet,17,Lost,10/12/2016
A-Fier,2668,Byniolus,2703,White,1 min,bullet,49,Lost,10/12/2016
A-Fier,2676,NguyenXi,2796,Black,1 min,bullet,30,Lost,10/6/2016
A-Fier,2682,NguyenXi,2790,White,1 min,bullet,31,Draw,10/6/2016
A-Fier,2680,NguyenXi,2793,Black,1 min,bullet,57,Lost,10/6/2016
A-Fier,2686,NguyenXi,2787,White,1 min,bullet,23,Won,10/6/2016
A-Fier,2675,NguyenXi,2798,Black,1 min,bullet,57,Won,10/6/2016
A-Fier,2664,NguyenXi,2809,White,1 min,bullet,37,Lost,10/6/2016
A-Fier,2669,bicharraco,2367,White,1 min,bullet,45,Draw,10/6/2016
A-Fier,2675,bicharraco,2361,Black,1 min,bullet,47,Won,10/6/2016
A-Fier,2673,bicharraco,2363,White,1 min,bullet,34,Won,10/6/2016
A-Fier,2671,bicharraco,2365,Black,1 min,bullet,31,Won,10/6/2016
A-Fier,2669,wikky21,2360,Black,1 min,bullet,68,Won,10/6/2016
A-Fier,2667,bicharraco,2372,White,1 min,bullet,48,Won,10/6/2016
A-Fier,2664,9876352132,1046,White,1 min,bullet,23,Won,10/6/2016
A-Fier,2664,NguyenXi,2753,Black,1 min,bullet,25,Lost,10/6/2016
A-Fier,2670,NguyenXi,2747,White,1 min,bullet,44,Lost,10/6/2016
A-Fier,2677,NguyenXi,2740,Black,1 min,bullet,56,Lost,10/6/2016
A-Fier,2684,NguyenXi,2733,White,1 min,bullet,19,Lost,10/6/2016
A-Fier,2692,NguyenXi,2726,Black,1 min,bullet,76,Lost,10/6/2016
A-Fier,2700,NguyenXi,2718,White,1 min,bullet,54,Draw,10/6/2016
A-Fier,2700,NguyenXi,2718,Black,1 min,bullet,42,Lost,10/6/2016
A-Fier,2709,NguyenXi,2710,White,1 min,bullet,53,Won,10/6/2016
A-Fier,2699,NguyenXi,2718,Black,1 min,bullet,57,Won,10/6/2016
A-Fier,2688,NguyenXi,2727,White,1 min,bullet,64,Won,10/6/2016
A-Fier,2676,NguyenXi,2736,Black,1 min,bullet,46,Won,10/6/2016
A-Fier,2663,ch3s,2284,White,1 min,bullet,44,Won,10/6/2016
A-Fier,2661,davidodea,2319,Black,1 min,bullet,30,Won,10/6/2016
A-Fier,2658,ch3s,2286,Black,1 min,bullet,41,Won,10/6/2016
A-Fier,2656,NguyenXi,2746,White,1 min,bullet,36,Lost,10/6/2016
A-Fier,2665,NguyenXi,2740,Black,1 min,bullet,42,Lost,10/6/2016
A-Fier,2675,ch3s,2288,White,1 min,bullet,15,Lost,10/6/2016
A-Fier,2696,ZapataCharlesS,2666,Black,1 min,bullet,48,Won,8/28/2016
A-Fier,2688,ZapataCharlesS,2674,White,1 min,bullet,68,Won,8/28/2016
A-Fier,2679,ZapataCharlesS,2682,Black,1 min,bullet,41,Lost,8/28/2016
A-Fier,2688,ZapataCharlesS,2674,White,1 min,bullet,54,Won,8/28/2016
A-Fier,2679,ZapataCharlesS,2682,Black,1 min,bullet,22,Lost,8/28/2016
A-Fier,2688,ZapataCharlesS,2674,White,1 min,bullet,79,Won,8/28/2016
A-Fier,2679,ZapataCharlesS,2682,Black,1 min,bullet,36,Draw,8/28/2016
A-Fier,2679,ZapataCharlesS,2682,White,1 min,bullet,64,Lost,8/28/2016
A-Fier,2689,ratkovic_p,2494,Black,1 min,bullet,72,Won,8/28/2016
A-Fier,2684,ratkovic_p,2498,White,1 min,bullet,55,Won,8/28/2016