player,player_rating,opponent,opponent_rating,side,time_control,time_category,moves,result,date
A-Fier,2750,StonefaceandTerminal,2424,White,3|2,blitz,0,Lost,4/3/2019
A-Fier,2764,Eltarolo,2424,Black,3|2,blitz,45,Draw,4/3/2019
A-Fier,2770,TregubovP,2473,White,3|2,blitz,54,Lost,4/3/2019
A-Fier,2784,Angry_Twin,2789,White,3 min,blitz,30,Won,4/1/2019
A-Fier,2776,Angry_Twin,2797,Black,3 min,blitz,38,Lost,4/1/2019
A-Fier,2784,Angry_Twin,2789,White,3 min,blitz,21,Won,4/1/2019
A-Fier,2776,Angry_Twin,2797,Black,3 min,blitz,26,Lost,4/1/2019
A-Fier,2784,Angry_Twin,2789,White,3 min,blitz,30,Won,4/1/2019
A-Fier,2776,Angry_Twin,2797,Black,3 min,blitz,39,Lost,4/1/2019
A-Fier,2784,Angry_Twin,2789,White,3 min,blitz,49,Won,4/1/2019
A-Fier,2776,Angry_Twin,2797,Black,3 min,blitz,65,Won,4/1/2019
A-Fier,2767,Angry_Twin,2806,White,3 min,blitz,35,Won,4/1/2019
A-Fier,2758,Angry_Twin,2815,Black,3 min,blitz,40,Lost,4/1/2019
A-Fier,2765,Angry_Twin,2808,White,3 min,blitz,35,Won,4/1/2019
A-Fier,2756,Angry_Twin,2817,Black,3 min,blitz,38,Draw,4/1/2019
A-Fier,2755,Angry_Twin,2818,White,3 min,blitz,51,Lost,4/1/2019
A-Fier,2762,Angry_Twin,2811,Black,3 min,blitz,49,Won,4/1/2019
A-Fier,2752,Angry_Twin,2821,White,3 min,blitz,37,Won,4/1/2019
A-Fier,2742,Kriari,2706,White,3 min,blitz,34,Lost,4/1/2019
A-Fier,2751,babadroga92,2650,White,3 min,blitz,52,Won,4/1/2019
A-Fier,2745,petrpalachev,2726,Black,3 min,blitz,36,Won,4/1/2019
A-Fier,2737,Vrolijk,2865,Black,3 min,blitz,35,Lost,4/1/2019
A-Fier,2742,Vrolijk,2860,White,3 min,blitz,40,Lost,4/1/2019
A-Fier,2748,champ2005,2806,Black,3 min,blitz,47,Lost,3/30/2019
A-Fier,2755,leos01,2671,Black,3 min,blitz,59,Won,3/29/2019
A-Fier,2749,alizibakenari,2799,Black,3 min,blitz,43,Lost,3/22/2019
A-Fier,2756,tiredofdancing,2847,White,3 min,blitz,64,Lost,3/9/2019
A-Fier,2762,dostis,2838,White,3 min,blitz,25,Lost,3/7/2019
A-Fier,2769,want2lose,2689,Black,3 min,blitz,32,Won,3/7/2019
A-Fier,2763,want2lose,2695,White,3 min,blitz,25,Won,3/7/2019
A-Fier,2756,Witik,2710,Black,3 min,blitz,40,Lost,3/7/2019
A-Fier,2765,Leonid_Starozhilov,2671,White,3 min,blitz,66,Draw,3/7/2019
A-Fier,2767,Indianlad,2913,Black,3 min,blitz,75,Lost,3/6/2019
A-Fier,2772,Indianlad,2908,White,3 min,blitz,67,Lost,3/6/2019
A-Fier,2777,Indianlad,2903,Black,3 min,blitz,44,Won,3/6/2019
A-Fier,2766,Leonid_Starozhilov,2688,Black,3 min,blitz,23,Won,3/6/2019
A-Fier,2759,chris_rock_comic,2658,Black,3 min,blitz,30,Won,3/6/2019
A-Fier,2753,chris_rock_comic,2664,White,3 min,blitz,77,Won,3/6/2019
A-Fier,2747,IMTominho,2780,White,3 min,blitz,25,Lost,3/6/2019
A-Fier,2755,IMTominho,2772,Black,3 min,blitz,65,Draw,3/6/2019
A-Fier,2755,IMTominho,2772,White,3 min,blitz,29,Won,3/6/2019
A-Fier,2746,IMTominho,2781,Black,3 min,blitz,47,Lost,3/6/2019
A-Fier,2754,IMTominho,2773,White,3 min,blitz,32,Won,3/6/2019
A-Fier,2745,IMTominho,2782,Black,3 min,blitz,66,Draw,3/6/2019
A-Fier,2744,IMTominho,2783,White,3 min,blitz,27,Won,3/6/2019
A-Fier,2735,1stSecond,2705,White,3 min,blitz,17,Won,3/6/2019
A-Fier,2727,1stSecond,2713,Black,3 min,blitz,39,Won,3/6/2019
A-Fier,2719,1stSecond,2721,White,3 min,blitz,49,Lost,3/6/2019
A-Fier,2727,1stSecond,2713,Black,3 min,blitz,63,Won,3/6/2019
A-Fier,2719,kromax33,2724,Black,3 min,blitz,21,Lost,3/6/2019