player,player_rating,opponent,opponent_rating,side,time_control,time_category,moves,result,date
A-Fier,2727,kromax33,2716,White,3 min,blitz,30,Draw,3/6/2019
A-Fier,2727,Zq1,2554,White,3|2,blitz,43,Lost,3/6/2019
A-Fier,2739,Bryakin_Mikhail,2651,Black,3|2,blitz,26,Draw,3/5/2019
A-Fier,2741,Margency,2597,White,3|2,blitz,39,Lost,3/5/2019
A-Fier,2753,Manticore17,2647,Black,3|2,blitz,69,Won,3/5/2019
A-Fier,2747,Warre,2391,White,3|2,blitz,45,Won,3/5/2019
A-Fier,2745,Dyadya81,2788,Black,3 min,blitz,18,Lost,3/5/2019
A-Fier,2752,Dyadya81,2781,White,3 min,blitz,53,Lost,3/5/2019
A-Fier,2760,Alexandr_Ulanov,2725,Black,3 min,blitz,55,Lost,3/4/2019
A-Fier,2769,sergoy,2846,Black,3 min,blitz,31,Lost,3/2/2019
A-Fier,2776,sergoy,2839,White,3 min,blitz,25,Lost,3/2/2019
A-Fier,2783,penguingm1,2828,Black,3 min,blitz,38,Draw,3/2/2019
A-Fier,2782,manudavid,2770,Black,3 min,blitz,23,Won,3/2/2019
A-Fier,2774,manudavid,2778,White,3 min,blitz,51,Won,3/2/2019
A-Fier,2765,manudavid,2787,Black,3 min,blitz,42,Lost,3/2/2019
A-Fier,2773,manudavid,2779,White,3 min,blitz,20,Won,3/2/2019
A-Fier,2764,Tesla37,2802,White,3 min,blitz,43,Lost,2/15/2019
A-Fier,2771,Tesla37,2795,Black,3 min,blitz,52,Draw,2/15/2019
A-Fier,2770,Tesla37,2796,White,3 min,blitz,22,Won,2/15/2019
A-Fier,2761,Tesla37,2805,Black,3 min,blitz,63,Draw,2/15/2019
A-Fier,2760,Tesla37,2806,White,3 min,blitz,26,Draw,2/15/2019
A-Fier,2759,Tesla37,2807,Black,3 min,blitz,46,Lost,2/15/2019
A-Fier,2766,Tesla37,2799,White,3 min,blitz,28,Lost,2/15/2019
A-Fier,2774,Tesla37,2791,Black,3 min,blitz,61,Won,2/15/2019
A-Fier,2765,Tesla37,2801,White,3 min,blitz,43,Won,2/15/2019
A-Fier,2756,Tesla37,2812,Black,3 min,blitz,34,Won,2/15/2019
A-Fier,2746,Artur_Avalyan03,2666,White,3 min,blitz,25,Won,2/15/2019
A-Fier,2740,Artur_Avalyan03,2672,Black,3 min,blitz,60,Won,2/15/2019
A-Fier,2733,Artur_Avalyan03,2679,White,3 min,blitz,54,Won,2/15/2019
A-Fier,2726,Artur_Avalyan03,2686,Black,3 min,blitz,31,Won,2/15/2019
A-Fier,2719,Artur_Avalyan03,2693,White,3 min,blitz,35,Won,2/15/2019
A-Fier,2711,Artur_Avalyan03,2701,Black,3 min,blitz,31,Lost,2/15/2019
A-Fier,2720,cstevens1,2623,White,3 min,blitz,76,Lost,2/15/2019
A-Fier,2731,ZeRo_Tw0,2722,Black,3 min,blitz,25,Lost,2/15/2019
A-Fier,2740,ZeRo_Tw0,2713,White,3 min,blitz,81,Won,2/15/2019
A-Fier,2732,ZeRo_Tw0,2721,Black,3 min,blitz,38,Won,2/15/2019
A-Fier,2724,ZeRo_Tw0,2729,White,3 min,blitz,13,Lost,2/15/2019
A-Fier,2732,Denis_Makhnyov,2713,White,3 min,blitz,72,Lost,2/14/2019
A-Fier,2741,Denis_Makhnyov,2704,Black,3 min,blitz,77,Won,2/14/2019
A-Fier,2734,Megamrd,2650,Black,3 min,blitz,38,Lost,2/14/2019
A-Fier,2744,Vuk2000,2792,Black,3 min,blitz,25,Lost,2/14/2019
A-Fier,2751,Vuk2000,2785,White,3 min,blitz,62,Lost,2/14/2019
A-Fier,2759,Vuk2000,2777,Black,3 min,blitz,29,Lost,2/14/2019
A-Fier,2767,Vuk2000,2769,White,3 min,blitz,87,Won,2/14/2019
A-Fier,2759,Vuk2000,2777,Black,3 min,blitz,37,Lost,2/14/2019
A-Fier,2767,GrigorGrigorov,2717,White,3 min,blitz,31,Draw,2/12/2019
A-Fier,2768,GrigorGrigorov,2716,Black,3 min,blitz,49,Draw,2/12/2019
A-Fier,2769,GrigorGrigorov,2715,White,3 min,blitz,69,Won,2/12/2019
A-Fier,2762,Erik_Obgolts,2735,White,3 min,blitz,75,Won,2/12/2019
A-Fier,2754,superchess02,2768,Black,3 min,blitz,60,Draw,2/12/2019