player,player_rating,opponent,opponent_rating,side,time_control,time_category,moves,result,date
A-Fier,2482,Alsurdelsur86,2362,White,3 min,blitz,23,Won,9/19/2016
A-Fier,2475,WhiteDemoN,2305,Black,3 min,blitz,23,Lost,9/19/2016
A-Fier,2491,ANIMAL45,2437,White,3 min,blitz,74,Lost,9/19/2016
A-Fier,2504,argimiro,2394,Black,3 min,blitz,47,Won,9/19/2016
A-Fier,2496,argimiro,2400,White,3 min,blitz,27,Won,9/19/2016
A-Fier,2487,kosya4ok,2522,Black,3 min,blitz,34,Lost,9/19/2016
A-Fier,2498,aleksa74,2540,White,3 min,blitz,42,Lost,8/28/2016
A-Fier,2508,aleksa74,2533,Black,3 min,blitz,22,Won,8/28/2016
A-Fier,2496,aleksa74,2542,White,3 min,blitz,54,Won,8/28/2016
A-Fier,2483,aleksa74,2552,Black,3 min,blitz,26,Lost,8/28/2016
A-Fier,2493,aleksa74,2545,White,3 min,blitz,46,Lost,8/28/2016
A-Fier,2503,aleksa74,2538,Black,3 min,blitz,51,Won,8/28/2016
A-Fier,2489,jhonnyuribe,2328,Black,3 min,blitz,31,Won,8/26/2016
A-Fier,2482,JIL-BATCH,2351,White,3 min,blitz,32,Won,8/26/2016
A-Fier,2473,aggressive93,2398,White,3 min,blitz,44,Draw,8/25/2016
A-Fier,2476,pylaeva,2647,Black,3 min,blitz,38,Lost,8/23/2016
A-Fier,2484,LNKavalenya,2376,White,3 min,blitz,49,Won,8/23/2016
A-Fier,2474,LNKavalenya,2376,Black,3 min,blitz,27,Won,8/23/2016
A-Fier,2463,arda1234123412341234,2486,White,3 min,blitz,52,Won,8/23/2016
A-Fier,2447,arda1234123412341234,2498,Black,3 min,blitz,31,Lost,8/23/2016
A-Fier,2461,SuicidalTendencies,2416,Black,3 min,blitz,53,Won,8/23/2016
A-Fier,2446,1stSecond,2507,White,3 min,blitz,28,Lost,8/22/2016
A-Fier,2461,1stSecond,2500,Black,3 min,blitz,20,Lost,8/22/2016
A-Fier,2477,Edgar_Karagyozyan,2396,White,3 min,blitz,53,Won,8/22/2016
A-Fier,2462,AYAT_SAING,2058,White,3 min,blitz,17,Won,8/22/2016
A-Fier,2458,Neurosurgeon1,2534,White,3 min,blitz,48,Lost,8/20/2016
A-Fier,2474,Neurosurgeon1,2527,Black,3 min,blitz,35,Lost,8/20/2016
A-Fier,2493,Neurosurgeon1,2520,White,3 min,blitz,38,Lost,8/20/2016
A-Fier,2514,Neurosurgeon1,2512,Black,3 min,blitz,47,Won,8/20/2016
A-Fier,2490,Tolya2,2290,White,3 min,blitz,15,Won,8/20/2016
A-Fier,2477,Genghis_K,2573,White,3 min,blitz,29,Lost,5/31/2016
A-Fier,2491,Malev212,2216,Black,3 min,blitz,37,Lost,5/31/2016
A-Fier,2523,GMKrikor,2583,Black,3 min,blitz,26,Lost,5/31/2016
A-Fier,2540,elefante33,2471,Black,3 min,blitz,50,Draw,5/31/2016
A-Fier,2544,elefante33,2468,White,3 min,blitz,56,Draw,5/31/2016
A-Fier,2549,ianfindlay,2066,Black,3|2,blitz,47,Lost,5/3/2016
A-Fier,2587,Ukrainian_Boa,2306,White,3|2,blitz,62,Draw,5/3/2016
A-Fier,2601,Iran_Chess_Trainer,2447,White,3 min,blitz,17,Won,5/2/2016
A-Fier,2588,Iran_Chess_Trainer,2452,Black,3 min,blitz,33,Won,5/2/2016
A-Fier,2573,Iran_Chess_Trainer,2457,White,3 min,blitz,34,Won,5/2/2016
A-Fier,2556,Sigurbjorn,2412,Black,3 min,blitz,30,Won,4/20/2016
A-Fier,2540,Sigurbjorn,2417,White,3 min,blitz,55,Draw,4/20/2016
A-Fier,2549,Sigurbjorn,2414,Black,3 min,blitz,64,Won,4/20/2016
A-Fier,2531,tarquilnius,2445,White,3 min,blitz,27,Won,4/19/2016
A-Fier,2507,tarquilnius,2452,Black,3 min,blitz,49,Won,4/19/2016
A-Fier,2479,FaroeGambit,2308,Black,3 min,blitz,29,Won,4/19/2016
A-Fier,2459,FaroeGambit,2313,White,3 min,blitz,57,Won,4/19/2016
A-Fier,2435,Chaturanga71,2313,Black,3 min,blitz,57,Lost,4/16/2016
A-Fier,2490,Chaturanga71,2301,White,3 min,blitz,59,Won,4/16/2016
A-Fier,2465,gmcyborek,2583,White,3 min,blitz,69,Lost,11/12/2015