player,player_rating,opponent,opponent_rating,side,time_control,time_category,moves,result,date
A-Fier,2616,R3shabh,1906,Black,1 min,bullet,27,Won,12/16/2016
A-Fier,2616,Volkovi,2696,Black,1 min,bullet,47,Lost,12/16/2016
A-Fier,2623,Volkovi,2689,White,1 min,bullet,44,Lost,12/16/2016
A-Fier,2630,Rikikits,2711,Black,1 min,bullet,57,Lost,12/16/2016
A-Fier,2636,Rikikits,2705,White,1 min,bullet,10,Lost,12/16/2016
A-Fier,2643,Rikikits,2698,Black,1 min,bullet,81,Lost,12/16/2016
A-Fier,2650,Rikikits,2691,White,1 min,bullet,10,Lost,12/16/2016
A-Fier,2657,Rikikits,2684,Black,1 min,bullet,31,Won,12/16/2016
A-Fier,2648,Rikikits,2693,White,1 min,bullet,53,Lost,12/16/2016
A-Fier,2655,Rikikits,2686,Black,1 min,bullet,6,Lost,12/16/2016
A-Fier,2663,Rikikits,2678,White,1 min,bullet,38,Lost,12/16/2016
A-Fier,2671,Rikikits,2670,Black,1 min,bullet,30,Draw,12/16/2016
A-Fier,2671,Rikikits,2670,White,1 min,bullet,36,Lost,12/16/2016
A-Fier,2680,Rikikits,2662,Black,1 min,bullet,35,Lost,12/16/2016
A-Fier,2690,Rikikits,2653,White,1 min,bullet,18,Won,12/16/2016
A-Fier,2682,Rikikits,2660,Black,1 min,bullet,13,Lost,12/16/2016
A-Fier,2692,Rikikits,2651,White,1 min,bullet,29,Won,12/16/2016
A-Fier,2683,Rikikits,2658,Black,1 min,bullet,24,Won,12/16/2016
A-Fier,2674,Keranke,2690,Black,1 min,bullet,51,Lost,10/20/2016
A-Fier,2682,Keranke,2682,White,1 min,bullet,61,Won,10/20/2016
A-Fier,2674,Keranke,2690,Black,1 min,bullet,80,Lost,10/20/2016
A-Fier,2682,Keranke,2682,White,1 min,bullet,23,Lost,10/20/2016
A-Fier,2690,Keranke,2674,Black,1 min,bullet,69,Won,10/20/2016
A-Fier,2682,Keranke,2682,White,1 min,bullet,22,Won,10/20/2016
A-Fier,2674,Keranke,2690,Black,1 min,bullet,47,Won,10/20/2016
A-Fier,2665,Keranke,2699,White,1 min,bullet,30,Lost,10/20/2016
A-Fier,2673,Keranke,2691,Black,1 min,bullet,57,Lost,10/20/2016
A-Fier,2681,Keranke,2683,White,1 min,bullet,54,Lost,10/20/2016
A-Fier,2689,Keranke,2675,Black,1 min,bullet,47,Won,10/20/2016
A-Fier,2681,Keranke,2683,White,1 min,bullet,18,Lost,10/20/2016
A-Fier,2689,aleksa74,2506,White,1 min,bullet,79,Draw,10/20/2016
A-Fier,2693,aleksa74,2502,Black,1 min,bullet,38,Won,10/20/2016
A-Fier,2689,aleksa74,2506,White,1 min,bullet,26,Won,10/20/2016
A-Fier,2685,aleksa74,2511,Black,1 min,bullet,69,Won,10/20/2016
A-Fier,2681,aleksa74,2516,White,1 min,bullet,19,Won,10/20/2016
A-Fier,2676,aleksa74,2521,Black,1 min,bullet,62,Won,10/20/2016
A-Fier,2671,aleksa74,2526,White,1 min,bullet,40,Won,10/20/2016
A-Fier,2666,aleksa74,2532,Black,1 min,bullet,48,Won,10/20/2016
A-Fier,2661,aleksa74,2538,White,1 min,bullet,49,Won,10/20/2016
A-Fier,2655,aleksa74,2545,Black,1 min,bullet,40,Won,10/20/2016
A-Fier,2649,aleksa74,2552,White,1 min,bullet,31,Lost,10/20/2016
A-Fier,2660,aleksa74,2539,Black,1 min,bullet,60,Won,10/20/2016
A-Fier,2654,LowestRatedPlayer,667),White,1 min,bullet,33,Won,10/20/2016
A-Fier,2654,aldrae_23,2433,Black,1 min,bullet,36,Won,10/20/2016
A-Fier,2650,aldrae_23,2437,White,1 min,bullet,27,Won,10/20/2016
A-Fier,2646,aldrae_23,2441,Black,1 min,bullet,49,Won,10/20/2016
A-Fier,2642,aldrae_23,2445,White,1 min,bullet,61,Won,10/20/2016
A-Fier,2638,shahed,1519,White,1 min,bullet,35,Won,10/15/2016
A-Fier,2638,davidalmeida2003,1150,Black,1 min,bullet,20,Won,10/15/2016
A-Fier,2638,thadius_caesar,115),Black,1 min,bullet,16,Won,10/15/2016