player,player_rating,opponent,opponent_rating,side,time_control,time_category,moves,result,date
A-Fier,2176,JIL-BATCH,2177,Black,3 min,blitz,25,Won,3/5/2013
A-Fier,2160,JIL-BATCH,2186,White,3 min,blitz,14,Won,3/5/2013
A-Fier,2142,apache123123,2012,Black,3 min,blitz,37,Won,3/5/2013
A-Fier,2131,belamonte,2065,White,3 min,blitz,64,Won,3/3/2013
A-Fier,2116,simplement,2134,Black,3 min,blitz,41,Won,2/28/2013
A-Fier,2096,simplement,2143,White,3 min,blitz,55,Won,2/28/2013
A-Fier,2074,simplement,2153,Black,3 min,blitz,49,Lost,2/28/2013
A-Fier,2090,simplement,2146,White,3 min,blitz,18,Won,2/28/2013
A-Fier,2064,simplement,2156,Black,3 min,blitz,81,Draw,2/28/2013
A-Fier,2058,simplement,2158,White,3 min,blitz,47,Won,2/28/2013
A-Fier,2027,adept_101,2015,White,3 min,blitz,37,Lost,2/28/2013
A-Fier,2054,InSearchOfPerfection,2083,White,3 min,blitz,39,Won,2/28/2013
A-Fier,2024,InSearchOfPerfection,2093,Black,3 min,blitz,39,Lost,2/28/2013
A-Fier,2048,InSearchOfPerfection,2086,White,3 min,blitz,51,Won,2/28/2013
A-Fier,2012,Bonaposta,2034,Black,3 min,blitz,69,Lost,2/27/2013
A-Fier,2045,Spasiba,1992,Black,3 min,blitz,55,Won,2/27/2013
A-Fier,2012,Spasiba,2000,White,3 min,blitz,13,Won,2/27/2013
A-Fier,1971,rajko321,1888,Black,3 min,blitz,21,Won,2/27/2013
A-Fier,1934,Iran_persia,1883,Black,3 min,blitz,40,Won,2/27/2013
A-Fier,1888,Gawky,1856,Black,3 min,blitz,22,Won,2/27/2013
A-Fier,1832,gioeli,1839,White,3 min,blitz,34,Won,2/27/2013
A-Fier,1761,sgasfsdfsd,1633,White,3 min,blitz,32,Won,2/27/2013
A-Fier,1705,AtteBackman,1665,Black,3 min,blitz,25,Won,2/27/2013
A-Fier,1616,Vicolino,1408,White,3 min,blitz,14,Won,2/27/2013
A-Fier,1553,Cicha_Roo,1287,Black,3 min,blitz,28,Won,2/27/2013
A-Fier,1489,Whatfreshhellisthis,1328,Black,3 min,blitz,33,Won,2/27/2013
A-Fier,1368,knightstar2,1210,White,3 min,blitz,16,Won,2/27/2013