player,player_rating,opponent,opponent_rating,side,time_control,time_category,moves,result,date
A-Fier,2551,Artooooo,2544,White,3 min,blitz,83,Lost,7/2/2017
A-Fier,2560,Andreikka,2568,Black,3 min,blitz,38,Won,6/29/2017
A-Fier,2551,Andreikka,2577,White,3 min,blitz,51,Won,6/29/2017
A-Fier,2542,Andreikka,2586,Black,3 min,blitz,49,Lost,6/29/2017
A-Fier,2549,Andreikka,2579,White,3 min,blitz,45,Draw,6/29/2017
A-Fier,2548,Andreikka,2580,Black,3 min,blitz,33,Lost,6/29/2017
A-Fier,2556,Andreikka,2572,White,3 min,blitz,52,Won,6/29/2017
A-Fier,2547,varezhka-64,2425,Black,3 min,blitz,25,Lost,6/27/2017
A-Fier,2558,kosya4ok,2599,White,3 min,blitz,35,Lost,6/26/2017
A-Fier,2565,PaulPhoenix87,2578,White,3 min,blitz,88,Draw,6/26/2017
A-Fier,2565,DanielNaroditsky,2723,Black,3 min,blitz,55,Won,6/25/2017
A-Fier,2553,DanielNaroditsky,2735,White,3 min,blitz,25,Lost,6/25/2017
A-Fier,2557,DanielNaroditsky,2731,Black,3 min,blitz,37,Lost,6/25/2017
A-Fier,2561,flagorub,2549,Black,3 min,blitz,50,Lost,6/24/2017
A-Fier,2570,rovokopac,2381,White,3 min,blitz,30,Won,6/24/2017
A-Fier,2566,rovokopac,2385,Black,3 min,blitz,47,Won,6/24/2017
A-Fier,2561,Derbenev_Andrey,2382,White,3 min,blitz,53,Won,6/24/2017
A-Fier,2556,fruitpicker01,2448,White,3 min,blitz,48,Won,6/24/2017
A-Fier,2550,fruitpicker01,2454,Black,3 min,blitz,20,Won,6/24/2017
A-Fier,2543,Arm-Akiba,2625,Black,3 min,blitz,62,Draw,6/20/2017
A-Fier,2541,Arm-Akiba,2627,White,3 min,blitz,29,Won,6/20/2017
A-Fier,2529,Arm-Akiba,2637,Black,3 min,blitz,90,Won,6/20/2017
A-Fier,2517,Arm-Akiba,2648,White,3 min,blitz,28,Lost,6/20/2017
A-Fier,2523,Arm-Akiba,2643,Black,3 min,blitz,29,Lost,6/20/2017
A-Fier,2530,Arm-Akiba,2637,White,3 min,blitz,50,Draw,6/20/2017
A-Fier,2527,Arm-Akiba,2639,Black,3 min,blitz,44,Lost,6/20/2017
A-Fier,2534,Arm-Akiba,2633,White,3 min,blitz,47,Won,6/20/2017
A-Fier,2520,Arm-Akiba,2644,Black,3 min,blitz,26,Won,6/20/2017
A-Fier,2505,Arm-Akiba,2655,White,3 min,blitz,20,Lost,6/20/2017
A-Fier,2512,Arm-Akiba,2650,Black,3 min,blitz,48,Draw,6/20/2017
A-Fier,2508,muanadro,2392,White,3 min,blitz,38,Won,6/20/2017
A-Fier,2500,KD64,2471,Black,3 min,blitz,57,Lost,6/20/2017
A-Fier,2513,c63_amg,2524,White,3 min,blitz,64,Lost,6/20/2017
A-Fier,2525,c63_amg,2516,Black,3 min,blitz,84,Draw,6/20/2017
A-Fier,2525,WildlifeSanctuary,2489,Black,3 min,blitz,100,Draw,6/20/2017
A-Fier,2526,agapov771,2359,Black,3 min,blitz,40,Won,6/20/2017
A-Fier,2518,agapov771,2364,White,3 min,blitz,38,Won,6/20/2017
A-Fier,2509,Ar4uha,2438,White,3 min,blitz,16,Lost,6/10/2017
A-Fier,2526,FastChance,2600,Black,3 min,blitz,9,Draw,6/10/2017
A-Fier,2523,Marcus_Harvey,2524,White,3|2,blitz,104,Draw,4/19/2017
A-Fier,2523,iturrizaga,2648,Black,3|2,blitz,35,Lost,4/19/2017
A-Fier,2530,JoachimBN,2652,White,3|2,blitz,55,Draw,4/19/2017
A-Fier,2527,Alexander_Moskalenko,2644,Black,3|2,blitz,3,Won,4/18/2017
A-Fier,2513,Sebastian,2661,White,3|2,blitz,42,Lost,4/18/2017
A-Fier,2520,klounessa,2684,White,3|2,blitz,51,Won,4/18/2017
A-Fier,2504,daro94,2750,Black,3|2,blitz,87,Won,4/18/2017
A-Fier,2486,Budu44,2171,Black,3|2,blitz,39,Won,4/18/2017
A-Fier,2483,ShimanovAlex,2623,Black,3|2,blitz,78,Lost,4/4/2017
A-Fier,2490,aNaartjieZA,2293,White,3|2,blitz,45,Won,4/4/2017
A-Fier,2485,Kriz_mang_penge,2212,White,3|2,blitz,41,Won,4/4/2017