player,player_rating,opponent,opponent_rating,side,time_control,time_category,moves,result,date
A-Fier,2754,Aryangholami,2724,Black,3 min,blitz,59,Lost,2/12/2019
A-Fier,2763,Aryangholami,2715,White,3 min,blitz,33,Lost,2/12/2019
A-Fier,2773,smallelephant,2688,White,3 min,blitz,36,Lost,2/11/2019
A-Fier,2783,Rainmond,2748,White,3 min,blitz,41,Won,2/11/2019
A-Fier,2775,Rainmond,2756,Black,3 min,blitz,79,Won,2/11/2019
A-Fier,2767,GHANDEEVAM2003,2846,Black,3 min,blitz,53,Lost,2/3/2019
A-Fier,2774,GHANDEEVAM2003,2839,White,3 min,blitz,34,Lost,2/3/2019
A-Fier,2781,GHANDEEVAM2003,2832,Black,3 min,blitz,40,Won,2/3/2019
A-Fier,2771,GHANDEEVAM2003,2842,White,3 min,blitz,16,Won,2/3/2019
A-Fier,2761,GHANDEEVAM2003,2852,Black,3 min,blitz,48,Won,2/3/2019
A-Fier,2751,GHANDEEVAM2003,2862,White,3 min,blitz,105,Lost,2/3/2019
A-Fier,2757,SakisAsiatidis,2660,Black,3 min,blitz,24,Won,2/3/2019
A-Fier,2751,SakisAsiatidis,2666,White,3 min,blitz,22,Won,2/3/2019
A-Fier,2744,AryanTari,2900,Black,3 min,blitz,29,Lost,2/3/2019
A-Fier,2749,AryanTari,2895,White,3 min,blitz,55,Lost,2/3/2019
A-Fier,2755,AryanTari,2890,Black,3 min,blitz,28,Lost,2/3/2019
A-Fier,2761,bocah_sakit,2756,Black,3 min,blitz,57,Lost,1/16/2019
A-Fier,2770,bocah_sakit,2747,White,3 min,blitz,70,Draw,1/16/2019
A-Fier,2771,winnie1401,2625,White,3 min,blitz,4,Won,1/16/2019
A-Fier,2766,winnie1401,2630,Black,3 min,blitz,4,Won,1/16/2019
A-Fier,2761,winnie1401,2635,White,3 min,blitz,4,Won,1/16/2019
A-Fier,2755,winnie1401,2640,Black,3 min,blitz,4,Won,1/16/2019
A-Fier,2749,winnie1401,2646,White,3 min,blitz,4,Won,1/16/2019
A-Fier,2743,winnie1401,2652,Black,3 min,blitz,12,Won,1/16/2019
A-Fier,2736,winnie1401,2658,White,3 min,blitz,39,Won,1/16/2019
A-Fier,2729,Badmatsyrenov_Oleg,2731,Black,3 min,blitz,29,Won,1/16/2019
A-Fier,2719,Too_weak-too_slow,2890,White,3 min,blitz,52,Lost,1/14/2019
A-Fier,2724,Noukii,2804,Black,3 min,blitz,38,Lost,12/15/2018
A-Fier,2730,Pop765544,2644,Black,3 min,blitz,33,Won,12/15/2018
A-Fier,2722,Venezia2018,2630,White,3 min,blitz,57,Won,12/15/2018
A-Fier,2716,Alexei_Kornev,2680,White,3 min,blitz,27,Won,12/15/2018
A-Fier,2708,Alexei_Kornev,2688,Black,3 min,blitz,48,Lost,12/15/2018
A-Fier,2717,Noukii,2843,White,3 min,blitz,28,Lost,12/15/2018
A-Fier,2722,Noukii,2838,Black,3 min,blitz,79,Lost,12/15/2018
A-Fier,2728,Helepolis,2616,Black,3 min,blitz,39,Lost,12/8/2018
A-Fier,2739,Helepolis,2605,White,3 min,blitz,21,Won,12/8/2018
A-Fier,2734,Helepolis,2610,Black,3 min,blitz,44,Lost,12/8/2018
A-Fier,2745,igorkovalenko,2848,White,3 min,blitz,15,Lost,12/8/2018
A-Fier,2751,AryanTari,2850,White,3 min,blitz,18,Won,12/8/2018
A-Fier,2740,afgano29,2687,Black,3 min,blitz,73,Lost,12/6/2018
A-Fier,2750,afgano29,2677,White,3 min,blitz,30,Won,12/6/2018
A-Fier,2743,MaxVega,2696,White,3 min,blitz,21,Lost,12/6/2018
A-Fier,2753,MaxVega,2687,Black,3 min,blitz,44,Won,12/6/2018
A-Fier,2746,MaxVega,2694,White,3 min,blitz,26,Won,12/6/2018
A-Fier,2739,thatsallshewrote,2855,Black,3 min,blitz,42,Lost,12/5/2018
A-Fier,2745,thatsallshewrote,2849,White,3 min,blitz,41,Draw,12/5/2018
A-Fier,2742,thatsallshewrote,2851,Black,3 min,blitz,51,Draw,12/5/2018
A-Fier,2739,thatsallshewrote,2853,White,3 min,blitz,29,Lost,12/5/2018
A-Fier,2746,honestgirl,2743,Black,3 min,blitz,37,Won,12/5/2018
A-Fier,2736,lonelyzeng,2715,Black,3 min,blitz,33,Lost,12/5/2018