player,player_rating,opponent,opponent_rating,side,time_control,time_category,moves,result,date
A-Fier,2604,aoetnhiudgcroekjxdcnoeubu,2620,Black,3 min,blitz,44,Lost,9/16/2017
A-Fier,2612,vpantev,2450,White,3 min,blitz,45,Won,9/16/2017
A-Fier,2607,dangerousfish,2404,Black,3 min,blitz,50,Won,9/16/2017
A-Fier,2603,poluribharath,2409,White,3 min,blitz,33,Won,9/15/2017
A-Fier,2599,poluribharath,2413,Black,3 min,blitz,36,Won,9/15/2017
A-Fier,2595,pKiLz5Rn9b,2546,White,3 min,blitz,76,Won,9/15/2017
A-Fier,2588,Genti-1,2457,White,3 min,blitz,19,Won,9/15/2017
A-Fier,2583,Genti-1,2462,Black,3 min,blitz,34,Lost,9/15/2017
A-Fier,2594,ChessShop,2500,White,3 min,blitz,50,Won,9/15/2017
A-Fier,2588,fruitpicker01,2459,Black,3 min,blitz,44,Won,9/15/2017
A-Fier,2583,Bryakin_Mikhail,2509,White,3 min,blitz,92,Won,9/15/2017
A-Fier,2576,Bryakin_Mikhail,2516,Black,3 min,blitz,48,Draw,9/15/2017
A-Fier,2577,LEKSS-22,2412,Black,3 min,blitz,61,Draw,9/13/2017
A-Fier,2581,LEKSS-22,2408,White,3 min,blitz,30,Won,9/13/2017
A-Fier,2576,friesnielsen2302,2410,White,3 min,blitz,51,Won,9/13/2017
A-Fier,2571,KamilPlichta,2481,Black,3 min,blitz,47,Lost,9/11/2017
A-Fier,2581,Milchone1,2418,White,3 min,blitz,61,Lost,9/11/2017
A-Fier,2593,Milchone1,2406,Black,3 min,blitz,14,Won,9/11/2017
A-Fier,2589,zim0ne,2442,White,3 min,blitz,43,Won,9/11/2017
A-Fier,2584,IMTominho,2502,Black,3 min,blitz,41,Lost,9/8/2017
A-Fier,2594,IMTominho,2492,White,3 min,blitz,22,Won,9/8/2017
A-Fier,2588,IMTominho,2498,Black,3 min,blitz,20,Won,9/8/2017
A-Fier,2581,cheese_is_life,2484,Black,3 min,blitz,44,Lost,9/8/2017
A-Fier,2593,zocpoc71,2411,White,3 min,blitz,38,Won,9/8/2017
A-Fier,2588,cheese_is_life,2468,White,3 min,blitz,59,Won,9/8/2017
A-Fier,2582,Kirill_Klyukin,2523,Black,3 min,blitz,43,Lost,9/7/2017
A-Fier,2593,Janosik,2605,White,3 min,blitz,27,Lost,8/25/2017
A-Fier,2601,Janosik,2597,Black,3 min,blitz,48,Lost,8/25/2017
A-Fier,2610,MichaelRoiz,2725,Black,3 min,blitz,30,Won,8/22/2017
A-Fier,2599,Keranke,2689,White,3 min,blitz,57,Won,8/22/2017
A-Fier,2588,Aleksandr_Kholin,2527,White,3 min,blitz,31,Won,8/22/2017
A-Fier,2580,Aleksandr_Kholin,2534,Black,3 min,blitz,26,Won,8/22/2017
A-Fier,2572,Ginger_GM,2569,White,3 min,blitz,39,Won,8/22/2017
A-Fier,2562,Ginger_GM,2577,Black,3 min,blitz,37,Lost,8/22/2017
A-Fier,2571,Aliakbarov_Anar,2425,White,3 min,blitz,79,Draw,8/18/2017
A-Fier,2575,PlotnikovPavel,2488,White,3 min,blitz,42,Won,8/18/2017
A-Fier,2568,Foehammer,2607,White,3 min,blitz,14,Won,8/18/2017
A-Fier,2557,kakakz,2416,Black,3 min,blitz,24,Won,7/5/2017
A-Fier,2552,kakakz,2421,White,3 min,blitz,64,Won,7/5/2017
A-Fier,2547,itzikbm,2374,White,3 min,blitz,30,Won,7/5/2017
A-Fier,2543,Sarelephant,2455,Black,3 min,blitz,49,Lost,7/5/2017
A-Fier,2553,Gabrielian_Artur,2572,Black,3|2,blitz,48,Lost,7/5/2017
A-Fier,2561,renatoterrylujan,2650,Black,3|2,blitz,58,Lost,7/5/2017
A-Fier,2567,Tesla37,2622,White,3|2,blitz,24,Won,7/5/2017
A-Fier,2557,2Vladimirovich90,2703,Black,3|2,blitz,102,Lost,7/5/2017
A-Fier,2562,nihalsarin,2639,Black,3|2,blitz,71,Draw,7/4/2017
A-Fier,2560,Yaacovn,2672,White,3|2,blitz,54,Won,7/4/2017
A-Fier,2549,IljaZaragatski,2404,White,3|2,blitz,38,Won,7/4/2017
A-Fier,2544,ruvat,2270,Black,3|2,blitz,38,Won,7/4/2017
A-Fier,2541,KD64,2476,White,3 min,blitz,23,Lost,7/2/2017