player,player_rating,opponent,opponent_rating,side,time_control,time_category,moves,result,date
A-Fier,2481,itsFelix,2220,Black,3|2,blitz,48,Lost,4/4/2017
A-Fier,2499,Vamostodorecto,2398,Black,3|2,blitz,40,Lost,3/8/2017
A-Fier,2510,Malev212,2488,White,3|2,blitz,35,Lost,3/8/2017
A-Fier,2520,SavelijTartakover,2588,Black,3|2,blitz,71,Lost,3/8/2017
A-Fier,2528,Alex_Molchanov,2469,White,3|2,blitz,49,Won,3/7/2017
A-Fier,2520,Hikaru,2904,Black,3|2,blitz,73,Lost,3/7/2017
A-Fier,2522,TenisMaster,2595,White,3|2,blitz,58,Won,3/7/2017
A-Fier,2510,alexsuper1987,2203,Black,3|2,blitz,62,Won,3/7/2017
A-Fier,2507,Stormart21,2295,Black,5 min,blitz,30,Won,2/17/2017
A-Fier,2503,Stormart21,2299,White,5 min,blitz,25,Won,2/17/2017
A-Fier,2499,Bubi6,2386,Black,3 min,blitz,59,Won,2/9/2017
A-Fier,2493,Bubi6,2392,White,3 min,blitz,3,Won,2/9/2017
A-Fier,2487,HustleTime,2377,Black,3|2,blitz,66,Lost,2/8/2017
A-Fier,2498,Genghis_K,2688,White,3|2,blitz,47,Lost,2/8/2017
A-Fier,2502,GeorgMeier,2677,White,3|2,blitz,72,Draw,2/7/2017
A-Fier,2498,Julex2,2333,Black,3|2,blitz,39,Won,2/7/2017
A-Fier,2493,pedroholly22,2275,White,3|2,blitz,66,Won,2/7/2017
A-Fier,2489,Ilja_Semjonovs,2175,Black,3|2,blitz,53,Lost,2/7/2017
A-Fier,2504,blackcloudbg,2387,Black,3 min,blitz,25,Lost,1/22/2017
A-Fier,2515,lenglie,2504,Black,3 min,blitz,31,Lost,1/22/2017
A-Fier,2524,showmaster72,2320,Black,3 min,blitz,25,Lost,1/12/2017
A-Fier,2537,cruz29,2337,White,3 min,blitz,66,Won,1/12/2017
A-Fier,2533,Bardimere,2664,White,3 min,blitz,28,Lost,1/12/2017
A-Fier,2538,Bardimere,2658,Black,3 min,blitz,46,Lost,1/12/2017
A-Fier,2544,Bardimere,2652,White,3 min,blitz,27,Lost,1/12/2017
A-Fier,2550,Bardimere,2645,Black,3 min,blitz,51,Won,1/12/2017
A-Fier,2539,xxxmastermindxxxx,2562,White,3 min,blitz,6,Won,1/12/2017
A-Fier,2530,xxxmastermindxxxx,2571,Black,3 min,blitz,26,Won,1/12/2017
A-Fier,2521,xxxmastermindxxxx,2580,White,3 min,blitz,37,Lost,1/12/2017
A-Fier,2528,xxxmastermindxxxx,2573,Black,3 min,blitz,83,Won,1/12/2017
A-Fier,2519,mat_kolosowski,2453,White,3 min,blitz,41,Won,1/12/2017
A-Fier,2512,mat_kolosowski,2460,Black,3 min,blitz,33,Won,1/12/2017
A-Fier,2505,skylerwayne23,2415,White,3 min,blitz,26,Lost,1/8/2017
A-Fier,2515,saini1828,1666,Black,3 min,blitz,29,Won,1/8/2017
A-Fier,2515,aleksa74,2446,White,3 min,blitz,69,Draw,1/8/2017
A-Fier,2517,aleksa74,2444,Black,3 min,blitz,40,Won,1/8/2017
A-Fier,2510,JSPrepz,2544,White,3 min,blitz,51,Lost,12/22/2016
A-Fier,2518,AvitalBor,2519,White,3 min,blitz,41,Draw,12/19/2016
A-Fier,2518,Drew_Crew,2476,Black,3 min,blitz,42,Lost,12/13/2016
A-Fier,2527,Maitreia,2513,White,3 min,blitz,31,Lost,12/12/2016
A-Fier,2536,Maitreia,2504,Black,3 min,blitz,34,Lost,12/12/2016
A-Fier,2545,Maitreia,2495,White,3 min,blitz,30,Won,12/12/2016
A-Fier,2538,michaelq2d5,2655,Black,3 min,blitz,32,Lost,12/12/2016
A-Fier,2544,michaelq2d5,2649,White,3 min,blitz,46,Lost,12/12/2016
A-Fier,2550,michaelq2d5,2643,Black,3 min,blitz,11,Lost,12/12/2016
A-Fier,2556,kacprekt,2311,White,3 min,blitz,31,Lost,12/6/2016
A-Fier,2569,cabalista,2368,White,3 min,blitz,48,Won,12/6/2016
A-Fier,2565,olarrg,2543,Black,3 min,blitz,68,Draw,12/6/2016
A-Fier,2566,forshmakoff,2495,White,3 min,blitz,32,Won,12/6/2016
A-Fier,2559,JoachimBN,2506,White,3 min,blitz,43,Won,12/3/2016