player,player_rating,opponent,opponent_rating,side,time_control,time_category,moves,result,date
A-Fier,2524,DESTROYER7777777,2497,Black,3 min,blitz,17,Lost,10/12/2016
A-Fier,2533,DESTROYER7777777,2488,White,3 min,blitz,40,Won,10/12/2016
A-Fier,2526,DESTROYER7777777,2495,Black,3 min,blitz,67,Draw,10/12/2016
A-Fier,2527,kallinsba,2101,Black,3 min,blitz,19,Lost,10/12/2016
A-Fier,2542,BakaPG,2519,White,3 min,blitz,68,Won,10/10/2016
A-Fier,2534,BakaPG,2527,Black,3 min,blitz,31,Draw,10/10/2016
A-Fier,2534,BakaPG,2527,White,3 min,blitz,24,Won,10/10/2016
A-Fier,2526,BakaPG,2535,Black,3 min,blitz,53,Won,10/10/2016
A-Fier,2517,gmjoey1,2449,White,3 min,blitz,46,Won,10/10/2016
A-Fier,2510,gmjoey1,2456,Black,3 min,blitz,56,Won,10/10/2016
A-Fier,2503,gmjoey1,2463,White,3 min,blitz,32,Lost,10/10/2016
A-Fier,2512,gmjoey1,2454,Black,3 min,blitz,71,Won,10/10/2016
A-Fier,2505,fcliverpul,2326,White,3 min,blitz,44,Won,10/10/2016
A-Fier,2501,fcliverpul,2330,Black,3 min,blitz,30,Won,10/10/2016
A-Fier,2496,fcliverpul,2335,White,3 min,blitz,26,Won,10/10/2016
A-Fier,2491,ChessCoachUA,2401,White,3 min,blitz,44,Won,10/7/2016
A-Fier,2485,ChessCoachUA,2407,Black,3 min,blitz,34,Won,10/7/2016
A-Fier,2478,ChessCoachUA,2414,White,3 min,blitz,39,Won,10/7/2016
A-Fier,2471,ChessCoachUA,2421,Black,3 min,blitz,21,Won,10/7/2016
A-Fier,2464,AndreiCioraneanu79,1506,White,3 min,blitz,23,Won,10/7/2016
A-Fier,2464,zettma,2194,White,3 min,blitz,24,Won,10/7/2016
A-Fier,2461,ChessShop,2406,Black,3 min,blitz,45,Lost,10/6/2016
A-Fier,2471,Sociedad93,2325,Black,3 min,blitz,57,Won,10/6/2016
A-Fier,2466,backreg,2347,White,3 min,blitz,45,Draw,10/6/2016
A-Fier,2469,Gabix_94,2528,Black,3 min,blitz,82,Lost,9/28/2016
A-Fier,2476,Gabix_94,2521,White,3 min,blitz,66,Won,9/28/2016
A-Fier,2467,Gabix_94,2530,Black,3 min,blitz,29,Lost,9/28/2016
A-Fier,2474,Wityasan,2364,White,3 min,blitz,69,Won,9/28/2016
A-Fier,2468,Wityasan,2370,Black,3 min,blitz,51,Won,9/28/2016
A-Fier,2462,dangerousfish,2462,White,3 min,blitz,22,Lost,9/26/2016
A-Fier,2470,dangerousfish,2454,Black,3 min,blitz,22,Lost,9/26/2016
A-Fier,2479,dangerousfish,2445,White,3 min,blitz,36,Won,9/26/2016
A-Fier,2471,dangerousfish,2453,Black,3 min,blitz,36,Won,9/26/2016
A-Fier,2463,iwansusanto16,2322,Black,3 min,blitz,38,Lost,9/22/2016
A-Fier,2474,Kingstar70,2325,White,3 min,blitz,60,Won,9/22/2016
A-Fier,2469,iwansusanto16,2295,White,3 min,blitz,34,Won,9/22/2016
A-Fier,2465,Gabix_94,2482,White,3 min,blitz,26,Lost,9/22/2016
A-Fier,2473,Gabix_94,2474,Black,3 min,blitz,27,Lost,9/22/2016
A-Fier,2481,Gabix_94,2466,White,3 min,blitz,22,Won,9/22/2016
A-Fier,2473,Gabix_94,2474,Black,3 min,blitz,45,Won,9/22/2016
A-Fier,2464,StevanJovic,2343,White,3 min,blitz,62,Won,9/22/2016
A-Fier,2458,LNKavalenya,2379,Black,3 min,blitz,34,Lost,9/22/2016
A-Fier,2469,sestertii,2422,Black,3 min,blitz,72,Lost,9/22/2016
A-Fier,2479,ANIMAL45,2485,White,3 min,blitz,44,Lost,9/19/2016
A-Fier,2488,ANIMAL45,2477,Black,3 min,blitz,32,Won,9/19/2016
A-Fier,2479,ANIMAL45,2485,White,3 min,blitz,62,Lost,9/19/2016
A-Fier,2489,ANIMAL45,2477,Black,3 min,blitz,58,Lost,9/19/2016
A-Fier,2499,Raiden90,2190,White,3 min,blitz,36,Won,9/19/2016
A-Fier,2496,rydlj,2391,White,3 min,blitz,42,Won,9/19/2016
A-Fier,2489,Alsurdelsur86,2357,Black,3 min,blitz,48,Won,9/19/2016