player,player_rating,opponent,opponent_rating,side,time_control,time_category,moves,result,date
A-Fier,2747,dangerousfish,2660,Black,3 min,blitz,53,Draw,12/5/2018
A-Fier,2750,dangerousfish,2658,White,3 min,blitz,35,Lost,12/5/2018
A-Fier,2763,S2PAc,2789,Black,3 min,blitz,48,Won,12/5/2018
A-Fier,2751,kirillshevchenko,2721,White,3 min,blitz,32,Lost,12/5/2018
A-Fier,2763,ram1zan,2773,White,3 min,blitz,61,Draw,12/5/2018
A-Fier,2763,Marcosernesto,2905,White,3 min,blitz,13,Lost,12/3/2018
A-Fier,2770,Marcosernesto,2900,Black,3 min,blitz,74,Lost,12/3/2018
A-Fier,2778,Marcosernesto,2895,White,3 min,blitz,26,Lost,12/3/2018
A-Fier,2786,Marcosernesto,2889,Black,3 min,blitz,45,Lost,12/3/2018
A-Fier,2795,Alexander_Donchenko,2729,White,3 min,blitz,71,Won,10/12/2018
A-Fier,2788,Alexander_Donchenko,2736,Black,3 min,blitz,38,Won,10/12/2018
A-Fier,2781,Alexander_Donchenko,2743,White,3 min,blitz,46,Draw,10/12/2018
A-Fier,2782,Alexander_Donchenko,2742,Black,3 min,blitz,24,Lost,10/12/2018
A-Fier,2791,Alexander_Donchenko,2733,White,3 min,blitz,46,Won,10/12/2018
A-Fier,2784,Alexander_Donchenko,2740,Black,3 min,blitz,20,Lost,10/12/2018
A-Fier,2794,jerom555888,2727,Black,3 min,blitz,74,Lost,9/16/2018
A-Fier,2804,jerom555888,2717,White,3 min,blitz,58,Won,9/16/2018
A-Fier,2798,Coldplace,2779,Black,3 min,blitz,83,Won,9/16/2018
A-Fier,2790,Coldplace,2787,White,3 min,blitz,35,Won,9/16/2018
A-Fier,2772,xxxxxxyyyyy2003,2716,White,3 min,blitz,45,Lost,9/16/2018
A-Fier,2782,xxxxxxyyyyy2003,2706,Black,3 min,blitz,56,Draw,9/16/2018
A-Fier,2774,Margvela90,2785,White,3 min,blitz,23,Lost,9/15/2018
A-Fier,2782,Margvela90,2777,Black,3 min,blitz,28,Lost,9/15/2018
A-Fier,2790,LBUHITO,2718,White,3 min,blitz,37,Lost,9/14/2018
A-Fier,2800,ProfesseurImed,2677,White,3 min,blitz,30,Won,9/14/2018
A-Fier,2794,ProfesseurImed,2683,Black,3 min,blitz,28,Won,9/14/2018
A-Fier,2788,Pasha_Technique,2707,Black,3 min,blitz,45,Won,9/14/2018
A-Fier,2782,Pasha_Technique,2713,White,3 min,blitz,29,Won,9/14/2018
A-Fier,2775,Pasha_Technique,2720,Black,3 min,blitz,27,Won,9/14/2018
A-Fier,2768,Pasha_Technique,2727,White,3 min,blitz,41,Won,9/14/2018
A-Fier,2761,1stSecond,2763,White,3 min,blitz,42,Won,9/7/2018
A-Fier,2753,1stSecond,2771,Black,3 min,blitz,45,Lost,9/7/2018
A-Fier,2761,1stSecond,2763,White,3 min,blitz,40,Won,9/7/2018
A-Fier,2753,1stSecond,2771,Black,3 min,blitz,31,Lost,9/7/2018
A-Fier,2761,renatoterrylujan,2775,Black,3|2,blitz,15,Lost,9/5/2018
A-Fier,2769,Sanan_Sjugirov,2866,White,3|2,blitz,97,Draw,9/5/2018
A-Fier,2767,Msb2,2830,White,3|2,blitz,56,Won,9/5/2018
A-Fier,2757,GadimbayliA,2680,Black,3|2,blitz,60,Draw,9/5/2018
A-Fier,2759,biostatistician,2475,White,3|2,blitz,57,Won,9/5/2018
A-Fier,2756,Bryakin_Mikhail,2535,Black,3|2,blitz,57,Won,9/5/2018
A-Fier,2752,wonderfultime,2831,White,3|2,blitz,49,Lost,9/5/2018
A-Fier,2759,gammagramma,2586,Black,3|2,blitz,83,Draw,9/5/2018
A-Fier,2763,jk13,2536,White,3|2,blitz,40,Won,9/4/2018
A-Fier,2759,luizzy,2407,Black,3|2,blitz,31,Won,9/4/2018
A-Fier,2757,marekkaras06,2412,White,3|2,blitz,31,Won,9/4/2018
A-Fier,2755,S2PAc,2708,White,3 min,blitz,82,Lost,9/3/2018
A-Fier,2767,S2PAc,2698,Black,3 min,blitz,40,Won,9/3/2018
A-Fier,2759,S2PAc,2705,White,3 min,blitz,64,Won,9/3/2018
A-Fier,2750,Tapuah,2752,Black,3 min,blitz,41,Lost,9/2/2018
A-Fier,2761,Dhaydon19,2633,White,3 min,blitz,30,Won,9/1/2018