player,player_rating,opponent,opponent_rating,side,time_control,time_category,moves,result,date
A-Fier,2552,JoachimBN,2513,Black,3 min,blitz,27,Won,12/3/2016
A-Fier,2545,JoachimBN,2521,White,3 min,blitz,39,Won,12/3/2016
A-Fier,2537,JoachimBN,2530,Black,3 min,blitz,26,Lost,12/3/2016
A-Fier,2546,JoachimBN,2520,White,3 min,blitz,42,Won,12/3/2016
A-Fier,2538,JoachimBN,2529,Black,3 min,blitz,24,Won,12/3/2016
A-Fier,2530,Ginger_GM,2556,White,3 min,blitz,49,Won,12/3/2016
A-Fier,2521,Pierrebl,2486,Black,3 min,blitz,19,Lost,11/17/2016
A-Fier,2530,Pierrebl,2477,White,3 min,blitz,52,Draw,11/17/2016
A-Fier,2531,Pierrebl,2476,Black,3 min,blitz,48,Draw,11/17/2016
A-Fier,2532,maciek_92,2555,White,3 min,blitz,52,Won,11/17/2016
A-Fier,2523,maciek_92,2564,Black,3 min,blitz,48,Won,11/17/2016
A-Fier,2514,maciek_92,2573,White,3 min,blitz,29,Lost,11/17/2016
A-Fier,2521,maciek_92,2566,Black,3 min,blitz,56,Lost,11/17/2016
A-Fier,2528,maciek_92,2559,White,3 min,blitz,38,Lost,11/17/2016
A-Fier,2536,Magnus_carlsen54,2536,Black,3 min,blitz,9,Won,11/17/2016
A-Fier,2528,astralpulse,2505,White,3 min,blitz,33,Lost,11/17/2016
A-Fier,2537,Gansvind,2478,Black,3 min,blitz,40,Won,11/17/2016
A-Fier,2530,louis198,2480,White,3 min,blitz,51,Draw,11/17/2016
A-Fier,2531,gmgamil,2586,White,3 min,blitz,22,Lost,11/12/2016
A-Fier,2538,gmgamil,2579,Black,3 min,blitz,52,Draw,11/12/2016
A-Fier,2537,ermirdaka,2103,White,3 min,blitz,46,Won,11/12/2016
A-Fier,2536,FabianoCarlsen,2342,Black,3 min,blitz,20,Won,11/12/2016
A-Fier,2532,MarianPetrov,2425,White,3 min,blitz,45,Won,11/11/2016
A-Fier,2526,Zhangbigpeng,2339,Black,3 min,blitz,32,Won,11/9/2016
A-Fier,2522,Harbuzi01,2576,White,3 min,blitz,26,Draw,11/7/2016
A-Fier,2521,JKO,2371,Black,3 min,blitz,30,Lost,11/2/2016
A-Fier,2533,padam19,2490,Black,3 min,blitz,29,Lost,11/2/2016
A-Fier,2542,padam19,2481,White,3 min,blitz,53,Lost,11/2/2016
A-Fier,2552,TicTacFideMaster,2367,Black,3 min,blitz,69,Won,10/25/2016
A-Fier,2548,PerpMate,1815,White,3 min,blitz,27,Won,10/25/2016
A-Fier,2548,yimu,1286,Black,3 min,blitz,11,Won,10/25/2016
A-Fier,2548,Hunninn,2407,White,3 min,blitz,29,Lost,10/25/2016
A-Fier,2559,Janosik,2669,White,3 min,blitz,69,Lost,10/14/2016
A-Fier,2565,Janosik,2663,Black,3 min,blitz,56,Draw,10/14/2016
A-Fier,2563,Janosik,2665,White,3 min,blitz,31,Won,10/14/2016
A-Fier,2552,Janosik,2676,Black,3 min,blitz,19,Lost,10/14/2016
A-Fier,2558,Janosik,2670,White,3 min,blitz,52,Won,10/14/2016
A-Fier,2547,Janosik,2681,Black,3 min,blitz,39,Lost,10/14/2016
A-Fier,2552,Janosik,2676,White,3 min,blitz,45,Lost,10/14/2016
A-Fier,2558,Janosik,2670,Black,3 min,blitz,34,Draw,10/14/2016
A-Fier,2555,Janosik,2673,White,3 min,blitz,48,Won,10/14/2016
A-Fier,2544,Janosik,2684,Black,3 min,blitz,22,Lost,10/14/2016
A-Fier,2549,Janosik,2679,White,3 min,blitz,10,Won,10/14/2016
A-Fier,2538,Janosik,2690,Black,3 min,blitz,39,Lost,10/14/2016
A-Fier,2543,BulteniBo,2378,White,3 min,blitz,28,Won,10/14/2016
A-Fier,2538,RodinMihail,2363,White,3 min,blitz,30,Won,10/14/2016
A-Fier,2534,MarianPetrov,2521,Black,3 min,blitz,31,Lost,10/13/2016
A-Fier,2543,AStanis,1983,White,3 min,blitz,44,Won,10/13/2016
A-Fier,2542,AvitalBor,2551,Black,3 min,blitz,36,Won,10/13/2016
A-Fier,2533,AvitalBor,2560,White,3 min,blitz,41,Won,10/13/2016