player,player_rating,opponent,opponent_rating,side,time_control,time_category,moves,result,date
A-Fier,2595,gahryman,2510,Black,1 min,bullet,27,Lost,4/3/2019
A-Fier,2609,Kimster98,2646,White,1 min,bullet,61,Lost,4/3/2019
A-Fier,2620,Dr_Nezard,2349,White,1 min,bullet,61,Won,4/3/2019
A-Fier,2616,shyam,2638,Black,1 min,bullet,70,Won,4/3/2019
A-Fier,2603,NTBT_DHS,2591,White,1 min,bullet,42,Won,4/3/2019
A-Fier,2590,Paparama_1917,2444,White,1 min,bullet,56,Won,4/3/2019
A-Fier,2582,MaxLeto,2427,Black,1 min,bullet,28,Won,4/3/2019
A-Fier,2574,zigzag2002,2379,White,1 min,bullet,46,Draw,4/3/2019
A-Fier,2581,YoungUzbek,2505,Black,1 min,bullet,66,Lost,4/3/2019
A-Fier,2599,Nadtkins,2386,White,1 min,bullet,42,Won,4/3/2019
A-Fier,2592,Phelathegreat,2316,White,1 min,bullet,44,Won,4/3/2019
A-Fier,2587,VincentBlom,2425,Black,1 min,bullet,97,Lost,4/3/2019
A-Fier,2610,IamSchrodingersCat,2488,White,1 min,bullet,37,Lost,4/3/2019
A-Fier,2633,Sameer555,2326,Black,1 min,bullet,30,Won,4/3/2019
A-Fier,2627,tactics321,2476,White,1 min,bullet,55,Lost,4/3/2019
A-Fier,2652,Torosyan_Norayr,2552,White,1 min,bullet,54,Lost,4/3/2019
A-Fier,2676,Tjktiger,2828,Black,1 min,bullet,26,Lost,4/3/2019
A-Fier,2687,Chessialist,2321,Black,1 min,bullet,42,Won,4/3/2019
A-Fier,2683,Bryakin_Mikhail,2608,White,1 min,bullet,68,Draw,3/22/2019
A-Fier,2687,Bryakin_Mikhail,2606,Black,1 min,bullet,68,Won,3/22/2019
A-Fier,2671,Bryakin_Mikhail,2613,White,1 min,bullet,21,Won,3/22/2019
A-Fier,2653,Bryakin_Mikhail,2620,Black,1 min,bullet,18,Won,3/22/2019
A-Fier,2632,Bryakin_Mikhail,2628,White,1 min,bullet,37,Won,3/22/2019
A-Fier,2607,white31,2582,White,1 min,bullet,46,Lost,12/2/2018
A-Fier,2623,white31,2573,Black,1 min,bullet,39,Lost,12/2/2018
A-Fier,2641,white31,2563,White,1 min,bullet,21,Won,12/2/2018
A-Fier,2628,white31,2570,Black,1 min,bullet,14,Lost,12/2/2018
A-Fier,2648,white31,2560,White,1 min,bullet,61,Won,12/2/2018
A-Fier,2634,white31,2567,Black,1 min,bullet,23,Won,12/2/2018
A-Fier,2619,GMWSO,2954,White,1 min,bullet,15,Lost,12/2/2018
A-Fier,2624,GMWSO,2952,Black,1 min,bullet,14,Lost,12/2/2018
A-Fier,2629,GMWSO,2950,White,1 min,bullet,47,Lost,12/2/2018
A-Fier,2635,GMWSO,2948,Black,1 min,bullet,39,Lost,12/2/2018
A-Fier,2641,ManWithNoName89,2480,White,1 min,bullet,22,Won,11/19/2018
A-Fier,2629,Davit_Tiraturyan,2731,White,1 min,bullet,23,Won,11/19/2018
A-Fier,2601,Davit_Tiraturyan,2742,Black,1 min,bullet,19,Won,11/19/2018
A-Fier,2570,journal,2406,White,1 min,bullet,40,Won,11/19/2018
A-Fier,2557,journal,2411,Black,1 min,bullet,24,Won,11/19/2018
A-Fier,2542,rikyshi,2373,White,1 min,bullet,27,Won,11/19/2018
A-Fier,2527,padam19,2518,Black,1 min,bullet,30,Won,11/19/2018
A-Fier,2498,pawel9421,2481,Black,1 min,bullet,38,Lost,11/19/2018
A-Fier,2532,pawel9421,2472,White,1 min,bullet,41,Won,11/19/2018
A-Fier,2503,padam19,2507,White,1 min,bullet,26,Lost,11/19/2018
A-Fier,2542,LPSupi,2757,White,1|1,bullet,24,Lost,6/14/2018
A-Fier,2554,LPSupi,2731,Black,1|1,bullet,42,Lost,6/14/2018
A-Fier,2569,LPSupi,2696,White,1|1,bullet,43,Lost,6/14/2018
A-Fier,2589,LPSupi,2647,Black,1|1,bullet,58,Draw,6/14/2018
A-Fier,2584,LPSupi,2659,White,1|1,bullet,35,Won,6/14/2018
A-Fier,2540,Augolemonos,2931,White,1 min,bullet,36,Lost,6/12/2018
A-Fier,2546,Augolemonos,2929,Black,1 min,bullet,25,Lost,6/12/2018