player,player_rating,opponent,opponent_rating,side,time_control,time_category,moves,result,date
A-Fier,2489,Zvonokchess,2560,White,3|2,blitz,67,Lost,10/6/2015
A-Fier,2517,Tal-Baronfew,2707,Black,3|2,blitz,47,Lost,10/6/2015
A-Fier,2537,Mornar1951,2616,White,3|2,blitz,43,Won,10/6/2015
A-Fier,2488,MinhGTrAn,2565,White,3|2,blitz,40,Won,10/6/2015
A-Fier,2434,chesscoach17,2064,Black,3|2,blitz,51,Won,10/6/2015
A-Fier,2423,SmashTimeFools,2278,Black,3 min,blitz,34,Lost,3/24/2015
A-Fier,2467,guillead1,2373,Black,3 min,blitz,53,Lost,3/9/2015
A-Fier,2508,GHANDEEVAM2003,2357,Black,3 min,blitz,44,Won,3/8/2015
A-Fier,2487,GHANDEEVAM2003,2362,White,3 min,blitz,55,Won,3/8/2015
A-Fier,2461,Under-the-table,2257,White,3 min,blitz,42,Won,2/20/2015
A-Fier,2441,Houdinovic,2287,Black,3|2,blitz,74,Draw,12/30/2014
A-Fier,2458,megarompa,2526,Black,3|2,blitz,56,Lost,12/30/2014
A-Fier,2504,VovAn1991,2427,White,3|2,blitz,68,Lost,12/30/2014
A-Fier,2558,Irochka83,2306,Black,3|2,blitz,39,Won,12/30/2014
A-Fier,2537,ItalianMachine,2164,White,3|2,blitz,38,Won,12/30/2014
A-Fier,2525,frankjoci,2427,White,3 min,blitz,41,Lost,6/24/2014
A-Fier,2574,ChessTrener,2413,Black,3 min,blitz,16,Won,6/24/2014
A-Fier,2549,ChessTrener,2418,White,3 min,blitz,21,Won,6/24/2014
A-Fier,2518,GrafDeMonteKritz,2430,Black,3|1,blitz,53,Draw,4/21/2013
A-Fier,2520,GrafDeMonteKritz,2426,White,3|1,blitz,37,Lost,4/21/2013
A-Fier,2531,GrafDeMonteKritz,2402,Black,3|1,blitz,14,Won,4/21/2013
A-Fier,2525,GrafDeMonteKritz,2415,White,3|1,blitz,49,Draw,4/21/2013
A-Fier,2528,GrafDeMonteKritz,2409,Black,3|1,blitz,69,Won,4/21/2013
A-Fier,2522,GrafDeMonteKritz,2424,White,3|1,blitz,52,Won,4/21/2013
A-Fier,2515,GrafDeMonteKritz,2441,Black,3|1,blitz,34,Draw,4/21/2013
A-Fier,2517,GrafDeMonteKritz,2436,White,3|1,blitz,74,Won,4/21/2013
A-Fier,2509,GrafDeMonteKritz,2456,Black,5|1,blitz,48,Lost,4/21/2013
A-Fier,2521,GrafDeMonteKritz,2424,White,5|1,blitz,41,Won,4/21/2013
A-Fier,2513,GrafDeMonteKritz,2446,Black,5|1,blitz,56,Won,4/21/2013
A-Fier,2504,GrafDeMonteKritz,2473,White,5|1,blitz,31,Draw,4/21/2013
A-Fier,2505,GrafDeMonteKritz,2470,Black,5|1,blitz,22,Won,4/21/2013
A-Fier,2494,GrafDeMonteKritz,2505,White,5|1,blitz,54,Lost,4/21/2013
A-Fier,2506,GrafDeMonteKritz,2463,Black,5|1,blitz,34,Draw,4/21/2013
A-Fier,2508,GrafDeMonteKritz,2458,White,5|1,blitz,29,Draw,4/21/2013
A-Fier,2510,GrafDeMonteKritz,2451,Black,5|1,blitz,36,Draw,4/21/2013
A-Fier,2512,GrafDeMonteKritz,2442,White,5|1,blitz,51,Won,4/21/2013
A-Fier,2259,swayamsm,2246,Black,3 min,blitz,47,Lost,4/20/2013
A-Fier,2273,joel1962,2183,White,3 min,blitz,41,Won,4/17/2013
A-Fier,2263,joel1962,2189,Black,3 min,blitz,44,Won,4/17/2013
A-Fier,2252,joel1962,2196,White,3 min,blitz,28,Won,4/17/2013
A-Fier,2240,Top2012,2164,Black,3 min,blitz,54,Won,4/17/2013
A-Fier,2228,kverkus,2235,White,3 min,blitz,35,Draw,3/14/2013
A-Fier,2228,kverkus,2235,Black,3 min,blitz,30,Lost,3/14/2013
A-Fier,2240,kverkus,2227,White,3 min,blitz,43,Won,3/14/2013
A-Fier,2227,zagrebov,2192,White,3 min,blitz,48,Won,3/8/2013
A-Fier,2215,Wyvill,2235,Black,3 min,blitz,46,Won,3/7/2013
A-Fier,2201,showmaster72,2176,White,3 min,blitz,35,Lost,3/7/2013
A-Fier,2216,showmaster72,2167,Black,3 min,blitz,59,Won,3/7/2013
A-Fier,2204,JIL-BATCH,2162,Black,3 min,blitz,42,Won,3/5/2013
A-Fier,2191,JIL-BATCH,2169,White,3 min,blitz,30,Won,3/5/2013