player,player_rating,opponent,opponent_rating,side,time_control,time_category,moves,result,date
abhijeetgupta1016,2768,NTBT_DHS,2711,White,3 min,blitz,39,Won,9/11/2018
abhijeetgupta1016,2761,limitlesss9,2844,White,3 min,blitz,36,Lost,9/11/2018
abhijeetgupta1016,2767,limitlesss9,2838,Black,3 min,blitz,40,Lost,9/11/2018
abhijeetgupta1016,2774,limitlesss9,2831,White,3 min,blitz,27,Lost,9/11/2018
abhijeetgupta1016,2781,limitlesss9,2824,Black,3 min,blitz,37,Lost,9/11/2018
abhijeetgupta1016,2788,limitlesss9,2817,White,3 min,blitz,77,Won,9/11/2018
abhijeetgupta1016,2779,limitlesss9,2826,Black,3 min,blitz,52,Won,9/11/2018
abhijeetgupta1016,2769,limitlesss9,2836,White,3 min,blitz,63,Lost,9/11/2018
abhijeetgupta1016,2776,limitlesss9,2829,Black,3 min,blitz,42,Lost,9/11/2018
abhijeetgupta1016,2783,limitlesss9,2822,White,3 min,blitz,77,Won,9/11/2018
abhijeetgupta1016,2774,limitlesss9,2831,Black,3 min,blitz,48,Lost,9/11/2018
abhijeetgupta1016,2781,limitlesss9,2824,White,3 min,blitz,83,Lost,9/11/2018
abhijeetgupta1016,2788,limitlesss9,2817,Black,3 min,blitz,50,Lost,9/11/2018
abhijeetgupta1016,2796,limitlesss9,2809,White,3 min,blitz,36,Won,9/11/2018
abhijeetgupta1016,2787,limitlesss9,2818,Black,3 min,blitz,55,Won,9/11/2018
abhijeetgupta1016,2778,limitlesss9,2827,White,3 min,blitz,73,Lost,9/11/2018
abhijeetgupta1016,2785,limitlesss9,2820,Black,3 min,blitz,45,Lost,9/10/2018
abhijeetgupta1016,2793,limitlesss9,2812,White,3 min,blitz,38,Lost,9/10/2018
abhijeetgupta1016,2801,ShimanovAlex,2833,White,3 min,blitz,69,Won,9/10/2018
abhijeetgupta1016,2792,kuli4ik,2716,White,3 min,blitz,48,Lost,9/10/2018
abhijeetgupta1016,2802,kuli4ik,2706,Black,3 min,blitz,79,Draw,9/10/2018
abhijeetgupta1016,2804,Parhamov,2798,White,3 min,blitz,48,Won,9/10/2018
abhijeetgupta1016,2796,DanielNaroditsky,2984,Black,3 min,blitz,59,Lost,9/10/2018
abhijeetgupta1016,2800,DanielNaroditsky,2980,White,3|1,blitz,59,Draw,9/10/2018
abhijeetgupta1016,2796,DanielNaroditsky,2984,Black,3 min,blitz,40,Lost,9/10/2018
abhijeetgupta1016,2800,DanielNaroditsky,2980,White,3 min,blitz,73,Lost,9/10/2018
abhijeetgupta1016,2804,moro182,2725,Black,3 min,blitz,59,Lost,9/10/2018
abhijeetgupta1016,2814,moro182,2715,White,3 min,blitz,29,Won,9/10/2018
abhijeetgupta1016,2808,BilodeauA,2863,Black,3|1,blitz,48,Won,9/10/2018
abhijeetgupta1016,2798,BilodeauA,2873,White,3|1,blitz,62,Won,9/10/2018
abhijeetgupta1016,2788,BilodeauA,2883,Black,3|1,blitz,52,Draw,9/10/2018
abhijeetgupta1016,2786,BilodeauA,2885,White,3|1,blitz,89,Won,9/10/2018
abhijeetgupta1016,2775,BilodeauA,2896,Black,3|1,blitz,59,Lost,9/10/2018
abhijeetgupta1016,2781,samolo,2677,White,3 min,blitz,58,Won,9/10/2018
abhijeetgupta1016,2775,transponster,2705,Black,3 min,blitz,27,Lost,9/10/2018
abhijeetgupta1016,2785,transponster,2695,White,3 min,blitz,32,Won,9/10/2018
abhijeetgupta1016,2779,transponster,2701,Black,3 min,blitz,39,Won,9/10/2018
abhijeetgupta1016,2772,QDcoach,2726,Black,3 min,blitz,56,Draw,9/10/2018
abhijeetgupta1016,2773,Muisback26,2720,White,3 min,blitz,61,Won,9/10/2018
abhijeetgupta1016,2766,Alexander_Moskalenko,2818,Black,3 min,blitz,70,Draw,9/10/2018
abhijeetgupta1016,2765,Alexander_Moskalenko,2819,White,3 min,blitz,63,Won,9/10/2018
abhijeetgupta1016,2755,Alexander_Moskalenko,2829,Black,3 min,blitz,46,Lost,9/10/2018
abhijeetgupta1016,2762,chris_rock_comic,2716,Black,3 min,blitz,34,Lost,9/10/2018
abhijeetgupta1016,2771,chris_rock_comic,2707,White,3 min,blitz,64,Won,9/10/2018
abhijeetgupta1016,2764,chris_rock_comic,2714,Black,3 min,blitz,51,Won,9/10/2018
abhijeetgupta1016,2757,chris_rock_comic,2721,White,3 min,blitz,60,Lost,9/10/2018
abhijeetgupta1016,2766,Sanan_Sjugirov,2838,White,3|2,blitz,41,Lost,9/9/2018
abhijeetgupta1016,2773,Sanan_Sjugirov,2831,Black,3|2,blitz,68,Won,9/9/2018
abhijeetgupta1016,2763,Sanan_Sjugirov,2841,White,3|2,blitz,61,Draw,9/9/2018
abhijeetgupta1016,2761,Sanan_Sjugirov,2843,Black,3|2,blitz,42,Lost,9/9/2018