player,player_rating,opponent,opponent_rating,side,time_control,time_category,moves,result,date
abhijeetgupta1016,2615,Mastercnh,2368,White,1 min,bullet,29,Won,10/8/2015
abhijeetgupta1016,2602,Mastercnh,2371,Black,1 min,bullet,29,Won,10/8/2015
abhijeetgupta1016,2588,Mastercnh,2375,White,1 min,bullet,37,Lost,10/8/2015
abhijeetgupta1016,2640,Mastercnh,2362,Black,1 min,bullet,15,Won,10/8/2015
abhijeetgupta1016,2627,Mastercnh,2365,White,1 min,bullet,76,Won,10/7/2015
abhijeetgupta1016,2612,Mastercnh,2368,Black,1 min,bullet,32,Won,10/7/2015
abhijeetgupta1016,2595,EndgameAttack,2287,Black,1 min,bullet,24,Won,10/7/2015
abhijeetgupta1016,2581,DmSer,2429,White,1 min,bullet,44,Won,10/7/2015
abhijeetgupta1016,2551,LePlusMortel,2484,Black,1 min,bullet,27,Lost,10/7/2015
abhijeetgupta1016,2615,LePlusMortel,2473,White,1 min,bullet,44,Won,10/7/2015
abhijeetgupta1016,2575,jlandaw,2434,Black,1 min,bullet,55,Won,10/7/2015
abhijeetgupta1016,2529,Dublimax,2308,White,1 min,bullet,29,Won,10/7/2015
abhijeetgupta1016,2490,Dublimax,2312,Black,1 min,bullet,20,Won,10/7/2015
abhijeetgupta1016,2434,YPradafah,2220,Black,1 min,bullet,42,Won,10/7/2015
abhijeetgupta1016,2375,YPradafah,2225,White,1 min,bullet,26,Won,10/7/2015
abhijeetgupta1016,2281,BCNUM8,2169,White,1 min,bullet,48,Won,10/7/2015
abhijeetgupta1016,2140,at0S,1921,White,1 min,bullet,18,Won,10/7/2015