player,player_rating,opponent,opponent_rating,side,time_control,time_category,moves,result,date
abhijeetgupta1016,2758,Tapuah,2750,White,3 min,blitz,37,Won,9/7/2018
abhijeetgupta1016,2750,Tapuah,2758,Black,3 min,blitz,54,Won,9/7/2018
abhijeetgupta1016,2741,vsuri97,2791,White,3 min,blitz,58,Lost,9/7/2018
abhijeetgupta1016,2748,vsuri97,2784,Black,3 min,blitz,20,Lost,9/7/2018
abhijeetgupta1016,2756,vsuri97,2776,White,3 min,blitz,71,Draw,9/7/2018
abhijeetgupta1016,2755,vsuri97,2777,Black,3 min,blitz,43,Lost,9/7/2018
abhijeetgupta1016,2763,JonahWillow,2700,White,3 min,blitz,21,Won,9/7/2018
abhijeetgupta1016,2756,JonahWillow,2714,Black,3 min,blitz,31,Won,9/7/2018
abhijeetgupta1016,2748,JonahWillow,2730,White,3 min,blitz,39,Won,9/7/2018
abhijeetgupta1016,2740,JonahWillow,2748,Black,3 min,blitz,61,Lost,9/7/2018
abhijeetgupta1016,2748,Lordillidan,2804,Black,3 min,blitz,74,Won,9/7/2018
abhijeetgupta1016,2738,Lordillidan,2807,White,3 min,blitz,56,Draw,9/7/2018
abhijeetgupta1016,2736,Lordillidan,2809,Black,3 min,blitz,27,Won,9/7/2018
abhijeetgupta1016,2726,Lordillidan,2819,White,3 min,blitz,39,Lost,9/7/2018
abhijeetgupta1016,2732,BilodeauA,2775,White,3 min,blitz,59,Lost,9/7/2018
abhijeetgupta1016,2739,BilodeauA,2768,Black,3 min,blitz,64,Won,9/7/2018
abhijeetgupta1016,2730,BilodeauA,2777,White,3 min,blitz,39,Lost,9/7/2018
abhijeetgupta1016,2737,BilodeauA,2770,Black,3 min,blitz,61,Draw,9/7/2018
abhijeetgupta1016,2736,BilodeauA,2771,White,3 min,blitz,24,Won,9/7/2018
abhijeetgupta1016,2727,BilodeauA,2780,Black,3 min,blitz,16,Won,9/7/2018
abhijeetgupta1016,2717,BilodeauA,2790,White,3 min,blitz,52,Lost,9/7/2018
abhijeetgupta1016,2724,BilodeauA,2783,Black,3 min,blitz,41,Lost,9/7/2018
abhijeetgupta1016,2731,BilodeauA,2776,White,3 min,blitz,29,Won,9/7/2018
abhijeetgupta1016,2722,BilodeauA,2785,Black,3 min,blitz,47,Draw,9/7/2018
abhijeetgupta1016,2721,AryanTari,2738,White,3 min,blitz,34,Won,9/7/2018
abhijeetgupta1016,2712,AryanTari,2747,Black,3 min,blitz,27,Lost,9/7/2018
abhijeetgupta1016,2720,AryanTari,2739,White,3 min,blitz,64,Lost,9/7/2018
abhijeetgupta1016,2728,AryanTari,2731,Black,3 min,blitz,26,Lost,9/7/2018
abhijeetgupta1016,2736,liuyuanzhanfu,2721,White,3 min,blitz,61,Lost,9/7/2018
abhijeetgupta1016,2745,liuyuanzhanfu,2712,Black,3 min,blitz,41,Won,9/7/2018
abhijeetgupta1016,2737,Alexander_Khlebovich,2723,White,3 min,blitz,48,Lost,9/7/2018
abhijeetgupta1016,2746,Alexander_Khlebovich,2714,Black,3 min,blitz,67,Lost,9/7/2018
abhijeetgupta1016,2755,Alexander_Khlebovich,2705,White,3 min,blitz,75,Won,9/7/2018
abhijeetgupta1016,2748,LBUHITO,2684,White,3 min,blitz,22,Draw,9/7/2018
abhijeetgupta1016,2749,Tapuah,2787,White,3 min,blitz,28,Won,9/7/2018
abhijeetgupta1016,2740,Tapuah,2796,Black,3 min,blitz,29,Lost,9/7/2018
abhijeetgupta1016,2747,LBUHITO,2676,Black,3 min,blitz,74,Lost,9/7/2018
abhijeetgupta1016,2757,Anton_Demchenko,2830,Black,3 min,blitz,43,Lost,9/7/2018
abhijeetgupta1016,2764,Anton_Demchenko,2823,White,3 min,blitz,39,Draw,9/7/2018
abhijeetgupta1016,2763,Anton_Demchenko,2824,Black,3 min,blitz,90,Draw,9/7/2018
abhijeetgupta1016,2762,Anton_Demchenko,2825,White,3 min,blitz,40,Lost,9/7/2018
abhijeetgupta1016,2769,Anton_Demchenko,2818,Black,3 min,blitz,37,Lost,9/7/2018
abhijeetgupta1016,2776,Anton_Demchenko,2811,White,3 min,blitz,45,Lost,9/7/2018
abhijeetgupta1016,2784,Anton_Demchenko,2803,Black,3 min,blitz,39,Lost,9/7/2018
abhijeetgupta1016,2792,Anton_Demchenko,2795,White,3 min,blitz,41,Won,9/7/2018
abhijeetgupta1016,2784,Anton_Demchenko,2803,Black,3 min,blitz,42,Won,9/7/2018
abhijeetgupta1016,2775,Anton_Demchenko,2812,White,3 min,blitz,16,Lost,9/7/2018
abhijeetgupta1016,2782,Anton_Demchenko,2805,Black,3 min,blitz,74,Lost,9/7/2018
abhijeetgupta1016,2790,Anton_Demchenko,2797,White,3 min,blitz,30,Lost,9/6/2018
abhijeetgupta1016,2798,Anton_Demchenko,2789,Black,3 min,blitz,11,Draw,9/6/2018