player,player_rating,opponent,opponent_rating,side,time_control,time_category,moves,result,date
abhijeetgupta1016,2956,mishanick,2838,White,3 min,blitz,41,Won,7/24/2018
abhijeetgupta1016,2950,mishanick,2844,Black,3 min,blitz,62,Won,7/24/2018
abhijeetgupta1016,2944,Firouzja2003,2801,Black,3 min,blitz,22,Won,7/24/2018
abhijeetgupta1016,2939,Firouzja2003,2806,White,3 min,blitz,23,Won,7/24/2018
abhijeetgupta1016,2934,Firouzja2003,2811,Black,3 min,blitz,30,Won,7/23/2018
abhijeetgupta1016,2929,Firouzja2003,2816,White,3 min,blitz,50,Lost,7/23/2018
abhijeetgupta1016,2940,Firouzja2003,2805,Black,3 min,blitz,35,Won,7/23/2018
abhijeetgupta1016,2935,Firouzja2003,2810,White,3 min,blitz,16,Won,7/23/2018
abhijeetgupta1016,2930,Firouzja2003,2815,Black,3 min,blitz,20,Won,7/23/2018
abhijeetgupta1016,2924,Azzaro25,2930,White,3 min,blitz,36,Draw,7/23/2018
abhijeetgupta1016,2924,Azzaro25,2930,Black,3 min,blitz,67,Lost,7/23/2018
abhijeetgupta1016,2932,Shant_Sargsyan,2844,White,3 min,blitz,85,Draw,7/23/2018
abhijeetgupta1016,2934,Andreikka,2810,Black,3 min,blitz,28,Won,7/23/2018
abhijeetgupta1016,2929,ARMCOMPOSER,2851,Black,3 min,blitz,38,Won,7/23/2018
abhijeetgupta1016,2922,ARMCOMPOSER,2858,White,3 min,blitz,56,Won,7/23/2018
abhijeetgupta1016,2886,ARMCOMPOSER,2865,Black,3 min,blitz,48,Won,7/23/2018
abhijeetgupta1016,2878,ARMCOMPOSER,2873,White,3 min,blitz,46,Won,7/23/2018
abhijeetgupta1016,2870,ARMCOMPOSER,2881,Black,3 min,blitz,66,Lost,7/23/2018
abhijeetgupta1016,2878,ARMCOMPOSER,2873,White,3 min,blitz,41,Draw,7/23/2018
abhijeetgupta1016,2878,ARMCOMPOSER,2873,Black,3 min,blitz,64,Won,7/23/2018
abhijeetgupta1016,2870,ARMCOMPOSER,2881,White,3 min,blitz,32,Lost,7/23/2018
abhijeetgupta1016,2878,dancingqueen83,2867,White,3 min,blitz,28,Won,7/23/2018
abhijeetgupta1016,2870,dancingqueen83,2875,Black,3 min,blitz,40,Won,7/23/2018
abhijeetgupta1016,2862,dancingqueen83,2883,White,3 min,blitz,69,Won,7/23/2018
abhijeetgupta1016,2853,Indianlad,2713,Black,3 min,blitz,20,Won,7/23/2018
abhijeetgupta1016,2848,Indianlad,2718,White,3 min,blitz,19,Won,7/23/2018
abhijeetgupta1016,2843,Indianlad,2723,Black,3 min,blitz,32,Won,7/23/2018
abhijeetgupta1016,2837,Indianlad,2729,White,3 min,blitz,44,Won,7/23/2018
abhijeetgupta1016,2831,Indianlad,2735,Black,3 min,blitz,29,Won,7/22/2018
abhijeetgupta1016,2825,Indianlad,2741,White,3 min,blitz,38,Lost,7/22/2018
abhijeetgupta1016,2835,Indianlad,2731,Black,3 min,blitz,22,Won,7/22/2018
abhijeetgupta1016,2829,Indianlad,2737,White,3 min,blitz,11,Lost,7/22/2018
abhijeetgupta1016,2839,Indianlad,2727,Black,3 min,blitz,30,Won,7/22/2018
abhijeetgupta1016,2833,Indianlad,2733,White,3 min,blitz,60,Won,7/22/2018
abhijeetgupta1016,2827,Indianlad,2739,Black,3 min,blitz,14,Won,7/22/2018
abhijeetgupta1016,2821,Indianlad,2745,White,3 min,blitz,36,Won,7/22/2018
abhijeetgupta1016,2814,Indianlad,2752,Black,3 min,blitz,16,Won,7/22/2018
abhijeetgupta1016,2807,Indianlad,2759,White,3 min,blitz,43,Won,7/22/2018
abhijeetgupta1016,2800,Indianlad,2766,Black,3 min,blitz,46,Lost,7/22/2018
abhijeetgupta1016,2809,Indianlad,2757,White,3 min,blitz,28,Won,7/22/2018
abhijeetgupta1016,2802,Indianlad,2764,Black,3 min,blitz,23,Won,7/22/2018
abhijeetgupta1016,2795,Indianlad,2771,White,3 min,blitz,25,Won,7/22/2018
abhijeetgupta1016,2787,Indianlad,2779,Black,3 min,blitz,28,Won,7/22/2018
abhijeetgupta1016,2779,Indianlad,2787,Black,3 min,blitz,26,Won,7/22/2018
abhijeetgupta1016,2770,Indianlad,2796,White,3 min,blitz,41,Lost,7/22/2018
abhijeetgupta1016,2778,Indianlad,2788,Black,3 min,blitz,42,Lost,7/22/2018
abhijeetgupta1016,2786,Indianlad,2780,White,3 min,blitz,50,Lost,7/22/2018
abhijeetgupta1016,2795,Indianlad,2771,Black,3 min,blitz,25,Won,7/22/2018
abhijeetgupta1016,2787,Indianlad,2779,White,3 min,blitz,18,Won,7/22/2018
abhijeetgupta1016,2779,Indianlad,2787,Black,3 min,blitz,23,Won,7/22/2018