player,player_rating,opponent,opponent_rating,side,time_control,time_category,moves,result,date
abhijeetgupta1016,2665,Last7Samurai,2645,Black,1 min,bullet,9,Won,9/19/2017
abhijeetgupta1016,2657,Last7Samurai,2653,White,1 min,bullet,24,Lost,9/19/2017
abhijeetgupta1016,2666,Last7Samurai,2644,Black,1 min,bullet,34,Won,9/19/2017
abhijeetgupta1016,2658,Last7Samurai,2652,White,1 min,bullet,36,Won,9/19/2017
abhijeetgupta1016,2650,Last7Samurai,2660,Black,1 min,bullet,57,Lost,9/19/2017
abhijeetgupta1016,2658,Last7Samurai,2652,White,1 min,bullet,47,Won,9/19/2017
abhijeetgupta1016,2650,ChessBrah,2856,Black,1 min,bullet,45,Lost,9/19/2017
abhijeetgupta1016,2654,ChessBrah,2852,White,1 min,bullet,47,Lost,9/19/2017
abhijeetgupta1016,2658,ChessBrah,2848,Black,1 min,bullet,57,Lost,9/19/2017
abhijeetgupta1016,2662,ChessBrah,2844,White,1 min,bullet,36,Lost,9/19/2017
abhijeetgupta1016,2666,ChessBrah,2840,Black,1 min,bullet,71,Lost,9/19/2017
abhijeetgupta1016,2670,ChessBrah,2836,White,1 min,bullet,68,Won,9/19/2017
abhijeetgupta1016,2658,ChessBrah,2848,Black,1 min,bullet,26,Lost,9/19/2017
abhijeetgupta1016,2662,ChessBrah,2844,White,1 min,bullet,67,Lost,9/19/2017
abhijeetgupta1016,2666,ChessBrah,2840,Black,1 min,bullet,38,Lost,9/19/2017
abhijeetgupta1016,2671,ChessBrah,2835,White,1 min,bullet,46,Won,9/19/2017
abhijeetgupta1016,2659,ChessBrah,2847,Black,1 min,bullet,58,Lost,9/19/2017
abhijeetgupta1016,2663,BackstreetMaster,2576,Black,1 min,bullet,70,Lost,9/19/2017
abhijeetgupta1016,2673,Bryakin_Mikhail,2695,White,1 min,bullet,27,Lost,9/15/2017
abhijeetgupta1016,2681,Bryakin_Mikhail,2687,Black,1 min,bullet,87,Draw,9/15/2017
abhijeetgupta1016,2681,Bryakin_Mikhail,2687,White,1 min,bullet,82,Won,9/15/2017
abhijeetgupta1016,2672,Clevz23,2583,White,1 min,bullet,50,Won,9/15/2017
abhijeetgupta1016,2666,Lunaticx,2747,Black,1 min,bullet,45,Lost,9/15/2017
abhijeetgupta1016,2672,TheMagnet,2612,Black,1 min,bullet,67,Won,9/15/2017
abhijeetgupta1016,2665,TheMagnet,2619,White,1 min,bullet,31,Won,9/15/2017
abhijeetgupta1016,2658,TheMagnet,2626,Black,1 min,bullet,50,Won,9/15/2017
abhijeetgupta1016,2650,TheMagnet,2634,White,1 min,bullet,66,Draw,9/15/2017
abhijeetgupta1016,2650,TheMagnet,2634,Black,1 min,bullet,70,Won,9/15/2017
abhijeetgupta1016,2642,TheMagnet,2642,White,1 min,bullet,21,Won,9/15/2017
abhijeetgupta1016,2633,TheMagnet,2650,Black,1 min,bullet,25,Won,9/15/2017
abhijeetgupta1016,2624,TheMagnet,2659,White,1 min,bullet,108,Lost,9/15/2017
abhijeetgupta1016,2632,TheMagnet,2651,Black,1 min,bullet,30,Won,9/15/2017
abhijeetgupta1016,2622,TheMagnet,2660,White,1 min,bullet,61,Lost,9/15/2017
abhijeetgupta1016,2631,TheMagnet,2653,Black,1 min,bullet,34,Won,9/15/2017
abhijeetgupta1016,2620,TheMagnet,2662,White,1 min,bullet,25,Lost,9/15/2017
abhijeetgupta1016,2629,TheMagnet,2655,Black,1 min,bullet,26,Lost,9/15/2017
abhijeetgupta1016,2639,GMKrikor,2680,Black,1 min,bullet,25,Won,9/15/2017
abhijeetgupta1016,2627,GMKrikor,2692,White,1 min,bullet,61,Lost,9/15/2017
abhijeetgupta1016,2636,GMKrikor,2683,Black,1 min,bullet,78,Lost,9/15/2017
abhijeetgupta1016,2646,GMKrikor,2673,White,1 min,bullet,74,Lost,9/15/2017
abhijeetgupta1016,2657,GMKrikor,2662,Black,1 min,bullet,44,Won,9/15/2017
abhijeetgupta1016,2644,GMKrikor,2674,White,1 min,bullet,26,Draw,9/15/2017
abhijeetgupta1016,2643,GMKrikor,2675,Black,1 min,bullet,75,Won,9/15/2017
abhijeetgupta1016,2628,Anwesh9792,2521,White,1 min,bullet,76,Lost,9/14/2017
abhijeetgupta1016,2645,Anwesh9792,2510,Black,1 min,bullet,61,Won,9/14/2017
abhijeetgupta1016,2636,Anwesh9792,2515,White,1 min,bullet,51,Lost,9/14/2017
abhijeetgupta1016,2655,Anwesh9792,2504,Black,1 min,bullet,60,Draw,9/14/2017
abhijeetgupta1016,2661,Anwesh9792,2501,White,1 min,bullet,58,Won,9/14/2017
abhijeetgupta1016,2652,Anwesh9792,2506,Black,1 min,bullet,37,Won,9/14/2017
abhijeetgupta1016,2642,Anwesh9792,2511,White,1 min,bullet,28,Won,9/14/2017