player,player_rating,opponent,opponent_rating,side,time_control,time_category,moves,result,date
abhijeetgupta1016,2773,Azerichesss,2815,Black,3 min,blitz,37,Lost,9/1/2018
abhijeetgupta1016,2780,Firouzja2003,2838,White,3 min,blitz,32,Won,9/1/2018
abhijeetgupta1016,2770,Firouzja2003,2848,Black,3 min,blitz,50,Lost,9/1/2018
abhijeetgupta1016,2777,Firouzja2003,2841,White,3 min,blitz,27,Lost,9/1/2018
abhijeetgupta1016,2784,Firouzja2003,2834,Black,3 min,blitz,24,Lost,9/1/2018
abhijeetgupta1016,2791,Firouzja2003,2827,White,3 min,blitz,67,Lost,9/1/2018
abhijeetgupta1016,2798,Azerichesss,2796,White,3 min,blitz,24,Won,9/1/2018
abhijeetgupta1016,2790,pepeflautas,2680,Black,3 min,blitz,23,Won,9/1/2018
abhijeetgupta1016,2784,QDcoach,2720,White,3 min,blitz,56,Lost,9/1/2018
abhijeetgupta1016,2794,Aryangholami,2754,White,3 min,blitz,54,Won,9/1/2018
abhijeetgupta1016,2787,QDcoach,2710,Black,3 min,blitz,55,Lost,9/1/2018
abhijeetgupta1016,2797,MikaelyanArman1996,2694,Black,3 min,blitz,46,Won,9/1/2018
abhijeetgupta1016,2791,MikaelyanArman1996,2700,White,3 min,blitz,35,Won,9/1/2018
abhijeetgupta1016,2785,MikaelyanArman1996,2706,Black,3 min,blitz,28,Won,9/1/2018
abhijeetgupta1016,2779,BilodeauA,2850,White,3 min,blitz,29,Lost,9/1/2018
abhijeetgupta1016,2786,BilodeauA,2843,Black,3 min,blitz,43,Lost,9/1/2018
abhijeetgupta1016,2793,BilodeauA,2836,White,3 min,blitz,64,Draw,9/1/2018
abhijeetgupta1016,2792,BilodeauA,2837,Black,3 min,blitz,38,Lost,9/1/2018
abhijeetgupta1016,2799,BilodeauA,2830,White,3 min,blitz,37,Won,9/1/2018
abhijeetgupta1016,2790,BilodeauA,2839,Black,3 min,blitz,79,Lost,8/31/2018
abhijeetgupta1016,2797,BilodeauA,2832,White,3 min,blitz,47,Draw,8/31/2018
abhijeetgupta1016,2796,BilodeauA,2833,Black,3 min,blitz,30,Lost,8/31/2018
abhijeetgupta1016,2804,BilodeauA,2825,White,3 min,blitz,62,Won,8/31/2018
abhijeetgupta1016,2795,klounessa,2791,White,3 min,blitz,28,Lost,8/31/2018
abhijeetgupta1016,2804,klounessa,2782,Black,3 min,blitz,60,Lost,8/31/2018
abhijeetgupta1016,2813,klounessa,2773,White,3 min,blitz,53,Draw,8/31/2018
abhijeetgupta1016,2814,MaximDlugy,2802,White,3 min,blitz,62,Won,8/31/2018
abhijeetgupta1016,2806,MaximDlugy,2810,Black,3 min,blitz,77,Lost,8/31/2018
abhijeetgupta1016,2814,Denis_Makhnyov,2807,Black,3 min,blitz,54,Lost,8/30/2018
abhijeetgupta1016,2823,Denis_Makhnyov,2798,White,3 min,blitz,69,Lost,8/30/2018
abhijeetgupta1016,2832,Tapuah,2827,Black,3 min,blitz,49,Draw,8/30/2018
abhijeetgupta1016,2832,Tapuah,2827,White,3 min,blitz,45,Lost,8/30/2018
abhijeetgupta1016,2840,Tapuah,2819,Black,3 min,blitz,62,Draw,8/30/2018
abhijeetgupta1016,2841,Yaacovn,2819,Black,3 min,blitz,36,Lost,8/30/2018
abhijeetgupta1016,2850,Yaacovn,2810,White,3 min,blitz,65,Lost,8/30/2018
abhijeetgupta1016,2859,Yaacovn,2801,Black,3 min,blitz,34,Lost,8/30/2018
abhijeetgupta1016,2869,Yaacovn,2791,White,3 min,blitz,50,Won,8/30/2018
abhijeetgupta1016,2862,Yaacovn,2798,Black,3 min,blitz,60,Lost,8/30/2018
abhijeetgupta1016,2872,Yaacovn,2788,White,3 min,blitz,22,Won,8/30/2018
abhijeetgupta1016,2866,Yaacovn,2794,Black,3 min,blitz,74,Lost,8/30/2018
abhijeetgupta1016,2876,Yaacovn,2784,White,3 min,blitz,17,Won,8/30/2018
abhijeetgupta1016,2870,Yaacovn,2790,Black,3 min,blitz,56,Won,8/30/2018
abhijeetgupta1016,2863,Yaacovn,2797,White,3 min,blitz,43,Won,8/30/2018
abhijeetgupta1016,2856,Yaacovn,2804,Black,3 min,blitz,50,Lost,8/30/2018
abhijeetgupta1016,2866,Yaacovn,2794,White,3 min,blitz,34,Won,8/30/2018
abhijeetgupta1016,2859,Yaacovn,2801,Black,3 min,blitz,22,Won,8/30/2018
abhijeetgupta1016,2852,Yaacovn,2808,White,3 min,blitz,19,Lost,8/30/2018
abhijeetgupta1016,2861,Gamza_Juventus,2800,White,3 min,blitz,44,Won,8/30/2018
abhijeetgupta1016,2854,Gamza_Juventus,2807,Black,3 min,blitz,27,Lost,8/30/2018
abhijeetgupta1016,2863,Gamza_Juventus,2798,White,3 min,blitz,39,Won,8/30/2018