player,player_rating,opponent,opponent_rating,side,time_control,time_category,moves,result,date
abhijeetgupta1016,2753,Markov_Mikhail,2743,Black,3 min,blitz,75,Lost,3/16/2019
abhijeetgupta1016,2762,danir29,2687,Black,3 min,blitz,74,Won,3/16/2019
abhijeetgupta1016,2755,Raja3401,2612,Black,3 min,blitz,28,Lost,3/13/2019
abhijeetgupta1016,2767,Raja3401,2600,White,3 min,blitz,42,Won,3/13/2019
abhijeetgupta1016,2762,Raja3401,2605,Black,3 min,blitz,36,Lost,3/13/2019
abhijeetgupta1016,2774,Kiborg95,2777,Black,3 min,blitz,44,Lost,3/13/2019
abhijeetgupta1016,2782,Kiborg95,2769,White,3 min,blitz,43,Lost,3/13/2019
abhijeetgupta1016,2791,Kiborg95,2760,Black,3 min,blitz,71,Won,3/13/2019
abhijeetgupta1016,2783,Kiborg95,2768,White,3 min,blitz,36,Lost,3/13/2019
abhijeetgupta1016,2792,Kiborg95,2759,Black,3 min,blitz,47,Lost,3/13/2019
abhijeetgupta1016,2801,Kiborg95,2750,White,3 min,blitz,65,Won,3/13/2019
abhijeetgupta1016,2794,Kiborg95,2757,Black,3 min,blitz,45,Lost,3/13/2019
abhijeetgupta1016,2803,Kiborg95,2748,White,3 min,blitz,31,Won,3/13/2019
abhijeetgupta1016,2796,AryanTari,2907,White,3 min,blitz,67,Lost,3/13/2019
abhijeetgupta1016,2802,AryanTari,2901,Black,3 min,blitz,41,Lost,3/13/2019
abhijeetgupta1016,2808,AryanTari,2895,White,3 min,blitz,53,Lost,3/13/2019
abhijeetgupta1016,2814,AryanTari,2889,Black,3 min,blitz,26,Lost,3/13/2019
abhijeetgupta1016,2821,AryanTari,2882,White,3 min,blitz,33,Won,3/13/2019
abhijeetgupta1016,2811,AryanTari,2892,Black,3 min,blitz,28,Lost,3/13/2019
abhijeetgupta1016,2817,AndreyOstrovskiy,2727,White,3 min,blitz,45,Won,3/12/2019
abhijeetgupta1016,2811,AndreyOstrovskiy,2733,Black,3 min,blitz,73,Lost,3/12/2019
abhijeetgupta1016,2821,GadimbayliA,2826,White,3|2,blitz,21,Won,3/12/2019
abhijeetgupta1016,2812,Maitreia,2723,Black,3 min,blitz,71,Lost,3/12/2019
abhijeetgupta1016,2822,Maitreia,2713,White,3 min,blitz,44,Won,3/12/2019
abhijeetgupta1016,2816,Maitreia,2719,Black,3 min,blitz,32,Won,3/12/2019
abhijeetgupta1016,2810,Indianlad,2844,Black,3|2,blitz,63,Draw,3/12/2019
abhijeetgupta1016,2809,Indianlad,2845,White,3|2,blitz,68,Lost,3/12/2019
abhijeetgupta1016,2817,Indianlad,2837,Black,3|2,blitz,104,Draw,3/12/2019
abhijeetgupta1016,2817,Indianlad,2837,White,3|2,blitz,63,Draw,3/12/2019
abhijeetgupta1016,2817,champ2005,2795,White,3 min,blitz,26,Lost,3/11/2019
abhijeetgupta1016,2826,Revnov,2742,White,3 min,blitz,53,Won,3/7/2019
abhijeetgupta1016,2820,Revnov,2748,Black,3 min,blitz,46,Won,3/7/2019
abhijeetgupta1016,2813,Soulless4Now,2722,White,3 min,blitz,74,Lost,3/7/2019
abhijeetgupta1016,2823,Soulless4Now,2712,Black,3 min,blitz,28,Won,3/7/2019
abhijeetgupta1016,2817,Kaphrep,2789,White,3 min,blitz,11,Won,3/7/2019
abhijeetgupta1016,2809,jerom555888,2750,Black,3 min,blitz,42,Draw,3/7/2019
abhijeetgupta1016,2810,jerom555888,2749,White,3 min,blitz,22,Won,3/7/2019
abhijeetgupta1016,2803,Alexander_Moskalenko,2783,Black,3 min,blitz,66,Draw,3/7/2019
abhijeetgupta1016,2804,Alexander_Moskalenko,2782,White,3 min,blitz,61,Lost,3/7/2019
abhijeetgupta1016,2813,Kaphrep,2797,Black,3 min,blitz,62,Draw,3/7/2019
abhijeetgupta1016,2813,BlueWizzard,2712,White,3 min,blitz,32,Won,3/7/2019
abhijeetgupta1016,2807,Indianlad,2864,Black,3 min,blitz,55,Won,3/7/2019
abhijeetgupta1016,2797,Indianlad,2874,White,3 min,blitz,22,Draw,3/7/2019
abhijeetgupta1016,2795,Indianlad,2876,Black,3 min,blitz,17,Won,3/7/2019
abhijeetgupta1016,2785,Indianlad,2886,White,3 min,blitz,41,Won,3/7/2019
abhijeetgupta1016,2774,AndreyOstrovskiy,2753,White,3 min,blitz,43,Draw,3/7/2019
abhijeetgupta1016,2774,AndreyOstrovskiy,2753,Black,3 min,blitz,33,Won,3/7/2019
abhijeetgupta1016,2766,manudavid,2689,Black,3 min,blitz,39,Won,3/7/2019
abhijeetgupta1016,2759,Infernal_XaM,2798,Black,3 min,blitz,41,Won,3/6/2019
abhijeetgupta1016,2750,Infernal_XaM,2807,White,3 min,blitz,94,Draw,3/6/2019