player,player_rating,opponent,opponent_rating,side,time_control,time_category,moves,result,date
abhijeetgupta1016,2631,Anwesh9792,2516,Black,1 min,bullet,43,Won,9/14/2017
abhijeetgupta1016,2619,Anwesh9792,2522,White,1 min,bullet,25,Won,9/14/2017
abhijeetgupta1016,2606,Anwesh9792,2528,Black,1 min,bullet,27,Lost,9/14/2017
abhijeetgupta1016,2629,No_Limit96,2538,Black,1 min,bullet,27,Won,9/14/2017
abhijeetgupta1016,2614,alqudaimi,2522,Black,1 min,bullet,45,Won,9/14/2017
abhijeetgupta1016,2598,aoetnhiudgcroekjxdcnoeubu,2743,Black,1 min,bullet,38,Won,9/9/2017
abhijeetgupta1016,2568,aoetnhiudgcroekjxdcnoeubu,2755,White,1 min,bullet,48,Lost,9/9/2017
abhijeetgupta1016,2580,aoetnhiudgcroekjxdcnoeubu,2751,Black,1 min,bullet,28,Lost,9/9/2017
abhijeetgupta1016,2593,Federer999,2723,Black,1 min,bullet,34,Lost,3/8/2017
abhijeetgupta1016,2598,Federer999,2718,White,1 min,bullet,45,Won,3/8/2017
abhijeetgupta1016,2587,zernazan,2658,White,1 min,bullet,28,Lost,3/8/2017
abhijeetgupta1016,2594,zernazan,2651,Black,1 min,bullet,59,Lost,3/8/2017
abhijeetgupta1016,2601,zernazan,2644,White,1 min,bullet,35,Won,3/8/2017
abhijeetgupta1016,2592,zernazan,2653,Black,1 min,bullet,55,Lost,3/8/2017
abhijeetgupta1016,2599,Federer999,2729,Black,1 min,bullet,49,Lost,3/8/2017
abhijeetgupta1016,2604,Federer999,2724,White,1 min,bullet,64,Lost,3/8/2017
abhijeetgupta1016,2610,Federer999,2718,Black,1 min,bullet,84,Lost,3/8/2017
abhijeetgupta1016,2616,Federer999,2721,White,1 min,bullet,55,Lost,2/22/2017
abhijeetgupta1016,2622,Federer999,2715,Black,1 min,bullet,30,Lost,2/22/2017
abhijeetgupta1016,2628,Federer999,2709,White,1 min,bullet,52,Lost,2/22/2017
abhijeetgupta1016,2634,Federer999,2703,Black,1 min,bullet,42,Won,2/22/2017
abhijeetgupta1016,2624,Federer999,2713,White,1 min,bullet,39,Lost,2/22/2017
abhijeetgupta1016,2630,Federer999,2707,Black,1 min,bullet,42,Won,2/22/2017
abhijeetgupta1016,2620,Federer999,2717,White,1 min,bullet,27,Lost,2/22/2017
abhijeetgupta1016,2626,Federer999,2711,Black,1 min,bullet,58,Draw,2/22/2017
abhijeetgupta1016,2624,Federer999,2713,White,1 min,bullet,36,Lost,2/22/2017
abhijeetgupta1016,2630,Federer999,2707,Black,1 min,bullet,77,Draw,2/22/2017
abhijeetgupta1016,2628,Federer999,2709,White,1 min,bullet,36,Won,2/22/2017
abhijeetgupta1016,2618,Federer999,2719,Black,1 min,bullet,59,Lost,2/22/2017
abhijeetgupta1016,2624,Federer999,2713,White,1 min,bullet,42,Won,2/22/2017
abhijeetgupta1016,2614,Federer999,2723,Black,1 min,bullet,40,Lost,2/22/2017
abhijeetgupta1016,2620,Federer999,2717,White,1 min,bullet,56,Lost,2/22/2017
abhijeetgupta1016,2626,Federer999,2711,Black,1 min,bullet,25,Won,2/22/2017
abhijeetgupta1016,2616,Federer999,2721,White,1 min,bullet,60,Lost,2/22/2017
abhijeetgupta1016,2622,Federer999,2715,Black,1 min,bullet,58,Lost,2/22/2017
abhijeetgupta1016,2629,Federer999,2709,White,1 min,bullet,26,Won,2/22/2017
abhijeetgupta1016,2618,Federer999,2719,Black,1 min,bullet,49,Won,2/22/2017
abhijeetgupta1016,2606,Rikikits,2615,White,1 min,bullet,54,Won,1/13/2017
abhijeetgupta1016,2597,Rikikits,2624,Black,1 min,bullet,59,Won,1/13/2017
abhijeetgupta1016,2588,Rikikits,2633,White,1 min,bullet,62,Draw,1/13/2017
abhijeetgupta1016,2587,Rikikits,2634,Black,1 min,bullet,79,Lost,1/13/2017
abhijeetgupta1016,2594,Rikikits,2627,White,1 min,bullet,33,Won,1/13/2017
abhijeetgupta1016,2585,Rikikits,2636,Black,1 min,bullet,60,Lost,1/13/2017
abhijeetgupta1016,2592,Rikikits,2629,White,1 min,bullet,57,Lost,1/13/2017
abhijeetgupta1016,2599,Rikikits,2622,Black,1 min,bullet,42,Lost,1/13/2017
abhijeetgupta1016,2607,Rikikits,2614,White,1 min,bullet,60,Won,1/13/2017
abhijeetgupta1016,2598,Rikikits,2623,Black,1 min,bullet,24,Won,1/13/2017
abhijeetgupta1016,2589,Rikikits,2632,White,1 min,bullet,19,Lost,1/13/2017
abhijeetgupta1016,2596,Rikikits,2625,Black,1 min,bullet,72,Won,1/13/2017
abhijeetgupta1016,2587,Rikikits,2634,White,1 min,bullet,31,Won,1/13/2017