player,player_rating,opponent,opponent_rating,side,time_control,time_category,moves,result,date
abhijeetgupta1016,2749,Infernal_XaM,2808,Black,3 min,blitz,17,Won,3/6/2019
abhijeetgupta1016,2739,Infernal_XaM,2818,White,3 min,blitz,57,Lost,3/6/2019
abhijeetgupta1016,2746,PulpanJ,2648,Black,3 min,blitz,18,Won,3/6/2019
abhijeetgupta1016,2740,DmitryMaximov,2664,White,3 min,blitz,29,Won,3/6/2019
abhijeetgupta1016,2733,kromax33,2716,White,3 min,blitz,59,Won,3/6/2019
abhijeetgupta1016,2725,kromax33,2724,Black,3 min,blitz,70,Won,3/6/2019
abhijeetgupta1016,2717,kromax33,2732,White,3 min,blitz,44,Lost,3/6/2019
abhijeetgupta1016,2725,MountThief,2671,Black,3 min,blitz,28,Won,3/6/2019
abhijeetgupta1016,2718,dzhumagaliev,2698,White,3 min,blitz,79,Draw,2/28/2019
abhijeetgupta1016,2718,dzhumagaliev,2698,Black,3 min,blitz,34,Lost,2/28/2019
abhijeetgupta1016,2727,maciek_92,2792,White,3 min,blitz,16,Lost,2/14/2019
abhijeetgupta1016,2734,Matibar,2779,White,3 min,blitz,1,Lost,2/14/2019
abhijeetgupta1016,2741,gmsakk,2719,Black,3 min,blitz,23,Lost,2/2/2019
abhijeetgupta1016,2750,Erik_Obgolts,2710,Black,3 min,blitz,71,Lost,2/2/2019
abhijeetgupta1016,2759,Yaacovn,2771,White,3 min,blitz,33,Won,2/2/2019
abhijeetgupta1016,2750,jacky72,2655,White,3 min,blitz,27,Won,2/2/2019
abhijeetgupta1016,2744,Indianlad,2859,Black,3 min,blitz,34,Draw,2/1/2019
abhijeetgupta1016,2741,Indianlad,2862,White,3 min,blitz,25,Lost,2/1/2019
abhijeetgupta1016,2747,Indianlad,2856,Black,3 min,blitz,27,Lost,2/1/2019
abhijeetgupta1016,2753,Indianlad,2850,White,3 min,blitz,59,Won,2/1/2019
abhijeetgupta1016,2742,Molton,2811,Black,3 min,blitz,65,Draw,2/1/2019
abhijeetgupta1016,2740,Wizard456,2786,White,3 min,blitz,55,Won,2/1/2019
abhijeetgupta1016,2731,Wizard456,2795,Black,3 min,blitz,26,Draw,2/1/2019
abhijeetgupta1016,2730,Wizard456,2796,White,3 min,blitz,48,Draw,2/1/2019
abhijeetgupta1016,2728,Wizard456,2798,Black,3 min,blitz,28,Lost,2/1/2019
abhijeetgupta1016,2735,Wizard456,2791,White,3 min,blitz,40,Won,2/1/2019
abhijeetgupta1016,2725,Wizard456,2801,Black,3 min,blitz,31,Won,2/1/2019
abhijeetgupta1016,2715,Wizard456,2811,White,3 min,blitz,72,Lost,2/1/2019
abhijeetgupta1016,2721,VitaliyBernadskiy,2693,White,3 min,blitz,33,Won,1/21/2019
abhijeetgupta1016,2713,VitaliyBernadskiy,2701,Black,3 min,blitz,31,Won,1/21/2019
abhijeetgupta1016,2705,VitaliyBernadskiy,2709,White,3 min,blitz,22,Lost,1/21/2019
abhijeetgupta1016,2713,bascheyaro,2799,Black,3 min,blitz,45,Lost,1/21/2019
abhijeetgupta1016,2719,bascheyaro,2793,White,3 min,blitz,42,Lost,1/21/2019
abhijeetgupta1016,2726,bascheyaro,2786,Black,3 min,blitz,52,Lost,1/21/2019
abhijeetgupta1016,2733,IM_dmitrij,2696,Black,3 min,blitz,46,Won,1/21/2019
abhijeetgupta1016,2726,IM_dmitrij,2703,White,3 min,blitz,60,Won,1/21/2019
abhijeetgupta1016,2718,IM_dmitrij,2711,Black,3 min,blitz,32,Lost,1/21/2019
abhijeetgupta1016,2727,IM_dmitrij,2702,White,3 min,blitz,35,Won,1/21/2019
abhijeetgupta1016,2719,IM_dmitrij,2710,Black,3 min,blitz,62,Won,1/21/2019
abhijeetgupta1016,2711,IM_dmitrij,2718,White,3 min,blitz,27,Won,1/21/2019
abhijeetgupta1016,2702,IM_dmitrij,2727,Black,3 min,blitz,34,Lost,1/21/2019
abhijeetgupta1016,2710,manudavid,2684,White,3 min,blitz,34,Lost,1/21/2019
abhijeetgupta1016,2719,arturchix,2781,Black,3 min,blitz,83,Won,1/21/2019
abhijeetgupta1016,2709,arturchix,2791,White,3 min,blitz,44,Won,1/21/2019
abhijeetgupta1016,2698,arturchix,2801,Black,3 min,blitz,66,Lost,1/21/2019
abhijeetgupta1016,2704,arturchix,2795,White,3 min,blitz,71,Lost,1/21/2019
abhijeetgupta1016,2711,arturchix,2789,Black,3 min,blitz,62,Lost,1/21/2019
abhijeetgupta1016,2718,Rickyzhou,2755,Black,3 min,blitz,59,Draw,1/19/2019
abhijeetgupta1016,2717,Rickyzhou,2756,White,3 min,blitz,57,Lost,1/19/2019
abhijeetgupta1016,2725,Markov_Mikhail,2686,White,3 min,blitz,48,Won,1/17/2019