player,player_rating,opponent,opponent_rating,side,time_control,time_category,moves,result,date
abhijeetgupta1016,2904,TigranLPetrosyan,2782,Black,3 min,blitz,60,Draw,8/28/2018
abhijeetgupta1016,2907,TigranLPetrosyan,2779,White,3 min,blitz,26,Lost,8/28/2018
abhijeetgupta1016,2918,TigranLPetrosyan,2768,Black,3 min,blitz,42,Won,8/28/2018
abhijeetgupta1016,2913,Tapuah,2836,Black,3 min,blitz,61,Draw,8/27/2018
abhijeetgupta1016,2915,Firouzja2003,2814,Black,3 min,blitz,46,Won,8/27/2018
abhijeetgupta1016,2909,amintabatabaei,2841,Black,3 min,blitz,60,Draw,8/27/2018
abhijeetgupta1016,2911,amintabatabaei,2839,White,3 min,blitz,67,Won,8/27/2018
abhijeetgupta1016,2904,SuperAbdulla,1960,Black,3 min,blitz,20,Won,8/8/2018
abhijeetgupta1016,2904,Firouzja2003,2811,White,3 min,blitz,30,Won,8/5/2018
abhijeetgupta1016,2898,Firouzja2003,2817,Black,3 min,blitz,32,Draw,8/5/2018
abhijeetgupta1016,2900,Firouzja2003,2815,White,3 min,blitz,72,Lost,8/5/2018
abhijeetgupta1016,2910,Firouzja2003,2805,Black,3 min,blitz,38,Won,8/5/2018
abhijeetgupta1016,2904,Firouzja2003,2811,White,3 min,blitz,61,Lost,8/5/2018
abhijeetgupta1016,2915,xxysoul6,2847,White,3 min,blitz,28,Lost,7/31/2018
abhijeetgupta1016,2925,xxysoul6,2837,Black,3 min,blitz,37,Lost,7/31/2018
abhijeetgupta1016,2935,xxysoul6,2827,White,3 min,blitz,18,Won,7/31/2018
abhijeetgupta1016,2929,xxysoul6,2833,Black,3 min,blitz,52,Lost,7/31/2018
abhijeetgupta1016,2940,wonderfultime,2861,White,3 min,blitz,63,Lost,7/31/2018
abhijeetgupta1016,2950,Rafa-Nadal,2855,White,3 min,blitz,36,Lost,7/31/2018
abhijeetgupta1016,2961,Rafa-Nadal,2844,Black,3 min,blitz,31,Won,7/31/2018
abhijeetgupta1016,2955,Rafa-Nadal,2850,White,3 min,blitz,24,Won,7/31/2018
abhijeetgupta1016,2949,Rafa-Nadal,2856,Black,3 min,blitz,71,Lost,7/31/2018
abhijeetgupta1016,2960,Rafa-Nadal,2845,White,3 min,blitz,53,Won,7/31/2018
abhijeetgupta1016,2954,ARMCOMPOSER,2862,Black,3 min,blitz,36,Won,7/31/2018
abhijeetgupta1016,2948,ARMCOMPOSER,2868,White,3 min,blitz,46,Won,7/31/2018
abhijeetgupta1016,2941,ARMCOMPOSER,2875,Black,3 min,blitz,33,Lost,7/31/2018
abhijeetgupta1016,2951,ARMCOMPOSER,2865,White,3 min,blitz,45,Lost,7/31/2018
abhijeetgupta1016,2961,ARMCOMPOSER,2855,Black,3 min,blitz,31,Won,7/31/2018
abhijeetgupta1016,2955,ARMCOMPOSER,2861,White,3 min,blitz,56,Won,7/31/2018
abhijeetgupta1016,2949,ARMCOMPOSER,2867,Black,3 min,blitz,37,Won,7/31/2018
abhijeetgupta1016,2943,ARMCOMPOSER,2873,White,3 min,blitz,37,Lost,7/31/2018
abhijeetgupta1016,2953,ARMCOMPOSER,2863,Black,3 min,blitz,46,Won,7/31/2018
abhijeetgupta1016,2947,ARMCOMPOSER,2869,White,3 min,blitz,89,Lost,7/31/2018
abhijeetgupta1016,2957,ARMCOMPOSER,2859,Black,3 min,blitz,53,Lost,7/31/2018
abhijeetgupta1016,2968,ARMCOMPOSER,2848,White,3 min,blitz,62,Won,7/31/2018
abhijeetgupta1016,2962,ARMCOMPOSER,2854,Black,3 min,blitz,30,Lost,7/31/2018
abhijeetgupta1016,2973,ARMCOMPOSER,2843,White,3 min,blitz,45,Won,7/31/2018
abhijeetgupta1016,2968,ARMCOMPOSER,2848,Black,3 min,blitz,71,Draw,7/31/2018
abhijeetgupta1016,2971,MrVezunchik,2820,Black,3 min,blitz,26,Won,7/24/2018
abhijeetgupta1016,2966,MrVezunchik,2825,White,3 min,blitz,53,Won,7/24/2018
abhijeetgupta1016,2961,MrVezunchik,2830,Black,3 min,blitz,45,Won,7/24/2018
abhijeetgupta1016,2956,MrVezunchik,2835,White,3 min,blitz,28,Won,7/24/2018
abhijeetgupta1016,2950,MrVezunchik,2841,Black,3 min,blitz,36,Won,7/24/2018
abhijeetgupta1016,2944,MrVezunchik,2847,White,3 min,blitz,19,Lost,7/24/2018
abhijeetgupta1016,2955,Muisback26,2847,Black,3 min,blitz,36,Lost,7/24/2018
abhijeetgupta1016,2966,Muisback26,2836,White,3 min,blitz,26,Lost,7/24/2018
abhijeetgupta1016,2977,ARMCOMPOSER,2835,White,3 min,blitz,30,Won,7/24/2018
abhijeetgupta1016,2972,ARMCOMPOSER,2840,Black,3 min,blitz,56,Won,7/24/2018
abhijeetgupta1016,2967,ARMCOMPOSER,2845,White,3 min,blitz,27,Won,7/24/2018
abhijeetgupta1016,2961,mishanick,2833,Black,3 min,blitz,69,Won,7/24/2018