player,player_rating,opponent,opponent_rating,side,time_control,time_category,moves,result,date
abhijeetgupta1016,2785,mishanick,2817,Black,3 min,blitz,76,Draw,7/22/2018
abhijeetgupta1016,2784,MrVezunchik,2790,White,3 min,blitz,24,Won,7/22/2018
abhijeetgupta1016,2775,MrVezunchik,2799,Black,3 min,blitz,16,Won,7/22/2018
abhijeetgupta1016,2766,MrVezunchik,2808,White,3 min,blitz,23,Won,7/22/2018
abhijeetgupta1016,2757,MrVezunchik,2817,Black,3 min,blitz,30,Lost,7/22/2018
abhijeetgupta1016,2764,MrVezunchik,2810,White,3 min,blitz,64,Draw,7/22/2018
abhijeetgupta1016,2763,MrVezunchik,2811,Black,3 min,blitz,34,Won,7/22/2018
abhijeetgupta1016,2753,MrVezunchik,2821,White,3 min,blitz,32,Lost,7/22/2018
abhijeetgupta1016,2760,MrVezunchik,2814,Black,3 min,blitz,28,Won,7/22/2018
abhijeetgupta1016,2750,MrVezunchik,2824,White,3 min,blitz,19,Won,7/22/2018
abhijeetgupta1016,2740,MrVezunchik,2834,Black,3 min,blitz,54,Lost,7/22/2018
abhijeetgupta1016,2746,MrVezunchik,2828,White,3 min,blitz,42,Lost,7/22/2018
abhijeetgupta1016,2752,MrVezunchik,2822,Black,3 min,blitz,52,Lost,7/22/2018
abhijeetgupta1016,2759,MrVezunchik,2815,White,3 min,blitz,23,Won,7/22/2018
abhijeetgupta1016,2749,Keranke,2797,Black,3 min,blitz,23,Lost,7/21/2018
abhijeetgupta1016,2756,Keranke,2790,White,3 min,blitz,36,Won,7/21/2018
abhijeetgupta1016,2747,Keranke,2799,Black,3 min,blitz,26,Lost,7/21/2018
abhijeetgupta1016,2754,Kopylov_Alex,2690,Black,3 min,blitz,69,Draw,7/21/2018
abhijeetgupta1016,2756,pKiLz5Rn9b,2845,Black,3 min,blitz,39,Lost,7/21/2018
abhijeetgupta1016,2762,pKiLz5Rn9b,2839,White,3 min,blitz,39,Won,7/21/2018
abhijeetgupta1016,2752,Yaacovn,2803,White,3 min,blitz,38,Lost,7/21/2018
abhijeetgupta1016,2759,Yaacovn,2796,Black,3 min,blitz,91,Lost,7/21/2018
abhijeetgupta1016,2767,Yaacovn,2788,White,3 min,blitz,72,Won,7/21/2018
abhijeetgupta1016,2758,pKiLz5Rn9b,2849,Black,3 min,blitz,41,Lost,7/21/2018
abhijeetgupta1016,2764,MrVezunchik,2827,Black,3 min,blitz,62,Lost,7/21/2018
abhijeetgupta1016,2771,MrVezunchik,2820,White,3 min,blitz,74,Won,7/21/2018
abhijeetgupta1016,2761,MrVezunchik,2830,Black,3 min,blitz,44,Lost,7/21/2018
abhijeetgupta1016,2768,MrVezunchik,2823,White,3 min,blitz,19,Lost,7/21/2018
abhijeetgupta1016,2775,MrVezunchik,2816,Black,3 min,blitz,45,Lost,7/21/2018
abhijeetgupta1016,2782,MrVezunchik,2809,White,3 min,blitz,61,Won,7/21/2018
abhijeetgupta1016,2773,MrVezunchik,2818,Black,3 min,blitz,43,Draw,7/21/2018
abhijeetgupta1016,2772,MrVezunchik,2819,White,3 min,blitz,42,Won,7/21/2018
abhijeetgupta1016,2763,MrVezunchik,2828,Black,3 min,blitz,35,Lost,7/21/2018
abhijeetgupta1016,2770,MrVezunchik,2821,White,3 min,blitz,50,Won,7/21/2018
abhijeetgupta1016,2760,MrVezunchik,2831,Black,3 min,blitz,45,Lost,7/21/2018
abhijeetgupta1016,2767,MrVezunchik,2824,White,3 min,blitz,34,Lost,7/21/2018
abhijeetgupta1016,2774,MrVezunchik,2817,Black,3 min,blitz,60,Won,7/21/2018
abhijeetgupta1016,2765,MrVezunchik,2826,White,3 min,blitz,49,Lost,7/21/2018
abhijeetgupta1016,2772,GermanBazeev,2664,White,3 min,blitz,11,Won,7/21/2018
abhijeetgupta1016,2766,VishnuPrasanna,2568,Black,3 min,blitz,81,Won,7/21/2018
abhijeetgupta1016,2762,Indianlad,2773,White,3 min,blitz,86,Draw,7/21/2018
abhijeetgupta1016,2762,Indianlad,2773,Black,3 min,blitz,17,Won,7/21/2018
abhijeetgupta1016,2753,gmyarick,2785,White,3 min,blitz,63,Won,7/21/2018
abhijeetgupta1016,2744,Dhaydon19,2652,Black,3 min,blitz,79,Draw,7/21/2018
abhijeetgupta1016,2746,Dhaydon19,2650,White,3 min,blitz,69,Draw,7/21/2018
abhijeetgupta1016,2748,nihalsarin,2785,Black,3 min,blitz,19,Lost,7/21/2018
abhijeetgupta1016,2755,nihalsarin,2778,White,3 min,blitz,20,Lost,7/20/2018
abhijeetgupta1016,2763,nihalsarin,2770,Black,3 min,blitz,36,Won,7/20/2018
abhijeetgupta1016,2754,SantoBlue,2665,White,3 min,blitz,55,Won,7/20/2018
abhijeetgupta1016,2748,SantoBlue,2671,Black,3 min,blitz,63,Won,7/20/2018