player,player_rating,opponent,opponent_rating,side,time_control,time_category,moves,result,date
abhijeetgupta1016,2792,Noukii,2735,Black,3 min,blitz,27,Won,10/12/2018
abhijeetgupta1016,2785,Noukii,2742,White,3 min,blitz,59,Won,10/12/2018
abhijeetgupta1016,2778,Noukii,2749,Black,3 min,blitz,41,Won,10/12/2018
abhijeetgupta1016,2770,Coldplace,2811,White,3 min,blitz,23,Won,10/12/2018
abhijeetgupta1016,2761,Coldplace,2820,Black,3 min,blitz,38,Lost,10/12/2018
abhijeetgupta1016,2768,Nofear90,2689,White,3 min,blitz,29,Won,10/12/2018
abhijeetgupta1016,2761,Nofear90,2696,Black,3 min,blitz,35,Won,10/12/2018
abhijeetgupta1016,2754,Nofear90,2703,White,3 min,blitz,39,Won,10/12/2018
abhijeetgupta1016,2747,Nofear90,2710,Black,3 min,blitz,38,Won,10/12/2018
abhijeetgupta1016,2740,Nofear90,2717,White,3 min,blitz,28,Won,10/12/2018
abhijeetgupta1016,2732,Nofear90,2725,Black,3 min,blitz,32,Lost,10/12/2018
abhijeetgupta1016,2741,Nofear90,2716,White,3 min,blitz,46,Won,10/12/2018
abhijeetgupta1016,2733,Nofear90,2724,Black,3 min,blitz,59,Lost,10/12/2018
abhijeetgupta1016,2742,Nofear90,2715,White,3 min,blitz,52,Lost,10/12/2018
abhijeetgupta1016,2751,Nofear90,2706,Black,3 min,blitz,21,Won,10/12/2018
abhijeetgupta1016,2744,Nofear90,2713,White,3 min,blitz,41,Won,10/12/2018
abhijeetgupta1016,2736,Nofear90,2721,Black,3 min,blitz,24,Lost,10/12/2018
abhijeetgupta1016,2745,Adham_Fawzy,2676,Black,3 min,blitz,30,Lost,10/12/2018
abhijeetgupta1016,2755,Chesslock17,2788,White,3 min,blitz,55,Lost,10/12/2018
abhijeetgupta1016,2763,ViIIagra,2759,Black,3 min,blitz,31,Lost,10/11/2018
abhijeetgupta1016,2771,ViIIagra,2751,White,3 min,blitz,82,Draw,10/11/2018
abhijeetgupta1016,2771,ViIIagra,2751,Black,3 min,blitz,65,Lost,10/11/2018
abhijeetgupta1016,2780,ViIIagra,2742,White,3 min,blitz,60,Won,10/11/2018
abhijeetgupta1016,2773,ViIIagra,2749,Black,3 min,blitz,21,Won,10/11/2018
abhijeetgupta1016,2765,ViIIagra,2757,White,3 min,blitz,27,Won,10/11/2018
abhijeetgupta1016,2757,ViIIagra,2765,Black,3 min,blitz,27,Won,10/11/2018
abhijeetgupta1016,2748,ViIIagra,2774,White,3 min,blitz,79,Lost,10/11/2018
abhijeetgupta1016,2756,Gamza_Juventus,2813,Black,3 min,blitz,44,Lost,10/11/2018
abhijeetgupta1016,2763,Gamza_Juventus,2806,White,3 min,blitz,62,Draw,10/11/2018
abhijeetgupta1016,2762,Gamza_Juventus,2807,Black,3 min,blitz,47,Won,10/11/2018
abhijeetgupta1016,2753,Gamza_Juventus,2816,White,3 min,blitz,28,Lost,10/11/2018
abhijeetgupta1016,2760,xwwzzz,2781,White,3 min,blitz,77,Draw,10/11/2018
abhijeetgupta1016,2759,xwwzzz,2782,Black,3 min,blitz,53,Draw,10/11/2018
abhijeetgupta1016,2758,xwwzzz,2783,White,3 min,blitz,27,Lost,10/11/2018
abhijeetgupta1016,2766,xwwzzz,2775,Black,3 min,blitz,45,Won,10/11/2018
abhijeetgupta1016,2757,Vuk2000,2712,Black,3 min,blitz,74,Draw,10/10/2018
abhijeetgupta1016,2758,Vuk2000,2711,White,3 min,blitz,77,Lost,10/10/2018
abhijeetgupta1016,2768,limitlesss9,2846,Black,3 min,blitz,39,Lost,10/10/2018
abhijeetgupta1016,2775,limitlesss9,2839,White,3 min,blitz,28,Won,10/10/2018
abhijeetgupta1016,2765,limitlesss9,2849,Black,3 min,blitz,39,Lost,10/10/2018
abhijeetgupta1016,2771,limitlesss9,2843,White,3 min,blitz,36,Lost,10/10/2018
abhijeetgupta1016,2778,limitlesss9,2836,Black,3 min,blitz,43,Lost,10/10/2018
abhijeetgupta1016,2785,GrigorGrigorov,2749,Black,3 min,blitz,46,Won,10/8/2018
abhijeetgupta1016,2777,GrigorGrigorov,2757,White,3 min,blitz,38,Lost,10/8/2018
abhijeetgupta1016,2786,GrigorGrigorov,2748,Black,3 min,blitz,25,Lost,10/8/2018
abhijeetgupta1016,2795,GrigorGrigorov,2739,White,3 min,blitz,49,Won,10/8/2018
abhijeetgupta1016,2788,xwwzzz,2792,White,3 min,blitz,28,Won,10/8/2018
abhijeetgupta1016,2780,xwwzzz,2800,Black,3 min,blitz,40,Lost,10/8/2018
abhijeetgupta1016,2788,xwwzzz,2792,White,3 min,blitz,33,Won,10/8/2018
abhijeetgupta1016,2780,xwwzzz,2800,Black,3 min,blitz,45,Lost,10/8/2018