player,player_rating,opponent,opponent_rating,side,time_control,time_category,moves,result,date
abhijeetgupta1016,2813,TigranLPetrosyan,2821,White,3 min,blitz,58,Draw,9/2/2018
abhijeetgupta1016,2813,GMVallejo,2808,White,3 min,blitz,21,Won,9/2/2018
abhijeetgupta1016,2805,GMVallejo,2817,Black,3 min,blitz,33,Lost,9/2/2018
abhijeetgupta1016,2813,tiredofdancing,2928,Black,3 min,blitz,56,Lost,9/2/2018
abhijeetgupta1016,2819,tiredofdancing,2922,White,3 min,blitz,27,Lost,9/2/2018
abhijeetgupta1016,2825,tiredofdancing,2916,Black,3 min,blitz,22,Lost,9/2/2018
abhijeetgupta1016,2831,tiredofdancing,2910,White,3 min,blitz,45,Lost,9/2/2018
abhijeetgupta1016,2838,Kriari,2832,Black,3 min,blitz,27,Lost,9/2/2018
abhijeetgupta1016,2847,Kriari,2823,White,3 min,blitz,50,Lost,9/2/2018
abhijeetgupta1016,2856,Kriari,2814,Black,3 min,blitz,51,Draw,9/2/2018
abhijeetgupta1016,2857,Kriari,2813,White,3 min,blitz,79,Draw,9/2/2018
abhijeetgupta1016,2858,vladislavkovalev,2854,White,3 min,blitz,37,Lost,9/2/2018
abhijeetgupta1016,2866,vladislavkovalev,2846,Black,3 min,blitz,60,Lost,9/2/2018
abhijeetgupta1016,2875,vladislavkovalev,2837,White,3 min,blitz,31,Lost,9/2/2018
abhijeetgupta1016,2884,vladislavkovalev,2828,Black,3 min,blitz,43,Won,9/2/2018
abhijeetgupta1016,2877,vladislavkovalev,2835,White,3 min,blitz,57,Lost,9/2/2018
abhijeetgupta1016,2886,vladislavkovalev,2826,Black,3 min,blitz,60,Draw,9/2/2018
abhijeetgupta1016,2887,vladislavkovalev,2825,White,3 min,blitz,27,Won,9/2/2018
abhijeetgupta1016,2880,vladislavkovalev,2832,Black,3 min,blitz,56,Won,9/2/2018
abhijeetgupta1016,2873,vladislavkovalev,2839,White,3 min,blitz,31,Won,9/2/2018
abhijeetgupta1016,2865,vladislavkovalev,2847,Black,3 min,blitz,29,Lost,9/2/2018
abhijeetgupta1016,2874,vladislavkovalev,2838,White,3 min,blitz,33,Lost,9/2/2018
abhijeetgupta1016,2883,vladislavkovalev,2829,Black,3 min,blitz,36,Won,9/2/2018
abhijeetgupta1016,2876,Marcus_Harvey,2795,Black,3 min,blitz,74,Lost,9/2/2018
abhijeetgupta1016,2886,Marcus_Harvey,2785,White,3 min,blitz,48,Lost,9/2/2018
abhijeetgupta1016,2897,Gamza_Juventus,2798,Black,3 min,blitz,80,Draw,9/2/2018
abhijeetgupta1016,2899,Gamza_Juventus,2796,White,3 min,blitz,27,Won,9/2/2018
abhijeetgupta1016,2893,Gamza_Juventus,2802,Black,3 min,blitz,43,Lost,9/2/2018
abhijeetgupta1016,2903,ChessOnTheMat007,2724,White,3 min,blitz,61,Won,9/2/2018
abhijeetgupta1016,2899,ChessOnTheMat007,2731,Black,3 min,blitz,61,Won,9/2/2018
abhijeetgupta1016,2894,GMHess,2755,White,3 min,blitz,31,Won,9/2/2018
abhijeetgupta1016,2889,GMHess,2760,Black,3 min,blitz,26,Won,9/2/2018
abhijeetgupta1016,2884,GMHess,2765,White,3 min,blitz,53,Draw,9/2/2018
abhijeetgupta1016,2887,GMHess,2762,Black,3 min,blitz,54,Won,9/2/2018
abhijeetgupta1016,2882,GMHess,2767,White,3 min,blitz,28,Won,9/2/2018
abhijeetgupta1016,2876,GMHess,2773,Black,3 min,blitz,37,Lost,9/2/2018
abhijeetgupta1016,2887,GMHess,2762,White,3 min,blitz,30,Lost,9/2/2018
abhijeetgupta1016,2898,GMHess,2751,Black,3 min,blitz,32,Won,9/2/2018
abhijeetgupta1016,2893,GMHess,2756,White,3 min,blitz,52,Won,9/2/2018
abhijeetgupta1016,2888,GMHess,2761,Black,3 min,blitz,42,Won,9/2/2018
abhijeetgupta1016,2883,GMHess,2766,White,3 min,blitz,31,Lost,9/2/2018
abhijeetgupta1016,2894,GMHess,2755,Black,3 min,blitz,39,Lost,9/2/2018
abhijeetgupta1016,2905,Msb2,2842,Black,3 min,blitz,56,Won,9/2/2018
abhijeetgupta1016,2898,Coldplace,2769,White,3 min,blitz,30,Won,9/2/2018
abhijeetgupta1016,2893,Coldplace,2774,Black,3 min,blitz,30,Won,9/2/2018
abhijeetgupta1016,2887,Coldplace,2780,White,3 min,blitz,53,Won,9/2/2018
abhijeetgupta1016,2881,Coldplace,2786,Black,3 min,blitz,58,Lost,9/1/2018
abhijeetgupta1016,2892,Keranke,2742,Black,3 min,blitz,51,Won,9/1/2018
abhijeetgupta1016,2887,Keranke,2747,White,3 min,blitz,55,Lost,9/1/2018
abhijeetgupta1016,2898,Keranke,2736,Black,3 min,blitz,43,Won,9/1/2018