player,player_rating,opponent,opponent_rating,side,time_control,time_category,moves,result,date
abhijeetgupta1016,2788,xwwzzz,2792,White,3 min,blitz,62,Won,10/8/2018
abhijeetgupta1016,2780,xwwzzz,2769,Black,3 min,blitz,39,Won,10/8/2018
abhijeetgupta1016,2772,xwwzzz,2777,White,3 min,blitz,39,Won,10/8/2018
abhijeetgupta1016,2763,jerom555888,2712,Black,3 min,blitz,71,Lost,10/5/2018
abhijeetgupta1016,2773,Rafa-Nadal,2859,Black,3 min,blitz,30,Won,10/5/2018
abhijeetgupta1016,2763,temus_galaktionov,2653,White,3 min,blitz,60,Won,10/5/2018
abhijeetgupta1016,2757,KuzubovYuriy,2724,Black,3 min,blitz,43,Lost,10/3/2018
abhijeetgupta1016,2766,KuzubovYuriy,2715,White,3 min,blitz,32,Lost,10/3/2018
abhijeetgupta1016,2776,KuzubovYuriy,2705,Black,3 min,blitz,21,Won,10/3/2018
abhijeetgupta1016,2769,KuzubovYuriy,2712,White,3 min,blitz,35,Won,10/3/2018
abhijeetgupta1016,2762,Alflame,2710,White,3 min,blitz,40,Won,10/3/2018
abhijeetgupta1016,2755,mishanick,2851,White,3 min,blitz,57,Lost,10/3/2018
abhijeetgupta1016,2761,fireblader,2763,White,3 min,blitz,48,Lost,10/3/2018
abhijeetgupta1016,2769,fireblader,2755,Black,3 min,blitz,30,Won,10/3/2018
abhijeetgupta1016,2761,Marcosernesto,2852,White,3 min,blitz,53,Lost,10/2/2018
abhijeetgupta1016,2767,Marcosernesto,2846,Black,3 min,blitz,17,Lost,10/2/2018
abhijeetgupta1016,2773,Marcosernesto,2840,White,3 min,blitz,76,Draw,10/2/2018
abhijeetgupta1016,2770,two_sided_polygon,2728,White,3 min,blitz,81,Draw,10/1/2018
abhijeetgupta1016,2771,Aleksey_Sorokin,2730,Black,3 min,blitz,66,Won,9/29/2018
abhijeetgupta1016,2764,Durarbayli,2730,Black,3 min,blitz,38,Lost,9/26/2018
abhijeetgupta1016,2773,Durarbayli,2721,White,3 min,blitz,42,Lost,9/26/2018
abhijeetgupta1016,2783,Durarbayli,2711,Black,3 min,blitz,43,Won,9/26/2018
abhijeetgupta1016,2776,Durarbayli,2718,White,3 min,blitz,62,Won,9/26/2018
abhijeetgupta1016,2769,sergoy,2782,Black,3 min,blitz,47,Draw,9/26/2018
abhijeetgupta1016,2769,IM_dmitrij,2799,White,3 min,blitz,66,Lost,9/26/2018
abhijeetgupta1016,2777,IM_dmitrij,2791,Black,3 min,blitz,59,Lost,9/26/2018
abhijeetgupta1016,2785,Tesla37,2702,White,3 min,blitz,48,Draw,9/25/2018
abhijeetgupta1016,2787,Tesla37,2700,Black,3 min,blitz,70,Won,9/25/2018
abhijeetgupta1016,2781,Tesla37,2706,White,3 min,blitz,60,Won,9/25/2018
abhijeetgupta1016,2774,Tesla37,2713,Black,3 min,blitz,54,Won,9/25/2018
abhijeetgupta1016,2767,Tesla37,2720,White,3 min,blitz,22,Lost,9/25/2018
abhijeetgupta1016,2777,Pasha_Technique,2702,Black,3 min,blitz,33,Won,9/25/2018
abhijeetgupta1016,2770,BilodeauA,2862,Black,3 min,blitz,38,Lost,9/24/2018
abhijeetgupta1016,2776,BilodeauA,2856,White,3 min,blitz,36,Lost,9/24/2018
abhijeetgupta1016,2783,BilodeauA,2849,Black,3 min,blitz,36,Lost,9/24/2018
abhijeetgupta1016,2790,BilodeauA,2842,White,3 min,blitz,65,Lost,9/24/2018
abhijeetgupta1016,2797,POPOV_IVAN,2730,White,3 min,blitz,66,Won,9/24/2018
abhijeetgupta1016,2790,MatsenkoSergey,2712,White,3 min,blitz,50,Won,9/24/2018
abhijeetgupta1016,2783,MatsenkoSergey,2719,Black,3 min,blitz,21,Won,9/24/2018
abhijeetgupta1016,2776,MatsenkoSergey,2726,White,3 min,blitz,34,Won,9/24/2018
abhijeetgupta1016,2769,MatsenkoSergey,2733,Black,3 min,blitz,58,Won,9/24/2018
abhijeetgupta1016,2762,MatsenkoSergey,2740,White,3 min,blitz,59,Won,9/24/2018
abhijeetgupta1016,2754,MatsenkoSergey,2748,Black,3 min,blitz,26,Won,9/24/2018
abhijeetgupta1016,2746,MatsenkoSergey,2756,White,3 min,blitz,19,Lost,9/24/2018
abhijeetgupta1016,2754,QDcoach,2695,Black,3 min,blitz,56,Lost,9/24/2018
abhijeetgupta1016,2764,worstpranimaster,2755,Black,3 min,blitz,72,Won,9/24/2018
abhijeetgupta1016,2755,QDcoach,2730,White,3 min,blitz,48,Lost,9/23/2018
abhijeetgupta1016,2764,Illingworth,2790,Black,3 min,blitz,60,Won,9/23/2018
abhijeetgupta1016,2755,Illingworth,2799,White,3 min,blitz,51,Won,9/23/2018
abhijeetgupta1016,2746,Illingworth,2808,Black,3 min,blitz,75,Lost,9/23/2018