player,player_rating,opponent,opponent_rating,side,time_control,time_category,moves,result,date
abhijeetgupta1016,2718,mukhin1,2812,White,1 min,bullet,62,Lost,3/7/2018
abhijeetgupta1016,2725,mukhin1,2806,Black,1 min,bullet,67,Lost,3/7/2018
abhijeetgupta1016,2733,mukhin1,2800,White,1 min,bullet,27,Lost,3/7/2018
abhijeetgupta1016,2742,mukhin1,2793,Black,1 min,bullet,24,Lost,3/7/2018
abhijeetgupta1016,2751,vsuri97,2119,White,1 min,bullet,38,Won,2/6/2018
abhijeetgupta1016,2751,elm2007,2530,Black,10 sec,bullet,26,Lost,12/25/2017
abhijeetgupta1016,2753,elm2007,2528,White,10 sec,bullet,17,Lost,12/25/2017
abhijeetgupta1016,2755,mukhin1,2713,White,1 min,bullet,34,Won,12/25/2017
abhijeetgupta1016,2748,mukhin1,2720,Black,1 min,bullet,64,Lost,12/25/2017
abhijeetgupta1016,2757,mukhin1,2711,White,1 min,bullet,37,Won,12/25/2017
abhijeetgupta1016,2750,mukhin1,2718,Black,1 min,bullet,23,Draw,12/25/2017
abhijeetgupta1016,2751,mukhin1,2717,White,1 min,bullet,64,Won,12/25/2017
abhijeetgupta1016,2743,mukhin1,2725,Black,1 min,bullet,54,Lost,12/25/2017
abhijeetgupta1016,2752,mukhin1,2716,White,1 min,bullet,29,Lost,12/25/2017
abhijeetgupta1016,2761,mukhin1,2707,Black,1 min,bullet,6,Won,12/25/2017
abhijeetgupta1016,2754,mukhin1,2714,White,1 min,bullet,29,Won,12/25/2017
abhijeetgupta1016,2747,mukhin1,2721,Black,1 min,bullet,10,Won,12/25/2017
abhijeetgupta1016,2739,mukhin1,2729,White,1 min,bullet,73,Won,12/25/2017
abhijeetgupta1016,2731,mukhin1,2737,Black,1 min,bullet,52,Won,12/25/2017
abhijeetgupta1016,2722,mukhin1,2746,White,1 min,bullet,35,Won,12/25/2017
abhijeetgupta1016,2713,mukhin1,2755,Black,1 min,bullet,24,Lost,12/25/2017
abhijeetgupta1016,2720,mukhin1,2748,White,1 min,bullet,54,Lost,12/25/2017
abhijeetgupta1016,2728,mukhin1,2740,Black,1 min,bullet,61,Won,12/25/2017
abhijeetgupta1016,2719,mukhin1,2749,White,1 min,bullet,62,Won,12/25/2017
abhijeetgupta1016,2710,mukhin1,2758,Black,1 min,bullet,28,Lost,12/25/2017
abhijeetgupta1016,2717,mukhin1,2751,White,1 min,bullet,70,Lost,12/25/2017
abhijeetgupta1016,2725,mukhin1,2743,Black,1 min,bullet,37,Lost,12/25/2017
abhijeetgupta1016,2733,mukhin1,2735,White,1 min,bullet,57,Won,12/25/2017
abhijeetgupta1016,2725,mukhin1,2743,Black,1 min,bullet,30,Won,12/25/2017
abhijeetgupta1016,2716,mukhin1,2752,White,1 min,bullet,26,Lost,12/25/2017
abhijeetgupta1016,2724,mukhin1,2744,Black,1 min,bullet,64,Lost,12/25/2017
abhijeetgupta1016,2732,mukhin1,2736,White,1 min,bullet,40,Won,12/25/2017
abhijeetgupta1016,2724,mukhin1,2744,Black,1 min,bullet,76,Won,12/25/2017
abhijeetgupta1016,2715,mukhin1,2753,White,1 min,bullet,53,Won,12/25/2017
abhijeetgupta1016,2706,mukhin1,2762,Black,1 min,bullet,49,Lost,12/25/2017
abhijeetgupta1016,2713,mukhin1,2755,White,1 min,bullet,44,Won,12/25/2017
abhijeetgupta1016,2704,mukhin1,2764,Black,1 min,bullet,59,Won,12/25/2017
abhijeetgupta1016,2694,mukhin1,2774,White,1 min,bullet,39,Won,12/25/2017
abhijeetgupta1016,2684,mukhin1,2781,White,1 min,bullet,42,Lost,12/25/2017
abhijeetgupta1016,2690,mukhin1,2775,Black,1 min,bullet,18,Lost,12/25/2017
abhijeetgupta1016,2696,mukhin1,2769,White,1 min,bullet,35,Lost,12/25/2017
abhijeetgupta1016,2703,mukhin1,2762,Black,1 min,bullet,45,Lost,12/25/2017
abhijeetgupta1016,2710,mukhin1,2755,Black,1 min,bullet,50,Won,12/25/2017
abhijeetgupta1016,2701,mukhin1,2764,White,1 min,bullet,37,Draw,12/25/2017
abhijeetgupta1016,2700,mukhin1,2765,Black,1 min,bullet,67,Won,12/25/2017
abhijeetgupta1016,2690,mukhin1,2775,White,1 min,bullet,34,Won,12/25/2017
abhijeetgupta1016,2680,Davit_Tiraturyan,2663,White,1 min,bullet,38,Won,12/18/2017
abhijeetgupta1016,2672,Davit_Tiraturyan,2671,Black,1 min,bullet,27,Won,12/18/2017
abhijeetgupta1016,2664,Davit_Tiraturyan,2679,White,1 min,bullet,34,Won,12/18/2017
abhijeetgupta1016,2655,Davit_Tiraturyan,2688,Black,1 min,bullet,28,Won,12/18/2017