player,player_rating,opponent,opponent_rating,side,time_control,time_category,moves,result,date
abhijeetgupta1016,2716,Markov_Mikhail,2694,Black,3 min,blitz,70,Draw,1/17/2019
abhijeetgupta1016,2717,BilodeauA,2762,Black,3 min,blitz,81,Lost,1/8/2019
abhijeetgupta1016,2725,BilodeauA,2755,White,3 min,blitz,49,Lost,1/8/2019
abhijeetgupta1016,2734,BilodeauA,2747,Black,3 min,blitz,71,Lost,1/8/2019
abhijeetgupta1016,2743,BilodeauA,2739,White,3 min,blitz,60,Lost,1/8/2019
abhijeetgupta1016,2753,MarchingCase,2643,White,3 min,blitz,71,Won,12/30/2018
abhijeetgupta1016,2747,Msb2,2801,White,3 min,blitz,79,Lost,11/6/2018
abhijeetgupta1016,2754,Msb2,2794,Black,3 min,blitz,84,Won,11/6/2018
abhijeetgupta1016,2745,StephenDedalus83,2777,White,3 min,blitz,16,Lost,10/15/2018
abhijeetgupta1016,2753,StephenDedalus83,2746,Black,3 min,blitz,35,Lost,10/15/2018
abhijeetgupta1016,2762,SantoBlue,2733,White,3 min,blitz,35,Lost,10/14/2018
abhijeetgupta1016,2771,SantoBlue,2724,Black,3 min,blitz,29,Won,10/14/2018
abhijeetgupta1016,2764,Aleksey_Sorokin,2678,White,3 min,blitz,17,Won,10/14/2018
abhijeetgupta1016,2758,Schokojunkie,2748,White,3 min,blitz,10,Lost,10/14/2018
abhijeetgupta1016,2767,Schokojunkie,2739,Black,3 min,blitz,46,Lost,10/14/2018
abhijeetgupta1016,2776,Schokojunkie,2730,White,3 min,blitz,42,Won,10/14/2018
abhijeetgupta1016,2769,Schokojunkie,2737,Black,3 min,blitz,48,Won,10/14/2018
abhijeetgupta1016,2761,Schokojunkie,2745,White,3 min,blitz,47,Won,10/14/2018
abhijeetgupta1016,2753,Schokojunkie,2753,Black,3 min,blitz,69,Lost,10/14/2018
abhijeetgupta1016,2761,mitrabhaa,2672,Black,3 min,blitz,34,Won,10/14/2018
abhijeetgupta1016,2755,Pavel_Korolyov,2741,White,3 min,blitz,84,Won,10/14/2018
abhijeetgupta1016,2747,Pavel_Korolyov,2749,Black,3 min,blitz,67,Draw,10/14/2018
abhijeetgupta1016,2747,Zivano,2838,Black,3 min,blitz,44,Lost,10/13/2018
abhijeetgupta1016,2753,SantoBlue,2782,White,3 min,blitz,1,Lost,10/13/2018
abhijeetgupta1016,2761,SantoBlue,2774,Black,3 min,blitz,26,Lost,10/13/2018
abhijeetgupta1016,2769,SantoBlue,2766,White,3 min,blitz,46,Won,10/13/2018
abhijeetgupta1016,2761,SantoBlue,2774,Black,3 min,blitz,72,Won,10/13/2018
abhijeetgupta1016,2752,SantoBlue,2783,White,3 min,blitz,30,Won,10/13/2018
abhijeetgupta1016,2743,SantoBlue,2792,Black,3 min,blitz,62,Won,10/13/2018
abhijeetgupta1016,2733,SantoBlue,2802,White,3 min,blitz,92,Lost,10/13/2018
abhijeetgupta1016,2740,SantoBlue,2795,Black,3 min,blitz,80,Lost,10/13/2018
abhijeetgupta1016,2747,ShahidKapoor97,2787,White,3 min,blitz,26,Lost,10/13/2018
abhijeetgupta1016,2754,bancsoo,2757,Black,3 min,blitz,39,Lost,10/13/2018
abhijeetgupta1016,2762,bancsoo,2749,White,3 min,blitz,40,Won,10/13/2018
abhijeetgupta1016,2754,bancsoo,2757,Black,3 min,blitz,53,Draw,10/13/2018
abhijeetgupta1016,2754,bancsoo,2757,White,3 min,blitz,23,Lost,10/13/2018
abhijeetgupta1016,2762,bancsoo,2749,Black,3 min,blitz,70,Won,10/13/2018
abhijeetgupta1016,2754,bancsoo,2757,White,3 min,blitz,24,Won,10/13/2018
abhijeetgupta1016,2746,bancsoo,2765,Black,3 min,blitz,30,Lost,10/12/2018
abhijeetgupta1016,2754,bancsoo,2757,White,3 min,blitz,58,Won,10/12/2018
abhijeetgupta1016,2746,bancsoo,2765,Black,3 min,blitz,69,Lost,10/12/2018
abhijeetgupta1016,2754,bancsoo,2757,White,3 min,blitz,38,Won,10/12/2018
abhijeetgupta1016,2746,Schokojunkie,2743,White,3 min,blitz,31,Lost,10/12/2018
abhijeetgupta1016,2754,Schokojunkie,2735,Black,3 min,blitz,54,Lost,10/12/2018
abhijeetgupta1016,2763,Schokojunkie,2726,White,3 min,blitz,22,Won,10/12/2018
abhijeetgupta1016,2756,Schokojunkie,2733,Black,3 min,blitz,47,Lost,10/12/2018
abhijeetgupta1016,2765,Noukii,2762,Black,3 min,blitz,81,Lost,10/12/2018
abhijeetgupta1016,2773,Noukii,2754,White,3 min,blitz,50,Lost,10/12/2018
abhijeetgupta1016,2782,Noukii,2745,Black,3 min,blitz,44,Draw,10/12/2018
abhijeetgupta1016,2783,Noukii,2744,White,3 min,blitz,72,Lost,10/12/2018