player,player_rating,opponent,opponent_rating,side,time_control,time_category,moves,result,date
abhijeetgupta1016,2815,BilodeauA,2778,Black,3 min,blitz,50,Won,9/3/2018
abhijeetgupta1016,2808,BilodeauA,2785,White,3 min,blitz,78,Lost,9/3/2018
abhijeetgupta1016,2817,BilodeauA,2776,Black,3 min,blitz,70,Lost,9/3/2018
abhijeetgupta1016,2826,BilodeauA,2767,White,3 min,blitz,29,Lost,9/3/2018
abhijeetgupta1016,2836,BilodeauA,2757,Black,3 min,blitz,20,Won,9/3/2018
abhijeetgupta1016,2829,BilodeauA,2764,White,3 min,blitz,93,Won,9/3/2018
abhijeetgupta1016,2822,BilodeauA,2771,Black,3 min,blitz,52,Won,9/3/2018
abhijeetgupta1016,2815,BilodeauA,2778,White,3 min,blitz,34,Won,9/3/2018
abhijeetgupta1016,2807,BilodeauA,2786,Black,3 min,blitz,27,Lost,9/3/2018
abhijeetgupta1016,2816,GMDorminToad,2832,White,3 min,blitz,41,Lost,9/3/2018
abhijeetgupta1016,2824,GMDorminToad,2824,Black,3 min,blitz,14,Lost,9/3/2018
abhijeetgupta1016,2832,Gabrielian_Artur,2701,White,3 min,blitz,37,Won,9/3/2018
abhijeetgupta1016,2827,Gabrielian_Artur,2706,Black,3 min,blitz,59,Won,9/3/2018
abhijeetgupta1016,2821,vsuri97,2778,White,3 min,blitz,33,Won,9/3/2018
abhijeetgupta1016,2814,vsuri97,2785,Black,3 min,blitz,53,Draw,9/3/2018
abhijeetgupta1016,2815,vsuri97,2784,White,3 min,blitz,36,Lost,9/3/2018
abhijeetgupta1016,2824,vsuri97,2775,Black,3 min,blitz,60,Lost,9/3/2018
abhijeetgupta1016,2834,arturchix,2744,White,3 min,blitz,61,Draw,9/3/2018
abhijeetgupta1016,2836,vsuri97,2757,White,3 min,blitz,12,Won,9/3/2018
abhijeetgupta1016,2829,vsuri97,2764,Black,3 min,blitz,19,Won,9/3/2018
abhijeetgupta1016,2822,vsuri97,2771,White,3 min,blitz,92,Lost,9/3/2018
abhijeetgupta1016,2832,vsuri97,2761,Black,3 min,blitz,36,Won,9/3/2018
abhijeetgupta1016,2825,vsuri97,2768,White,3 min,blitz,69,Won,9/3/2018
abhijeetgupta1016,2818,vsuri97,2775,Black,3 min,blitz,91,Won,9/3/2018
abhijeetgupta1016,2811,vsuri97,2782,White,3 min,blitz,25,Won,9/3/2018
abhijeetgupta1016,2803,vsuri97,2790,Black,3 min,blitz,54,Lost,9/3/2018
abhijeetgupta1016,2812,vsuri97,2781,White,3 min,blitz,47,Lost,9/3/2018
abhijeetgupta1016,2821,vsuri97,2772,Black,3 min,blitz,41,Won,9/3/2018
abhijeetgupta1016,2814,vsuri97,2779,White,3 min,blitz,66,Draw,9/3/2018
abhijeetgupta1016,2815,vsuri97,2778,Black,3 min,blitz,38,Lost,9/3/2018
abhijeetgupta1016,2824,vsuri97,2769,White,3 min,blitz,33,Won,9/3/2018
abhijeetgupta1016,2817,Prof_Imed,2753,White,3 min,blitz,44,Won,9/3/2018
abhijeetgupta1016,2810,GMHess,2744,White,3 min,blitz,50,Won,9/3/2018
abhijeetgupta1016,2803,GMHess,2751,Black,3 min,blitz,46,Won,9/3/2018
abhijeetgupta1016,2796,GMHess,2758,White,3 min,blitz,64,Won,9/3/2018
abhijeetgupta1016,2789,GMHess,2765,Black,3 min,blitz,32,Lost,9/3/2018
abhijeetgupta1016,2798,GMHess,2756,White,3 min,blitz,43,Lost,9/3/2018
abhijeetgupta1016,2807,GMHess,2747,Black,3 min,blitz,57,Draw,9/3/2018
abhijeetgupta1016,2808,GMHess,2746,White,3 min,blitz,26,Won,9/2/2018
abhijeetgupta1016,2801,GMHess,2753,Black,3 min,blitz,65,Won,9/2/2018
abhijeetgupta1016,2794,GMHess,2760,White,3 min,blitz,62,Lost,9/2/2018
abhijeetgupta1016,2803,GMHess,2751,Black,3 min,blitz,48,Won,9/2/2018
abhijeetgupta1016,2796,GMHess,2758,White,3 min,blitz,66,Lost,9/2/2018
abhijeetgupta1016,2805,GMHess,2749,Black,3 min,blitz,40,Won,9/2/2018
abhijeetgupta1016,2798,GMHess,2756,White,3 min,blitz,59,Lost,9/2/2018
abhijeetgupta1016,2807,GMHess,2747,Black,3 min,blitz,34,Draw,9/2/2018
abhijeetgupta1016,2808,GMHess,2746,White,3 min,blitz,48,Won,9/2/2018
abhijeetgupta1016,2801,GMHess,2753,Black,3 min,blitz,35,Lost,9/2/2018
abhijeetgupta1016,2810,GMHess,2744,White,3 min,blitz,29,Won,9/2/2018
abhijeetgupta1016,2803,GMHess,2751,Black,3 min,blitz,37,Lost,9/2/2018