player,player_rating,opponent,opponent_rating,side,time_control,time_category,moves,result,date
abhijeetgupta1016,2638,transponster,2704,White,1 min,bullet,84,Draw,7/4/2018
abhijeetgupta1016,2636,transponster,2706,Black,1 min,bullet,36,Won,7/4/2018
abhijeetgupta1016,2621,transponster,2716,White,1 min,bullet,46,Won,7/4/2018
abhijeetgupta1016,2605,transponster,2727,Black,1 min,bullet,32,Won,7/4/2018
abhijeetgupta1016,2587,MightySword92,2367,Black,1 min,bullet,72,Lost,3/24/2018
abhijeetgupta1016,2600,MightySword92,2354,White,1 min,bullet,34,Lost,3/24/2018
abhijeetgupta1016,2613,MightySword92,2341,Black,1 min,bullet,47,Lost,3/24/2018
abhijeetgupta1016,2627,MightySword92,2327,White,1 min,bullet,31,Won,3/24/2018
abhijeetgupta1016,2625,MightySword92,2330,Black,1 min,bullet,40,Lost,3/24/2018
abhijeetgupta1016,2639,MightySword92,2316,White,1 min,bullet,52,Won,3/24/2018
abhijeetgupta1016,2637,MightySword92,2318,Black,1 min,bullet,18,Won,3/24/2018
abhijeetgupta1016,2635,MightySword92,2320,White,1 min,bullet,60,Won,3/24/2018
abhijeetgupta1016,2633,MightySword92,2322,Black,1 min,bullet,29,Won,3/24/2018
abhijeetgupta1016,2631,MightySword92,2324,White,1 min,bullet,54,Won,3/24/2018
abhijeetgupta1016,2629,MightySword92,2326,Black,1 min,bullet,18,Won,3/24/2018
abhijeetgupta1016,2627,MightySword92,2328,White,1 min,bullet,61,Lost,3/24/2018
abhijeetgupta1016,2641,MightySword92,2314,Black,1 min,bullet,19,Won,3/24/2018
abhijeetgupta1016,2639,MightySword92,2316,White,1 min,bullet,25,Won,3/24/2018
abhijeetgupta1016,2637,MightySword92,2318,Black,1 min,bullet,39,Won,3/24/2018
abhijeetgupta1016,2635,MightySword92,2320,White,1 min,bullet,29,Won,3/24/2018
abhijeetgupta1016,2633,MightySword92,2322,Black,1 min,bullet,49,Lost,3/24/2018
abhijeetgupta1016,2647,MightySword92,2307,White,1 min,bullet,52,Won,3/24/2018
abhijeetgupta1016,2645,MightySword92,2309,Black,1 min,bullet,84,Lost,3/24/2018
abhijeetgupta1016,2659,MightySword92,2293,White,1 min,bullet,52,Won,3/24/2018
abhijeetgupta1016,2657,MightySword92,2295,Black,1 min,bullet,30,Won,3/24/2018
abhijeetgupta1016,2655,MightySword92,2297,White,1 min,bullet,74,Won,3/24/2018
abhijeetgupta1016,2653,MightySword92,2299,Black,1 min,bullet,61,Won,3/24/2018
abhijeetgupta1016,2651,MightySword92,2301,White,1 min,bullet,68,Draw,3/24/2018
abhijeetgupta1016,2657,MightySword92,2294,Black,1 min,bullet,63,Won,3/24/2018
abhijeetgupta1016,2655,Micki-taryan,2830,Black,1 min,bullet,55,Lost,3/22/2018
abhijeetgupta1016,2659,Micki-taryan,2826,White,1 min,bullet,68,Lost,3/22/2018
abhijeetgupta1016,2664,Micki-taryan,2821,Black,1 min,bullet,59,Lost,3/22/2018
abhijeetgupta1016,2669,Micki-taryan,2816,White,1 min,bullet,25,Lost,3/22/2018
abhijeetgupta1016,2674,Micki-taryan,2811,Black,1 min,bullet,43,Lost,3/22/2018
abhijeetgupta1016,2679,FastChance,2631,White,1 min,bullet,77,Lost,3/22/2018
abhijeetgupta1016,2689,FastChance,2621,Black,1 min,bullet,61,Won,3/22/2018
abhijeetgupta1016,2682,MightySword92,2282,White,1 min,bullet,22,Won,3/21/2018
abhijeetgupta1016,2681,MightySword92,2284,Black,1 min,bullet,21,Won,3/21/2018
abhijeetgupta1016,2679,MightySword92,2286,White,1 min,bullet,41,Won,3/21/2018
abhijeetgupta1016,2677,MightySword92,2288,Black,1 min,bullet,80,Lost,3/21/2018
abhijeetgupta1016,2692,MightySword92,2269,White,1 min,bullet,83,Lost,3/21/2018
abhijeetgupta1016,2707,Federtiu,2617,Black,1 min,bullet,35,Won,3/21/2018
abhijeetgupta1016,2701,Federtiu,2623,White,1 min,bullet,61,Won,3/21/2018
abhijeetgupta1016,2694,Federtiu,2630,Black,1 min,bullet,31,Won,3/21/2018
abhijeetgupta1016,2687,Federtiu,2637,White,1 min,bullet,38,Won,3/21/2018
abhijeetgupta1016,2680,Federtiu,2644,Black,1 min,bullet,39,Won,3/21/2018
abhijeetgupta1016,2673,Federtiu,2651,White,1 min,bullet,20,Lost,3/21/2018
abhijeetgupta1016,2682,Federtiu,2642,Black,1 min,bullet,31,Lost,3/21/2018
abhijeetgupta1016,2691,Federtiu,2633,White,1 min,bullet,56,Won,3/21/2018
abhijeetgupta1016,2684,Federtiu,2640,Black,1 min,bullet,46,Lost,3/21/2018