player,player_rating,opponent,opponent_rating,side,time_control,time_category,moves,result,date
abhijeetgupta1016,2856,Gamza_Juventus,2805,Black,3 min,blitz,35,Lost,8/30/2018
abhijeetgupta1016,2866,Gamza_Juventus,2795,White,3 min,blitz,40,Lost,8/30/2018
abhijeetgupta1016,2876,Gamza_Juventus,2785,Black,3 min,blitz,52,Draw,8/30/2018
abhijeetgupta1016,2878,pKiLz5Rn9b,2822,Black,3 min,blitz,71,Lost,8/30/2018
abhijeetgupta1016,2888,Gamza_Juventus,2783,White,3 min,blitz,90,Draw,8/30/2018
abhijeetgupta1016,2890,Gamza_Juventus,2781,Black,3 min,blitz,28,Won,8/30/2018
abhijeetgupta1016,2884,TigranLPetrosyan,2779,Black,3 min,blitz,50,Won,8/30/2018
abhijeetgupta1016,2878,TigranLPetrosyan,2785,White,3 min,blitz,30,Won,8/30/2018
abhijeetgupta1016,2872,TigranLPetrosyan,2791,Black,3 min,blitz,38,Won,8/30/2018
abhijeetgupta1016,2866,TigranLPetrosyan,2797,White,3 min,blitz,29,Won,8/30/2018
abhijeetgupta1016,2859,TigranLPetrosyan,2804,Black,3 min,blitz,30,Won,8/30/2018
abhijeetgupta1016,2852,TigranLPetrosyan,2811,White,3 min,blitz,55,Lost,8/30/2018
abhijeetgupta1016,2861,Firouzja2003,2786,Black,3 min,blitz,106,Draw,8/30/2018
abhijeetgupta1016,2863,Firouzja2003,2784,White,3 min,blitz,22,Won,8/30/2018
abhijeetgupta1016,2857,AntonSmirnov,2817,Black,3 min,blitz,57,Won,8/30/2018
abhijeetgupta1016,2850,AntonSmirnov,2824,White,3 min,blitz,52,Draw,8/30/2018
abhijeetgupta1016,2851,AntonSmirnov,2823,Black,3 min,blitz,41,Draw,8/30/2018
abhijeetgupta1016,2852,AntonSmirnov,2822,White,3 min,blitz,40,Lost,8/30/2018
abhijeetgupta1016,2861,AntonSmirnov,2813,Black,3 min,blitz,47,Won,8/30/2018
abhijeetgupta1016,2854,AntonSmirnov,2820,White,3 min,blitz,61,Lost,8/30/2018
abhijeetgupta1016,2863,Tapuah,2805,White,3 min,blitz,18,Won,8/30/2018
abhijeetgupta1016,2856,Tapuah,2812,Black,3 min,blitz,41,Lost,8/30/2018
abhijeetgupta1016,2865,Tapuah,2803,White,3 min,blitz,62,Won,8/30/2018
abhijeetgupta1016,2858,Aryangholami,2764,Black,3 min,blitz,38,Draw,8/30/2018
abhijeetgupta1016,2860,Aryangholami,2762,White,3 min,blitz,46,Won,8/30/2018
abhijeetgupta1016,2854,Mykola-Bortnyk,2934,Black,3 min,blitz,59,Lost,8/29/2018
abhijeetgupta1016,2860,Mykola-Bortnyk,2928,White,3 min,blitz,36,Lost,8/29/2018
abhijeetgupta1016,2867,Julio_Becerra,2809,Black,3 min,blitz,52,Lost,8/29/2018
abhijeetgupta1016,2877,Julio_Becerra,2799,White,3 min,blitz,46,Won,8/29/2018
abhijeetgupta1016,2870,Julio_Becerra,2806,Black,3 min,blitz,40,Draw,8/29/2018
abhijeetgupta1016,2872,Zhigalko_Sergei,2952,White,3 min,blitz,32,Lost,8/29/2018
abhijeetgupta1016,2878,Zhigalko_Sergei,2946,Black,3 min,blitz,26,Lost,8/29/2018
abhijeetgupta1016,2885,Zhigalko_Sergei,2939,White,3 min,blitz,62,Lost,8/29/2018
abhijeetgupta1016,2892,Zhigalko_Sergei,2932,Black,3 min,blitz,60,Lost,8/29/2018
abhijeetgupta1016,2899,Zhigalko_Sergei,2925,White,3 min,blitz,41,Lost,8/29/2018
abhijeetgupta1016,2907,Zhigalko_Sergei,2917,Black,3 min,blitz,63,Draw,8/29/2018
abhijeetgupta1016,2907,Zhigalko_Sergei,2900,White,3 min,blitz,86,Lost,8/28/2018
abhijeetgupta1016,2916,nihalsarin,2796,White,3 min,blitz,54,Won,8/28/2018
abhijeetgupta1016,2910,TigranLPetrosyan,2776,Black,3 min,blitz,28,Won,8/28/2018
abhijeetgupta1016,2905,TigranLPetrosyan,2781,White,3 min,blitz,45,Won,8/28/2018
abhijeetgupta1016,2899,TigranLPetrosyan,2787,Black,3 min,blitz,51,Won,8/28/2018
abhijeetgupta1016,2893,TigranLPetrosyan,2793,White,3 min,blitz,39,Won,8/28/2018
abhijeetgupta1016,2887,TigranLPetrosyan,2799,Black,3 min,blitz,50,Won,8/28/2018
abhijeetgupta1016,2881,TigranLPetrosyan,2805,White,3 min,blitz,23,Won,8/28/2018
abhijeetgupta1016,2874,TigranLPetrosyan,2812,Black,3 min,blitz,32,Lost,8/28/2018
abhijeetgupta1016,2884,TigranLPetrosyan,2802,White,3 min,blitz,72,Won,8/28/2018
abhijeetgupta1016,2878,TigranLPetrosyan,2808,Black,3 min,blitz,32,Draw,8/28/2018
abhijeetgupta1016,2880,TigranLPetrosyan,2806,White,3 min,blitz,63,Lost,8/28/2018
abhijeetgupta1016,2890,TigranLPetrosyan,2796,Black,3 min,blitz,58,Lost,8/28/2018
abhijeetgupta1016,2901,TigranLPetrosyan,2785,White,3 min,blitz,64,Draw,8/28/2018