player,player_rating,opponent,opponent_rating,side,time_control,time_category,moves,result,date
abhijeetgupta1016,2767,Sanan_Sjugirov,2837,White,3|2,blitz,47,Lost,9/9/2018
abhijeetgupta1016,2774,Sanan_Sjugirov,2830,Black,3|2,blitz,30,Draw,9/9/2018
abhijeetgupta1016,2773,Sanan_Sjugirov,2831,White,3|2,blitz,47,Lost,9/9/2018
abhijeetgupta1016,2780,Sanan_Sjugirov,2824,Black,3|2,blitz,26,Lost,9/9/2018
abhijeetgupta1016,2787,Sanan_Sjugirov,2817,White,3|2,blitz,66,Lost,9/9/2018
abhijeetgupta1016,2795,Sanan_Sjugirov,2809,Black,3|2,blitz,54,Won,9/9/2018
abhijeetgupta1016,2786,Vovof,2711,Black,3 min,blitz,68,Lost,9/9/2018
abhijeetgupta1016,2796,David_Paravyan,2857,Black,3|1,blitz,66,Won,9/9/2018
abhijeetgupta1016,2786,David_Paravyan,2867,White,3|1,blitz,35,Lost,9/9/2018
abhijeetgupta1016,2792,lupitarodas,2753,White,3 min,blitz,29,Lost,9/9/2018
abhijeetgupta1016,2801,lupitarodas,2744,Black,3 min,blitz,20,Won,9/9/2018
abhijeetgupta1016,2794,lupitarodas,2751,White,3 min,blitz,63,Won,9/9/2018
abhijeetgupta1016,2787,lupitarodas,2758,Black,3 min,blitz,16,Lost,9/9/2018
abhijeetgupta1016,2796,eljanov,2791,Black,3 min,blitz,47,Lost,9/8/2018
abhijeetgupta1016,2804,eljanov,2783,White,3 min,blitz,54,Won,9/8/2018
abhijeetgupta1016,2796,eljanov,2791,Black,3 min,blitz,81,Lost,9/8/2018
abhijeetgupta1016,2805,eljanov,2782,White,3 min,blitz,53,Lost,9/8/2018
abhijeetgupta1016,2814,Shant_Sargsyan,2776,White,3 min,blitz,68,Won,9/8/2018
abhijeetgupta1016,2807,Shant_Sargsyan,2783,Black,3 min,blitz,38,Won,9/8/2018
abhijeetgupta1016,2799,Bigfish1995,2925,Black,3|1,blitz,55,Won,9/8/2018
abhijeetgupta1016,2788,Bigfish1995,2936,White,3|1,blitz,38,Lost,9/8/2018
abhijeetgupta1016,2793,Bigfish1995,2931,Black,3|1,blitz,27,Lost,9/8/2018
abhijeetgupta1016,2798,Bigfish1995,2926,White,3|1,blitz,31,Lost,9/8/2018
abhijeetgupta1016,2803,Bigfish1995,2921,Black,3|1,blitz,53,Lost,9/8/2018
abhijeetgupta1016,2809,Bigfish1995,2915,White,3|1,blitz,41,Lost,9/8/2018
abhijeetgupta1016,2815,Mykola-Bortnyk,2945,Black,3 min,blitz,77,Lost,9/8/2018
abhijeetgupta1016,2820,Mykola-Bortnyk,2940,White,3 min,blitz,59,Lost,9/8/2018
abhijeetgupta1016,2826,GeorgMeier,2805,White,3|1,blitz,30,Won,9/8/2018
abhijeetgupta1016,2818,GeorgMeier,2813,Black,3|1,blitz,48,Draw,9/8/2018
abhijeetgupta1016,2818,AntonSmirnov,2754,White,3 min,blitz,13,Won,9/8/2018
abhijeetgupta1016,2811,AntonSmirnov,2761,Black,3 min,blitz,24,Won,9/8/2018
abhijeetgupta1016,2804,AntonSmirnov,2768,White,3 min,blitz,37,Draw,9/8/2018
abhijeetgupta1016,2805,AntonSmirnov,2767,Black,3 min,blitz,24,Lost,9/8/2018
abhijeetgupta1016,2814,AntonSmirnov,2758,White,3 min,blitz,26,Won,9/8/2018
abhijeetgupta1016,2807,AntonSmirnov,2771,Black,3 min,blitz,78,Won,9/8/2018
abhijeetgupta1016,2800,AntonSmirnov,2778,White,3 min,blitz,23,Won,9/8/2018
abhijeetgupta1016,2792,AntonSmirnov,2786,Black,3 min,blitz,58,Lost,9/8/2018
abhijeetgupta1016,2801,AntonSmirnov,2777,White,3 min,blitz,22,Won,9/8/2018
abhijeetgupta1016,2793,DanielNaroditsky,2976,Black,3 min,blitz,31,Lost,9/8/2018
abhijeetgupta1016,2797,DanielNaroditsky,2972,White,3 min,blitz,77,Lost,9/8/2018
abhijeetgupta1016,2801,DanielNaroditsky,2968,Black,3 min,blitz,27,Lost,9/8/2018
abhijeetgupta1016,2806,MrVezunchik,2751,White,3 min,blitz,17,Won,9/7/2018
abhijeetgupta1016,2799,MrVezunchik,2758,Black,3 min,blitz,37,Won,9/7/2018
abhijeetgupta1016,2792,MrVezunchik,2765,White,3 min,blitz,49,Won,9/7/2018
abhijeetgupta1016,2784,MrVezunchik,2773,Black,3 min,blitz,26,Won,9/7/2018
abhijeetgupta1016,2776,MrVezunchik,2781,White,3 min,blitz,30,Won,9/7/2018
abhijeetgupta1016,2768,MrVezunchik,2789,Black,3 min,blitz,43,Won,9/7/2018
abhijeetgupta1016,2759,MrVezunchik,2798,White,3 min,blitz,85,Won,9/7/2018
abhijeetgupta1016,2750,Radzio1987,2767,Black,3 min,blitz,25,Lost,9/7/2018
abhijeetgupta1016,2758,Radzio1987,2759,White,3 min,blitz,39,Draw,9/7/2018