player,player_rating,opponent,opponent_rating,side,time_control,time_category,moves,result,date
abhijeetgupta1016,2670,vsuri97,2595,Black,1|1,bullet,70,Lost,3/18/2019
abhijeetgupta1016,2680,vsuri97,2585,White,1|1,bullet,32,Won,3/18/2019
abhijeetgupta1016,2674,vsuri97,2591,Black,1|1,bullet,34,Won,3/18/2019
abhijeetgupta1016,2668,vsuri97,2597,White,1|1,bullet,27,Lost,3/18/2019
abhijeetgupta1016,2678,vsuri97,2587,Black,1|1,bullet,63,Draw,3/18/2019
abhijeetgupta1016,2680,vsuri97,2585,White,1|1,bullet,33,Won,3/18/2019
abhijeetgupta1016,2674,vsuri97,2591,Black,1|1,bullet,51,Lost,3/18/2019
abhijeetgupta1016,2684,vsuri97,2581,White,1|1,bullet,17,Won,3/18/2019
abhijeetgupta1016,2678,vsuri97,2587,Black,1|1,bullet,4,Won,3/18/2019
abhijeetgupta1016,2672,vsuri97,2593,White,1|1,bullet,35,Won,3/18/2019
abhijeetgupta1016,2665,vsuri97,2600,Black,1|1,bullet,57,Won,3/17/2019
abhijeetgupta1016,2658,vsuri97,2607,White,1|1,bullet,21,Won,3/17/2019
abhijeetgupta1016,2651,vsuri97,2614,Black,1|1,bullet,26,Lost,3/17/2019
abhijeetgupta1016,2660,vsuri97,2605,White,1|1,bullet,42,Lost,3/17/2019
abhijeetgupta1016,2670,vsuri97,2595,Black,1|1,bullet,36,Won,3/17/2019
abhijeetgupta1016,2663,vsuri97,2602,White,1|1,bullet,39,Won,3/17/2019
abhijeetgupta1016,2656,vsuri97,2609,Black,1|1,bullet,35,Lost,3/17/2019
abhijeetgupta1016,2666,vsuri97,2599,White,1|1,bullet,50,Won,3/17/2019
abhijeetgupta1016,2659,vsuri97,2606,Black,1|1,bullet,31,Won,3/17/2019
abhijeetgupta1016,2652,vsuri97,2613,White,1|1,bullet,59,Lost,3/17/2019
abhijeetgupta1016,2661,vsuri97,2604,Black,1|1,bullet,38,Lost,3/17/2019
abhijeetgupta1016,2671,vsuri97,2594,White,1|1,bullet,24,Won,3/17/2019
abhijeetgupta1016,2664,vsuri97,2601,Black,1|1,bullet,34,Won,3/17/2019
abhijeetgupta1016,2657,vsuri97,2608,White,1|1,bullet,40,Won,3/17/2019
abhijeetgupta1016,2649,vsuri97,2615,Black,1|1,bullet,25,Won,3/17/2019
abhijeetgupta1016,2641,vsuri97,2623,White,1|1,bullet,18,Won,3/17/2019
abhijeetgupta1016,2632,vsuri97,2631,Black,1|1,bullet,38,Won,3/17/2019
abhijeetgupta1016,2622,vsuri97,2639,White,1|1,bullet,25,Lost,3/17/2019
abhijeetgupta1016,2632,vsuri97,2631,Black,1|1,bullet,28,Lost,3/17/2019
abhijeetgupta1016,2642,vsuri97,2623,White,1|1,bullet,30,Won,3/17/2019
abhijeetgupta1016,2632,vsuri97,2631,Black,1|1,bullet,69,Draw,3/17/2019
abhijeetgupta1016,2632,vsuri97,2631,White,1|1,bullet,41,Won,3/17/2019
abhijeetgupta1016,2621,vsuri97,2639,Black,1|1,bullet,32,Lost,3/17/2019
abhijeetgupta1016,2632,vsuri97,2631,White,1|1,bullet,37,Lost,3/17/2019
abhijeetgupta1016,2644,vsuri97,2623,Black,1|1,bullet,39,Won,3/17/2019
abhijeetgupta1016,2632,vsuri97,2631,White,1|1,bullet,60,Lost,3/17/2019
abhijeetgupta1016,2645,vsuri97,2623,Black,1|1,bullet,46,Lost,3/17/2019
abhijeetgupta1016,2659,vsuri97,2614,White,1|1,bullet,51,Won,3/17/2019
abhijeetgupta1016,2647,vsuri97,2621,Black,1|1,bullet,27,Won,3/17/2019
abhijeetgupta1016,2633,vsuri97,2629,White,1|1,bullet,32,Lost,3/17/2019
abhijeetgupta1016,2649,vsuri97,2620,Black,1|1,bullet,16,Won,3/17/2019
abhijeetgupta1016,2634,vsuri97,2628,White,1|1,bullet,34,Won,3/17/2019
abhijeetgupta1016,2618,vsuri97,2636,Black,1|1,bullet,22,Won,3/17/2019
abhijeetgupta1016,2599,vsuri97,2645,White,1|1,bullet,54,Lost,3/17/2019
abhijeetgupta1016,2615,vsuri97,2638,Black,1|1,bullet,21,Won,3/17/2019
abhijeetgupta1016,2594,vsuri97,2647,White,1|1,bullet,37,Lost,3/17/2019
abhijeetgupta1016,2611,vsuri97,2640,Black,1|1,bullet,29,Lost,3/17/2019
abhijeetgupta1016,2631,vsuri97,2632,White,1|1,bullet,29,Won,3/17/2019
abhijeetgupta1016,2608,vsuri97,2641,Black,1|1,bullet,47,Lost,3/17/2019
abhijeetgupta1016,2631,Amincheraghi99,2603,White,1 min,bullet,29,Won,12/30/2018