player,player_rating,opponent,opponent_rating,side,time_control,time_category,moves,result,date
abhijeetgupta1016,2753,Illingworth,2801,White,3 min,blitz,53,Lost,9/23/2018
abhijeetgupta1016,2760,Illingworth,2794,Black,3 min,blitz,84,Draw,9/23/2018
abhijeetgupta1016,2759,GHANDEEVAM2003,2883,White,3 min,blitz,52,Lost,9/23/2018
abhijeetgupta1016,2764,GHANDEEVAM2003,2878,Black,3 min,blitz,49,Lost,9/23/2018
abhijeetgupta1016,2770,GHANDEEVAM2003,2872,White,3 min,blitz,100,Lost,9/23/2018
abhijeetgupta1016,2776,GHANDEEVAM2003,2866,Black,3 min,blitz,51,Lost,9/23/2018
abhijeetgupta1016,2782,ProfesseurImed,2755,White,3 min,blitz,34,Lost,9/22/2018
abhijeetgupta1016,2791,ficorrales,2735,White,3 min,blitz,14,Lost,9/21/2018
abhijeetgupta1016,2801,ficorrales,2725,Black,3 min,blitz,36,Lost,9/21/2018
abhijeetgupta1016,2811,Mykola-Bortnyk,2944,Black,3 min,blitz,71,Lost,9/20/2018
abhijeetgupta1016,2816,Mykola-Bortnyk,2939,White,3 min,blitz,28,Lost,9/20/2018
abhijeetgupta1016,2822,Mykola-Bortnyk,2933,Black,3 min,blitz,82,Won,9/20/2018
abhijeetgupta1016,2811,Mykola-Bortnyk,2944,White,3 min,blitz,89,Lost,9/20/2018
abhijeetgupta1016,2816,mishanick,2872,Black,3 min,blitz,34,Lost,9/17/2018
abhijeetgupta1016,2823,mishanick,2865,White,3 min,blitz,33,Lost,9/17/2018
abhijeetgupta1016,2830,mishanick,2858,Black,3 min,blitz,40,Lost,9/17/2018
abhijeetgupta1016,2838,mishanick,2850,White,3 min,blitz,26,Draw,9/17/2018
abhijeetgupta1016,2838,justantan,2729,Black,3 min,blitz,23,Won,9/16/2018
abhijeetgupta1016,2832,Zhigalko_Sergei,2859,Black,3 min,blitz,22,Lost,9/15/2018
abhijeetgupta1016,2840,Margvela90,2762,White,3 min,blitz,64,Lost,9/15/2018
abhijeetgupta1016,2850,2Vladimirovich90,2943,Black,3 min,blitz,37,Lost,9/15/2018
abhijeetgupta1016,2856,2Vladimirovich90,2937,White,3 min,blitz,47,Draw,9/15/2018
abhijeetgupta1016,2854,2Vladimirovich90,2939,Black,3 min,blitz,61,Lost,9/15/2018
abhijeetgupta1016,2860,2Vladimirovich90,2933,White,3 min,blitz,28,Lost,9/15/2018
abhijeetgupta1016,2867,2Vladimirovich90,2926,Black,3 min,blitz,49,Won,9/15/2018
abhijeetgupta1016,2857,2Vladimirovich90,2936,White,3 min,blitz,66,Lost,9/15/2018
abhijeetgupta1016,2863,2Vladimirovich90,2930,Black,3 min,blitz,47,Won,9/15/2018
abhijeetgupta1016,2853,2Vladimirovich90,2940,White,3 min,blitz,39,Lost,9/15/2018
abhijeetgupta1016,2859,Mykola-Bortnyk,2892,Black,3 min,blitz,46,Lost,9/15/2018
abhijeetgupta1016,2867,Mykola-Bortnyk,2884,White,3 min,blitz,58,Lost,9/15/2018
abhijeetgupta1016,2875,Bigfish1995,2911,Black,3|2,blitz,43,Won,9/15/2018
abhijeetgupta1016,2866,Bigfish1995,2920,White,3|2,blitz,57,Lost,9/15/2018
abhijeetgupta1016,2873,Bigfish1995,2913,Black,3|2,blitz,35,Lost,9/15/2018
abhijeetgupta1016,2880,Bigfish1995,2906,White,3|2,blitz,47,Won,9/15/2018
abhijeetgupta1016,2871,DanielNaroditsky,3013,White,3 min,blitz,74,Lost,9/14/2018
abhijeetgupta1016,2876,DanielNaroditsky,3008,Black,3 min,blitz,56,Lost,9/14/2018
abhijeetgupta1016,2881,Bigfish1995,2907,Black,3 min,blitz,82,Won,9/14/2018
abhijeetgupta1016,2872,Bigfish1995,2916,White,3 min,blitz,57,Lost,9/14/2018
abhijeetgupta1016,2879,DanielNaroditsky,3003,Black,3 min,blitz,27,Lost,9/13/2018
abhijeetgupta1016,2884,DanielNaroditsky,2998,White,3 min,blitz,90,Lost,9/13/2018
abhijeetgupta1016,2890,DanielNaroditsky,2992,Black,3 min,blitz,52,Won,9/13/2018
abhijeetgupta1016,2879,DanielNaroditsky,3003,White,3 min,blitz,82,Lost,9/13/2018
abhijeetgupta1016,2884,DanielNaroditsky,2998,Black,3 min,blitz,41,Lost,9/13/2018
abhijeetgupta1016,2890,DanielNaroditsky,2992,White,3 min,blitz,76,Draw,9/13/2018
abhijeetgupta1016,2888,DanielNaroditsky,2994,Black,3 min,blitz,54,Lost,9/13/2018
abhijeetgupta1016,2894,DanielNaroditsky,2988,White,3 min,blitz,48,Won,9/13/2018
abhijeetgupta1016,2883,DanielNaroditsky,2999,Black,3 min,blitz,33,Lost,9/13/2018
abhijeetgupta1016,2889,DanielNaroditsky,2993,White,3 min,blitz,52,Won,9/13/2018
abhijeetgupta1016,2878,Msb2,2781,White,3 min,blitz,65,Won,9/13/2018
abhijeetgupta1016,2872,Msb2,2787,Black,3 min,blitz,41,Won,9/13/2018