player,player_rating,opponent,opponent_rating,side,time_control,time_category,moves,result,date
abhijeetgupta1016,2646,Davit_Tiraturyan,2697,White,1 min,bullet,25,Lost,12/18/2017
abhijeetgupta1016,2653,Davit_Tiraturyan,2690,Black,1 min,bullet,21,Lost,12/18/2017
abhijeetgupta1016,2660,Davit_Tiraturyan,2683,White,1 min,bullet,57,Draw,12/18/2017
abhijeetgupta1016,2659,Davit_Tiraturyan,2684,Black,1 min,bullet,31,Won,12/18/2017
abhijeetgupta1016,2650,Davit_Tiraturyan,2693,White,1 min,bullet,51,Lost,12/18/2017
abhijeetgupta1016,2657,Davit_Tiraturyan,2686,Black,1 min,bullet,69,Won,12/18/2017
abhijeetgupta1016,2648,Davit_Tiraturyan,2695,White,1 min,bullet,56,Lost,12/18/2017
abhijeetgupta1016,2655,Davit_Tiraturyan,2688,Black,1 min,bullet,78,Lost,12/18/2017
abhijeetgupta1016,2663,Davit_Tiraturyan,2680,White,1 min,bullet,16,Won,12/18/2017
abhijeetgupta1016,2654,Davit_Tiraturyan,2689,Black,1 min,bullet,27,Won,12/18/2017
abhijeetgupta1016,2644,Davit_Tiraturyan,2698,White,1 min,bullet,39,Won,12/18/2017
abhijeetgupta1016,2634,Davit_Tiraturyan,2708,Black,1 min,bullet,63,Lost,12/18/2017
abhijeetgupta1016,2641,Davit_Tiraturyan,2701,White,1 min,bullet,38,Lost,12/18/2017
abhijeetgupta1016,2649,Davit_Tiraturyan,2694,Black,1 min,bullet,21,Won,12/18/2017
abhijeetgupta1016,2638,Davit_Tiraturyan,2703,White,1 min,bullet,49,Won,12/18/2017
abhijeetgupta1016,2626,Davit_Tiraturyan,2713,Black,1 min,bullet,27,Lost,12/18/2017
abhijeetgupta1016,2634,LiYankai,2597,White,1 min,bullet,29,Won,12/9/2017
abhijeetgupta1016,2625,LiYankai,2600,Black,1 min,bullet,30,Lost,12/9/2017
abhijeetgupta1016,2635,Kyart,2826,Black,1 min,bullet,30,Lost,11/12/2017
abhijeetgupta1016,2639,Kyart,2817,White,1 min,bullet,60,Lost,11/12/2017
abhijeetgupta1016,2644,Kyart,2808,Black,1 min,bullet,49,Lost,11/12/2017
abhijeetgupta1016,2649,Kyart,2797,White,1 min,bullet,45,Lost,11/12/2017
abhijeetgupta1016,2654,Duhless,2824,White,1 min,bullet,44,Won,11/12/2017
abhijeetgupta1016,2642,Duhless,2836,Black,1 min,bullet,63,Won,11/12/2017
abhijeetgupta1016,2630,Duhless,2848,White,1 min,bullet,9,Lost,11/12/2017
abhijeetgupta1016,2634,Duhless,2844,Black,1 min,bullet,64,Won,11/12/2017
abhijeetgupta1016,2621,Duhless,2857,White,1 min,bullet,38,Lost,11/12/2017
abhijeetgupta1016,2624,Duhless,2854,Black,1 min,bullet,30,Lost,11/12/2017
abhijeetgupta1016,2628,Duhless,2851,White,1 min,bullet,62,Lost,11/12/2017
abhijeetgupta1016,2632,Duhless,2847,Black,1 min,bullet,39,Lost,11/12/2017
abhijeetgupta1016,2636,Duhless,2843,White,1 min,bullet,29,Lost,11/12/2017
abhijeetgupta1016,2640,Duhless,2839,Black,1 min,bullet,24,Lost,11/12/2017
abhijeetgupta1016,2644,Duhless,2847,White,1|1,bullet,44,Lost,11/6/2017
abhijeetgupta1016,2648,Duhless,2843,Black,1|1,bullet,79,Lost,11/6/2017
abhijeetgupta1016,2652,Duhless,2839,White,1|1,bullet,32,Lost,11/6/2017
abhijeetgupta1016,2657,Duhless,2835,Black,1|1,bullet,29,Won,11/6/2017
abhijeetgupta1016,2644,Duhless,2847,White,1|1,bullet,57,Lost,11/6/2017
abhijeetgupta1016,2648,7hanat,2682,White,1 min,bullet,76,Won,9/23/2017
abhijeetgupta1016,2639,7hanat,2691,Black,1 min,bullet,75,Lost,9/23/2017
abhijeetgupta1016,2646,FastChance,2600,Black,1 min,bullet,58,Lost,9/23/2017
abhijeetgupta1016,2655,FastChance,2591,White,1 min,bullet,65,Won,9/23/2017
abhijeetgupta1016,2648,FastChance,2598,Black,1 min,bullet,66,Lost,9/23/2017
abhijeetgupta1016,2658,FastChance,2588,White,1 min,bullet,57,Won,9/23/2017
abhijeetgupta1016,2651,FastChance,2595,Black,1 min,bullet,52,Lost,9/23/2017
abhijeetgupta1016,2661,FastChance,2585,White,1 min,bullet,27,Lost,9/22/2017
abhijeetgupta1016,2671,MatthewG-p4p,2814,White,1 min,bullet,5,Draw,9/20/2017
abhijeetgupta1016,2668,MatthewG-p4p,2817,Black,1 min,bullet,40,Lost,9/20/2017
abhijeetgupta1016,2673,Last7Samurai,2637,White,1 min,bullet,43,Won,9/19/2017
abhijeetgupta1016,2665,Last7Samurai,2645,Black,1 min,bullet,22,Won,9/19/2017
abhijeetgupta1016,2657,Last7Samurai,2653,White,1 min,bullet,39,Lost,9/19/2017