player,player_rating,opponent,opponent_rating,side,time_control,time_category,moves,result,date
abhijeetgupta1016,2578,Rikikits,2643,Black,1 min,bullet,22,Lost,1/13/2017
abhijeetgupta1016,2585,Rikikits,2636,White,1 min,bullet,51,Lost,1/13/2017
abhijeetgupta1016,2592,Rikikits,2629,Black,1 min,bullet,29,Lost,1/13/2017
abhijeetgupta1016,2600,Rikikits,2621,White,1 min,bullet,59,Won,1/13/2017
abhijeetgupta1016,2591,Rikikits,2630,Black,1 min,bullet,43,Won,1/13/2017
abhijeetgupta1016,2582,Rikikits,2639,White,1 min,bullet,61,Won,1/13/2017
abhijeetgupta1016,2572,Rikikits,2649,Black,1 min,bullet,20,Lost,1/13/2017
abhijeetgupta1016,2579,Rikikits,2642,White,1 min,bullet,59,Lost,1/13/2017
abhijeetgupta1016,2586,Rikikits,2635,Black,1 min,bullet,34,Lost,1/13/2017
abhijeetgupta1016,2593,Rikikits,2628,White,1 min,bullet,50,Won,1/13/2017
abhijeetgupta1016,2584,Rikikits,2637,Black,1 min,bullet,46,Lost,1/13/2017
abhijeetgupta1016,2591,Rikikits,2630,White,1 min,bullet,54,Lost,1/13/2017
abhijeetgupta1016,2598,Rikikits,2623,Black,1 min,bullet,27,Won,1/13/2017
abhijeetgupta1016,2589,Rikikits,2632,White,1 min,bullet,47,Draw,1/13/2017
abhijeetgupta1016,2588,FCChelsea14,2488,White,1 min,bullet,38,Won,1/13/2017
abhijeetgupta1016,2582,FCChelsea14,2494,Black,1 min,bullet,47,Won,1/13/2017
abhijeetgupta1016,2575,FCChelsea14,2500,White,1 min,bullet,58,Won,1/13/2017
abhijeetgupta1016,2568,FCChelsea14,2507,Black,1 min,bullet,36,Won,1/13/2017
abhijeetgupta1016,2560,FCChelsea14,2514,White,1 min,bullet,18,Won,1/13/2017
abhijeetgupta1016,2551,FCChelsea14,2521,Black,1 min,bullet,62,Lost,1/13/2017
abhijeetgupta1016,2562,FCChelsea14,2512,White,1 min,bullet,39,Won,1/13/2017
abhijeetgupta1016,2553,FCChelsea14,2519,Black,1 min,bullet,63,Won,1/13/2017
abhijeetgupta1016,2543,FCChelsea14,2527,White,1 min,bullet,61,Draw,1/13/2017
abhijeetgupta1016,2544,FCChelsea14,2527,Black,1 min,bullet,43,Won,1/13/2017
abhijeetgupta1016,2533,FCChelsea14,2535,White,1 min,bullet,66,Draw,1/13/2017
abhijeetgupta1016,2533,gmcyborek,2507,Black,1 min,bullet,47,Lost,10/9/2015
abhijeetgupta1016,2545,gmcyborek,2498,White,1 min,bullet,21,Lost,10/9/2015
abhijeetgupta1016,2558,gmcyborek,2488,Black,1 min,bullet,46,Won,10/9/2015
abhijeetgupta1016,2548,gmcyborek,2495,White,1 min,bullet,36,Won,10/9/2015
abhijeetgupta1016,2537,gmcyborek,2502,Black,1 min,bullet,41,Lost,10/9/2015
abhijeetgupta1016,2551,LePlusMortel,2545,White,1 min,bullet,52,Lost,10/8/2015
abhijeetgupta1016,2564,LePlusMortel,2536,Black,1 min,bullet,66,Won,10/8/2015
abhijeetgupta1016,2552,LePlusMortel,2544,White,1 min,bullet,33,Won,10/8/2015
abhijeetgupta1016,2538,LePlusMortel,2552,Black,1 min,bullet,69,Lost,10/8/2015
abhijeetgupta1016,2552,LePlusMortel,2544,White,1 min,bullet,67,Lost,10/8/2015
abhijeetgupta1016,2568,LePlusMortel,2535,Black,1 min,bullet,54,Lost,10/8/2015
abhijeetgupta1016,2585,LePlusMortel,2526,White,1 min,bullet,59,Lost,10/8/2015
abhijeetgupta1016,2604,LePlusMortel,2516,Black,1 min,bullet,34,Won,10/8/2015
abhijeetgupta1016,2591,LePlusMortel,2522,White,1 min,bullet,21,Won,10/8/2015
abhijeetgupta1016,2576,LePlusMortel,2529,Black,1 min,bullet,49,Lost,10/8/2015
abhijeetgupta1016,2597,LePlusMortel,2519,White,1 min,bullet,56,Lost,10/8/2015
abhijeetgupta1016,2621,LePlusMortel,2508,Black,1 min,bullet,72,Lost,10/8/2015
abhijeetgupta1016,2648,LePlusMortel,2497,White,1 min,bullet,50,Won,10/8/2015
abhijeetgupta1016,2635,Mastercnh,2361,Black,1 min,bullet,42,Won,10/8/2015
abhijeetgupta1016,2627,Mastercnh,2364,White,1 min,bullet,23,Won,10/8/2015
abhijeetgupta1016,2618,Mastercnh,2367,Black,1 min,bullet,42,Won,10/8/2015
abhijeetgupta1016,2608,Mastercnh,2370,White,1 min,bullet,53,Won,10/8/2015
abhijeetgupta1016,2597,Mastercnh,2373,Black,1 min,bullet,23,Won,10/8/2015
abhijeetgupta1016,2585,Mastercnh,2377,White,1 min,bullet,22,Won,10/8/2015
abhijeetgupta1016,2572,Mastercnh,2381,Black,1 min,bullet,47,Lost,10/8/2015