player,player_rating,opponent,opponent_rating,side,time_control,time_category,moves,result,date
abhijeetgupta1016,2693,7hanat,2726,Black,1 min,bullet,18,Won,3/21/2018
abhijeetgupta1016,2684,7hanat,2735,White,1 min,bullet,60,Lost,3/21/2018
abhijeetgupta1016,2691,7hanat,2728,Black,1 min,bullet,71,Lost,3/21/2018
abhijeetgupta1016,2699,7hanat,2720,White,1 min,bullet,95,Lost,3/21/2018
abhijeetgupta1016,2707,Gomatte,2596,White,1 min,bullet,22,Won,3/20/2018
abhijeetgupta1016,2701,ZapataCharlesS,2648,Black,1 min,bullet,65,Won,3/20/2018
abhijeetgupta1016,2694,ZapataCharlesS,2655,White,1 min,bullet,54,Lost,3/20/2018
abhijeetgupta1016,2703,ZapataCharlesS,2646,Black,1 min,bullet,80,Draw,3/20/2018
abhijeetgupta1016,2704,ZapataCharlesS,2645,White,1 min,bullet,30,Lost,3/20/2018
abhijeetgupta1016,2714,Rikikits,2652,White,1 min,bullet,28,Won,3/20/2018
abhijeetgupta1016,2707,Rikikits,2659,Black,1 min,bullet,51,Lost,3/20/2018
abhijeetgupta1016,2717,Rikikits,2649,White,1 min,bullet,48,Won,3/20/2018
abhijeetgupta1016,2710,Rikikits,2656,Black,1 min,bullet,21,Won,3/20/2018
abhijeetgupta1016,2703,Rikikits,2663,White,1 min,bullet,55,Won,3/20/2018
abhijeetgupta1016,2696,Rikikits,2670,Black,1 min,bullet,31,Won,3/20/2018
abhijeetgupta1016,2688,Rikikits,2678,White,1 min,bullet,63,Lost,3/20/2018
abhijeetgupta1016,2697,Rikikits,2669,Black,1 min,bullet,41,Draw,3/20/2018
abhijeetgupta1016,2698,Rikikits,2668,White,1 min,bullet,59,Lost,3/20/2018
abhijeetgupta1016,2707,Rikikits,2659,Black,1 min,bullet,29,Lost,3/20/2018
abhijeetgupta1016,2716,Rikikits,2650,White,1 min,bullet,61,Draw,3/20/2018
abhijeetgupta1016,2718,Rikikits,2648,Black,1 min,bullet,68,Lost,3/20/2018
abhijeetgupta1016,2728,bascheyaro,2627,White,1 min,bullet,46,Won,3/20/2018
abhijeetgupta1016,2722,bascheyaro,2633,Black,1 min,bullet,55,Lost,3/20/2018
abhijeetgupta1016,2732,bascheyaro,2623,White,1 min,bullet,55,Won,3/20/2018
abhijeetgupta1016,2726,bascheyaro,2629,Black,1 min,bullet,40,Won,3/20/2018
abhijeetgupta1016,2720,bascheyaro,2635,White,1 min,bullet,74,Won,3/20/2018
abhijeetgupta1016,2714,bascheyaro,2641,Black,1 min,bullet,72,Won,3/20/2018
abhijeetgupta1016,2707,bascheyaro,2648,White,1 min,bullet,52,Lost,3/20/2018
abhijeetgupta1016,2717,bascheyaro,2638,Black,1 min,bullet,42,Lost,3/20/2018
abhijeetgupta1016,2727,bascheyaro,2628,White,1 min,bullet,65,Draw,3/20/2018
abhijeetgupta1016,2729,bascheyaro,2626,Black,1 min,bullet,87,Won,3/20/2018
abhijeetgupta1016,2723,bascheyaro,2632,White,1 min,bullet,27,Lost,3/20/2018
abhijeetgupta1016,2733,bascheyaro,2622,Black,1 min,bullet,78,Won,3/20/2018
abhijeetgupta1016,2727,ingenierochess,2715,Black,1 min,bullet,0,Won,3/20/2018
abhijeetgupta1016,2719,ingenierochess,2723,White,1 min,bullet,30,Won,3/20/2018
abhijeetgupta1016,2711,ingenierochess,2731,Black,1 min,bullet,32,Won,3/20/2018
abhijeetgupta1016,2702,Ehsanovski,2685,White,1 min,bullet,1,Won,3/19/2018
abhijeetgupta1016,2694,memer5334,2599,Black,1 min,bullet,33,Won,3/19/2018
abhijeetgupta1016,2688,memer5334,2605,White,1 min,bullet,34,Won,3/19/2018
abhijeetgupta1016,2682,Ehsanovski,2693,Black,1 min,bullet,47,Lost,3/19/2018
abhijeetgupta1016,2690,Ehsanovski,2685,White,1 min,bullet,51,Lost,3/19/2018
abhijeetgupta1016,2699,Ehsanovski,2676,Black,1 min,bullet,42,Won,3/19/2018
abhijeetgupta1016,2691,Ehsanovski,2684,White,1 min,bullet,55,Draw,3/19/2018
abhijeetgupta1016,2691,Ehsanovski,2684,Black,1 min,bullet,50,Lost,3/19/2018
abhijeetgupta1016,2700,FastChance,2703,White,1 min,bullet,6,Lost,3/19/2018
abhijeetgupta1016,2709,FastChance,2695,Black,1 min,bullet,60,Lost,3/19/2018
abhijeetgupta1016,2719,Ehsanovski,2675,White,1 min,bullet,51,Won,3/19/2018
abhijeetgupta1016,2710,Ehsanovski,2682,Black,1 min,bullet,39,Won,3/19/2018
abhijeetgupta1016,2700,Ehsanovski,2690,White,1 min,bullet,34,Lost,3/19/2018
abhijeetgupta1016,2711,mukhin1,2818,Black,1 min,bullet,22,Lost,3/7/2018