player,player_rating,opponent,opponent_rating,side,time_control,time_category,moves,result,date
abhijeetgupta1016,2770,Indianlad,2796,White,3 min,blitz,54,Won,7/22/2018
abhijeetgupta1016,2761,Indianlad,2805,Black,3 min,blitz,32,Won,7/22/2018
abhijeetgupta1016,2752,Indianlad,2814,White,3 min,blitz,22,Lost,7/22/2018
abhijeetgupta1016,2759,Indianlad,2807,Black,3 min,blitz,15,Lost,7/22/2018
abhijeetgupta1016,2766,Indianlad,2800,White,3 min,blitz,39,Lost,7/22/2018
abhijeetgupta1016,2774,Indianlad,2792,Black,3 min,blitz,43,Lost,7/22/2018
abhijeetgupta1016,2782,josephmathew,2736,White,3 min,blitz,32,Lost,7/22/2018
abhijeetgupta1016,2791,archern72,2748,Black,3 min,blitz,48,Lost,7/22/2018
abhijeetgupta1016,2800,archern72,2739,White,3 min,blitz,54,Lost,7/22/2018
abhijeetgupta1016,2810,archern72,2729,Black,3 min,blitz,54,Lost,7/22/2018
abhijeetgupta1016,2820,archern72,2719,White,3 min,blitz,37,Won,7/22/2018
abhijeetgupta1016,2814,MrVezunchik,2795,Black,3 min,blitz,74,Lost,7/22/2018
abhijeetgupta1016,2823,MrVezunchik,2786,White,3 min,blitz,20,Won,7/22/2018
abhijeetgupta1016,2816,MrVezunchik,2793,Black,3 min,blitz,29,Won,7/22/2018
abhijeetgupta1016,2808,MrVezunchik,2801,White,3 min,blitz,45,Lost,7/22/2018
abhijeetgupta1016,2817,MrVezunchik,2792,Black,3 min,blitz,89,Lost,7/22/2018
abhijeetgupta1016,2826,MrVezunchik,2783,White,3 min,blitz,79,Lost,7/22/2018
abhijeetgupta1016,2835,MrVezunchik,2774,Black,3 min,blitz,22,Won,7/22/2018
abhijeetgupta1016,2828,MrVezunchik,2781,White,3 min,blitz,44,Won,7/22/2018
abhijeetgupta1016,2821,MrVezunchik,2788,Black,3 min,blitz,44,Lost,7/22/2018
abhijeetgupta1016,2830,MrVezunchik,2779,White,3 min,blitz,62,Lost,7/22/2018
abhijeetgupta1016,2840,MrVezunchik,2769,Black,3 min,blitz,31,Won,7/22/2018
abhijeetgupta1016,2833,MrVezunchik,2776,White,3 min,blitz,35,Won,7/22/2018
abhijeetgupta1016,2826,MrVezunchik,2783,Black,3 min,blitz,26,Won,7/22/2018
abhijeetgupta1016,2819,Yaacovn,2830,Black,3 min,blitz,79,Lost,7/22/2018
abhijeetgupta1016,2827,Yaacovn,2822,White,3 min,blitz,33,Lost,7/22/2018
abhijeetgupta1016,2835,Yaacovn,2814,Black,3 min,blitz,52,Won,7/22/2018
abhijeetgupta1016,2827,Muisback26,2828,Black,3 min,blitz,53,Lost,7/22/2018
abhijeetgupta1016,2835,Yaacovn,2822,White,3 min,blitz,70,Lost,7/22/2018
abhijeetgupta1016,2844,Chesslock17,2757,Black,3 min,blitz,47,Won,7/22/2018
abhijeetgupta1016,2838,Chesslock17,2763,White,3 min,blitz,23,Won,7/22/2018
abhijeetgupta1016,2831,Chesslock17,2770,Black,3 min,blitz,81,Won,7/22/2018
abhijeetgupta1016,2824,Chesslock17,2777,White,3 min,blitz,103,Lost,7/22/2018
abhijeetgupta1016,2833,Chesslock17,2768,Black,3 min,blitz,43,Lost,7/22/2018
abhijeetgupta1016,2843,Chesslock17,2758,White,3 min,blitz,34,Won,7/22/2018
abhijeetgupta1016,2837,Malik02,2731,White,3 min,blitz,25,Won,7/22/2018
abhijeetgupta1016,2831,Malik02,2737,Black,3 min,blitz,88,Draw,7/22/2018
abhijeetgupta1016,2833,pKiLz5Rn9b,2820,White,3 min,blitz,27,Won,7/22/2018
abhijeetgupta1016,2825,pKiLz5Rn9b,2828,Black,3 min,blitz,68,Won,7/22/2018
abhijeetgupta1016,2817,pKiLz5Rn9b,2836,White,3 min,blitz,43,Won,7/22/2018
abhijeetgupta1016,2808,mishanick,2794,Black,3 min,blitz,23,Won,7/22/2018
abhijeetgupta1016,2800,mishanick,2802,White,3 min,blitz,21,Won,7/22/2018
abhijeetgupta1016,2792,mishanick,2810,Black,3 min,blitz,48,Won,7/22/2018
abhijeetgupta1016,2783,mishanick,2819,White,3 min,blitz,66,Lost,7/22/2018
abhijeetgupta1016,2790,mishanick,2812,Black,3 min,blitz,38,Won,7/22/2018
abhijeetgupta1016,2781,mishanick,2821,White,3 min,blitz,55,Lost,7/22/2018
abhijeetgupta1016,2788,mishanick,2814,Black,3 min,blitz,33,Won,7/22/2018
abhijeetgupta1016,2779,mishanick,2823,White,3 min,blitz,26,Lost,7/22/2018
abhijeetgupta1016,2786,mishanick,2816,Black,3 min,blitz,68,Lost,7/22/2018
abhijeetgupta1016,2794,mishanick,2808,White,3 min,blitz,50,Won,7/22/2018