player,player_rating,opponent,opponent_rating,side,time_control,time_category,moves,result,date
abhijeetgupta1016,2866,Msb2,2793,White,3 min,blitz,64,Won,9/13/2018
abhijeetgupta1016,2859,eljanov,2845,White,3 min,blitz,42,Lost,9/12/2018
abhijeetgupta1016,2868,eljanov,2836,Black,3 min,blitz,67,Won,9/12/2018
abhijeetgupta1016,2860,eljanov,2844,White,3 min,blitz,46,Lost,9/12/2018
abhijeetgupta1016,2869,eljanov,2835,Black,3 min,blitz,31,Lost,9/12/2018
abhijeetgupta1016,2878,eljanov,2826,White,3 min,blitz,28,Lost,9/12/2018
abhijeetgupta1016,2888,Polish_fighter3000,2890,White,3 min,blitz,60,Won,9/12/2018
abhijeetgupta1016,2880,Polish_fighter3000,2898,Black,3 min,blitz,43,Draw,9/12/2018
abhijeetgupta1016,2880,Polish_fighter3000,2898,White,3 min,blitz,48,Won,9/12/2018
abhijeetgupta1016,2871,Polish_fighter3000,2907,Black,3 min,blitz,55,Won,9/12/2018
abhijeetgupta1016,2862,Polish_fighter3000,2916,White,3 min,blitz,42,Won,9/12/2018
abhijeetgupta1016,2852,Polish_fighter3000,2926,Black,3 min,blitz,37,Lost,9/12/2018
abhijeetgupta1016,2859,Polish_fighter3000,2919,White,3 min,blitz,40,Lost,9/12/2018
abhijeetgupta1016,2866,Polish_fighter3000,2912,Black,3 min,blitz,66,Lost,9/12/2018
abhijeetgupta1016,2873,Polish_fighter3000,2905,White,3 min,blitz,34,Won,9/12/2018
abhijeetgupta1016,2864,Polish_fighter3000,2914,Black,3 min,blitz,28,Lost,9/12/2018
abhijeetgupta1016,2871,Polish_fighter3000,2907,White,3 min,blitz,53,Lost,9/12/2018
abhijeetgupta1016,2878,Polish_fighter3000,2900,Black,3 min,blitz,28,Won,9/12/2018
abhijeetgupta1016,2869,Polish_fighter3000,2909,White,3 min,blitz,45,Won,9/12/2018
abhijeetgupta1016,2860,Polish_fighter3000,2918,Black,3 min,blitz,43,Won,9/12/2018
abhijeetgupta1016,2850,Polish_fighter3000,2928,White,3 min,blitz,41,Lost,9/12/2018
abhijeetgupta1016,2857,Polish_fighter3000,2921,Black,3 min,blitz,54,Won,9/12/2018
abhijeetgupta1016,2847,Polish_fighter3000,2931,White,3 min,blitz,24,Lost,9/12/2018
abhijeetgupta1016,2853,Polish_fighter3000,2925,Black,3 min,blitz,65,Draw,9/12/2018
abhijeetgupta1016,2851,Polish_fighter3000,2927,White,3 min,blitz,40,Lost,9/12/2018
abhijeetgupta1016,2858,Polish_fighter3000,2920,Black,3 min,blitz,59,Won,9/12/2018
abhijeetgupta1016,2848,Polish_fighter3000,2930,White,3 min,blitz,42,Lost,9/12/2018
abhijeetgupta1016,2854,Polish_fighter3000,2924,Black,3 min,blitz,57,Won,9/12/2018
abhijeetgupta1016,2844,justantan,2743,White,3 min,blitz,31,Won,9/12/2018
abhijeetgupta1016,2838,Yaacovn,2733,Black,3 min,blitz,31,Won,9/12/2018
abhijeetgupta1016,2832,Yaacovn,2739,White,3 min,blitz,52,Won,9/12/2018
abhijeetgupta1016,2826,Mykola-Bortnyk,2882,Black,3 min,blitz,38,Won,9/12/2018
abhijeetgupta1016,2816,Mykola-Bortnyk,2892,White,3 min,blitz,49,Won,9/12/2018
abhijeetgupta1016,2806,transponster,2737,White,3 min,blitz,26,Won,9/12/2018
abhijeetgupta1016,2799,transponster,2744,Black,3 min,blitz,39,Won,9/12/2018
abhijeetgupta1016,2792,transponster,2751,White,3 min,blitz,77,Won,9/12/2018
abhijeetgupta1016,2785,transponster,2758,Black,3 min,blitz,41,Won,9/12/2018
abhijeetgupta1016,2777,transponster,2766,White,3 min,blitz,36,Won,9/12/2018
abhijeetgupta1016,2769,transponster,2774,Black,3 min,blitz,37,Won,9/12/2018
abhijeetgupta1016,2761,transponster,2782,White,3 min,blitz,56,Lost,9/12/2018
abhijeetgupta1016,2769,transponster,2774,Black,3 min,blitz,30,Won,9/12/2018
abhijeetgupta1016,2760,transponster,2783,White,3 min,blitz,33,Lost,9/12/2018
abhijeetgupta1016,2768,transponster,2775,Black,3 min,blitz,33,Won,9/12/2018
abhijeetgupta1016,2759,transponster,2784,White,3 min,blitz,36,Lost,9/12/2018
abhijeetgupta1016,2767,Sanan_Sjugirov,2839,White,3 min,blitz,65,Lost,9/11/2018
abhijeetgupta1016,2774,Sanan_Sjugirov,2832,Black,3 min,blitz,72,Draw,9/11/2018
abhijeetgupta1016,2773,Sanan_Sjugirov,2833,White,3 min,blitz,71,Lost,9/11/2018
abhijeetgupta1016,2780,Sanan_Sjugirov,2826,Black,3 min,blitz,27,Lost,9/11/2018
abhijeetgupta1016,2787,Sanan_Sjugirov,2819,White,3 min,blitz,59,Won,9/11/2018
abhijeetgupta1016,2778,Sanan_Sjugirov,2828,Black,3 min,blitz,45,Won,9/11/2018