player,player_rating,opponent,opponent_rating,side,time_control,time_category,moves,result,date
abhijeetgupta1016,2614,Amincheraghi99,2611,Black,1 min,bullet,44,Lost,12/30/2018
abhijeetgupta1016,2633,Jovencitos33,2596,Black,1 min,bullet,46,Lost,8/29/2018
abhijeetgupta1016,2642,KenanGarayev,2700,Black,1 min,bullet,68,Draw,8/29/2018
abhijeetgupta1016,2641,FanMWPChess,2638,White,1 min,bullet,37,Lost,8/27/2018
abhijeetgupta1016,2649,Jovencitos33,2725,White,30 sec,bullet,55,Lost,8/27/2018
abhijeetgupta1016,2656,Jovencitos33,2718,Black,30 sec,bullet,40,Lost,8/27/2018
abhijeetgupta1016,2663,Jovencitos33,2711,White,30 sec,bullet,56,Lost,8/27/2018
abhijeetgupta1016,2670,Jovencitos33,2704,Black,30 sec,bullet,62,Won,8/27/2018
abhijeetgupta1016,2661,Jovencitos33,2713,White,30 sec,bullet,42,Won,8/27/2018
abhijeetgupta1016,2651,Jovencitos33,2723,Black,30 sec,bullet,35,Lost,8/27/2018
abhijeetgupta1016,2658,Jovencitos33,2716,White,30 sec,bullet,63,Lost,8/27/2018
abhijeetgupta1016,2665,FanMWPChess,2632,Black,1 min,bullet,76,Lost,8/27/2018
abhijeetgupta1016,2675,FanMWPChess,2617,White,1 min,bullet,52,Won,8/27/2018
abhijeetgupta1016,2667,FanMWPChess,2629,Black,1 min,bullet,70,Lost,8/27/2018
abhijeetgupta1016,2678,FanMWPChess,2613,White,1 min,bullet,54,Won,8/27/2018
abhijeetgupta1016,2670,sjdhdhskjdhs,2666,White,1 min,bullet,38,Won,8/27/2018
abhijeetgupta1016,2660,SuperAbdulla,1854,Black,1 min,bullet,25,Won,8/8/2018
abhijeetgupta1016,2660,SuperAbdulla,1854,Black,1 min,bullet,18,Won,8/8/2018
abhijeetgupta1016,2660,SuperAbdulla,1854,Black,1 min,bullet,25,Won,8/8/2018
abhijeetgupta1016,2660,SuperAbdulla,1854,White,1 min,bullet,22,Won,8/8/2018
abhijeetgupta1016,2660,Toyota_Land_Cruiser,2597,White,1 min,bullet,31,Won,7/31/2018
abhijeetgupta1016,2653,Toyota_Land_Cruiser,2604,Black,1 min,bullet,18,Lost,7/31/2018
abhijeetgupta1016,2663,Toyota_Land_Cruiser,2594,White,1 min,bullet,42,Lost,7/31/2018
abhijeetgupta1016,2673,swapchess90,2661,Black,1 min,bullet,41,Won,7/31/2018
abhijeetgupta1016,2665,swapchess90,2669,White,1 min,bullet,52,Lost,7/31/2018
abhijeetgupta1016,2673,swapchess90,2661,Black,1 min,bullet,25,Won,7/31/2018
abhijeetgupta1016,2665,swapchess90,2669,White,1 min,bullet,59,Won,7/31/2018
abhijeetgupta1016,2656,swapchess90,2678,Black,1 min,bullet,32,Lost,7/31/2018
abhijeetgupta1016,2664,swapchess90,2670,White,1 min,bullet,58,Lost,7/31/2018
abhijeetgupta1016,2673,swapchess90,2662,Black,1 min,bullet,95,Lost,7/31/2018
abhijeetgupta1016,2682,thatsallshewrote,2739,Black,1 min,bullet,23,Won,7/24/2018
abhijeetgupta1016,2672,thatsallshewrote,2749,White,1 min,bullet,21,Lost,7/24/2018
abhijeetgupta1016,2679,thatsallshewrote,2742,Black,1 min,bullet,24,Lost,7/24/2018
abhijeetgupta1016,2686,thatsallshewrote,2735,White,1 min,bullet,30,Won,7/24/2018
abhijeetgupta1016,2676,thatsallshewrote,2745,Black,1 min,bullet,36,Won,7/24/2018
abhijeetgupta1016,2665,thatsallshewrote,2755,White,1 min,bullet,59,Lost,7/24/2018
abhijeetgupta1016,2672,thatsallshewrote,2749,Black,1 min,bullet,43,Lost,7/24/2018
abhijeetgupta1016,2680,thatsallshewrote,2742,White,1 min,bullet,38,Won,7/24/2018
abhijeetgupta1016,2668,thatsallshewrote,2752,Black,1 min,bullet,25,Won,7/24/2018
abhijeetgupta1016,2655,thatsallshewrote,2762,White,1 min,bullet,37,Won,7/24/2018
abhijeetgupta1016,2641,thatsallshewrote,2773,Black,1 min,bullet,52,Lost,7/24/2018
abhijeetgupta1016,2648,thatsallshewrote,2768,White,1 min,bullet,29,Lost,7/24/2018
abhijeetgupta1016,2656,transponster,2692,White,1 min,bullet,38,Lost,7/4/2018
abhijeetgupta1016,2665,transponster,2684,Black,1 min,bullet,50,Lost,7/4/2018
abhijeetgupta1016,2674,transponster,2676,White,1 min,bullet,65,Draw,7/4/2018
abhijeetgupta1016,2674,transponster,2676,Black,1 min,bullet,60,Won,7/4/2018
abhijeetgupta1016,2664,transponster,2684,White,1 min,bullet,23,Won,7/4/2018
abhijeetgupta1016,2653,transponster,2693,Black,1 min,bullet,27,Lost,7/4/2018
abhijeetgupta1016,2663,transponster,2686,White,1 min,bullet,58,Won,7/4/2018
abhijeetgupta1016,2651,transponster,2695,Black,1 min,bullet,34,Won,7/4/2018