player,player_rating,opponent,opponent_rating,side,time_control,time_category,moves,result,date
abhijeetgupta1016,2798,Anton_Demchenko,2789,White,3 min,blitz,43,Won,9/6/2018
abhijeetgupta1016,2790,Anton_Demchenko,2797,Black,3 min,blitz,56,Lost,9/6/2018
abhijeetgupta1016,2798,Anton_Demchenko,2789,White,3 min,blitz,34,Lost,9/6/2018
abhijeetgupta1016,2807,Anton_Demchenko,2780,Black,3 min,blitz,74,Won,9/6/2018
abhijeetgupta1016,2799,Anton_Demchenko,2788,White,3 min,blitz,32,Lost,9/6/2018
abhijeetgupta1016,2808,Anton_Demchenko,2779,Black,3 min,blitz,17,Lost,9/6/2018
abhijeetgupta1016,2817,Anton_Demchenko,2770,White,3 min,blitz,23,Lost,9/6/2018
abhijeetgupta1016,2827,Anton_Demchenko,2760,Black,3 min,blitz,32,Won,9/6/2018
abhijeetgupta1016,2820,Anton_Demchenko,2767,White,3 min,blitz,29,Won,9/6/2018
abhijeetgupta1016,2813,Anton_Demchenko,2774,Black,3 min,blitz,16,Lost,9/6/2018
abhijeetgupta1016,2822,Anton_Demchenko,2765,White,3 min,blitz,26,Won,9/6/2018
abhijeetgupta1016,2815,Anton_Demchenko,2772,Black,3 min,blitz,25,Lost,9/6/2018
abhijeetgupta1016,2824,Anton_Demchenko,2763,White,3 min,blitz,61,Won,9/6/2018
abhijeetgupta1016,2817,Anton_Demchenko,2770,Black,3 min,blitz,39,Lost,9/6/2018
abhijeetgupta1016,2826,Anton_Demchenko,2761,White,3 min,blitz,58,Won,9/6/2018
abhijeetgupta1016,2819,Anton_Demchenko,2768,Black,3 min,blitz,55,Won,9/6/2018
abhijeetgupta1016,2812,Anton_Demchenko,2775,White,3 min,blitz,47,Won,9/6/2018
abhijeetgupta1016,2804,Anton_Demchenko,2783,Black,3 min,blitz,47,Won,9/6/2018
abhijeetgupta1016,2796,Anton_Demchenko,2791,White,3 min,blitz,38,Lost,9/6/2018
abhijeetgupta1016,2804,Anton_Demchenko,2783,Black,3 min,blitz,23,Lost,9/6/2018
abhijeetgupta1016,2813,Anton_Demchenko,2774,White,3 min,blitz,68,Draw,9/6/2018
abhijeetgupta1016,2814,Anton_Demchenko,2773,Black,3 min,blitz,42,Won,9/6/2018
abhijeetgupta1016,2807,Anton_Demchenko,2780,White,3 min,blitz,33,Won,9/6/2018
abhijeetgupta1016,2799,BilodeauA,2788,White,3 min,blitz,40,Won,9/6/2018
abhijeetgupta1016,2791,BilodeauA,2796,Black,3 min,blitz,60,Won,9/6/2018
abhijeetgupta1016,2783,BilodeauA,2804,White,3 min,blitz,55,Won,9/6/2018
abhijeetgupta1016,2774,BilodeauA,2813,Black,3 min,blitz,41,Lost,9/6/2018
abhijeetgupta1016,2781,BilodeauA,2806,White,3 min,blitz,41,Lost,9/6/2018
abhijeetgupta1016,2789,BilodeauA,2798,Black,3 min,blitz,32,Won,9/6/2018
abhijeetgupta1016,2780,BilodeauA,2807,White,3 min,blitz,37,Lost,9/6/2018
abhijeetgupta1016,2788,BilodeauA,2799,Black,3 min,blitz,38,Lost,9/6/2018
abhijeetgupta1016,2796,BilodeauA,2791,White,3 min,blitz,41,Won,9/6/2018
abhijeetgupta1016,2788,BilodeauA,2799,Black,3 min,blitz,19,Lost,9/6/2018
abhijeetgupta1016,2796,BilodeauA,2791,White,3 min,blitz,36,Won,9/6/2018
abhijeetgupta1016,2788,BilodeauA,2799,Black,3 min,blitz,31,Lost,9/6/2018
abhijeetgupta1016,2796,Tapuah,2787,White,3 min,blitz,1,Lost,9/6/2018
abhijeetgupta1016,2805,fireheart92,2832,White,3 min,blitz,69,Lost,9/6/2018
abhijeetgupta1016,2813,fireheart92,2824,Black,3 min,blitz,38,Lost,9/6/2018
abhijeetgupta1016,2821,fireheart92,2816,White,3 min,blitz,41,Draw,9/6/2018
abhijeetgupta1016,2821,fireheart92,2816,Black,3 min,blitz,35,Lost,9/6/2018
abhijeetgupta1016,2830,fireheart92,2807,White,3 min,blitz,30,Won,9/6/2018
abhijeetgupta1016,2822,fireheart92,2815,Black,3 min,blitz,33,Won,9/6/2018
abhijeetgupta1016,2814,Firouzja2003,2906,Black,3 min,blitz,86,Draw,9/4/2018
abhijeetgupta1016,2812,Firouzja2003,2908,White,3 min,blitz,30,Lost,9/4/2018
abhijeetgupta1016,2818,MichaelRoiz,2858,White,3 min,blitz,68,Draw,9/3/2018
abhijeetgupta1016,2817,MichaelRoiz,2860,Black,3 min,blitz,38,Draw,9/3/2018
abhijeetgupta1016,2816,MichaelRoiz,2862,White,3 min,blitz,42,Won,9/3/2018
abhijeetgupta1016,2806,BilodeauA,2803,White,3 min,blitz,51,Lost,9/3/2018
abhijeetgupta1016,2798,BilodeauA,2795,Black,3 min,blitz,33,Lost,9/3/2018
abhijeetgupta1016,2806,BilodeauA,2787,White,3 min,blitz,60,Lost,9/3/2018