player,player_rating,opponent,opponent_rating,side,time_control,time_category,moves,result,date
abhijeetgupta1016,2893,Keranke,2741,White,3 min,blitz,29,Won,9/1/2018
abhijeetgupta1016,2888,Keranke,2746,Black,3 min,blitz,50,Won,9/1/2018
abhijeetgupta1016,2883,Keranke,2751,White,3 min,blitz,54,Draw,9/1/2018
abhijeetgupta1016,2886,Keranke,2748,Black,3 min,blitz,45,Won,9/1/2018
abhijeetgupta1016,2881,Keranke,2753,White,3 min,blitz,86,Lost,9/1/2018
abhijeetgupta1016,2892,Bigfish1995,2897,Black,3 min,blitz,22,Won,9/1/2018
abhijeetgupta1016,2884,Bigfish1995,2905,White,3 min,blitz,34,Won,9/1/2018
abhijeetgupta1016,2875,nihalsarin,2833,Black,3 min,blitz,33,Won,9/1/2018
abhijeetgupta1016,2868,BilodeauA,2785,White,3 min,blitz,24,Won,9/1/2018
abhijeetgupta1016,2862,BilodeauA,2791,Black,3 min,blitz,31,Won,9/1/2018
abhijeetgupta1016,2855,BilodeauA,2798,White,3 min,blitz,22,Won,9/1/2018
abhijeetgupta1016,2848,BilodeauA,2805,Black,3 min,blitz,55,Won,9/1/2018
abhijeetgupta1016,2841,Moskvaa,2735,Black,3 min,blitz,25,Won,9/1/2018
abhijeetgupta1016,2835,Moskvaa,2741,White,3 min,blitz,33,Won,9/1/2018
abhijeetgupta1016,2829,Marcus_Harvey,2756,Black,3 min,blitz,75,Draw,9/1/2018
abhijeetgupta1016,2831,Marcus_Harvey,2754,White,3 min,blitz,46,Won,9/1/2018
abhijeetgupta1016,2824,Kriari,2829,Black,3 min,blitz,32,Lost,9/1/2018
abhijeetgupta1016,2832,Kriari,2821,White,3 min,blitz,39,Lost,9/1/2018
abhijeetgupta1016,2841,Kriari,2812,Black,3 min,blitz,30,Lost,9/1/2018
abhijeetgupta1016,2850,Moskvaa,2747,Black,3 min,blitz,45,Won,9/1/2018
abhijeetgupta1016,2844,Firouzja2003,2866,Black,3 min,blitz,33,Won,9/1/2018
abhijeetgupta1016,2835,Firouzja2003,2875,White,3 min,blitz,24,Won,9/1/2018
abhijeetgupta1016,2826,Firouzja2003,2884,Black,3 min,blitz,57,Won,9/1/2018
abhijeetgupta1016,2816,Firouzja2003,2894,White,3 min,blitz,12,Draw,9/1/2018
abhijeetgupta1016,2814,Margvela90,2713,Black,3 min,blitz,44,Won,9/1/2018
abhijeetgupta1016,2808,Margvela90,2719,White,3 min,blitz,49,Won,9/1/2018
abhijeetgupta1016,2802,tiredofdancing,2881,Black,3 min,blitz,71,Draw,9/1/2018
abhijeetgupta1016,2800,tiredofdancing,2883,White,3 min,blitz,45,Won,9/1/2018
abhijeetgupta1016,2790,tiredofdancing,2893,Black,3 min,blitz,30,Draw,9/1/2018
abhijeetgupta1016,2788,tiredofdancing,2895,White,3 min,blitz,57,Lost,9/1/2018
abhijeetgupta1016,2794,Firouzja2003,2876,Black,3 min,blitz,37,Lost,9/1/2018
abhijeetgupta1016,2800,Margvela90,2731,Black,3 min,blitz,50,Won,9/1/2018
abhijeetgupta1016,2793,vsuri97,2795,Black,3 min,blitz,64,Draw,9/1/2018
abhijeetgupta1016,2793,vsuri97,2795,White,3 min,blitz,61,Lost,9/1/2018
abhijeetgupta1016,2801,vsuri97,2787,Black,3 min,blitz,31,Lost,9/1/2018
abhijeetgupta1016,2810,vsuri97,2778,White,3 min,blitz,53,Draw,9/1/2018
abhijeetgupta1016,2811,vsuri97,2777,Black,3 min,blitz,42,Won,9/1/2018
abhijeetgupta1016,2803,vsuri97,2785,White,3 min,blitz,36,Won,9/1/2018
abhijeetgupta1016,2795,vsuri97,2793,Black,3 min,blitz,52,Won,9/1/2018
abhijeetgupta1016,2787,vsuri97,2801,White,3 min,blitz,68,Lost,9/1/2018
abhijeetgupta1016,2795,vsuri97,2793,Black,3 min,blitz,32,Won,9/1/2018
abhijeetgupta1016,2787,vsuri97,2801,White,3 min,blitz,32,Won,9/1/2018
abhijeetgupta1016,2778,vsuri97,2810,Black,3 min,blitz,31,Draw,9/1/2018
abhijeetgupta1016,2777,vsuri97,2811,White,3 min,blitz,6,Draw,9/1/2018
abhijeetgupta1016,2776,vsuri97,2812,Black,3 min,blitz,58,Lost,9/1/2018
abhijeetgupta1016,2784,vsuri97,2804,White,3 min,blitz,24,Lost,9/1/2018
abhijeetgupta1016,2792,vsuri97,2796,Black,3 min,blitz,61,Won,9/1/2018
abhijeetgupta1016,2784,Azerichesss,2804,White,3 min,blitz,78,Won,9/1/2018
abhijeetgupta1016,2775,Azerichesss,2813,Black,3 min,blitz,11,Lost,9/1/2018
abhijeetgupta1016,2782,Azerichesss,2806,White,3 min,blitz,51,Won,9/1/2018