player,player_rating,opponent,opponent_rating,side,time_control,time_category,moves,result,date
adypady02,2540,TheLancer,2500,Black,3 min,blitz,29,Lost,9/22/2017
adypady02,2549,TheLancer,2491,White,3 min,blitz,41,Won,9/22/2017
adypady02,2542,TheLancer,2498,Black,3 min,blitz,45,Won,9/22/2017
adypady02,2535,TheLancer,2505,White,3 min,blitz,51,Lost,9/22/2017
adypady02,2544,TheLancer,2496,Black,3 min,blitz,40,Won,9/22/2017
adypady02,2537,TheLancer,2503,White,3 min,blitz,28,Won,9/22/2017
adypady02,2529,TheLancer,2511,Black,3 min,blitz,28,Lost,9/22/2017
adypady02,2538,Bryakin_Mikhail,2485,White,3 min,blitz,33,Won,9/16/2017
adypady02,2531,Bryakin_Mikhail,2492,Black,3 min,blitz,38,Won,9/16/2017
adypady02,2524,Bryakin_Mikhail,2499,White,3 min,blitz,32,Won,9/16/2017
adypady02,2516,1random,2080,White,3 min,blitz,42,Won,9/13/2017
adypady02,2515,1random,2081,Black,3 min,blitz,19,Won,9/13/2017
adypady02,2514,1random,2082,White,3 min,blitz,37,Won,9/13/2017
adypady02,2513,BetterThanCheeseBoy,2454,White,3 min,blitz,31,Lost,9/10/2017
adypady02,2523,Revnov,2622,Black,3 min,blitz,50,Lost,9/9/2017
adypady02,2529,Revnov,2616,White,3 min,blitz,66,Won,9/9/2017
adypady02,2519,Revnov,2626,Black,3 min,blitz,72,Won,9/9/2017
adypady02,2508,Revnov,2637,White,3 min,blitz,68,Lost,9/9/2017
adypady02,2513,Revnov,2632,Black,3 min,blitz,66,Draw,9/9/2017
adypady02,2510,Revnov,2635,White,3 min,blitz,50,Lost,9/9/2017
adypady02,2515,Revnov,2630,Black,3 min,blitz,37,Won,9/9/2017
adypady02,2504,Revnov,2641,White,3 min,blitz,39,Lost,9/9/2017
adypady02,2509,zdavaisa,2483,Black,3 min,blitz,26,Won,9/9/2017
adypady02,2501,jjosu,2444,White,3 min,blitz,30,Lost,9/8/2017
adypady02,2511,jjosu,2434,Black,3 min,blitz,32,Won,9/8/2017
adypady02,2504,jjosu,2441,White,3 min,blitz,74,Won,9/8/2017
adypady02,2497,jjosu,2448,Black,3 min,blitz,59,Won,9/8/2017
adypady02,2490,jjosu,2455,White,3 min,blitz,48,Draw,9/8/2017
adypady02,2491,jjosu,2454,Black,3 min,blitz,36,Won,9/8/2017
adypady02,2484,jjosu,2461,White,3 min,blitz,30,Won,9/8/2017
adypady02,2476,jjosu,2469,Black,3 min,blitz,25,Lost,9/8/2017
adypady02,2485,jjosu,2460,White,3 min,blitz,46,Lost,9/8/2017
adypady02,2494,jjosu,2451,Black,3 min,blitz,29,Won,9/8/2017
adypady02,2487,jjosu,2458,White,3 min,blitz,35,Lost,9/8/2017
adypady02,2496,jjosu,2449,Black,3 min,blitz,46,Draw,9/8/2017
adypady02,2497,Sarelephant,2480,White,3 min,blitz,19,Lost,9/6/2017
adypady02,2506,ELAGUILA,2490,White,3 min,blitz,67,Won,9/6/2017
adypady02,2498,VishnuPrasanna,2453,Black,3 min,blitz,11,Won,8/22/2017
adypady02,2491,VishnuPrasanna,2466,White,3 min,blitz,31,Lost,8/22/2017
adypady02,2500,abrahmam,2482,Black,3 min,blitz,47,Won,8/22/2017
adypady02,2492,abrahmam,2497,White,3 min,blitz,45,Won,8/22/2017
adypady02,2483,abrahmam,2514,Black,3 min,blitz,77,Draw,8/22/2017
adypady02,2482,abrahmam,2516,White,3 min,blitz,58,Lost,8/22/2017
adypady02,2490,Crazyrazor,2339,Black,3 min,blitz,53,Won,8/22/2017
adypady02,2485,MaKiS88,2480,Black,3 min,blitz,45,Won,8/21/2017
adypady02,2476,devil71,2506,White,3 min,blitz,47,Won,8/21/2017
adypady02,2467,devil71,2515,Black,3 min,blitz,50,Lost,8/21/2017
adypady02,2474,siryan,2298,White,3 min,blitz,62,Draw,8/21/2017
adypady02,2478,Danirod,2479,White,3 min,blitz,63,Won,8/21/2017
adypady02,2470,Danirod,2487,Black,3 min,blitz,56,Lost,8/21/2017