player,player_rating,opponent,opponent_rating,side,time_control,time_category,moves,result,date
adypady02,2800,celery8,2712,Black,1 min,bullet,58,Lost,7/27/2018
adypady02,2810,celery8,2702,White,1 min,bullet,44,Lost,7/27/2018
adypady02,2821,celery8,2691,Black,1 min,bullet,45,Won,7/27/2018
adypady02,2816,celery8,2696,White,1 min,bullet,17,Won,7/26/2018
adypady02,2810,celery8,2702,Black,1 min,bullet,26,Won,7/26/2018
adypady02,2804,celery8,2708,White,1 min,bullet,27,Won,7/26/2018
adypady02,2798,celery8,2714,Black,1 min,bullet,39,Won,7/26/2018
adypady02,2792,celery8,2720,White,1 min,bullet,45,Lost,7/26/2018
adypady02,2802,celery8,2710,Black,1 min,bullet,8,Won,7/26/2018
adypady02,2796,celery8,2716,White,1 min,bullet,40,Won,7/26/2018
adypady02,2790,celery8,2722,Black,1 min,bullet,76,Won,7/26/2018
adypady02,2783,celery8,2729,White,1 min,bullet,35,Lost,7/26/2018
adypady02,2793,celery8,2719,Black,1 min,bullet,18,Won,7/26/2018
adypady02,2786,celery8,2726,White,1 min,bullet,44,Won,7/26/2018
adypady02,2779,celery8,2733,Black,1 min,bullet,67,Won,7/26/2018
adypady02,2772,celery8,2740,White,1 min,bullet,44,Lost,7/26/2018
adypady02,2781,celery8,2731,Black,1 min,bullet,42,Won,7/26/2018
adypady02,2774,celery8,2738,White,1 min,bullet,17,Won,7/26/2018
adypady02,2766,Alliswell998,2405,White,1 min,bullet,69,Draw,7/26/2018
adypady02,2772,Alliswell998,2399,Black,1 min,bullet,21,Won,7/26/2018
adypady02,2770,Alliswell998,2401,White,1 min,bullet,62,Won,7/26/2018
adypady02,2768,Alliswell998,2403,Black,1 min,bullet,19,Won,7/26/2018
adypady02,2766,Alliswell998,2405,White,1 min,bullet,86,Draw,7/26/2018
adypady02,2772,Alliswell998,2399,Black,1 min,bullet,23,Won,7/26/2018
adypady02,2770,Alliswell998,2401,White,1 min,bullet,52,Won,7/26/2018
adypady02,2768,Alliswell998,2403,Black,1 min,bullet,52,Won,7/26/2018
adypady02,2766,Alliswell998,2405,White,1 min,bullet,28,Won,7/26/2018
adypady02,2764,Alliswell998,2407,Black,1 min,bullet,10,Won,7/26/2018
adypady02,2762,Alliswell998,2409,White,1 min,bullet,37,Won,7/26/2018
adypady02,2760,Alliswell998,2411,Black,1 min,bullet,18,Won,7/26/2018
adypady02,2758,Alliswell998,2413,White,1 min,bullet,25,Won,7/26/2018
adypady02,2756,Alliswell998,2415,Black,1 min,bullet,43,Won,7/26/2018
adypady02,2754,Alliswell998,2417,White,1 min,bullet,24,Won,7/26/2018
adypady02,2752,Alliswell998,2419,Black,1 min,bullet,48,Won,7/26/2018
adypady02,2750,Alliswell998,2421,White,1 min,bullet,36,Won,7/26/2018
adypady02,2748,Alliswell998,2423,Black,1 min,bullet,29,Won,7/26/2018
adypady02,2746,Alliswell998,2425,White,1 min,bullet,33,Won,7/26/2018
adypady02,2744,Alliswell998,2427,Black,1 min,bullet,37,Won,7/26/2018
adypady02,2742,Alliswell998,2429,White,1 min,bullet,81,Won,7/26/2018
adypady02,2740,Alliswell998,2431,Black,1 min,bullet,62,Won,7/26/2018
adypady02,2738,Alliswell998,2433,White,1 min,bullet,22,Won,7/26/2018
adypady02,2736,Alliswell998,2435,Black,1 min,bullet,32,Won,7/26/2018
adypady02,2734,Alliswell998,2437,White,1 min,bullet,44,Won,7/26/2018
adypady02,2731,Alliswell998,2440,Black,1 min,bullet,66,Lost,7/26/2018
adypady02,2745,Alliswell998,2426,White,1 min,bullet,59,Won,7/26/2018
adypady02,2743,Alliswell998,2428,Black,1 min,bullet,18,Won,7/26/2018
adypady02,2741,Alliswell998,2430,White,1 min,bullet,34,Won,7/26/2018
adypady02,2739,Alliswell998,2432,Black,1 min,bullet,20,Won,7/26/2018
adypady02,2737,Alliswell998,2434,White,1 min,bullet,39,Won,7/26/2018
adypady02,2735,Alliswell998,2436,Black,1 min,bullet,28,Won,7/26/2018