player,player_rating,opponent,opponent_rating,side,time_control,time_category,moves,result,date
adypady02,2680,RobertoJBM,2629,Black,1 min,bullet,7,Won,12/21/2018
adypady02,2673,RobertoJBM,2636,White,1 min,bullet,67,Draw,12/21/2018
adypady02,2674,RobertoJBM,2635,Black,1 min,bullet,63,Won,12/21/2018
adypady02,2667,RobertoJBM,2642,White,1 min,bullet,49,Won,12/21/2018
adypady02,2659,RobertoJBM,2650,Black,1 min,bullet,33,Won,12/21/2018
adypady02,2651,RobertoJBM,2658,White,1 min,bullet,58,Lost,12/21/2018
adypady02,2659,RobertoJBM,2650,Black,1 min,bullet,34,Won,12/21/2018
adypady02,2651,RobertoJBM,2658,White,1 min,bullet,9,Lost,12/21/2018
adypady02,2659,RobertoJBM,2650,Black,1 min,bullet,35,Won,12/21/2018
adypady02,2651,RobertoJBM,2658,White,1 min,bullet,12,Lost,12/21/2018
adypady02,2659,RobertoJBM,2650,Black,1 min,bullet,30,Won,12/21/2018
adypady02,2651,RobertoJBM,2658,White,1 min,bullet,47,Lost,12/21/2018
adypady02,2659,RobertoJBM,2650,Black,1 min,bullet,23,Won,12/21/2018
adypady02,2651,RobertoJBM,2658,White,1 min,bullet,42,Lost,12/21/2018
adypady02,2659,RobertoJBM,2650,Black,1 min,bullet,31,Won,12/21/2018
adypady02,2651,RobertoJBM,2658,White,1 min,bullet,20,Won,12/21/2018
adypady02,2642,nOcHeaTiNgKiD,2565,Black,1 min,bullet,45,Won,12/18/2018
adypady02,2635,GulamaliRises,2635,Black,1 min,bullet,42,Won,12/11/2018
adypady02,2627,GulamaliRises,2643,White,1 min,bullet,35,Won,12/11/2018
adypady02,2618,GulamaliRises,2652,Black,1 min,bullet,42,Won,12/11/2018
adypady02,2609,GulamaliRises,2661,White,1 min,bullet,61,Won,12/11/2018
adypady02,2599,GulamaliRises,2671,Black,1 min,bullet,38,Lost,12/11/2018
adypady02,2606,GulamaliRises,2664,White,1 min,bullet,63,Lost,12/11/2018
adypady02,2613,GulamaliRises,2657,Black,1 min,bullet,26,Lost,12/11/2018
adypady02,2620,GulamaliRises,2650,White,1 min,bullet,36,Lost,12/11/2018
adypady02,2628,GulamaliRises,2642,Black,1 min,bullet,20,Lost,12/11/2018
adypady02,2636,GulamaliRises,2634,White,1 min,bullet,53,Won,12/11/2018
adypady02,2628,GulamaliRises,2642,Black,1 min,bullet,35,Won,12/11/2018
adypady02,2619,GulamaliRises,2651,White,1 min,bullet,28,Won,12/11/2018
adypady02,2610,GulamaliRises,2660,Black,1 min,bullet,26,Lost,12/11/2018
adypady02,2617,GulamaliRises,2653,White,1 min,bullet,75,Lost,12/11/2018
adypady02,2625,GulamaliRises,2645,Black,1 min,bullet,60,Won,12/11/2018
adypady02,2616,GulamaliRises,2654,White,1 min,bullet,49,Lost,12/11/2018
adypady02,2623,GulamaliRises,2647,Black,1 min,bullet,35,Lost,12/11/2018
adypady02,2631,GulamaliRises,2639,White,1 min,bullet,22,Lost,12/11/2018
adypady02,2639,GulamaliRises,2631,Black,1 min,bullet,66,Lost,12/11/2018
adypady02,2648,GulamaliRises,2622,White,1 min,bullet,46,Won,12/11/2018
adypady02,2640,GulamaliRises,2630,Black,1 min,bullet,35,Lost,12/11/2018
adypady02,2649,GulamaliRises,2621,White,1 min,bullet,24,Lost,12/11/2018
adypady02,2658,GulamaliRises,2612,Black,1 min,bullet,62,Lost,12/11/2018
adypady02,2667,GulamaliRises,2603,White,1 min,bullet,53,Won,12/11/2018
adypady02,2660,GulamaliRises,2610,Black,1 min,bullet,31,Won,12/11/2018
adypady02,2653,GulamaliRises,2617,White,1 min,bullet,15,Won,12/11/2018
adypady02,2645,GulamaliRises,2625,Black,1 min,bullet,52,Won,12/11/2018
adypady02,2637,BrilliantPenguin,2475,Black,1 min,bullet,16,Won,12/11/2018
adypady02,2632,BrilliantPenguin,2480,White,1 min,bullet,12,Won,12/11/2018
adypady02,2627,BrilliantPenguin,2485,Black,1 min,bullet,22,Won,12/11/2018
adypady02,2622,Nightlord1,2302,White,1 min,bullet,11,Won,12/11/2018
adypady02,2620,Nightlord1,2304,Black,1 min,bullet,31,Won,12/11/2018
adypady02,2618,Nightlord1,2306,White,1 min,bullet,14,Won,12/11/2018