player,player_rating,opponent,opponent_rating,side,time_control,time_category,moves,result,date
adypady02,2492,VanishingDragon,2496,White,3 min,blitz,48,Draw,4/23/2017
adypady02,2492,VanishingDragon,2496,Black,3 min,blitz,44,Lost,4/23/2017
adypady02,2500,SuicidalTendencies,2471,Black,3 min,blitz,28,Lost,4/16/2017
adypady02,2509,SuicidalTendencies,2452,White,3 min,blitz,24,Won,4/16/2017
adypady02,2502,josiwales,2300,White,3 min,blitz,38,Lost,4/16/2017
adypady02,2515,josiwales,2287,Black,3 min,blitz,16,Won,4/16/2017
adypady02,2511,josiwales,2291,White,3 min,blitz,38,Lost,4/16/2017
adypady02,2524,josiwales,2277,Black,3 min,blitz,17,Won,4/16/2017
adypady02,2521,josiwales,2281,White,3 min,blitz,20,Won,4/16/2017
adypady02,2518,josiwales,2285,Black,3 min,blitz,32,Lost,4/16/2017
adypady02,2531,josiwales,2270,White,3 min,blitz,14,Won,4/16/2017
adypady02,2528,nurmiTV,2403,Black,3 min,blitz,35,Won,4/15/2017
adypady02,2523,nurmiTV,2408,White,3 min,blitz,36,Won,4/15/2017
adypady02,2517,nurmiTV,2414,Black,3 min,blitz,39,Won,4/15/2017
adypady02,2511,nurmiTV,2420,White,3 min,blitz,66,Draw,4/15/2017
adypady02,2513,nurmiTV,2418,Black,3 min,blitz,42,Lost,4/15/2017
adypady02,2524,nurmiTV,2407,White,3 min,blitz,54,Won,4/15/2017
adypady02,2518,nurmiTV,2413,Black,3 min,blitz,30,Won,4/15/2017
adypady02,2512,nurmiTV,2419,White,3 min,blitz,40,Won,4/15/2017
adypady02,2506,Michipihi,2396,White,3 min,blitz,30,Won,4/15/2017
adypady02,2500,Maitreia,2487,White,3 min,blitz,60,Lost,4/13/2017
adypady02,2509,Maitreia,2478,Black,3 min,blitz,32,Lost,4/13/2017
adypady02,2518,Maitreia,2469,White,3 min,blitz,34,Won,4/13/2017
adypady02,2511,Ramzai440,2344,Black,3 min,blitz,35,Won,4/13/2017
adypady02,2506,Ginger_GM,2438,White,3 min,blitz,14,Won,4/11/2017
adypady02,2499,Ginger_GM,2445,Black,3 min,blitz,27,Won,4/11/2017
adypady02,2492,Ginger_GM,2452,White,3 min,blitz,23,Won,4/11/2017
adypady02,2485,Ginger_GM,2459,Black,3 min,blitz,23,Won,4/11/2017
adypady02,2477,Ginger_GM,2467,White,3 min,blitz,27,Lost,4/11/2017
adypady02,2486,Ginger_GM,2458,Black,3 min,blitz,27,Won,4/11/2017
adypady02,2478,Ginger_GM,2466,White,3 min,blitz,24,Lost,4/11/2017
adypady02,2487,purehorses,2365,Black,3 min,blitz,68,Lost,4/7/2017
adypady02,2498,purehorses,2354,White,3 min,blitz,48,Won,4/7/2017
adypady02,2493,purehorses,2359,Black,3 min,blitz,27,Won,4/7/2017
adypady02,2488,purehorses,2364,White,3 min,blitz,34,Won,4/7/2017
adypady02,2482,purehorses,2370,Black,3 min,blitz,23,Won,4/7/2017
adypady02,2476,purehorses,2376,White,3 min,blitz,32,Won,4/7/2017
adypady02,2470,daro94,2674,White,3 min,blitz,46,Lost,4/3/2017
adypady02,2474,kassablanca,2467,Black,3 min,blitz,52,Lost,4/2/2017
adypady02,2483,kassablanca,2458,White,3 min,blitz,21,Won,4/2/2017
adypady02,2475,kassablanca,2466,Black,3 min,blitz,75,Lost,4/2/2017
adypady02,2484,kassablanca,2457,White,3 min,blitz,29,Won,4/2/2017
adypady02,2476,kassablanca,2465,Black,3 min,blitz,31,Lost,4/2/2017
adypady02,2485,kassablanca,2456,White,3 min,blitz,39,Won,4/2/2017
adypady02,2477,kassablanca,2464,Black,3 min,blitz,30,Lost,4/2/2017
adypady02,2486,kassablanca,2455,White,3 min,blitz,36,Lost,4/2/2017
adypady02,2495,kassablanca,2446,Black,3 min,blitz,11,Won,4/2/2017
adypady02,2488,kassablanca,2453,White,3 min,blitz,17,Won,4/2/2017
adypady02,2480,kassablanca,2461,Black,3 min,blitz,49,Won,4/2/2017
adypady02,2472,kassablanca,2469,White,3 min,blitz,45,Lost,4/2/2017