player,player_rating,opponent,opponent_rating,side,time_control,time_category,moves,result,date
adypady02,2661,GMKrikor,2824,White,1 min,bullet,29,Lost,1/8/2019
adypady02,2666,GMKrikor,2819,Black,1 min,bullet,63,Lost,1/8/2019
adypady02,2671,GMKrikor,2814,White,1 min,bullet,66,Draw,1/8/2019
adypady02,2668,GMKrikor,2817,Black,1 min,bullet,48,Lost,1/8/2019
adypady02,2673,GMKrikor,2812,White,1 min,bullet,67,Lost,1/8/2019
adypady02,2678,GMKrikor,2807,Black,1 min,bullet,62,Lost,1/8/2019
adypady02,2683,GMKrikor,2802,White,1 min,bullet,80,Won,1/8/2019
adypady02,2672,GMKrikor,2813,Black,1 min,bullet,62,Won,1/8/2019
adypady02,2660,GMKrikor,2824,White,1 min,bullet,65,Lost,1/8/2019
adypady02,2665,GMKrikor,2819,Black,1 min,bullet,64,Won,1/8/2019
adypady02,2653,GMKrikor,2831,White,1 min,bullet,61,Draw,1/8/2019
adypady02,2649,GMKrikor,2835,Black,1 min,bullet,58,Won,1/8/2019
adypady02,2637,GMKrikor,2847,White,1 min,bullet,61,Won,1/8/2019
adypady02,2624,hanqi,2722,White,1 min,bullet,37,Won,1/7/2019
adypady02,2613,hanqi,2733,Black,1 min,bullet,70,Won,1/7/2019
adypady02,2602,Keitthonsky,2461,Black,1 min,bullet,33,Lost,1/7/2019
adypady02,2614,Keitthonsky,2449,White,1 min,bullet,35,Lost,1/7/2019
adypady02,2626,Keitthonsky,2437,Black,1 min,bullet,55,Draw,1/7/2019
adypady02,2630,Keitthonsky,2433,White,1 min,bullet,27,Won,1/7/2019
adypady02,2626,Keitthonsky,2437,Black,1 min,bullet,29,Won,1/7/2019
adypady02,2622,Keitthonsky,2441,White,1 min,bullet,30,Won,1/7/2019
adypady02,2618,Keitthonsky,2445,Black,1 min,bullet,26,Won,1/7/2019
adypady02,2614,Keitthonsky,2449,White,1 min,bullet,38,Won,1/7/2019
adypady02,2609,Keitthonsky,2454,Black,1 min,bullet,49,Lost,1/7/2019
adypady02,2621,Keitthonsky,2442,White,1 min,bullet,32,Won,1/7/2019
adypady02,2617,Keitthonsky,2446,Black,1 min,bullet,64,Lost,1/7/2019
adypady02,2629,Keitthonsky,2434,White,1 min,bullet,17,Won,1/7/2019
adypady02,2625,Keitthonsky,2438,Black,1 min,bullet,22,Lost,1/7/2019
adypady02,2637,Keitthonsky,2426,White,1 min,bullet,39,Draw,1/7/2019
adypady02,2641,Keitthonsky,2422,Black,1 min,bullet,16,Won,1/7/2019
adypady02,2637,Keitthonsky,2426,White,1 min,bullet,18,Won,1/7/2019
adypady02,2633,Keitthonsky,2430,Black,1 min,bullet,47,Won,1/7/2019
adypady02,2629,Keitthonsky,2434,White,1 min,bullet,41,Lost,1/7/2019
adypady02,2641,Keitthonsky,2422,Black,1 min,bullet,21,Draw,1/7/2019
adypady02,2646,Keitthonsky,2417,White,1 min,bullet,47,Won,1/7/2019
adypady02,2643,Keitthonsky,2421,Black,1 min,bullet,39,Lost,1/7/2019
adypady02,2656,Keitthonsky,2408,White,1 min,bullet,25,Won,1/7/2019
adypady02,2653,Keitthonsky,2411,Black,1 min,bullet,72,Won,1/7/2019
adypady02,2650,RobertoJBM,2659,Black,1 min,bullet,19,Lost,12/21/2018
adypady02,2658,RobertoJBM,2651,White,1 min,bullet,29,Lost,12/21/2018
adypady02,2667,RobertoJBM,2642,Black,1 min,bullet,70,Lost,12/21/2018
adypady02,2676,RobertoJBM,2633,White,1 min,bullet,43,Lost,12/21/2018
adypady02,2685,RobertoJBM,2624,Black,1 min,bullet,39,Lost,12/21/2018
adypady02,2695,RobertoJBM,2614,White,1 min,bullet,42,Won,12/21/2018
adypady02,2689,RobertoJBM,2620,Black,1 min,bullet,79,Won,12/21/2018
adypady02,2682,RobertoJBM,2627,White,1 min,bullet,43,Lost,12/21/2018
adypady02,2692,RobertoJBM,2617,Black,1 min,bullet,50,Won,12/21/2018
adypady02,2685,RobertoJBM,2624,White,1 min,bullet,43,Won,12/21/2018
adypady02,2678,RobertoJBM,2631,Black,1 min,bullet,33,Lost,12/21/2018
adypady02,2687,RobertoJBM,2622,White,1 min,bullet,40,Won,12/21/2018