player,player_rating,opponent,opponent_rating,side,time_control,time_category,moves,result,date
adypady02,2756,panicOttack,2552,White,1 min,bullet,37,Won,8/3/2018
adypady02,2752,panicOttack,2556,Black,1 min,bullet,9,Won,8/3/2018
adypady02,2748,panicOttack,2560,White,1 min,bullet,46,Won,8/3/2018
adypady02,2744,panicOttack,2564,Black,1 min,bullet,52,Won,8/3/2018
adypady02,2740,panicOttack,2568,White,1 min,bullet,45,Draw,8/3/2018
adypady02,2744,panicOttack,2564,Black,1 min,bullet,31,Won,8/3/2018
adypady02,2740,panicOttack,2568,White,1 min,bullet,26,Won,8/3/2018
adypady02,2736,panicOttack,2572,Black,1 min,bullet,35,Lost,8/3/2018
adypady02,2748,panicOttack,2560,White,1 min,bullet,45,Won,8/3/2018
adypady02,2744,panicOttack,2564,Black,1 min,bullet,40,Won,8/3/2018
adypady02,2740,panicOttack,2568,White,1 min,bullet,28,Won,8/3/2018
adypady02,2735,panicOttack,2573,Black,1 min,bullet,56,Won,8/3/2018
adypady02,2730,panicOttack,2578,White,1 min,bullet,57,Lost,8/3/2018
adypady02,2742,panicOttack,2566,Black,1 min,bullet,14,Won,8/3/2018
adypady02,2738,Royamakr,2448,White,1 min,bullet,57,Won,8/3/2018
adypady02,2735,sjdhdhskjdhs,2568,White,1 min,bullet,49,Won,8/3/2018
adypady02,2730,sjdhdhskjdhs,2573,Black,1 min,bullet,32,Lost,8/3/2018
adypady02,2742,sjdhdhskjdhs,2561,White,1 min,bullet,40,Won,8/2/2018
adypady02,2738,sjdhdhskjdhs,2565,Black,1 min,bullet,37,Draw,8/2/2018
adypady02,2742,sjdhdhskjdhs,2561,White,1 min,bullet,7,Won,8/2/2018
adypady02,2738,sjdhdhskjdhs,2565,Black,1 min,bullet,28,Won,8/2/2018
adypady02,2734,sjdhdhskjdhs,2569,White,1 min,bullet,16,Won,8/2/2018
adypady02,2729,sjdhdhskjdhs,2574,Black,1 min,bullet,34,Won,8/2/2018
adypady02,2724,sjdhdhskjdhs,2579,White,1 min,bullet,33,Won,8/2/2018
adypady02,2719,sjdhdhskjdhs,2584,Black,1 min,bullet,79,Draw,8/2/2018
adypady02,2722,sjdhdhskjdhs,2581,White,1 min,bullet,50,Won,8/2/2018
adypady02,2717,sjdhdhskjdhs,2586,Black,1 min,bullet,36,Lost,8/2/2018
adypady02,2728,sjdhdhskjdhs,2575,White,1 min,bullet,19,Won,8/2/2018
adypady02,2723,sjdhdhskjdhs,2580,Black,1 min,bullet,80,Draw,8/2/2018
adypady02,2726,bubacik,2635,White,1 min,bullet,64,Lost,8/2/2018
adypady02,2737,bubacik,2624,Black,1 min,bullet,63,Lost,8/2/2018
adypady02,2748,Noukii,2607,White,1 min,bullet,28,Won,8/2/2018
adypady02,2743,Noukii,2612,Black,1 min,bullet,31,Won,8/2/2018
adypady02,2738,Noukii,2618,White,1 min,bullet,34,Won,8/2/2018
adypady02,2732,Noukii,2624,Black,1 min,bullet,41,Won,8/2/2018
adypady02,2726,Noukii,2630,White,1 min,bullet,46,Won,8/2/2018
adypady02,2720,Noukii,2637,Black,1 min,bullet,39,Won,8/2/2018
adypady02,2714,Noukii,2644,White,1 min,bullet,45,Won,8/2/2018
adypady02,2707,Noukii,2652,Black,1 min,bullet,26,Lost,8/2/2018
adypady02,2717,Noukii,2640,White,1 min,bullet,33,Lost,8/2/2018
adypady02,2727,Noukii,2627,Black,1 min,bullet,60,Lost,8/2/2018
adypady02,2738,Noukii,2613,White,1 min,bullet,33,Won,8/2/2018
adypady02,2732,Noukii,2620,Black,1 min,bullet,65,Won,8/2/2018
adypady02,2726,Noukii,2628,White,1 min,bullet,27,Lost,8/2/2018
adypady02,2737,Noukii,2613,Black,1 min,bullet,44,Won,8/2/2018
adypady02,2731,Noukii,2621,White,1 min,bullet,36,Won,8/2/2018
adypady02,2725,Noukii,2630,Black,1 min,bullet,44,Lost,8/2/2018
adypady02,2736,Noukii,2614,White,1 min,bullet,38,Won,8/2/2018
adypady02,2730,Noukii,2623,Black,1 min,bullet,48,Lost,8/2/2018
adypady02,2741,jjosu,2710,White,1 min,bullet,26,Won,8/2/2018