player,player_rating,opponent,opponent_rating,side,time_control,time_category,moves,result,date
adypady02,2499,Yaacovn,2635,Black,3 min,blitz,76,Lost,4/20/2018
adypady02,2504,Yaacovn,2630,White,3 min,blitz,71,Draw,4/20/2018
adypady02,2501,Yaacovn,2633,Black,3 min,blitz,81,Lost,4/20/2018
adypady02,2506,Gleam_82,2393,White,3 min,blitz,38,Won,4/18/2018
adypady02,2500,zlotysmok1990,2325,White,3 min,blitz,53,Won,4/8/2018
adypady02,2496,zlotysmok1990,2329,Black,3 min,blitz,8,Won,4/8/2018
adypady02,2491,zlotysmok1990,2334,White,3 min,blitz,43,Won,4/8/2018
adypady02,2486,zlotysmok1990,2339,Black,3 min,blitz,55,Lost,4/8/2018
adypady02,2498,zlotysmok1990,2327,White,3 min,blitz,43,Won,4/8/2018
adypady02,2493,zlotysmok1990,2332,Black,3 min,blitz,40,Won,4/8/2018
adypady02,2488,zlotysmok1990,2337,White,3 min,blitz,27,Won,4/8/2018
adypady02,2483,zlotysmok1990,2342,Black,3 min,blitz,28,Lost,4/8/2018
adypady02,2494,zlotysmok1990,2331,White,3 min,blitz,47,Won,4/8/2018
adypady02,2489,zlotysmok1990,2336,Black,3 min,blitz,42,Won,4/8/2018
adypady02,2484,zlotysmok1990,2341,White,3 min,blitz,61,Lost,4/8/2018
adypady02,2496,zlotysmok1990,2329,Black,3 min,blitz,13,Won,4/8/2018
adypady02,2491,zlotysmok1990,2334,White,3 min,blitz,49,Draw,4/8/2018
adypady02,2494,zlotysmok1990,2331,Black,3 min,blitz,31,Won,4/8/2018
adypady02,2489,zlotysmok1990,2336,White,3 min,blitz,51,Won,4/8/2018
adypady02,2484,zlotysmok1990,2341,Black,3 min,blitz,55,Won,4/8/2018
adypady02,2479,zlotysmok1990,2346,White,3 min,blitz,32,Won,4/8/2018
adypady02,2474,zlotysmok1990,2351,Black,3 min,blitz,61,Won,4/8/2018
adypady02,2468,chess4life23,2379,White,3 min,blitz,29,Won,4/8/2018
adypady02,2462,kasparik_garik,2502,Black,3 min,blitz,39,Lost,4/8/2018
adypady02,2469,kasparik_garik,2495,White,3 min,blitz,57,Won,4/8/2018
adypady02,2460,CuzImBetter,2369,Black,3 min,blitz,57,Won,3/25/2018
adypady02,2454,CuzImBetter,2375,White,3 min,blitz,37,Won,3/25/2018
adypady02,2448,CuzImBetter,2381,Black,3 min,blitz,49,Won,3/25/2018
adypady02,2441,CuzImBetter,2388,White,3 min,blitz,39,Won,3/25/2018
adypady02,2434,CuzImBetter,2395,Black,3 min,blitz,39,Won,3/25/2018
adypady02,2427,CuzImBetter,2402,White,3 min,blitz,5,Lost,3/25/2018
adypady02,2436,CuzImBetter,2393,Black,3 min,blitz,57,Draw,3/25/2018
adypady02,2437,neas78,2281,Black,3 min,blitz,14,Won,3/25/2018
adypady02,2432,Maestrodelparque,2275,Black,3 min,blitz,23,Won,3/25/2018
adypady02,2427,Maestrodelparque,2280,White,3 min,blitz,22,Won,3/25/2018
adypady02,2422,Maestrodelparque,2285,Black,3 min,blitz,30,Won,3/25/2018
adypady02,2416,Maestrodelparque,2290,White,3 min,blitz,28,Won,3/25/2018
adypady02,2410,mexicanjulian,2282,White,3 min,blitz,47,Won,3/25/2018
adypady02,2404,rpssarma,1501,Black,5|2,blitz,18,Won,3/23/2018
adypady02,2404,AgitoxD,2359,White,3 min,blitz,30,Lost,3/15/2018
adypady02,2414,AgitoxD,2350,Black,3 min,blitz,14,Lost,3/15/2018
adypady02,2424,nacer1989,2332,White,3 min,blitz,66,Lost,3/7/2018
adypady02,2435,nacer1989,2321,Black,3 min,blitz,35,Won,3/7/2018
adypady02,2429,nacer1989,2327,White,3 min,blitz,30,Lost,3/7/2018
adypady02,2440,nacer1989,2316,Black,3 min,blitz,81,Lost,3/7/2018
adypady02,2452,nacer1989,2305,White,3 min,blitz,36,Won,3/7/2018
adypady02,2447,nacer1989,2310,Black,3 min,blitz,28,Won,3/7/2018
adypady02,2441,nacer1989,2315,White,3 min,blitz,28,Won,3/7/2018
adypady02,2435,nacer1989,2320,Black,3 min,blitz,16,Won,3/7/2018
adypady02,2428,Fumitoks,2385,White,3 min,blitz,32,Lost,3/7/2018