player,player_rating,opponent,opponent_rating,side,time_control,time_category,moves,result,date
adypady02,2713,sjdhdhskjdhs,2732,Black,1 min,bullet,100,Lost,8/10/2018
adypady02,2721,josiwales,2558,Black,1 min,bullet,32,Won,8/8/2018
adypady02,2716,Ustat,2515,Black,1 min,bullet,28,Won,8/8/2018
adypady02,2712,Ustat,2519,White,1 min,bullet,69,Won,8/8/2018
adypady02,2708,Ustat,2523,Black,1 min,bullet,54,Won,8/8/2018
adypady02,2704,Ustat,2527,White,1 min,bullet,69,Won,8/8/2018
adypady02,2700,lime96,2628,Black,1 min,bullet,36,Lost,8/8/2018
adypady02,2704,AlmasChampion1,2550,White,1 min,bullet,28,Lost,8/7/2018
adypady02,2716,AlmasChampion1,2538,Black,1 min,bullet,49,Won,8/7/2018
adypady02,2712,NguyenXi,2632,White,1 min,bullet,1,Won,8/7/2018
adypady02,2705,bahodistruction,2638,Black,1 min,bullet,79,Lost,8/7/2018
adypady02,2715,FastChance,2733,White,1 min,bullet,55,Lost,8/7/2018
adypady02,2723,iiiiii01,2821,Black,1 min,bullet,34,Lost,8/6/2018
adypady02,2729,Toyota_Land_Cruiser,2675,White,30 sec,bullet,68,Won,8/5/2018
adypady02,2722,Toyota_Land_Cruiser,2682,Black,30 sec,bullet,39,Lost,8/5/2018
adypady02,2731,Toyota_Land_Cruiser,2673,White,30 sec,bullet,38,Won,8/5/2018
adypady02,2724,Toyota_Land_Cruiser,2680,Black,30 sec,bullet,63,Draw,8/5/2018
adypady02,2725,Toyota_Land_Cruiser,2679,White,30 sec,bullet,48,Draw,8/5/2018
adypady02,2726,Toyota_Land_Cruiser,2678,Black,30 sec,bullet,39,Won,8/5/2018
adypady02,2719,Toyota_Land_Cruiser,2685,White,30 sec,bullet,22,Won,8/5/2018
adypady02,2711,Toyota_Land_Cruiser,2693,Black,30 sec,bullet,47,Lost,8/5/2018
adypady02,2720,Toyota_Land_Cruiser,2684,White,30 sec,bullet,45,Won,8/5/2018
adypady02,2713,Toyota_Land_Cruiser,2691,Black,30 sec,bullet,35,Lost,8/5/2018
adypady02,2722,lime96,2567,White,1 min,bullet,62,Lost,8/4/2018
adypady02,2734,lime96,2555,Black,1 min,bullet,98,Lost,8/4/2018
adypady02,2746,lime96,2543,White,1 min,bullet,32,Lost,8/4/2018
adypady02,2759,lime96,2530,Black,1 min,bullet,16,Won,8/4/2018
adypady02,2756,lime96,2533,White,1 min,bullet,32,Won,8/4/2018
adypady02,2752,lime96,2537,Black,1 min,bullet,50,Won,8/4/2018
adypady02,2748,lime96,2541,White,1 min,bullet,51,Won,8/4/2018
adypady02,2744,lime96,2545,Black,1 min,bullet,33,Won,8/4/2018
adypady02,2740,lime96,2549,White,1 min,bullet,35,Won,8/4/2018
adypady02,2736,lime96,2553,Black,1 min,bullet,19,Won,8/4/2018
adypady02,2732,lime96,2557,White,1 min,bullet,41,Lost,8/4/2018
adypady02,2744,lime96,2545,Black,1 min,bullet,53,Won,8/4/2018
adypady02,2740,lime96,2549,White,1 min,bullet,32,Won,8/4/2018
adypady02,2736,lime96,2553,Black,1 min,bullet,24,Won,8/4/2018
adypady02,2732,lime96,2557,White,1 min,bullet,47,Won,8/4/2018
adypady02,2728,lime96,2561,Black,1 min,bullet,62,Won,8/4/2018
adypady02,2723,lime96,2566,White,1 min,bullet,47,Won,8/4/2018
adypady02,2718,lime96,2571,Black,1 min,bullet,21,Won,8/4/2018
adypady02,2713,lime96,2576,White,1 min,bullet,47,Lost,8/4/2018
adypady02,2724,sjdhdhskjdhs,2551,Black,1 min,bullet,3,Won,8/4/2018
adypady02,2719,sjdhdhskjdhs,2556,White,1 min,bullet,10,Won,8/4/2018
adypady02,2714,sjdhdhskjdhs,2561,Black,1 min,bullet,2,Won,8/4/2018
adypady02,2709,sjdhdhskjdhs,2566,White,1 min,bullet,2,Lost,8/4/2018
adypady02,2721,sjdhdhskjdhs,2554,Black,1 min,bullet,93,Draw,8/4/2018
adypady02,2725,sjdhdhskjdhs,2550,White,1 min,bullet,109,Draw,8/4/2018
adypady02,2729,sjdhdhskjdhs,2546,Black,1 min,bullet,3,Won,8/4/2018
adypady02,2725,sjdhdhskjdhs,2550,White,1 min,bullet,7,Won,8/4/2018