player,player_rating,opponent,opponent_rating,side,time_control,time_category,moves,result,date
adypady02,2580,colemman,2545,Black,3 min,blitz,54,Won,8/12/2018
adypady02,2572,oooNICOooo,2418,Black,3 min,blitz,30,Won,8/11/2018
adypady02,2567,oooNICOooo,2423,White,3 min,blitz,50,Won,8/11/2018
adypady02,2562,oooNICOooo,2428,Black,3 min,blitz,40,Won,8/11/2018
adypady02,2557,Alliswell998,2404,White,3 min,blitz,41,Lost,8/8/2018
adypady02,2569,Alliswell998,2392,Black,3 min,blitz,78,Won,8/8/2018
adypady02,2565,Alliswell998,2396,White,3 min,blitz,88,Won,8/8/2018
adypady02,2560,Alliswell998,2401,Black,3 min,blitz,29,Lost,8/8/2018
adypady02,2572,Alliswell998,2389,White,3 min,blitz,10,Won,8/8/2018
adypady02,2568,Alliswell998,2393,Black,3 min,blitz,46,Won,8/8/2018
adypady02,2564,Alliswell998,2397,White,3 min,blitz,90,Draw,8/8/2018
adypady02,2568,Alliswell998,2393,Black,3 min,blitz,79,Won,8/8/2018
adypady02,2564,Alliswell998,2397,White,3 min,blitz,38,Won,8/8/2018
adypady02,2559,Alliswell998,2402,Black,3 min,blitz,24,Won,8/8/2018
adypady02,2554,Alliswell998,2407,White,3 min,blitz,1,Won,8/8/2018
adypady02,2549,Alliswell998,2412,Black,3 min,blitz,29,Won,8/8/2018
adypady02,2544,Joshukid,2593,White,3 min,blitz,58,Won,8/7/2018
adypady02,2534,nOcHeaTiNgKiD,2368,White,3 min,blitz,23,Won,8/7/2018
adypady02,2529,BTSJ2000,2341,White,3 min,blitz,27,Won,8/6/2018
adypady02,2525,ufish,2333,Black,3 min,blitz,47,Won,8/3/2018
adypady02,2521,Keitthonsky,2340,White,3 min,blitz,39,Won,8/2/2018
adypady02,2517,Prince_of_QuelThalas,2390,Black,3 min,blitz,24,Won,8/2/2018
adypady02,2512,Prince_of_QuelThalas,2395,White,3 min,blitz,28,Lost,8/2/2018
adypady02,2523,flawwlessvictoryy,2293,White,3 min,blitz,19,Won,8/2/2018
adypady02,2519,flawwlessvictoryy,2296,Black,3 min,blitz,66,Won,8/2/2018
adypady02,2515,VeteranMichaelJordan,2318,White,3 min,blitz,49,Lost,7/27/2018
adypady02,2527,VeteranMichaelJordan,2305,Black,3 min,blitz,68,Lost,7/27/2018
adypady02,2540,VeteranMichaelJordan,2292,White,3 min,blitz,23,Lost,7/27/2018
adypady02,2553,VeteranMichaelJordan,2279,Black,3 min,blitz,28,Won,7/27/2018
adypady02,2550,VeteranMichaelJordan,2282,White,3 min,blitz,21,Won,7/27/2018
adypady02,2547,VeteranMichaelJordan,2285,Black,3 min,blitz,33,Won,7/27/2018
adypady02,2544,VeteranMichaelJordan,2288,White,3 min,blitz,39,Won,7/27/2018
adypady02,2541,Alliswell998,2470,White,3 min,blitz,41,Draw,7/23/2018
adypady02,2543,Alliswell998,2468,Black,3 min,blitz,49,Lost,7/23/2018
adypady02,2553,Alliswell998,2458,White,3 min,blitz,126,Draw,7/23/2018
adypady02,2555,Alliswell998,2456,Black,3 min,blitz,55,Won,7/23/2018
adypady02,2549,Alliswell998,2462,White,3 min,blitz,38,Won,7/23/2018
adypady02,2543,Alliswell998,2468,Black,3 min,blitz,11,Lost,7/23/2018
adypady02,2553,Alliswell998,2458,White,3 min,blitz,35,Draw,7/23/2018
adypady02,2555,Alliswell998,2456,Black,3 min,blitz,34,Won,7/23/2018
adypady02,2549,Alliswell998,2462,White,3 min,blitz,57,Lost,7/23/2018
adypady02,2559,Alliswell998,2452,Black,3 min,blitz,35,Won,7/23/2018
adypady02,2553,Alliswell998,2458,White,3 min,blitz,34,Lost,7/23/2018
adypady02,2564,Alliswell998,2447,Black,3 min,blitz,32,Won,7/23/2018
adypady02,2558,Alliswell998,2453,White,3 min,blitz,37,Won,7/23/2018
adypady02,2552,Alliswell998,2459,Black,3 min,blitz,43,Won,7/23/2018
adypady02,2546,canwedoit,2475,Black,3 min,blitz,40,Won,7/7/2018
adypady02,2539,canwedoit,2482,White,3 min,blitz,43,Won,7/7/2018
adypady02,2532,pultineviciuspaulius,2660,White,3 min,blitz,14,Lost,7/4/2018
adypady02,2537,pultineviciuspaulius,2655,Black,3 min,blitz,48,Lost,7/4/2018