player,player_rating,opponent,opponent_rating,side,time_control,time_category,moves,result,date
adypady02,2533,ChesscoachAndras,2506,Black,3 min,blitz,31,Lost,7/6/2017
adypady02,2542,ChesscoachAndras,2497,White,3 min,blitz,28,Won,7/6/2017
adypady02,2535,GM_Petrovich,2621,White,3 min,blitz,37,Lost,7/5/2017
adypady02,2541,GM_Petrovich,2615,Black,3 min,blitz,25,Lost,7/5/2017
adypady02,2548,Sergey_Naboka,2632,White,3 min,blitz,14,Lost,7/1/2017
adypady02,2554,tarquilnius,2430,Black,3 min,blitz,85,Won,7/1/2017
adypady02,2548,tarquilnius,2435,White,3 min,blitz,20,Won,7/1/2017
adypady02,2542,viggi38,2408,White,3 min,blitz,32,Won,6/22/2017
adypady02,2537,MasterZachary,2427,White,3 min,blitz,69,Lost,6/22/2017
adypady02,2548,KD64,2410,White,3 min,blitz,42,Won,6/22/2017
adypady02,2543,StonefaceandTerminal,2125,Black,3 min,blitz,22,Won,6/21/2017
adypady02,2542,stewiiegriffin,2484,Black,3 min,blitz,42,Won,6/20/2017
adypady02,2535,stewiiegriffin,2491,White,3 min,blitz,23,Won,6/20/2017
adypady02,2528,stewiiegriffin,2498,Black,3 min,blitz,37,Won,6/20/2017
adypady02,2520,WChurchill54,2382,White,3 min,blitz,38,Won,6/20/2017
adypady02,2515,WChurchill54,2387,Black,3 min,blitz,21,Lost,6/20/2017
adypady02,2526,ssahinn,2346,Black,3 min,blitz,9,Won,6/20/2017
adypady02,2522,ssahinn,2350,White,3 min,blitz,18,Won,6/20/2017
adypady02,2517,ssahinn,2355,Black,3 min,blitz,65,Won,6/20/2017
adypady02,2512,ssahinn,2360,White,3 min,blitz,21,Won,6/20/2017
adypady02,2507,ssahinn,2365,Black,3 min,blitz,25,Won,6/20/2017
adypady02,2502,Akibachess,2448,White,3 min,blitz,30,Lost,6/20/2017
adypady02,2512,RobertRis,2400,White,3 min,blitz,42,Won,6/20/2017
adypady02,2506,Tolya2,2334,White,3 min,blitz,60,Lost,6/20/2017
adypady02,2518,wonderfulllife,2490,Black,3 min,blitz,68,Draw,6/15/2017
adypady02,2519,DiamondCrusher22,2008,Black,3|2,blitz,15,Won,6/13/2017
adypady02,2518,DiamondCrusher22,2009,White,3|2,blitz,34,Won,6/13/2017
adypady02,2517,abykhovsky,2567,White,3 min,blitz,26,Lost,6/12/2017
adypady02,2524,abykhovsky,2560,Black,3 min,blitz,40,Lost,6/12/2017
adypady02,2532,abykhovsky,2552,White,3 min,blitz,61,Draw,6/12/2017
adypady02,2532,abykhovsky,2552,Black,3 min,blitz,6,Won,6/12/2017
adypady02,2523,hassler2,2304,Black,3 min,blitz,76,Lost,6/12/2017
adypady02,2536,hassler2,2291,White,3 min,blitz,30,Won,6/12/2017
adypady02,2533,hassler2,2294,Black,3 min,blitz,70,Won,6/12/2017
adypady02,2530,hassler2,2297,White,3 min,blitz,25,Won,6/12/2017
adypady02,2527,hassler2,2300,Black,3 min,blitz,41,Won,6/12/2017
adypady02,2523,hassler2,2304,White,3 min,blitz,39,Won,6/12/2017
adypady02,2519,hassler2,2308,Black,3 min,blitz,22,Won,6/12/2017
adypady02,2515,hassler2,2312,White,3 min,blitz,49,Won,6/12/2017
adypady02,2511,Tigers2017,2149,Black,3 min,blitz,27,Won,6/11/2017
adypady02,2509,Tigers2017,2151,White,3 min,blitz,75,Lost,6/11/2017
adypady02,2523,Tigers2017,2137,Black,3 min,blitz,27,Won,6/11/2017
adypady02,2521,Tigers2017,2139,White,3 min,blitz,25,Won,6/11/2017
adypady02,2519,Tigers2017,2141,Black,3 min,blitz,73,Won,6/11/2017
adypady02,2517,Tigers2017,2143,White,3 min,blitz,34,Won,6/11/2017
adypady02,2515,Tigers2017,2145,Black,3 min,blitz,22,Won,6/11/2017
adypady02,2513,stalyansky,2228,Black,3 min,blitz,52,Won,6/11/2017
adypady02,2510,aa-ron1235,1362,White,3|2,blitz,17,Won,6/8/2017
adypady02,2510,BorntobeGM,2429,Black,3 min,blitz,25,Won,6/8/2017
adypady02,2504,BorntobeGM,2435,White,3 min,blitz,29,Won,6/8/2017