player,player_rating,opponent,opponent_rating,side,time_control,time_category,moves,result,date
adypady02,2639,rubhani,2499,White,1 min,bullet,45,Lost,4/8/2018
adypady02,2650,rubhani,2488,Black,1 min,bullet,24,Won,4/8/2018
adypady02,2645,rubhani,2493,White,1 min,bullet,47,Draw,4/8/2018
adypady02,2648,rubhani,2490,Black,1 min,bullet,25,Won,4/8/2018
adypady02,2643,rubhani,2495,White,1 min,bullet,43,Won,4/8/2018
adypady02,2638,rubhani,2500,Black,1 min,bullet,39,Lost,4/8/2018
adypady02,2649,rubhani,2489,White,1 min,bullet,14,Won,4/8/2018
adypady02,2644,rubhani,2494,Black,1 min,bullet,36,Won,4/8/2018
adypady02,2639,rubhani,2499,White,1 min,bullet,28,Won,4/8/2018
adypady02,2634,Somedaay,2497,Black,1 min,bullet,47,Lost,4/8/2018
adypady02,2645,Somedaay,2486,White,1 min,bullet,72,Lost,4/8/2018
adypady02,2657,Somedaay,2474,Black,1 min,bullet,33,Lost,4/8/2018
adypady02,2669,celery8,2572,Black,1 min,bullet,16,Won,4/8/2018
adypady02,2663,celery8,2578,White,1 min,bullet,35,Won,4/8/2018
adypady02,2657,celery8,2584,Black,1 min,bullet,51,Lost,4/8/2018
adypady02,2667,celery8,2574,White,1 min,bullet,48,Lost,4/8/2018
adypady02,2678,celery8,2563,Black,1 min,bullet,29,Won,4/8/2018
adypady02,2672,ALeks_Ivlev,2547,White,1 min,bullet,47,Lost,3/31/2018
adypady02,2683,ALeks_Ivlev,2536,Black,1 min,bullet,50,Won,3/31/2018
adypady02,2678,ALeks_Ivlev,2541,White,1 min,bullet,34,Lost,3/31/2018
adypady02,2689,GABUZYAN_CHESSMOOD,2712,Black,1 min,bullet,40,Won,3/25/2018
adypady02,2680,danir29,2581,Black,1 min,bullet,41,Won,3/25/2018
adypady02,2674,danir29,2587,White,1 min,bullet,68,Won,3/25/2018
adypady02,2668,FastChance,2656,Black,1 min,bullet,24,Won,3/15/2018
adypady02,2660,TheLancer,2629,White,1 min,bullet,44,Lost,2/15/2018
adypady02,2669,TheLancer,2620,Black,1 min,bullet,65,Lost,2/15/2018
adypady02,2679,TheLancer,2610,White,1 min,bullet,19,Won,2/15/2018
adypady02,2672,TheLancer,2617,Black,1 min,bullet,79,Lost,2/15/2018
adypady02,2682,TheLancer,2607,White,1 min,bullet,24,Won,2/15/2018
adypady02,2675,TheLancer,2614,Black,1 min,bullet,53,Won,2/15/2018
adypady02,2668,TheLancer,2621,White,1 min,bullet,28,Won,2/15/2018
adypady02,2661,TheLancer,2628,Black,1 min,bullet,37,Won,2/15/2018
adypady02,2653,TheLancer,2636,White,1 min,bullet,32,Lost,2/15/2018
adypady02,2662,TheLancer,2627,Black,1 min,bullet,40,Won,2/15/2018
adypady02,2654,TheLancer,2635,White,1 min,bullet,36,Lost,2/15/2018
adypady02,2663,TheLancer,2626,Black,1 min,bullet,28,Won,2/15/2018
adypady02,2656,TheLancer,2633,White,1 min,bullet,42,Won,2/15/2018
adypady02,2648,TheLancer,2641,Black,1 min,bullet,48,Lost,2/15/2018
adypady02,2657,TheLancer,2632,White,1 min,bullet,40,Won,2/15/2018
adypady02,2649,TheLancer,2640,Black,1 min,bullet,39,Lost,2/15/2018
adypady02,2658,TheLancer,2631,White,1 min,bullet,32,Lost,2/15/2018
adypady02,2667,TheLancer,2622,Black,1 min,bullet,27,Lost,2/15/2018
adypady02,2676,TheLancer,2613,White,1 min,bullet,50,Won,2/15/2018
adypady02,2669,TheLancer,2620,Black,1 min,bullet,51,Lost,2/15/2018
adypady02,2679,TheLancer,2610,White,1 min,bullet,50,Won,2/15/2018
adypady02,2672,TheLancer,2617,Black,1 min,bullet,32,Lost,2/15/2018
adypady02,2682,TheLancer,2607,White,1 min,bullet,25,Draw,2/15/2018
adypady02,2684,TheLancer,2605,Black,1 min,bullet,58,Won,2/15/2018
adypady02,2677,TheLancer,2612,White,1 min,bullet,16,Won,2/15/2018
adypady02,2670,TheLancer,2619,Black,1 min,bullet,63,Draw,2/15/2018