player,player_rating,opponent,opponent_rating,side,time_control,time_category,moves,result,date
adypady02,2678,dogeandpika4life,2473,Black,1 min,bullet,60,Lost,12/21/2017
adypady02,2691,dogeandpika4life,2460,White,1 min,bullet,20,Lost,12/21/2017
adypady02,2704,Raja3401,2490,White,1 min,bullet,34,Lost,12/19/2017
adypady02,2717,Raja3401,2477,Black,1 min,bullet,64,Lost,12/19/2017
adypady02,2730,Raja3401,2464,White,1 min,bullet,50,Won,12/19/2017
adypady02,2727,Raja3401,2467,Black,1 min,bullet,21,Won,12/19/2017
adypady02,2724,Raja3401,2470,White,1 min,bullet,59,Won,12/19/2017
adypady02,2721,Raja3401,2473,Black,1 min,bullet,33,Won,12/19/2017
adypady02,2718,Raja3401,2476,White,1 min,bullet,19,Won,12/19/2017
adypady02,2715,Raja3401,2479,Black,1 min,bullet,63,Won,12/19/2017
adypady02,2712,Raja3401,2482,White,1 min,bullet,9,Won,12/19/2017
adypady02,2708,Raja3401,2485,Black,1 min,bullet,44,Won,12/19/2017
adypady02,2704,Raja3401,2489,White,1 min,bullet,11,Won,12/19/2017
adypady02,2700,Raja3401,2493,Black,1 min,bullet,66,Won,12/19/2017
adypady02,2696,Raja3401,2497,White,1 min,bullet,62,Won,12/19/2017
adypady02,2692,Raja3401,2501,Black,1 min,bullet,31,Won,12/19/2017
adypady02,2688,Raja3401,2505,White,1 min,bullet,20,Lost,12/19/2017
adypady02,2700,Raja3401,2493,Black,1 min,bullet,20,Won,12/19/2017
adypady02,2696,Mykola-Bortnyk,2858,White,1 min,bullet,78,Draw,12/18/2017
adypady02,2692,Mykola-Bortnyk,2862,Black,1 min,bullet,30,Lost,12/18/2017
adypady02,2697,ST-Sandavagur,2632,White,1 min,bullet,33,Won,12/18/2017
adypady02,2690,ST-Sandavagur,2639,Black,1 min,bullet,32,Lost,12/18/2017
adypady02,2700,ST-Sandavagur,2629,White,1 min,bullet,51,Won,12/18/2017
adypady02,2693,ST-Sandavagur,2636,Black,1 min,bullet,27,Lost,12/18/2017
adypady02,2703,ST-Sandavagur,2626,White,1 min,bullet,18,Won,12/18/2017
adypady02,2696,ST-Sandavagur,2633,Black,1 min,bullet,32,Draw,12/18/2017
adypady02,2698,want2lose,2621,White,1 min,bullet,65,Won,12/17/2017
adypady02,2691,want2lose,2628,Black,1 min,bullet,21,Won,12/17/2017
adypady02,2684,want2lose,2635,White,1 min,bullet,40,Won,12/17/2017
adypady02,2677,Davit_Tiraturyan,2650,Black,1 min,bullet,21,Won,12/13/2017
adypady02,2669,Davit_Tiraturyan,2658,White,1 min,bullet,38,Lost,12/13/2017
adypady02,2678,Davit_Tiraturyan,2649,Black,1 min,bullet,49,Lost,12/13/2017
adypady02,2687,Davit_Tiraturyan,2640,White,1 min,bullet,26,Won,12/13/2017
adypady02,2680,Davit_Tiraturyan,2647,Black,1 min,bullet,37,Won,12/13/2017
adypady02,2672,Davit_Tiraturyan,2655,White,1 min,bullet,23,Won,12/13/2017
adypady02,2664,Davit_Tiraturyan,2663,Black,1 min,bullet,75,Won,12/13/2017
adypady02,2656,NguyenXi,2693,Black,1 min,bullet,42,Lost,12/1/2017
adypady02,2663,NguyenXi,2686,White,1 min,bullet,34,Lost,12/1/2017
adypady02,2671,NguyenXi,2678,Black,1 min,bullet,24,Won,12/1/2017
adypady02,2662,NguyenXi,2687,White,1 min,bullet,41,Won,12/1/2017
adypady02,2653,NguyenXi,2722,Black,1 min,bullet,9,Won,11/29/2017
adypady02,2643,NguyenXi,2732,White,1 min,bullet,26,Won,11/29/2017
adypady02,2633,darknight8359,1554,White,1 min,bullet,26,Won,11/11/2017
adypady02,2633,GulamaliRises,2705,White,1 min,bullet,58,Lost,11/10/2017
adypady02,2640,GulamaliRises,2698,Black,1 min,bullet,73,Draw,11/10/2017
adypady02,2639,GulamaliRises,2699,White,1 min,bullet,61,Lost,11/10/2017
adypady02,2646,GulamaliRises,2692,Black,1 min,bullet,54,Won,11/10/2017
adypady02,2637,GulamaliRises,2701,White,1 min,bullet,63,Lost,11/10/2017
adypady02,2644,GulamaliRises,2694,Black,1 min,bullet,24,Lost,11/10/2017
adypady02,2651,GulamaliRises,2687,White,1 min,bullet,41,Lost,11/10/2017