player,player_rating,opponent,opponent_rating,side,time_control,time_category,moves,result,date
adypady02,2427,1random,2193,Black,3 min,blitz,17,Won,6/3/2017
adypady02,2424,1random,2196,White,3 min,blitz,17,Won,6/3/2017
adypady02,2420,1random,2200,Black,3 min,blitz,37,Won,6/3/2017
adypady02,2416,1random,2204,White,3 min,blitz,32,Won,6/3/2017
adypady02,2412,SailThroughChanges,2303,White,3 min,blitz,34,Won,6/2/2017
adypady02,2406,littleplotkin,2303,White,3 min,blitz,12,Lost,6/1/2017
adypady02,2417,littleplotkin,2292,Black,3 min,blitz,19,Won,6/1/2017
adypady02,2412,littleplotkin,2297,White,3 min,blitz,9,Won,6/1/2017
adypady02,2406,Micheliavelli,2536,Black,3 min,blitz,55,Draw,5/31/2017
adypady02,2403,ChessShop,2484,Black,3 min,blitz,23,Lost,5/22/2017
adypady02,2409,ChessShop,2478,White,3 min,blitz,25,Lost,5/22/2017
adypady02,2416,ChessShop,2471,Black,3 min,blitz,41,Draw,5/22/2017
adypady02,2415,ChessShop,2472,White,3 min,blitz,29,Lost,5/22/2017
adypady02,2422,HustleTime,2496,White,3 min,blitz,98,Draw,5/22/2017
adypady02,2420,HustleTime,2498,Black,3 min,blitz,21,Lost,5/22/2017
adypady02,2427,HustleTime,2491,White,3 min,blitz,14,Lost,5/22/2017
adypady02,2434,Svetlin_Mladenov,2396,White,3 min,blitz,33,Lost,5/22/2017
adypady02,2443,Svetlin_Mladenov,2387,Black,3 min,blitz,25,Lost,5/22/2017
adypady02,2453,Recobaman,2458,White,3 min,blitz,37,Won,5/22/2017
adypady02,2445,Alexei_Shalin,2404,White,3 min,blitz,28,Won,5/21/2017
adypady02,2438,Alexei_Shalin,2411,Black,3 min,blitz,29,Lost,5/21/2017
adypady02,2447,Alexei_Shalin,2402,White,3 min,blitz,64,Won,5/21/2017
adypady02,2440,Alexei_Shalin,2409,Black,3 min,blitz,18,Lost,5/21/2017
adypady02,2449,Gudimov_Andrey,2449,White,3 min,blitz,31,Lost,5/18/2017
adypady02,2457,Gudimov_Andrey,2441,Black,3 min,blitz,23,Lost,5/18/2017
adypady02,2466,kflorian98,2441,White,3 min,blitz,27,Lost,5/17/2017
adypady02,2475,GM_Crest,2660,Black,3 min,blitz,33,Lost,5/17/2017
adypady02,2479,GM_Crest,2654,White,3 min,blitz,46,Lost,5/17/2017
adypady02,2483,1random,2269,Black,3 min,blitz,4,Draw,5/15/2017
adypady02,2488,1random,2264,White,3 min,blitz,27,Won,5/15/2017
adypady02,2484,1random,2268,Black,3 min,blitz,9,Draw,5/15/2017
adypady02,2489,1random,2263,White,3 min,blitz,62,Won,5/15/2017
adypady02,2485,Ustat,2501,White,3 min,blitz,94,Lost,5/14/2017
adypady02,2493,josiwales,2318,Black,3 min,blitz,45,Won,5/9/2017
adypady02,2489,josiwales,2322,White,3 min,blitz,26,Won,5/9/2017
adypady02,2484,josiwales,2327,Black,3 min,blitz,17,Won,5/9/2017
adypady02,2479,LameDude,2403,Black,3 min,blitz,15,Lost,5/6/2017
adypady02,2489,LameDude,2393,White,3 min,blitz,46,Won,5/6/2017
adypady02,2483,realjamaicandondada,2634,White,3 min,blitz,38,Lost,5/6/2017
adypady02,2488,Buzhizhebuguai,2442,White,3 min,blitz,58,Won,5/2/2017
adypady02,2481,KD64,2471,Black,3 min,blitz,18,Lost,5/1/2017
adypady02,2490,KD64,2462,White,3 min,blitz,38,Lost,5/1/2017
adypady02,2499,purehorses,2378,Black,3 min,blitz,35,Lost,5/1/2017
adypady02,2510,purehorses,2367,White,3 min,blitz,66,Won,5/1/2017
adypady02,2505,Maitreia,2506,Black,3 min,blitz,41,Won,4/30/2017
adypady02,2497,Maitreia,2514,White,3 min,blitz,21,Lost,4/30/2017
adypady02,2505,Maitreia,2506,Black,3 min,blitz,26,Lost,4/30/2017
adypady02,2513,Ramzai440,2377,White,3 min,blitz,51,Won,4/24/2017
adypady02,2508,VanishingDragon,2480,White,3 min,blitz,52,Won,4/23/2017
adypady02,2500,VanishingDragon,2488,Black,3 min,blitz,54,Won,4/23/2017