player,player_rating,opponent,opponent_rating,side,time_control,time_category,moves,result,date
adypady02,2543,cherryandmint,2631,Black,3 min,blitz,70,Won,7/4/2018
adypady02,2533,Vasiljev_Vasily,2336,White,3 min,blitz,3,Won,7/4/2018
adypady02,2529,Vasiljev_Vasily,2340,Black,3 min,blitz,43,Won,7/4/2018
adypady02,2525,juventudrebelde,2255,Black,3 min,blitz,21,Won,7/4/2018
adypady02,2522,halfnatty,2565,White,3 min,blitz,55,Draw,6/29/2018
adypady02,2521,halfnatty,2566,Black,3 min,blitz,47,Lost,6/29/2018
adypady02,2528,LoydBlankenship,2555,White,3 min,blitz,34,Lost,6/27/2018
adypady02,2536,1random,2216,Black,3 min,blitz,4,Won,6/27/2018
adypady02,2534,drademiridis,2451,White,3 min,blitz,21,Lost,6/27/2018
adypady02,2544,drademiridis,2441,Black,3 min,blitz,22,Won,6/27/2018
adypady02,2538,drademiridis,2447,White,3 min,blitz,22,Lost,6/27/2018
adypady02,2548,drademiridis,2437,Black,3 min,blitz,9,Won,6/27/2018
adypady02,2542,drademiridis,2443,White,3 min,blitz,40,Won,6/27/2018
adypady02,2536,drademiridis,2449,Black,3 min,blitz,64,Draw,6/27/2018
adypady02,2538,drademiridis,2447,White,3 min,blitz,53,Won,6/27/2018
adypady02,2532,drademiridis,2453,Black,3 min,blitz,29,Lost,6/27/2018
adypady02,2542,drademiridis,2443,White,3 min,blitz,71,Won,6/27/2018
adypady02,2536,drademiridis,2449,Black,3 min,blitz,24,Won,6/27/2018
adypady02,2529,drademiridis,2455,White,3 min,blitz,22,Lost,6/27/2018
adypady02,2540,Pal2855,2428,Black,3 min,blitz,26,Won,6/16/2018
adypady02,2534,Pal2855,2434,White,3 min,blitz,52,Won,6/16/2018
adypady02,2528,Pal2855,2440,Black,3 min,blitz,31,Won,6/16/2018
adypady02,2522,Pal2855,2446,White,3 min,blitz,17,Won,6/16/2018
adypady02,2515,Pal2855,2453,Black,3 min,blitz,55,Won,6/16/2018
adypady02,2508,Pal2855,2460,White,3 min,blitz,22,Won,6/16/2018
adypady02,2500,yosafat76,2350,Black,3 min,blitz,44,Won,6/14/2018
adypady02,2495,Highepoint,2423,White,3 min,blitz,39,Won,6/14/2018
adypady02,2488,pliniopazos,2332,Black,3 min,blitz,15,Won,6/14/2018
adypady02,2483,lemures27,2377,White,3 min,blitz,40,Won,5/30/2018
adypady02,2477,lemures27,2383,Black,3 min,blitz,16,Won,5/30/2018
adypady02,2471,LatinAmericanMeme,2415,White,3 min,blitz,97,Won,5/30/2018
adypady02,2464,LatinAmericanMeme,2422,Black,3 min,blitz,72,Draw,5/30/2018
adypady02,2465,Hunninn,2529,White,3 min,blitz,28,Lost,5/12/2018
adypady02,2472,Beautifulboy16,2449,White,3 min,blitz,43,Lost,5/5/2018
adypady02,2481,Beautifulboy16,2440,Black,3 min,blitz,30,Lost,5/5/2018
adypady02,2490,Beautifulboy16,2430,White,3 min,blitz,22,Lost,5/5/2018
adypady02,2500,Beautifulboy16,2420,Black,3 min,blitz,25,Won,5/5/2018
adypady02,2493,Beautifulboy16,2427,White,3 min,blitz,73,Lost,5/5/2018
adypady02,2503,FBenoni,2452,Black,3 min,blitz,38,Won,5/5/2018
adypady02,2496,nimamideje,2457,White,3 min,blitz,16,Lost,5/5/2018
adypady02,2505,nimamideje,2448,Black,3 min,blitz,21,Won,5/5/2018
adypady02,2498,nimamideje,2455,White,3 min,blitz,29,Lost,5/5/2018
adypady02,2507,nimamideje,2446,Black,3 min,blitz,18,Lost,5/5/2018
adypady02,2517,Yaacovn,2617,White,3 min,blitz,38,Won,4/20/2018
adypady02,2506,Yaacovn,2628,Black,3 min,blitz,95,Lost,4/20/2018
adypady02,2512,Yaacovn,2622,White,3 min,blitz,37,Lost,4/20/2018
adypady02,2518,Yaacovn,2616,Black,3 min,blitz,44,Won,4/20/2018
adypady02,2507,Yaacovn,2627,White,3 min,blitz,48,Lost,4/20/2018
adypady02,2513,Yaacovn,2621,Black,3 min,blitz,80,Won,4/20/2018
adypady02,2502,Yaacovn,2632,White,3 min,blitz,46,Draw,4/20/2018