player,player_rating,opponent,opponent_rating,side,time_control,time_category,moves,result,date
adypady02,2733,Alliswell998,2438,White,1 min,bullet,47,Won,7/26/2018
adypady02,2730,Alliswell998,2441,Black,1 min,bullet,58,Won,7/26/2018
adypady02,2727,Alliswell998,2444,White,1 min,bullet,51,Draw,7/26/2018
adypady02,2733,Alliswell998,2438,Black,1 min,bullet,57,Draw,7/26/2018
adypady02,2739,Alliswell998,2432,White,1 min,bullet,37,Won,7/26/2018
adypady02,2737,Alliswell998,2434,Black,1 min,bullet,27,Won,7/26/2018
adypady02,2735,Alliswell998,2436,White,1 min,bullet,33,Won,7/26/2018
adypady02,2732,Alliswell998,2439,Black,1 min,bullet,17,Won,7/26/2018
adypady02,2729,Alliswell998,2442,White,1 min,bullet,26,Won,7/26/2018
adypady02,2726,Alliswell998,2445,Black,1 min,bullet,19,Won,7/26/2018
adypady02,2723,Alliswell998,2448,White,1 min,bullet,51,Won,7/26/2018
adypady02,2720,Alliswell998,2451,Black,1 min,bullet,34,Won,7/26/2018
adypady02,2717,Alliswell998,2454,White,1 min,bullet,26,Won,7/26/2018
adypady02,2714,Alliswell998,2457,Black,1 min,bullet,44,Won,7/26/2018
adypady02,2711,Doraemon7,2593,Black,1 min,bullet,59,Lost,7/26/2018
adypady02,2722,Doraemon7,2582,White,1 min,bullet,45,Won,7/26/2018
adypady02,2717,Doraemon7,2587,Black,1 min,bullet,56,Lost,7/26/2018
adypady02,2728,Doraemon7,2576,White,1 min,bullet,14,Won,7/26/2018
adypady02,2723,Doraemon7,2581,Black,1 min,bullet,23,Won,7/26/2018
adypady02,2718,Doraemon7,2586,White,1 min,bullet,24,Won,7/26/2018
adypady02,2713,Doraemon7,2591,Black,1 min,bullet,51,Lost,7/26/2018
adypady02,2724,Doraemon7,2580,White,1 min,bullet,26,Won,7/26/2018
adypady02,2719,Doraemon7,2585,Black,1 min,bullet,21,Won,7/26/2018
adypady02,2714,Doraemon7,2590,White,1 min,bullet,44,Won,7/26/2018
adypady02,2708,Doraemon7,2596,Black,1 min,bullet,30,Won,7/26/2018
adypady02,2702,tryingtoplayfaster,2501,Black,1 min,bullet,33,Won,7/26/2018
adypady02,2698,tryingtoplayfaster,2505,White,1 min,bullet,39,Won,7/26/2018
adypady02,2694,valger,2756,Black,1 min,bullet,38,Lost,7/25/2018
adypady02,2701,valger,2749,White,1 min,bullet,17,Won,7/25/2018
adypady02,2691,valger,2759,Black,1 min,bullet,46,Lost,7/25/2018
adypady02,2698,valger,2752,White,1 min,bullet,48,Lost,7/25/2018
adypady02,2705,valger,2745,Black,1 min,bullet,38,Lost,7/25/2018
adypady02,2712,valger,2738,White,1 min,bullet,35,Won,7/25/2018
adypady02,2703,therightapproach,2523,White,1 min,bullet,50,Won,7/25/2018
adypady02,2699,therightapproach,2527,Black,1 min,bullet,52,Won,7/25/2018
adypady02,2694,therightapproach,2532,White,1 min,bullet,75,Draw,7/25/2018
adypady02,2698,therightapproach,2528,Black,1 min,bullet,38,Won,7/25/2018
adypady02,2693,therightapproach,2533,White,1 min,bullet,75,Won,7/25/2018
adypady02,2688,therightapproach,2538,Black,1 min,bullet,15,Won,7/25/2018
adypady02,2683,therightapproach,2543,White,1 min,bullet,54,Draw,7/25/2018
adypady02,2686,therightapproach,2540,Black,1 min,bullet,62,Draw,7/25/2018
adypady02,2689,therightapproach,2537,White,1 min,bullet,35,Won,7/25/2018
adypady02,2684,therightapproach,2542,Black,1 min,bullet,63,Lost,7/25/2018
adypady02,2695,therightapproach,2531,White,1 min,bullet,25,Won,7/25/2018
adypady02,2690,therightapproach,2536,Black,1 min,bullet,46,Won,7/25/2018
adypady02,2685,Toyota_Land_Cruiser,2606,White,1 min,bullet,21,Lost,7/23/2018
adypady02,2695,cbenique,2443,Black,1 min,bullet,55,Lost,7/13/2018
adypady02,2708,1random,2612,White,1 min,bullet,22,Draw,7/10/2018
adypady02,2710,1random,2610,Black,1 min,bullet,30,Lost,7/10/2018
adypady02,2721,1random,2599,White,1 min,bullet,36,Won,7/10/2018