player,player_rating,opponent,opponent_rating,side,time_control,time_category,moves,result,date
adypady02,2715,canwedoit,2476,Black,1 min,bullet,23,Won,7/5/2018
adypady02,2712,canwedoit,2479,White,1 min,bullet,58,Won,7/5/2018
adypady02,2709,canwedoit,2482,Black,1 min,bullet,28,Won,7/5/2018
adypady02,2705,canwedoit,2486,White,1 min,bullet,15,Won,7/5/2018
adypady02,2701,canwedoit,2490,Black,1 min,bullet,36,Won,7/5/2018
adypady02,2697,canwedoit,2494,White,1 min,bullet,31,Won,7/5/2018
adypady02,2693,canwedoit,2498,Black,1 min,bullet,59,Won,7/5/2018
adypady02,2689,canwedoit,2502,White,1 min,bullet,21,Won,7/5/2018
adypady02,2685,canwedoit,2506,Black,1 min,bullet,34,Lost,7/5/2018
adypady02,2697,canwedoit,2494,White,1 min,bullet,33,Lost,7/5/2018
adypady02,2710,canwedoit,2481,Black,1 min,bullet,16,Won,7/5/2018
adypady02,2706,canwedoit,2484,White,1 min,bullet,52,Lost,7/5/2018
adypady02,2719,canwedoit,2471,Black,1 min,bullet,35,Won,7/5/2018
adypady02,2716,canwedoit,2474,White,1 min,bullet,20,Won,7/5/2018
adypady02,2713,canwedoit,2477,Black,1 min,bullet,19,Won,7/5/2018
adypady02,2710,canwedoit,2480,White,1 min,bullet,27,Won,7/5/2018
adypady02,2707,canwedoit,2483,Black,1 min,bullet,26,Won,7/5/2018
adypady02,2703,canwedoit,2487,White,1 min,bullet,23,Lost,7/5/2018
adypady02,2716,canwedoit,2474,Black,1 min,bullet,38,Lost,7/5/2018
adypady02,2729,canwedoit,2461,White,1 min,bullet,68,Draw,7/5/2018
adypady02,2734,canwedoit,2456,Black,1 min,bullet,34,Won,7/5/2018
adypady02,2731,canwedoit,2459,White,1 min,bullet,70,Won,7/5/2018
adypady02,2728,canwedoit,2462,Black,1 min,bullet,53,Won,7/5/2018
adypady02,2725,canwedoit,2465,White,1 min,bullet,11,Won,7/5/2018
adypady02,2722,canwedoit,2468,Black,1 min,bullet,30,Won,7/5/2018
adypady02,2719,canwedoit,2471,White,1 min,bullet,57,Won,7/5/2018
adypady02,2716,canwedoit,2474,Black,1 min,bullet,39,Lost,7/5/2018
adypady02,2729,canwedoit,2461,White,1 min,bullet,35,Won,7/5/2018
adypady02,2726,canwedoit,2464,Black,1 min,bullet,15,Won,7/5/2018
adypady02,2723,canwedoit,2467,White,1 min,bullet,52,Won,7/5/2018
adypady02,2720,canwedoit,2470,Black,1 min,bullet,60,Won,7/5/2018
adypady02,2717,canwedoit,2473,White,1 min,bullet,41,Won,7/5/2018
adypady02,2714,canwedoit,2476,Black,1 min,bullet,52,Won,7/5/2018
adypady02,2711,nihalsarin,2712,Black,1 min,bullet,34,Won,7/4/2018
adypady02,2703,nihalsarin,2720,White,1 min,bullet,41,Lost,7/4/2018
adypady02,2711,nihalsarin,2712,Black,1 min,bullet,28,Won,7/4/2018
adypady02,2703,nihalsarin,2720,White,1 min,bullet,65,Lost,7/4/2018
adypady02,2711,1random,2600,Black,1 min,bullet,31,Won,7/4/2018
adypady02,2705,1random,2606,White,1 min,bullet,24,Won,7/4/2018
adypady02,2699,1random,2612,Black,1 min,bullet,30,Won,7/4/2018
adypady02,2693,1random,2618,White,1 min,bullet,32,Lost,7/4/2018
adypady02,2703,1random,2608,Black,1 min,bullet,52,Won,7/4/2018
adypady02,2697,1random,2614,White,1 min,bullet,53,Won,7/4/2018
adypady02,2691,1random,2620,Black,1 min,bullet,24,Won,7/4/2018
adypady02,2684,1random,2627,White,1 min,bullet,53,Won,7/4/2018
adypady02,2677,1random,2634,Black,1 min,bullet,63,Lost,7/4/2018
adypady02,2686,1random,2625,White,1 min,bullet,75,Draw,7/4/2018
adypady02,2687,1random,2624,Black,1 min,bullet,34,Won,7/4/2018
adypady02,2680,1random,2631,White,1 min,bullet,49,Won,7/4/2018
adypady02,2673,1random,2638,Black,1 min,bullet,125,Draw,7/4/2018