player,player_rating,opponent,opponent_rating,side,time_control,time_category,moves,result,date
adypady02,2706,Padenie_Zvezd,2613,White,3 min,blitz,26,Lost,2/12/2019
adypady02,2717,InsaneTraining,2579,White,3 min,blitz,47,Lost,1/26/2019
adypady02,2728,InsaneTraining,2568,Black,3 min,blitz,63,Lost,1/26/2019
adypady02,2740,bobbyfusha,2646,White,3 min,blitz,30,Lost,1/26/2019
adypady02,2751,TheCrazyKing2010,2469,White,3 min,blitz,40,Won,1/26/2019
adypady02,2748,DrNykterstein2,2688,White,3 min,blitz,59,Won,1/18/2019
adypady02,2741,DrNykterstein2,2695,Black,3 min,blitz,40,Draw,1/18/2019
adypady02,2742,Maitreia,2698,White,3 min,blitz,32,Won,1/17/2019
adypady02,2735,JulianProleiko,2536,White,3 min,blitz,37,Won,1/17/2019
adypady02,2731,JulianProleiko,2540,Black,3 min,blitz,31,Won,1/17/2019
adypady02,2727,Bubi6,2550,White,3 min,blitz,33,Won,1/17/2019
adypady02,2723,Bubi6,2554,Black,3 min,blitz,33,Won,1/17/2019
adypady02,2718,Bubi6,2559,White,3 min,blitz,36,Draw,1/17/2019
adypady02,2722,unkiyto,2708,White,3 min,blitz,61,Draw,1/15/2019
adypady02,2722,jjosu,2587,White,3 min,blitz,36,Won,1/9/2019
adypady02,2717,jjosu,2596,Black,3 min,blitz,20,Won,1/9/2019
adypady02,2711,jjosu,2606,White,3 min,blitz,32,Won,1/9/2019
adypady02,2705,jjosu,2618,Black,3 min,blitz,31,Lost,1/9/2019
adypady02,2716,jjosu,2597,White,3 min,blitz,61,Won,1/9/2019
adypady02,2710,jjosu,2609,Black,3 min,blitz,28,Won,1/9/2019
adypady02,2704,jjosu,2622,White,3 min,blitz,3,Lost,1/9/2019
adypady02,2714,jjosu,2598,Black,3 min,blitz,30,Won,1/9/2019
adypady02,2708,MFBorn,2625,White,3 min,blitz,37,Won,1/7/2019
adypady02,2702,MFBorn,2631,Black,3 min,blitz,53,Won,1/7/2019
adypady02,2695,MFBorn,2638,White,3 min,blitz,25,Lost,1/7/2019
adypady02,2705,MFBorn,2628,Black,3 min,blitz,21,Lost,1/7/2019
adypady02,2715,MFBorn,2618,White,3 min,blitz,64,Won,1/7/2019
adypady02,2709,MFBorn,2624,Black,3 min,blitz,57,Won,1/7/2019
adypady02,2703,MFBorn,2630,White,3 min,blitz,37,Won,1/7/2019
adypady02,2696,MFBorn,2637,Black,3 min,blitz,56,Won,1/7/2019
adypady02,2689,MFBorn,2644,White,3 min,blitz,28,Won,1/7/2019
adypady02,2682,MFBorn,2651,Black,3 min,blitz,35,Won,1/7/2019
adypady02,2674,MFBorn,2659,White,3 min,blitz,52,Lost,1/7/2019
adypady02,2683,MFBorn,2650,Black,3 min,blitz,83,Lost,1/7/2019
adypady02,2692,MFBorn,2641,White,3 min,blitz,66,Lost,1/7/2019
adypady02,2702,fancyknightmaneuvers,2438,Black,3 min,blitz,1,Won,1/7/2019
adypady02,2699,MFBorn,2647,Black,3 min,blitz,48,Won,1/6/2019
adypady02,2692,MFBorn,2654,White,3 min,blitz,58,Won,1/6/2019
adypady02,2685,MFBorn,2661,Black,3 min,blitz,41,Won,1/6/2019
adypady02,2677,MFBorn,2669,White,3 min,blitz,35,Won,1/6/2019
adypady02,2669,MFBorn,2677,Black,3 min,blitz,38,Draw,1/6/2019
adypady02,2669,johnathan113,2609,Black,3 min,blitz,66,Won,1/6/2019
adypady02,2662,johnathan113,2616,White,3 min,blitz,35,Won,1/6/2019
adypady02,2655,vladimirdamjanovic,2493,Black,3 min,blitz,51,Draw,1/5/2019
adypady02,2659,vladimirdamjanovic,2489,White,3 min,blitz,33,Won,1/5/2019
adypady02,2654,vladimirdamjanovic,2494,Black,3 min,blitz,28,Won,1/5/2019
adypady02,2649,vladimirdamjanovic,2499,White,3 min,blitz,43,Draw,1/5/2019
adypady02,2652,vladimirdamjanovic,2496,Black,3 min,blitz,50,Won,1/5/2019
adypady02,2647,vladimirdamjanovic,2501,White,3 min,blitz,42,Won,1/5/2019
adypady02,2642,vladimirdamjanovic,2506,Black,3 min,blitz,24,Lost,1/5/2019