player,player_rating,opponent,opponent_rating,side,time_control,time_category,moves,result,date
adypady02,2653,vladimirdamjanovic,2495,White,3 min,blitz,36,Won,1/5/2019
adypady02,2648,vladimirdamjanovic,2500,Black,3 min,blitz,39,Won,1/5/2019
adypady02,2643,vladimirdamjanovic,2505,White,3 min,blitz,33,Won,1/5/2019
adypady02,2638,vladimirdamjanovic,2510,Black,3 min,blitz,34,Draw,1/5/2019
adypady02,2641,vladimirdamjanovic,2507,White,3 min,blitz,60,Won,1/5/2019
adypady02,2636,vladimirdamjanovic,2512,Black,3 min,blitz,44,Won,1/5/2019
adypady02,2631,vladimirdamjanovic,2517,White,3 min,blitz,29,Won,1/5/2019
adypady02,2625,XXXdeadmanXXX,2576,Black,3 min,blitz,36,Won,1/5/2019
adypady02,2618,XXXdeadmanXXX,2583,White,3 min,blitz,71,Won,1/5/2019
adypady02,2610,XXXdeadmanXXX,2591,Black,3 min,blitz,41,Won,1/5/2019
adypady02,2602,XXXdeadmanXXX,2599,White,3 min,blitz,28,Won,1/5/2019
adypady02,2594,24131733,2495,White,3 min,blitz,28,Draw,1/3/2019
adypady02,2596,Dianov_Alexey,2456,Black,3 min,blitz,48,Won,1/3/2019
adypady02,2591,Dianov_Alexey,2461,White,3 min,blitz,31,Lost,1/3/2019
adypady02,2602,topspin2,2456,Black,3 min,blitz,43,Won,1/3/2019
adypady02,2597,Battever,2492,White,3 min,blitz,30,Won,1/3/2019
adypady02,2591,Battever,2498,Black,3 min,blitz,37,Won,1/3/2019
adypady02,2585,Battever,2504,White,3 min,blitz,29,Won,1/3/2019
adypady02,2579,SONOFHOLYGOD,2583,White,3 min,blitz,39,Won,1/3/2019
adypady02,2571,GelmanAlexander,2544,Black,3 min,blitz,17,Won,1/3/2019
adypady02,2563,kimstevenyap,2455,Black,3 min,blitz,27,Won,1/3/2019
adypady02,2557,bugsbunny444,2493,White,3 min,blitz,45,Draw,1/3/2019
adypady02,2559,bugsbunny444,2491,Black,3 min,blitz,30,Won,1/3/2019
adypady02,2552,bugsbunny444,2498,White,3 min,blitz,63,Won,1/3/2019
adypady02,2545,bugsbunny444,2505,Black,3 min,blitz,50,Won,1/3/2019
adypady02,2538,bugsbunny444,2512,White,3 min,blitz,27,Won,1/3/2019
adypady02,2530,bugsbunny444,2520,Black,3 min,blitz,60,Won,1/3/2019
adypady02,2522,bugsbunny444,2528,White,3 min,blitz,27,Won,1/3/2019
adypady02,2513,bugsbunny444,2537,Black,3 min,blitz,41,Won,1/3/2019
adypady02,2504,ChessyInstinct,2352,White,3 min,blitz,36,Won,1/3/2019
adypady02,2499,ChessyInstinct,2357,Black,3 min,blitz,51,Lost,1/3/2019
adypady02,2511,ChessyInstinct,2346,White,3 min,blitz,33,Won,1/3/2019
adypady02,2506,ChessyInstinct,2351,Black,3 min,blitz,38,Won,1/3/2019
adypady02,2501,Fluffey,2389,White,3 min,blitz,19,Lost,1/1/2019
adypady02,2512,pmlmail,2514,White,3 min,blitz,39,Won,1/1/2019
adypady02,2504,passy234,2379,Black,5 min,blitz,82,Lost,1/1/2019
adypady02,2515,marinstrasni,2413,Black,5 min,blitz,60,Lost,1/1/2019
adypady02,2526,marinstrasni,2402,White,5 min,blitz,24,Won,1/1/2019
adypady02,2520,gonzaga23,2466,White,3 min,blitz,18,Lost,12/20/2018
adypady02,2530,elchacal664,2450,White,3 min,blitz,43,Won,12/11/2018
adypady02,2523,Neftegor,2424,Black,3 min,blitz,51,Lost,12/3/2018
adypady02,2534,Neftegor,2413,White,3 min,blitz,34,Lost,12/3/2018
adypady02,2545,Neftegor,2402,Black,3 min,blitz,50,Won,12/3/2018
adypady02,2540,Neftegor,2407,White,3 min,blitz,40,Won,12/3/2018
adypady02,2535,Fibrinogen,2462,Black,3 min,blitz,60,Draw,12/3/2018
adypady02,2537,Fibrinogen,2460,White,3 min,blitz,41,Draw,12/3/2018
adypady02,2539,Fibrinogen,2458,Black,3 min,blitz,42,Won,12/3/2018
adypady02,2533,Fibrinogen,2464,White,3 min,blitz,43,Won,12/3/2018
adypady02,2526,fa191828,2478,Black,3 min,blitz,29,Lost,11/30/2018
adypady02,2535,jk13,2509,Black,3 min,blitz,32,Lost,11/26/2018