player,player_rating,opponent,opponent_rating,side,time_control,time_category,moves,result,date
adypady02,2616,Klisk,2503,Black,1 min,bullet,47,Won,12/11/2018
adypady02,2610,Klisk,2509,White,1 min,bullet,55,Lost,12/11/2018
adypady02,2621,Klisk,2498,Black,1 min,bullet,35,Won,12/11/2018
adypady02,2615,Klisk,2504,White,1 min,bullet,50,Won,12/11/2018
adypady02,2609,Klisk,2510,Black,1 min,bullet,66,Lost,12/11/2018
adypady02,2620,Klisk,2499,White,1 min,bullet,56,Won,12/11/2018
adypady02,2614,Klisk,2505,Black,1 min,bullet,65,Won,12/11/2018
adypady02,2608,yoolund,2422,White,1 min,bullet,45,Won,12/5/2018
adypady02,2604,yoolund,2426,Black,1 min,bullet,32,Won,12/5/2018
adypady02,2599,yoolund,2430,White,1 min,bullet,36,Won,12/5/2018
adypady02,2594,yoolund,2435,Black,1 min,bullet,21,Won,12/5/2018
adypady02,2589,yoolund,2440,White,1 min,bullet,52,Won,12/5/2018
adypady02,2583,yoolund,2445,Black,1 min,bullet,53,Won,12/5/2018
adypady02,2577,SThompson24,2485,White,1 min,bullet,50,Lost,12/3/2018
adypady02,2589,spectralsoul,2700,Black,1 min,bullet,44,Lost,12/3/2018
adypady02,2596,spectralsoul,2694,White,1 min,bullet,58,Draw,12/3/2018
adypady02,2593,spectralsoul,2696,Black,1 min,bullet,41,Lost,12/3/2018
adypady02,2600,spectralsoul,2690,White,1 min,bullet,40,Lost,12/3/2018
adypady02,2608,1random,2959,Black,30 sec,bullet,52,Lost,11/13/2018
adypady02,2610,1random,2957,White,30 sec,bullet,46,Lost,11/13/2018
adypady02,2612,1random,2955,Black,30 sec,bullet,27,Won,11/13/2018
adypady02,2597,1random,2969,White,30 sec,bullet,40,Lost,11/13/2018
adypady02,2599,GothamChess,2793,White,30 sec,bullet,64,Draw,10/14/2018
adypady02,2595,GothamChess,2797,Black,30 sec,bullet,66,Draw,10/14/2018
adypady02,2591,readbio_sorry,1788,White,1 min,bullet,29,Won,10/14/2018
adypady02,2591,NMJeevanK,2495,White,1 min,bullet,28,Lost,10/7/2018
adypady02,2602,NMJeevanK,2484,Black,1 min,bullet,55,Won,10/7/2018
adypady02,2596,NMJeevanK,2490,White,1 min,bullet,34,Lost,10/7/2018
adypady02,2607,NMJeevanK,2479,Black,1 min,bullet,54,Lost,10/7/2018
adypady02,2618,NMJeevanK,2468,White,1 min,bullet,32,Lost,10/7/2018
adypady02,2630,NMJeevanK,2456,Black,1 min,bullet,49,Won,10/7/2018
adypady02,2625,NMJeevanK,2461,White,1 min,bullet,56,Won,10/7/2018
adypady02,2620,NMJeevanK,2466,Black,1 min,bullet,62,Lost,10/7/2018
adypady02,2632,NMJeevanK,2454,White,1 min,bullet,27,Won,10/7/2018
adypady02,2628,NMJeevanK,2458,Black,1 min,bullet,38,Won,10/7/2018
adypady02,2623,NMJeevanK,2463,White,1 min,bullet,29,Won,10/7/2018
adypady02,2618,VoivodeDracula,2300,White,1 min,bullet,13,Won,9/24/2018
adypady02,2616,VoivodeDracula,2302,Black,1 min,bullet,66,Draw,9/24/2018
adypady02,2622,VoivodeDracula,2296,White,1 min,bullet,67,Lost,9/24/2018
adypady02,2636,Alliswell998,2334,Black,1 min,bullet,29,Won,9/14/2018
adypady02,2634,balugakalang,2387,Black,1 min,bullet,44,Won,9/14/2018
adypady02,2631,balugakalang,2390,White,1 min,bullet,33,Won,9/14/2018
adypady02,2628,manudavid,2811,Black,1 min,bullet,47,Lost,9/13/2018
adypady02,2632,manudavid,2807,White,1 min,bullet,54,Lost,9/13/2018
adypady02,2636,manudavid,2803,Black,1 min,bullet,34,Lost,9/13/2018
adypady02,2641,Aireea,2691,White,1 min,bullet,34,Lost,9/9/2018
adypady02,2648,Aireea,2684,Black,1 min,bullet,19,Lost,9/9/2018
adypady02,2656,SZapataCharles,2583,Black,1 min,bullet,61,Lost,9/9/2018
adypady02,2666,djamir,2621,White,1 min,bullet,56,Draw,9/9/2018
adypady02,2667,djamir,2620,Black,1 min,bullet,61,Draw,9/9/2018