player,player_rating,opponent,opponent_rating,side,time_control,time_category,moves,result,date
adypady02,2508,sidbuddha1,2503,White,3 min,blitz,39,Lost,7/20/2017
adypady02,2516,sidbuddha1,2495,Black,3 min,blitz,35,Won,7/20/2017
adypady02,2508,sidbuddha1,2503,White,3 min,blitz,34,Won,7/20/2017
adypady02,2500,sidbuddha1,2511,Black,3 min,blitz,32,Lost,7/20/2017
adypady02,2508,GulamaliRises,2413,Black,3 min,blitz,39,Won,7/19/2017
adypady02,2502,GulamaliRises,2419,White,3 min,blitz,30,Won,7/19/2017
adypady02,2496,GulamaliRises,2425,Black,3 min,blitz,38,Lost,7/19/2017
adypady02,2506,GulamaliRises,2415,White,3 min,blitz,29,Lost,7/19/2017
adypady02,2516,pKiLz5Rn9b,2536,White,3 min,blitz,39,Lost,7/19/2017
adypady02,2524,kosya4ok,2528,Black,3 min,blitz,23,Won,7/18/2017
adypady02,2516,kosya4ok,2536,White,3 min,blitz,78,Lost,7/18/2017
adypady02,2524,kosya4ok,2528,Black,3 min,blitz,16,Lost,7/18/2017
adypady02,2532,kosya4ok,2520,White,3 min,blitz,59,Won,7/18/2017
adypady02,2524,kosya4ok,2528,Black,3 min,blitz,39,Draw,7/18/2017
adypady02,2524,kosya4ok,2528,White,3 min,blitz,38,Won,7/18/2017
adypady02,2516,kosya4ok,2536,Black,3 min,blitz,55,Won,7/18/2017
adypady02,2507,kosya4ok,2545,White,3 min,blitz,66,Draw,7/18/2017
adypady02,2506,kosya4ok,2546,Black,3 min,blitz,32,Won,7/18/2017
adypady02,2497,dabee,2417,White,3 min,blitz,41,Won,7/18/2017
adypady02,2491,dabee,2423,Black,3 min,blitz,28,Won,7/18/2017
adypady02,2484,dabee,2430,White,3 min,blitz,22,Lost,7/18/2017
adypady02,2494,dabee,2420,Black,3 min,blitz,56,Won,7/18/2017
adypady02,2487,dabee,2427,White,3 min,blitz,15,Lost,7/18/2017
adypady02,2497,dabee,2417,Black,3 min,blitz,22,Won,7/18/2017
adypady02,2490,Denmark2015,2410,White,3 min,blitz,27,Won,7/16/2017
adypady02,2483,Denmark2015,2417,Black,3 min,blitz,147,Won,7/16/2017
adypady02,2476,hassler2,2363,Black,3 min,blitz,37,Won,7/15/2017
adypady02,2470,hassler2,2369,White,3 min,blitz,89,Draw,7/15/2017
adypady02,2472,Haitam201799,1667,Black,3 min,blitz,23,Won,7/14/2017
adypady02,2472,pKiLz5Rn9b,2491,Black,3 min,blitz,39,Lost,7/10/2017
adypady02,2480,mLeonHoyos,2544,White,3 min,blitz,26,Lost,7/7/2017
adypady02,2487,mLeonHoyos,2537,Black,3 min,blitz,23,Lost,7/7/2017
adypady02,2494,mLeonHoyos,2530,White,3 min,blitz,47,Lost,7/7/2017
adypady02,2501,mLeonHoyos,2523,Black,3 min,blitz,53,Won,7/7/2017
adypady02,2492,mLeonHoyos,2532,White,3 min,blitz,26,Lost,7/7/2017
adypady02,2499,mLeonHoyos,2525,Black,3 min,blitz,19,Lost,7/7/2017
adypady02,2507,mLeonHoyos,2517,White,3 min,blitz,13,Lost,7/7/2017
adypady02,2515,mLeonHoyos,2509,Black,3 min,blitz,87,Lost,7/7/2017
adypady02,2524,mLeonHoyos,2500,White,3 min,blitz,12,Lost,7/7/2017
adypady02,2533,mLeonHoyos,2491,Black,3 min,blitz,43,Won,7/7/2017
adypady02,2526,mLeonHoyos,2498,White,3 min,blitz,48,Won,7/7/2017
adypady02,2518,ChesscoachAndras,2521,White,3 min,blitz,34,Lost,7/6/2017
adypady02,2526,ChesscoachAndras,2513,Black,3 min,blitz,28,Lost,7/6/2017
adypady02,2535,ChesscoachAndras,2504,White,3 min,blitz,33,Won,7/6/2017
adypady02,2527,ChesscoachAndras,2512,Black,3 min,blitz,28,Lost,7/6/2017
adypady02,2536,ChesscoachAndras,2503,White,3 min,blitz,22,Lost,7/6/2017
adypady02,2545,ChesscoachAndras,2494,Black,3 min,blitz,34,Won,7/6/2017
adypady02,2538,ChesscoachAndras,2501,White,3 min,blitz,28,Lost,7/6/2017
adypady02,2547,ChesscoachAndras,2492,Black,3 min,blitz,53,Won,7/6/2017
adypady02,2540,ChesscoachAndras,2499,White,3 min,blitz,37,Won,7/6/2017