player,player_rating,opponent,opponent_rating,side,time_control,time_category,moves,result,date
adypady02,2439,Fumitoks,2376,Black,3 min,blitz,58,Lost,3/7/2018
adypady02,2451,DagurR,2371,White,3 min,blitz,26,Won,3/2/2018
adypady02,2443,MichaelBaron,2400,White,3 min,blitz,56,Won,3/2/2018
adypady02,2434,MichaelBaron,2407,Black,3 min,blitz,31,Lost,3/2/2018
adypady02,2445,lacypill,2417,White,3 min,blitz,35,Won,1/22/2018
adypady02,2437,smurfo,2503,Black,3 min,blitz,39,Lost,1/22/2018
adypady02,2444,smurfo,2496,White,3 min,blitz,15,Lost,1/22/2018
adypady02,2451,smurfo,2489,Black,3 min,blitz,26,Won,1/22/2018
adypady02,2442,smurfo,2498,White,3 min,blitz,34,Lost,1/22/2018
adypady02,2449,smurfo,2491,Black,3 min,blitz,46,Won,1/22/2018
adypady02,2440,smurfo,2500,White,3 min,blitz,40,Lost,1/22/2018
adypady02,2447,kasatkachess77,2434,White,3 min,blitz,50,Lost,1/7/2018
adypady02,2456,Marcus_Harvey,2544,White,3 min,blitz,36,Won,1/7/2018
adypady02,2446,Alliswell998,2165,White,3 min,blitz,35,Won,1/6/2018
adypady02,2443,Alliswell998,2311,Black,3 min,blitz,44,Lost,12/24/2017
adypady02,2454,Alliswell998,2300,White,3 min,blitz,24,Draw,12/24/2017
adypady02,2457,Alliswell998,2297,Black,3 min,blitz,27,Won,12/24/2017
adypady02,2452,Alliswell998,2302,White,3 min,blitz,34,Won,12/24/2017
adypady02,2447,Alliswell998,2307,Black,3 min,blitz,19,Won,12/24/2017
adypady02,2442,Alliswell998,2312,White,3 min,blitz,55,Won,12/24/2017
adypady02,2437,Alliswell998,2317,Black,3 min,blitz,27,Lost,12/24/2017
adypady02,2448,Danirod,2428,Black,3 min,blitz,24,Won,12/23/2017
adypady02,2440,Danirod,2436,White,3 min,blitz,44,Lost,12/23/2017
adypady02,2449,Danirod,2427,Black,3 min,blitz,23,Lost,12/23/2017
adypady02,2458,PchelkinVK,2424,White,3 min,blitz,29,Lost,12/22/2017
adypady02,2467,dogeandpika4life,2245,Black,3 min,blitz,55,Lost,12/20/2017
adypady02,2480,Gabix_94,2548,White,3 min,blitz,75,Draw,12/19/2017
adypady02,2478,Gabix_94,2550,Black,3 min,blitz,28,Lost,12/19/2017
adypady02,2485,Gabix_94,2543,White,3 min,blitz,45,Lost,12/19/2017
adypady02,2492,siansell,2373,White,3 min,blitz,55,Won,12/19/2017
adypady02,2486,CaptainPlanet,2352,Black,3 min,blitz,18,Won,12/19/2017
adypady02,2481,tarquilnius,2524,White,3 min,blitz,70,Draw,12/16/2017
adypady02,2480,freshmind1990,2420,Black,3 min,blitz,27,Won,12/13/2017
adypady02,2473,GMPontusCarlsson,2592,Black,3 min,blitz,41,Lost,12/13/2017
adypady02,2479,GMPontusCarlsson,2586,White,3 min,blitz,26,Lost,12/13/2017
adypady02,2485,MagnutsCarleson,1669,White,5 min,blitz,38,Won,12/4/2017
adypady02,2485,DvaHrasta,2352,Black,3 min,blitz,70,Won,12/1/2017
adypady02,2480,lrj2011,2402,Black,3 min,blitz,20,Won,12/1/2017
adypady02,2473,lrj2011,2409,White,3 min,blitz,76,Lost,12/1/2017
adypady02,2483,AAlekin28,2356,Black,3 min,blitz,78,Draw,12/1/2017
adypady02,2486,BrilliantPenguin,2491,White,3 min,blitz,46,Lost,11/29/2017
adypady02,2494,BrilliantPenguin,2483,Black,3 min,blitz,24,Lost,11/29/2017
adypady02,2503,BrilliantPenguin,2474,White,3 min,blitz,32,Won,11/29/2017
adypady02,2495,BrilliantPenguin,2482,Black,3 min,blitz,34,Won,11/29/2017
adypady02,2487,BrilliantPenguin,2490,White,3 min,blitz,72,Lost,11/29/2017
adypady02,2495,BrilliantPenguin,2482,Black,3 min,blitz,76,Lost,11/29/2017
adypady02,2504,GSWHoops,2316,White,3 min,blitz,30,Won,11/29/2017
adypady02,2500,StJames2018,2347,Black,3 min,blitz,22,Lost,11/24/2017
adypady02,2512,knighk,2296,White,3 min,blitz,40,Won,11/24/2017
adypady02,2508,knighk,2300,Black,3 min,blitz,21,Won,11/24/2017