player,player_rating,opponent,opponent_rating,side,time_control,time_category,moves,result,date
adypady02,2733,jjosu,2718,Black,1 min,bullet,29,Lost,8/2/2018
adypady02,2742,jjosu,2709,White,1 min,bullet,24,Lost,8/2/2018
adypady02,2751,jjosu,2700,Black,1 min,bullet,32,Won,8/2/2018
adypady02,2744,jjosu,2707,White,1 min,bullet,56,Draw,8/2/2018
adypady02,2745,jjosu,2706,Black,1 min,bullet,27,Lost,8/2/2018
adypady02,2754,jjosu,2697,White,1 min,bullet,67,Lost,8/2/2018
adypady02,2764,jjosu,2687,Black,1 min,bullet,29,Lost,8/2/2018
adypady02,2774,jjosu,2677,White,1 min,bullet,50,Won,8/2/2018
adypady02,2768,jjosu,2683,Black,1 min,bullet,22,Won,8/2/2018
adypady02,2762,jjosu,2689,White,1 min,bullet,28,Won,8/2/2018
adypady02,2755,jjosu,2696,Black,1 min,bullet,13,Won,8/2/2018
adypady02,2748,jjosu,2703,White,1 min,bullet,70,Won,8/2/2018
adypady02,2741,AlexPapasimakopoulos,2526,Black,1 min,bullet,75,Lost,8/2/2018
adypady02,2754,AlexPapasimakopoulos,2513,White,1 min,bullet,61,Lost,8/2/2018
adypady02,2767,NguyenXi,2699,Black,1 min,bullet,26,Lost,8/2/2018
adypady02,2777,NguyenXi,2689,White,1 min,bullet,26,Lost,8/2/2018
adypady02,2787,jlandaw,2501,White,1 min,bullet,41,Won,8/2/2018
adypady02,2784,Alliswell998,2445,White,1 min,bullet,42,Lost,7/27/2018
adypady02,2798,Alliswell998,2431,Black,1 min,bullet,19,Won,7/27/2018
adypady02,2796,Alliswell998,2433,White,1 min,bullet,25,Won,7/27/2018
adypady02,2794,Alliswell998,2435,Black,1 min,bullet,34,Won,7/27/2018
adypady02,2792,Alliswell998,2437,White,1 min,bullet,58,Won,7/27/2018
adypady02,2790,Alliswell998,2439,Black,1 min,bullet,51,Won,7/27/2018
adypady02,2788,Alliswell998,2441,White,1 min,bullet,19,Won,7/27/2018
adypady02,2786,Alliswell998,2443,Black,1 min,bullet,39,Won,7/27/2018
adypady02,2784,Alliswell998,2445,White,1 min,bullet,28,Won,7/27/2018
adypady02,2782,Alliswell998,2447,Black,1 min,bullet,75,Draw,7/27/2018
adypady02,2788,Alliswell998,2441,White,1 min,bullet,38,Lost,7/27/2018
adypady02,2802,Alliswell998,2427,Black,1 min,bullet,68,Lost,7/27/2018
adypady02,2817,Alliswell998,2412,White,1 min,bullet,55,Won,7/27/2018
adypady02,2816,Alliswell998,2413,Black,1 min,bullet,23,Won,7/27/2018
adypady02,2815,Alliswell998,2414,White,1 min,bullet,36,Won,7/27/2018
adypady02,2814,Alliswell998,2415,Black,1 min,bullet,30,Won,7/27/2018
adypady02,2813,Alliswell998,2416,White,1 min,bullet,18,Won,7/27/2018
adypady02,2811,Alliswell998,2418,Black,1 min,bullet,63,Won,7/27/2018
adypady02,2809,Alliswell998,2420,White,1 min,bullet,34,Won,7/27/2018
adypady02,2807,Alliswell998,2422,Black,1 min,bullet,28,Won,7/27/2018
adypady02,2805,Alliswell998,2424,White,1 min,bullet,45,Won,7/27/2018
adypady02,2803,Alliswell998,2426,Black,1 min,bullet,29,Won,7/27/2018
adypady02,2801,Alliswell998,2428,White,1 min,bullet,33,Won,7/27/2018
adypady02,2799,Alliswell998,2430,Black,1 min,bullet,18,Won,7/27/2018
adypady02,2797,Alliswell998,2432,White,1 min,bullet,37,Won,7/27/2018
adypady02,2795,Alliswell998,2434,Black,1 min,bullet,7,Won,7/27/2018
adypady02,2793,Alliswell998,2436,White,1 min,bullet,51,Won,7/27/2018
adypady02,2791,Alliswell998,2438,Black,1 min,bullet,45,Won,7/27/2018
adypady02,2789,Alliswell998,2440,White,1 min,bullet,37,Lost,7/27/2018
adypady02,2803,Alliswell998,2426,Black,1 min,bullet,6,Won,7/27/2018
adypady02,2801,Gabix_94,2650,Black,1 min,bullet,62,Won,7/27/2018
adypady02,2796,celery8,2716,Black,1 min,bullet,66,Won,7/27/2018
adypady02,2790,celery8,2722,White,1 min,bullet,30,Lost,7/27/2018