player,player_rating,opponent,opponent_rating,side,time_control,time_category,moves,result,date
adypady02,2564,AnonymousBeast,2519,Black,3 min,blitz,87,Won,10/9/2017
adypady02,2557,AnonymousBeast,2538,White,3 min,blitz,21,Lost,10/9/2017
adypady02,2566,PierreBelu,2512,White,3 min,blitz,27,Won,10/8/2017
adypady02,2559,PierreBelu,2519,Black,3 min,blitz,69,Lost,10/8/2017
adypady02,2568,PierreBelu,2510,White,3 min,blitz,43,Won,10/8/2017
adypady02,2561,PierreBelu,2517,Black,3 min,blitz,32,Won,10/8/2017
adypady02,2554,LameDude,2400,White,3 min,blitz,16,Lost,10/8/2017
adypady02,2566,LameDude,2388,Black,3 min,blitz,31,Won,10/8/2017
adypady02,2562,LameDude,2392,White,3 min,blitz,57,Won,10/8/2017
adypady02,2557,LameDude,2397,Black,3 min,blitz,15,Lost,10/8/2017
adypady02,2569,LameDude,2385,White,3 min,blitz,35,Won,10/8/2017
adypady02,2565,LameDude,2389,Black,3 min,blitz,34,Won,10/8/2017
adypady02,2561,LameDude,2393,White,3 min,blitz,29,Won,10/8/2017
adypady02,2556,Russian_opposition,2396,White,3 min,blitz,15,Won,10/8/2017
adypady02,2551,Zaplya,2360,White,3 min,blitz,24,Won,10/8/2017
adypady02,2547,dpopadic,2351,Black,3 min,blitz,17,Won,10/8/2017
adypady02,2543,milovanratkovic,2522,Black,3 min,blitz,66,Won,10/8/2017
adypady02,2535,Alexander_Khlebovich,2508,Black,3 min,blitz,32,Lost,10/4/2017
adypady02,2544,Alexander_Khlebovich,2499,White,3 min,blitz,29,Lost,10/4/2017
adypady02,2553,Alexander_Khlebovich,2490,Black,3 min,blitz,50,Won,10/4/2017
adypady02,2546,Alexander_Khlebovich,2497,White,3 min,blitz,31,Lost,10/4/2017
adypady02,2556,Alexander_Khlebovich,2487,Black,3 min,blitz,40,Lost,10/4/2017
adypady02,2566,Alexander_Khlebovich,2477,White,3 min,blitz,55,Won,10/4/2017
adypady02,2560,Arrubarena,2384,Black,3 min,blitz,21,Won,10/2/2017
adypady02,2556,Arrubarena,2388,White,3 min,blitz,35,Won,10/2/2017
adypady02,2551,FahadRahman,2394,White,3 min,blitz,88,Draw,10/2/2017
adypady02,2554,FahadRahman,2390,Black,3 min,blitz,54,Won,10/2/2017
adypady02,2549,Yaacovn,2587,White,3 min,blitz,56,Won,10/1/2017
adypady02,2540,Yaacovn,2596,Black,3 min,blitz,38,Won,10/1/2017
adypady02,2530,Yaacovn,2606,White,3 min,blitz,24,Lost,10/1/2017
adypady02,2537,Yaacovn,2599,Black,3 min,blitz,37,Lost,10/1/2017
adypady02,2544,Yaacovn,2592,White,3 min,blitz,35,Lost,10/1/2017
adypady02,2551,Yaacovn,2585,Black,3 min,blitz,71,Won,10/1/2017
adypady02,2542,Yaacovn,2594,White,3 min,blitz,83,Draw,10/1/2017
adypady02,2541,Yaacovn,2595,Black,3 min,blitz,69,Lost,10/1/2017
adypady02,2548,Yaacovn,2588,White,3 min,blitz,31,Won,10/1/2017
adypady02,2539,Yaacovn,2597,Black,3 min,blitz,64,Draw,10/1/2017
adypady02,2538,Yaacovn,2598,White,3 min,blitz,69,Won,10/1/2017
adypady02,2528,Yaacovn,2608,Black,3 min,blitz,58,Lost,10/1/2017
adypady02,2535,Yaacovn,2601,White,3 min,blitz,41,Lost,10/1/2017
adypady02,2542,Yaacovn,2594,Black,3 min,blitz,26,Lost,10/1/2017
adypady02,2549,Yaacovn,2587,White,3 min,blitz,21,Lost,10/1/2017
adypady02,2556,TheLancer,2484,Black,3 min,blitz,33,Won,9/22/2017
adypady02,2549,TheLancer,2491,White,3 min,blitz,35,Won,9/22/2017
adypady02,2542,TheLancer,2498,Black,3 min,blitz,48,Lost,9/22/2017
adypady02,2551,TheLancer,2489,White,3 min,blitz,27,Won,9/22/2017
adypady02,2544,TheLancer,2496,Black,3 min,blitz,71,Lost,9/22/2017
adypady02,2553,TheLancer,2487,White,3 min,blitz,59,Won,9/22/2017
adypady02,2546,TheLancer,2494,Black,3 min,blitz,31,Draw,9/22/2017
adypady02,2547,TheLancer,2493,White,3 min,blitz,66,Won,9/22/2017