player,player_rating,opponent,opponent_rating,side,time_control,time_category,moves,result,date
adypady02,2674,1random,2637,White,1 min,bullet,24,Won,7/4/2018
adypady02,2666,1random,2645,Black,1 min,bullet,24,Won,7/4/2018
adypady02,2658,1random,2653,White,1 min,bullet,68,Lost,7/4/2018
adypady02,2667,1random,2644,Black,1 min,bullet,71,Won,7/4/2018
adypady02,2659,1random,2652,White,1 min,bullet,55,Lost,7/4/2018
adypady02,2668,1random,2643,Black,1 min,bullet,57,Lost,7/4/2018
adypady02,2677,1random,2634,White,1 min,bullet,32,Won,7/4/2018
adypady02,2670,1random,2641,Black,1 min,bullet,24,Won,7/4/2018
adypady02,2662,1random,2649,White,1 min,bullet,60,Won,7/4/2018
adypady02,2654,Corbblah,2530,Black,1 min,bullet,44,Won,7/4/2018
adypady02,2648,Corbblah,2536,White,1 min,bullet,34,Lost,7/4/2018
adypady02,2659,Corbblah,2525,Black,1 min,bullet,66,Draw,7/4/2018
adypady02,2662,MikhailKorovin,2578,White,1 min,bullet,52,Won,7/4/2018
adypady02,2656,Almas_Champ1,2521,White,1 min,bullet,34,Won,7/4/2018
adypady02,2651,Almas_Champ1,2526,Black,1 min,bullet,52,Won,7/4/2018
adypady02,2645,Almas_Champ1,2532,White,1 min,bullet,49,Won,7/4/2018
adypady02,2639,criistiianzapata,2562,Black,1 min,bullet,28,Won,7/4/2018
adypady02,2632,criistiianzapata,2569,White,1 min,bullet,24,Won,7/4/2018
adypady02,2625,criistiianzapata,2576,Black,1 min,bullet,20,Won,7/4/2018
adypady02,2618,criistiianzapata,2583,White,1 min,bullet,48,Lost,7/4/2018
adypady02,2627,saracarter2009,2571,Black,1 min,bullet,36,Lost,6/26/2018
adypady02,2637,saracarter2009,2561,White,1 min,bullet,27,Lost,6/26/2018
adypady02,2647,saracarter2009,2551,Black,1 min,bullet,21,Won,6/26/2018
adypady02,2641,fk9jimmy,2387,Black,1 min,bullet,34,Lost,6/25/2018
adypady02,2654,fk9jimmy,2374,White,1 min,bullet,29,Won,6/25/2018
adypady02,2651,fk9jimmy,2377,Black,1 min,bullet,28,Won,6/25/2018
adypady02,2648,fk9jimmy,2380,White,1 min,bullet,66,Won,6/25/2018
adypady02,2645,GM_Pollihnek,2422,White,1 min,bullet,30,Lost,6/24/2018
adypady02,2658,GM_Pollihnek,2409,Black,1 min,bullet,41,Lost,6/24/2018
adypady02,2671,GM_Pollihnek,2396,White,1 min,bullet,27,Won,6/24/2018
adypady02,2668,GM_Pollihnek,2399,Black,1 min,bullet,12,Won,6/24/2018
adypady02,2665,GM_Pollihnek,2402,White,1 min,bullet,5,Won,6/24/2018
adypady02,2662,GM_Pollihnek,2405,Black,1 min,bullet,16,Won,6/24/2018
adypady02,2659,GM_Pollihnek,2408,White,1 min,bullet,62,Won,6/24/2018
adypady02,2656,GM_Pollihnek,2411,Black,1 min,bullet,15,Won,6/24/2018
adypady02,2653,GM_Pollihnek,2414,White,1 min,bullet,35,Lost,6/24/2018
adypady02,2666,GM_Pollihnek,2401,Black,1 min,bullet,69,Lost,6/24/2018
adypady02,2679,GM_Pollihnek,2388,White,1 min,bullet,18,Won,6/24/2018
adypady02,2676,GM_Pollihnek,2391,Black,1 min,bullet,44,Won,6/24/2018
adypady02,2673,GM_Pollihnek,2394,White,1 min,bullet,75,Won,6/24/2018
adypady02,2670,GM_Pollihnek,2397,Black,1 min,bullet,37,Won,6/24/2018
adypady02,2667,GM_Pollihnek,2400,White,1 min,bullet,60,Lost,6/24/2018
adypady02,2680,GM_Pollihnek,2387,Black,1 min,bullet,24,Won,6/24/2018
adypady02,2677,GM_Pollihnek,2390,White,1 min,bullet,39,Won,6/24/2018
adypady02,2674,Flamewrath18,2744,Black,1 min,bullet,38,Lost,6/21/2018
adypady02,2681,Flamewrath18,2737,White,1 min,bullet,33,Lost,6/21/2018
adypady02,2688,Flamewrath18,2730,Black,1 min,bullet,62,Lost,6/21/2018
adypady02,2695,Flamewrath18,2723,White,1 min,bullet,56,Won,6/21/2018
adypady02,2686,Flamewrath18,2732,Black,1 min,bullet,80,Lost,6/21/2018
adypady02,2693,chipmunknau,2576,White,1 min,bullet,21,Won,6/21/2018