player,player_rating,opponent,opponent_rating,side,time_control,time_category,moves,result,date
adypady02,2504,celery8,2426,White,3 min,blitz,19,Won,11/24/2017
adypady02,2497,celery8,2433,Black,3 min,blitz,37,Lost,11/24/2017
adypady02,2507,calemcc,2310,White,3 min,blitz,61,Won,11/24/2017
adypady02,2503,calemcc,2314,Black,3 min,blitz,24,Won,11/24/2017
adypady02,2499,calemcc,2318,White,3 min,blitz,55,Won,11/24/2017
adypady02,2495,calemcc,2322,Black,3 min,blitz,33,Won,11/24/2017
adypady02,2490,calemcc,2327,White,3 min,blitz,35,Won,11/24/2017
adypady02,2485,calemcc,2332,Black,3 min,blitz,13,Lost,11/24/2017
adypady02,2497,calemcc,2320,White,3 min,blitz,26,Won,11/24/2017
adypady02,2493,calemcc,2324,Black,3 min,blitz,35,Lost,11/24/2017
adypady02,2505,sidbuddha1,2293,White,3 min,blitz,57,Won,11/23/2017
adypady02,2501,scacchista89,2409,White,3 min,blitz,29,Lost,11/17/2017
adypady02,2512,Sederpeaoeucomo,2408,White,3 min,blitz,23,Lost,11/15/2017
adypady02,2523,MatteurFOU,2346,Black,3 min,blitz,62,Won,11/15/2017
adypady02,2519,fourqueens13,2409,Black,3 min,blitz,32,Won,11/15/2017
adypady02,2513,frend95,2396,White,3 min,blitz,65,Won,11/15/2017
adypady02,2507,frend95,2402,Black,3 min,blitz,23,Lost,11/15/2017
adypady02,2518,MisaPap,2572,Black,3 min,blitz,48,Draw,11/11/2017
adypady02,2517,MisaPap,2573,White,3 min,blitz,70,Draw,11/11/2017
adypady02,2516,MisaPap,2574,Black,3 min,blitz,39,Won,11/11/2017
adypady02,2506,MisaPap,2584,White,3 min,blitz,107,Lost,11/11/2017
adypady02,2513,MisaPap,2577,Black,3 min,blitz,41,Lost,11/11/2017
adypady02,2520,MisaPap,2570,White,3 min,blitz,21,Lost,11/11/2017
adypady02,2527,CuzImBetter,2376,White,3 min,blitz,31,Lost,11/11/2017
adypady02,2539,Alexanderatack,2475,White,3 min,blitz,40,Won,11/11/2017
adypady02,2532,Marat_Denishev,2411,Black,3 min,blitz,70,Lost,11/11/2017
adypady02,2543,Sergei_Dvornikov,2434,Black,3 min,blitz,16,Won,11/11/2017
adypady02,2537,PchelkinVK,2457,Black,3 min,blitz,27,Won,11/8/2017
adypady02,2531,PchelkinVK,2463,White,3 min,blitz,19,Won,11/8/2017
adypady02,2524,PchelkinVK,2470,Black,3 min,blitz,46,Draw,11/8/2017
adypady02,2525,Robertchess92,2560,White,3 min,blitz,24,Won,11/8/2017
adypady02,2516,RAIDERofLight,2448,Black,3 min,blitz,21,Lost,11/1/2017
adypady02,2526,RAIDERofLight,2438,White,3 min,blitz,40,Lost,11/1/2017
adypady02,2536,1random,2121,White,3 min,blitz,41,Won,10/19/2017
adypady02,2535,1random,2122,Black,3 min,blitz,21,Won,10/19/2017
adypady02,2534,1random,2123,White,3 min,blitz,15,Won,10/19/2017
adypady02,2533,1random,2124,Black,3 min,blitz,23,Won,10/19/2017
adypady02,2532,1random,2125,White,3 min,blitz,4,Won,10/19/2017
adypady02,2531,1random,2126,Black,3 min,blitz,36,Won,10/19/2017
adypady02,2530,1random,2127,White,3 min,blitz,86,Draw,10/19/2017
adypady02,2537,1random,2120,Black,3 min,blitz,5,Won,10/19/2017
adypady02,2536,1random,2121,White,3 min,blitz,76,Won,10/19/2017
adypady02,2535,scrapnel,2507,Black,3 min,blitz,41,Lost,10/16/2017
adypady02,2544,poummba,2357,Black,3 min,blitz,34,Won,10/13/2017
adypady02,2540,poummba,2361,White,3 min,blitz,70,Draw,10/13/2017
adypady02,2544,XeresLt,2354,White,3 min,blitz,60,Won,10/13/2017
adypady02,2540,XeresLt,2358,Black,3 min,blitz,40,Won,10/13/2017
adypady02,2536,pultineviciuspaulius,2490,White,3 min,blitz,31,Lost,10/10/2017
adypady02,2545,pultineviciuspaulius,2481,Black,3 min,blitz,38,Lost,10/10/2017
adypady02,2555,NikolaGry,2535,White,3 min,blitz,32,Lost,10/10/2017