player,player_rating,opponent,opponent_rating,side,time_control,time_category,moves,result,date
adypady02,2716,513249,2488,Black,1 min,bullet,26,Lost,1/28/2018
adypady02,2729,513249,2475,White,1 min,bullet,71,Won,1/28/2018
adypady02,2726,513249,2478,Black,1 min,bullet,74,Lost,1/28/2018
adypady02,2739,513249,2465,White,1 min,bullet,47,Won,1/28/2018
adypady02,2736,513249,2468,Black,1 min,bullet,24,Won,1/28/2018
adypady02,2733,513249,2471,White,1 min,bullet,45,Won,1/28/2018
adypady02,2730,513249,2474,Black,1 min,bullet,51,Won,1/28/2018
adypady02,2727,513249,2477,White,1 min,bullet,58,Lost,1/28/2018
adypady02,2740,513249,2464,Black,1 min,bullet,43,Draw,1/28/2018
adypady02,2745,513249,2459,White,1 min,bullet,36,Won,1/28/2018
adypady02,2742,513249,2462,Black,1 min,bullet,64,Won,1/28/2018
adypady02,2739,513249,2465,White,1 min,bullet,34,Won,1/28/2018
adypady02,2736,Keranke,2757,White,1 min,bullet,28,Won,1/28/2018
adypady02,2727,Keranke,2766,Black,1 min,bullet,57,Lost,1/28/2018
adypady02,2734,Keranke,2759,White,1 min,bullet,57,Draw,1/28/2018
adypady02,2733,Keranke,2760,Black,1 min,bullet,24,Won,1/28/2018
adypady02,2724,Keranke,2769,White,1 min,bullet,36,Lost,1/28/2018
adypady02,2731,Keranke,2762,Black,1 min,bullet,55,Won,1/28/2018
adypady02,2722,Keranke,2771,White,1 min,bullet,58,Won,1/28/2018
adypady02,2712,Keranke,2781,Black,1 min,bullet,56,Lost,1/28/2018
adypady02,2719,Keranke,2774,White,1 min,bullet,49,Lost,1/28/2018
adypady02,2726,Keranke,2767,Black,1 min,bullet,34,Lost,1/28/2018
adypady02,2733,Keranke,2760,White,1 min,bullet,25,Won,1/28/2018
adypady02,2724,Keranke,2769,Black,1 min,bullet,52,Won,1/28/2018
adypady02,2715,Keranke,2778,White,1 min,bullet,28,Lost,1/28/2018
adypady02,2722,FancyPlaySyndrome,2518,White,1 min,bullet,53,Won,1/28/2018
adypady02,2718,NTBT_DHS,2577,White,1 min,bullet,43,Won,1/23/2018
adypady02,2713,GothamChess,2689,White,1 min,bullet,33,Won,1/23/2018
adypady02,2705,FastChance,2725,White,1 min,bullet,18,Lost,1/23/2018
adypady02,2713,moro182,2624,White,1 min,bullet,59,Lost,1/20/2018
adypady02,2723,moro182,2614,Black,1 min,bullet,69,Lost,1/20/2018
adypady02,2734,moro182,2603,White,1 min,bullet,34,Won,1/20/2018
adypady02,2729,moro182,2608,Black,1 min,bullet,17,Won,1/20/2018
adypady02,2723,Vlad2000UKR,2437,White,1 min,bullet,2,Won,1/20/2018
adypady02,2720,nissou-ach,2090,Black,1 min,bullet,15,Won,1/18/2018
adypady02,2720,FastChance,2566,Black,1 min,bullet,41,Won,1/16/2018
adypady02,2715,FastChance,2571,White,1 min,bullet,39,Won,1/16/2018
adypady02,2710,JelenaKarleusa-SO-18,2669,White,1 min,bullet,55,Won,1/15/2018
adypady02,2703,JelenaKarleusa-SO-18,2676,Black,1 min,bullet,36,Won,1/15/2018
adypady02,2695,JelenaKarleusa-SO-18,2684,White,1 min,bullet,60,Lost,1/15/2018
adypady02,2704,JelenaKarleusa-SO-18,2675,Black,1 min,bullet,59,Won,1/15/2018
adypady02,2696,JelenaKarleusa-SO-18,2683,White,1 min,bullet,61,Won,1/15/2018
adypady02,2688,JelenaKarleusa-SO-18,2691,Black,1 min,bullet,23,Lost,1/15/2018
adypady02,2696,JelenaKarleusa-SO-18,2683,White,1 min,bullet,40,Lost,1/15/2018
adypady02,2705,JelenaKarleusa-SO-18,2674,Black,1 min,bullet,30,Won,1/15/2018
adypady02,2697,JelenaKarleusa-SO-18,2682,White,1 min,bullet,28,Lost,1/15/2018
adypady02,2706,JelenaKarleusa-SO-18,2673,Black,1 min,bullet,37,Won,1/15/2018
adypady02,2698,JelenaKarleusa-SO-18,2681,White,1 min,bullet,64,Won,1/15/2018
adypady02,2690,JelenaKarleusa-SO-18,2689,Black,1 min,bullet,29,Won,1/15/2018
adypady02,2682,JelenaKarleusa-SO-18,2697,White,1 min,bullet,67,Lost,1/15/2018