player,player_rating,opponent,opponent_rating,side,time_control,time_category,moves,result,date
adypady02,2574,Jora_Barygin,2431,Black,3 min,blitz,34,Lost,10/3/2018
adypady02,2586,Jora_Barygin,2419,White,3 min,blitz,41,Won,10/3/2018
adypady02,2581,canhhuan,2515,White,3 min,blitz,26,Lost,10/3/2018
adypady02,2591,canhhuan,2505,Black,3 min,blitz,13,Lost,10/3/2018
adypady02,2601,kumaranbalaji98,2521,Black,3 min,blitz,46,Won,10/3/2018
adypady02,2594,kumaranbalaji98,2528,White,3 min,blitz,44,Won,10/3/2018
adypady02,2587,FCChelsea14,2688,Black,3 min,blitz,57,Lost,10/3/2018
adypady02,2593,FCChelsea14,2682,White,3 min,blitz,48,Won,10/3/2018
adypady02,2583,FCChelsea14,2692,Black,3 min,blitz,47,Lost,10/3/2018
adypady02,2589,DrConfetti,2449,White,3 min,blitz,61,Won,10/1/2018
adypady02,2584,DrConfetti,2454,Black,3 min,blitz,23,Lost,10/1/2018
adypady02,2595,DrConfetti,2443,White,3 min,blitz,34,Won,10/1/2018
adypady02,2590,Unicorn_Love,2575,White,3 min,blitz,22,Lost,10/1/2018
adypady02,2599,Muradore,2582,White,3 min,blitz,25,Lost,9/30/2018
adypady02,2608,Muradore,2573,Black,3 min,blitz,5,Lost,9/30/2018
adypady02,2617,Stouuf,2603,Black,3 min,blitz,33,Lost,9/27/2018
adypady02,2626,Stouuf,2594,White,3 min,blitz,45,Lost,9/27/2018
adypady02,2635,Stouuf,2585,Black,3 min,blitz,39,Won,9/27/2018
adypady02,2628,Stouuf,2592,White,3 min,blitz,52,Won,9/27/2018
adypady02,2621,Stouuf,2599,Black,3 min,blitz,75,Won,9/27/2018
adypady02,2613,Winchester64,2490,White,3 min,blitz,30,Lost,9/26/2018
adypady02,2624,Winchester64,2479,Black,3 min,blitz,21,Lost,9/26/2018
adypady02,2636,Winchester64,2467,White,3 min,blitz,91,Draw,9/26/2018
adypady02,2640,Winchester64,2463,Black,3 min,blitz,16,Won,9/26/2018
adypady02,2636,Winchester64,2467,White,3 min,blitz,52,Won,9/26/2018
adypady02,2631,Winchester64,2472,Black,3 min,blitz,28,Won,9/26/2018
adypady02,2626,Winchester64,2477,White,3 min,blitz,69,Won,9/26/2018
adypady02,2621,Winchester64,2482,Black,3 min,blitz,19,Won,9/26/2018
adypady02,2616,DvaHrasta,2444,White,3|2,blitz,26,Won,9/26/2018
adypady02,2611,Hunninn,2537,White,3 min,blitz,40,Won,9/26/2018
adypady02,2604,Hunninn,2544,Black,3 min,blitz,18,Lost,9/26/2018
adypady02,2614,Dacreeper101,943),White,3|2,blitz,22,Won,9/11/2018
adypady02,2614,Dacreeper101,943),Black,3|2,blitz,14,Won,9/11/2018
adypady02,2614,Dacreeper101,943),White,3|2,blitz,26,Won,9/11/2018
adypady02,2614,Dacreeper101,943),Black,3|2,blitz,27,Won,9/11/2018
adypady02,2614,sandropozo,2521,White,3 min,blitz,44,Won,9/10/2018
adypady02,2608,sandropozo,2527,Black,3 min,blitz,42,Won,9/10/2018
adypady02,2602,sandropozo,2533,White,3 min,blitz,53,Won,9/10/2018
adypady02,2595,sandropozo,2540,Black,3 min,blitz,48,Won,9/10/2018
adypady02,2588,vicoy25,2483,White,3 min,blitz,64,Won,9/10/2018
adypady02,2582,vicoy25,2489,Black,3 min,blitz,50,Lost,9/10/2018
adypady02,2593,vicoy25,2478,White,3 min,blitz,35,Lost,9/10/2018
adypady02,2604,Winchester64,2449,White,3 min,blitz,59,Won,8/15/2018
adypady02,2599,Winchester64,2454,Black,3 min,blitz,39,Won,8/15/2018
adypady02,2594,rfelgaer,2647,Black,3 min,blitz,45,Won,8/12/2018
adypady02,2584,colemman,2541,White,3 min,blitz,32,Won,8/12/2018
adypady02,2577,colemman,2548,Black,3 min,blitz,40,Lost,8/12/2018
adypady02,2586,colemman,2539,White,3 min,blitz,36,Won,8/12/2018
adypady02,2579,colemman,2546,Black,3 min,blitz,60,Won,8/12/2018
adypady02,2571,colemman,2554,White,3 min,blitz,25,Lost,8/12/2018