player,player_rating,opponent,opponent_rating,side,time_control,time_category,moves,result,date
adypady02,2497,GulamaliRises,2464,White,3 min,blitz,51,Lost,6/7/2017
adypady02,2506,GulamaliRises,2455,Black,3 min,blitz,38,Won,6/7/2017
adypady02,2499,GulamaliRises,2462,White,3 min,blitz,64,Lost,6/7/2017
adypady02,2508,GulamaliRises,2453,Black,3 min,blitz,67,Won,6/7/2017
adypady02,2501,GulamaliRises,2460,White,3 min,blitz,27,Draw,6/7/2017
adypady02,2502,GulamaliRises,2459,Black,3 min,blitz,30,Lost,6/7/2017
adypady02,2511,GulamaliRises,2450,White,3 min,blitz,29,Won,6/7/2017
adypady02,2504,GulamaliRises,2457,Black,3 min,blitz,50,Lost,6/7/2017
adypady02,2514,GulamaliRises,2447,White,3 min,blitz,71,Won,6/7/2017
adypady02,2507,GulamaliRises,2454,Black,3 min,blitz,20,Won,6/7/2017
adypady02,2500,GulamaliRises,2461,White,3 min,blitz,24,Won,6/7/2017
adypady02,2493,GulamaliRises,2468,Black,3 min,blitz,36,Draw,6/7/2017
adypady02,2494,GulamaliRises,2467,White,3 min,blitz,45,Won,6/7/2017
adypady02,2486,GulamaliRises,2475,Black,3 min,blitz,70,Lost,6/7/2017
adypady02,2495,GulamaliRises,2466,White,3 min,blitz,15,Won,6/7/2017
adypady02,2487,GulamaliRises,2474,Black,3 min,blitz,26,Won,6/7/2017
adypady02,2479,GulamaliRises,2482,White,3 min,blitz,68,Won,6/7/2017
adypady02,2471,omeletking,2309,Black,3 min,blitz,47,Won,6/7/2017
adypady02,2466,uchiha81,2356,White,3 min,blitz,17,Won,6/7/2017
adypady02,2460,yarosavich,2418,White,3 min,blitz,74,Won,6/7/2017
adypady02,2453,yarosavich,2425,Black,3 min,blitz,88,Draw,6/7/2017
adypady02,2454,yarosavich,2424,White,3 min,blitz,18,Won,6/7/2017
adypady02,2446,yarosavich,2432,Black,3 min,blitz,22,Won,6/7/2017
adypady02,2438,yarosavich,2440,White,3 min,blitz,65,Won,6/7/2017
adypady02,2430,yarosavich,2448,Black,3 min,blitz,23,Won,6/7/2017
adypady02,2421,yarosavich,2457,White,3 min,blitz,22,Won,6/7/2017
adypady02,2412,yarosavich,2466,Black,3 min,blitz,72,Won,6/7/2017
adypady02,2402,sidbuddha,2185,White,3 min,blitz,22,Lost,6/7/2017
adypady02,2415,sidbuddha,2172,Black,3 min,blitz,19,Lost,6/7/2017
adypady02,2428,sidbuddha,2159,White,3 min,blitz,46,Lost,6/7/2017
adypady02,2442,GulamaliRises,2490,Black,3 min,blitz,52,Won,6/7/2017
adypady02,2433,GulamaliRises,2499,White,3 min,blitz,22,Lost,6/7/2017
adypady02,2440,Tigers2017,2153,White,3 min,blitz,21,Won,6/7/2017
adypady02,2437,sidbuddha,2145,Black,3 min,blitz,46,Won,6/7/2017
adypady02,2434,Tigers2017,2156,Black,3 min,blitz,15,Won,6/7/2017
adypady02,2431,Tigers2017,2159,White,3 min,blitz,34,Won,6/7/2017
adypady02,2428,Tigers2017,2162,Black,3 min,blitz,18,Won,6/7/2017
adypady02,2425,Oneofmyturns,2505,White,3|2,blitz,25,Lost,6/7/2017
adypady02,2431,WeiYi1999,2116,White,3|2,blitz,49,Draw,6/6/2017
adypady02,2437,FearlessKing64,2138,White,3|2,blitz,54,Won,6/6/2017
adypady02,2434,IM_dmitrij,2533,White,3 min,blitz,17,Lost,6/6/2017
adypady02,2440,GMAmman,2374,Black,3 min,blitz,50,Won,6/6/2017
adypady02,2433,FabianoCarlsen,2381,White,3 min,blitz,12,Won,6/6/2017
adypady02,2426,Chess_King_Uzb,2501,White,3 min,blitz,26,Lost,6/6/2017
adypady02,2433,capatl,2454,Black,3 min,blitz,52,Lost,6/6/2017
adypady02,2441,Galileo22,2319,White,3 min,blitz,61,Won,6/5/2017
adypady02,2435,Galileo22,2325,Black,3 min,blitz,114,Won,6/5/2017
adypady02,2429,AlexanderL,2591,White,3|2,blitz,77,Lost,6/3/2017
adypady02,2434,AlexanderL,2583,Black,3|2,blitz,31,Lost,6/3/2017
adypady02,2439,AlexanderL,2574,White,3|2,blitz,23,Won,6/3/2017