player,player_rating,opponent,opponent_rating,side,time_control,time_category,moves,result,date
adypady02,2545,GulamaliRises,2422,White,3 min,blitz,19,Lost,2/9/2017
adypady02,2559,GulamaliRises,2411,Black,3 min,blitz,12,Won,2/9/2017
adypady02,2553,GulamaliRises,2416,White,3 min,blitz,42,Won,2/9/2017
adypady02,2546,GulamaliRises,2421,Black,3 min,blitz,44,Lost,2/9/2017
adypady02,2561,GulamaliRises,2410,White,3 min,blitz,16,Won,2/9/2017
adypady02,2554,Tashigalanga,2291,White,3 min,blitz,32,Won,1/24/2017
adypady02,2550,Chaturanga71,2383,White,3 min,blitz,30,Lost,1/16/2017
adypady02,2564,ItalianMachine,2260,White,3 min,blitz,7,Lost,1/11/2017
adypady02,2580,samolo,2584,White,3 min,blitz,76,Won,1/8/2017
adypady02,2571,ShimanovAlex,2648,Black,3 min,blitz,35,Lost,1/8/2017
adypady02,2578,ShimanovAlex,2641,White,3 min,blitz,54,Won,1/8/2017
adypady02,2567,ShimanovAlex,2651,Black,3 min,blitz,69,Draw,1/8/2017
adypady02,2565,ShimanovAlex,2653,White,3 min,blitz,35,Lost,1/8/2017
adypady02,2573,ShimanovAlex,2647,Black,3 min,blitz,46,Lost,1/8/2017
adypady02,2581,ShimanovAlex,2640,White,3 min,blitz,71,Won,1/8/2017
adypady02,2569,ShimanovAlex,2650,Black,3 min,blitz,27,Won,1/8/2017
adypady02,2556,Cain_Marko,2474,White,3 min,blitz,30,Won,1/7/2017
adypady02,2547,Cain_Marko,2480,Black,3 min,blitz,50,Won,1/7/2017
adypady02,2538,Cain_Marko,2487,White,3 min,blitz,61,Draw,1/7/2017
adypady02,2540,Cain_Marko,2486,Black,3 min,blitz,59,Won,1/7/2017
adypady02,2530,I_loveyou,2430,White,3 min,blitz,59,Won,1/7/2017
adypady02,2521,I_loveyou,2436,Black,3 min,blitz,77,Won,1/7/2017
adypady02,2511,I_loveyou,2442,White,3 min,blitz,61,Won,1/7/2017
adypady02,2500,I_loveyou,2449,Black,3 min,blitz,48,Won,1/7/2017
adypady02,2488,I_loveyou,2456,White,3 min,blitz,34,Won,1/7/2017
adypady02,2475,I_loveyou,2464,Black,3 min,blitz,24,Lost,1/7/2017
adypady02,2491,gmgamil,2514,White,3 min,blitz,57,Lost,1/3/2017
adypady02,2506,gmgamil,2506,Black,3 min,blitz,48,Lost,1/3/2017
adypady02,2522,Maitreia,2503,Black,3 min,blitz,22,Won,1/3/2017
adypady02,2506,Maitreia,2511,White,3 min,blitz,27,Won,1/3/2017
adypady02,2488,oleander30,2387,Black,3 min,blitz,51,Won,1/2/2017
adypady02,2475,oleander30,2393,White,3 min,blitz,66,Won,1/2/2017
adypady02,2460,Prophetic36,2370,Black,3 min,blitz,32,Won,12/30/2016
adypady02,2445,DAN-1603,2572,White,3 min,blitz,21,Lost,12/28/2016
adypady02,2459,mohammadamin-anvari,2305,Black,3 min,blitz,39,Won,12/5/2016
adypady02,2447,Evgeny_Pristalov,2320,White,3 min,blitz,38,Won,11/16/2016
adypady02,2435,Nofear90,2440,White,3 min,blitz,47,Lost,11/10/2016
adypady02,2454,korchnoi12,2424,Black,3 min,blitz,65,Lost,11/10/2016
adypady02,2476,mohammadamin-anvari,2358,White,3 min,blitz,2,Lost,11/10/2016
adypady02,2504,mohammadamin-anvari,2347,Black,3 min,blitz,20,Lost,11/10/2016
adypady02,2535,Plitt,2335,Black,3 min,blitz,43,Won,11/10/2016
adypady02,2524,oskariot,2372,White,3 min,blitz,20,Draw,10/26/2016
adypady02,2533,oskariot,2368,Black,3 min,blitz,25,Won,10/26/2016
adypady02,2519,Danirod,2451,Black,3 min,blitz,24,Won,8/18/2016
adypady02,2504,Danirod,2458,White,3 min,blitz,36,Won,8/18/2016
adypady02,2487,Fractals7,1614,Black,10 min,blitz,29,Lost,7/27/2016
adypady02,2521,ChessMachine2357,1322,White,5 min,blitz,46,Won,7/8/2016
adypady02,2521,ChessMachine2357,1322,Black,10 min,blitz,47,Won,7/8/2016
adypady02,2521,ChessMachine2357,1322,Black,10 min,blitz,22,Won,7/8/2016
adypady02,2521,e079,2327,White,3 min,blitz,37,Won,7/7/2016