player,player_rating,opponent,opponent_rating,side,time_control,time_category,moves,result,date
adypady02,2480,kassablanca,2461,Black,3 min,blitz,83,Lost,4/2/2017
adypady02,2489,kassablanca,2452,White,3 min,blitz,12,Won,4/2/2017
adypady02,2481,kassablanca,2460,Black,3 min,blitz,66,Won,4/2/2017
adypady02,2473,kassablanca,2468,White,3 min,blitz,43,Lost,4/2/2017
adypady02,2482,kassablanca,2459,Black,3 min,blitz,32,Lost,4/2/2017
adypady02,2491,kassablanca,2450,White,3 min,blitz,25,Won,4/2/2017
adypady02,2484,Goldbart,2414,Black,3 min,blitz,109,Draw,4/2/2017
adypady02,2486,advantageLucy,2372,Black,3 min,blitz,50,Won,3/30/2017
adypady02,2480,advantageLucy,2378,White,3 min,blitz,51,Draw,3/30/2017
adypady02,2482,advantageLucy,2376,Black,3 min,blitz,25,Lost,3/30/2017
adypady02,2493,StrongBullet,2358,White,3 min,blitz,21,Lost,3/28/2017
adypady02,2504,mortngabriel,2303,White,3 min,blitz,56,Won,3/28/2017
adypady02,2500,1random,1971,Black,3 min,blitz,29,Won,3/28/2017
adypady02,2499,Reshetkov,2547,Black,3 min,blitz,22,Lost,3/22/2017
adypady02,2506,Reshetkov,2540,White,3 min,blitz,20,Lost,3/22/2017
adypady02,2514,e079,2346,Black,3 min,blitz,36,Won,3/21/2017
adypady02,2509,e079,2351,White,3 min,blitz,53,Won,3/21/2017
adypady02,2504,e079,2356,Black,3 min,blitz,21,Lost,3/21/2017
adypady02,2516,GothamChess,2410,White,3 min,blitz,17,Won,3/21/2017
adypady02,2510,Svetlin_Mladenov,2391,White,3 min,blitz,23,Won,3/21/2017
adypady02,2504,Lsompreto,2327,Black,3 min,blitz,45,Won,3/21/2017
adypady02,2500,Lsompreto,2331,White,3 min,blitz,44,Won,3/21/2017
adypady02,2495,Lsompreto,2336,Black,3 min,blitz,28,Lost,3/21/2017
adypady02,2507,Lsompreto,2324,White,3 min,blitz,22,Won,3/21/2017
adypady02,2502,Napo18,2437,White,3 min,blitz,29,Lost,3/21/2017
adypady02,2513,Napo18,2427,Black,3 min,blitz,20,Lost,3/21/2017
adypady02,2524,abhijeetgupta1016,2579,White,3 min,blitz,26,Won,3/21/2017
adypady02,2513,abhijeetgupta1016,2589,Black,3 min,blitz,31,Won,3/21/2017
adypady02,2501,Elgatillo7,2529,Black,3 min,blitz,19,Lost,3/20/2017
adypady02,2510,1random,1976,White,10 min,blitz,3,Won,3/19/2017
adypady02,2509,Yaacovn,2526,Black,3|1,blitz,98,Draw,3/17/2017
adypady02,2509,Yaacovn,2526,White,3|1,blitz,17,Lost,3/17/2017
adypady02,2519,Maitreia,2448,Black,3 min,blitz,38,Lost,3/9/2017
adypady02,2530,Maitreia,2438,White,3 min,blitz,25,Won,3/9/2017
adypady02,2523,Aguiar94,2392,Black,3 min,blitz,32,Won,3/7/2017
adypady02,2517,Aguiar94,2397,White,3 min,blitz,21,Won,3/7/2017
adypady02,2510,valger,2648,Black,3 min,blitz,70,Lost,2/10/2017
adypady02,2515,Goldbart,2442,White,3 min,blitz,62,Won,2/10/2017
adypady02,2508,JolinTsai,2405,Black,3 min,blitz,18,Won,2/10/2017
adypady02,2502,chessmaxusa,2429,White,3 min,blitz,62,Won,2/9/2017
adypady02,2495,ChessShop,2403,Black,3 min,blitz,69,Lost,2/9/2017
adypady02,2506,GulamaliRises,2457,Black,3 min,blitz,21,Lost,2/9/2017
adypady02,2516,GulamaliRises,2447,White,3 min,blitz,19,Lost,2/9/2017
adypady02,2526,GulamaliRises,2437,Black,3 min,blitz,14,Lost,2/9/2017
adypady02,2537,GulamaliRises,2427,White,3 min,blitz,28,Won,2/9/2017
adypady02,2531,GulamaliRises,2433,Black,3 min,blitz,50,Draw,2/9/2017
adypady02,2534,GulamaliRises,2431,White,3 min,blitz,25,Won,2/9/2017
adypady02,2527,GulamaliRises,2437,Black,3 min,blitz,54,Lost,2/9/2017
adypady02,2539,GulamaliRises,2427,White,3 min,blitz,34,Won,2/9/2017
adypady02,2532,GulamaliRises,2433,Black,3 min,blitz,37,Lost,2/9/2017