player,player_rating,opponent,opponent_rating,side,time_control,time_category,moves,result,date
adypady02,2687,chipmunknau,2582,Black,1 min,bullet,60,Won,6/21/2018
adypady02,2681,chipmunknau,2588,White,1 min,bullet,45,Lost,6/21/2018
adypady02,2692,ameetghasi100,2698,White,1 min,bullet,24,Won,6/21/2018
adypady02,2683,ameetghasi100,2707,Black,1 min,bullet,17,Won,6/21/2018
adypady02,2674,ameetghasi100,2716,White,1 min,bullet,45,Lost,6/21/2018
adypady02,2681,ameetghasi100,2709,Black,1 min,bullet,56,Lost,6/20/2018
adypady02,2689,ameetghasi100,2701,White,1 min,bullet,28,Won,6/20/2018
adypady02,2680,ameetghasi100,2710,Black,1 min,bullet,44,Won,6/20/2018
adypady02,2671,ameetghasi100,2719,White,1 min,bullet,28,Won,6/20/2018
adypady02,2661,ameetghasi100,2729,Black,1 min,bullet,46,Lost,6/20/2018
adypady02,2668,ameetghasi100,2722,White,1 min,bullet,63,Won,6/20/2018
adypady02,2658,ameetghasi100,2732,Black,1 min,bullet,46,Lost,6/20/2018
adypady02,2665,ameetghasi100,2725,White,1 min,bullet,28,Won,6/20/2018
adypady02,2654,ameetghasi100,2735,Black,1 min,bullet,65,Won,6/20/2018
adypady02,2642,ameetghasi100,2745,White,1 min,bullet,65,Draw,6/20/2018
adypady02,2639,Reshetkov,2652,White,1 min,bullet,61,Lost,5/22/2018
adypady02,2647,Elobeast,2642,Black,1 min,bullet,69,Lost,5/12/2018
adypady02,2656,Elobeast,2633,White,1 min,bullet,26,Lost,5/12/2018
adypady02,2665,Elobeast,2624,Black,1 min,bullet,44,Won,5/12/2018
adypady02,2658,Kurdishforever,2809,Black,1 min,bullet,35,Lost,4/28/2018
adypady02,2663,TheLancer,2527,Black,1 min,bullet,17,Won,4/18/2018
adypady02,2658,TheLancer,2532,White,1 min,bullet,47,Won,4/18/2018
adypady02,2653,TheLancer,2537,Black,1 min,bullet,19,Won,4/18/2018
adypady02,2647,TheLancer,2543,White,1 min,bullet,46,Lost,4/18/2018
adypady02,2658,TheLancer,2532,Black,1 min,bullet,31,Won,4/18/2018
adypady02,2653,TheLancer,2537,White,1 min,bullet,25,Won,4/18/2018
adypady02,2647,TheLancer,2543,Black,1 min,bullet,48,Won,4/18/2018
adypady02,2641,TheLancer,2549,White,1 min,bullet,60,Lost,4/18/2018
adypady02,2651,TheLancer,2539,Black,1 min,bullet,28,Won,4/18/2018
adypady02,2645,TheLancer,2545,White,1 min,bullet,56,Won,4/18/2018
adypady02,2639,TheLancer,2551,Black,1 min,bullet,22,Won,4/18/2018
adypady02,2633,TheLancer,2557,White,1 min,bullet,46,Won,4/18/2018
adypady02,2626,TheLancer,2564,Black,1 min,bullet,71,Won,4/18/2018
adypady02,2619,TheLancer,2571,White,1 min,bullet,63,Lost,4/18/2018
adypady02,2628,TheLancer,2562,Black,1 min,bullet,30,Lost,4/18/2018
adypady02,2638,TheLancer,2552,White,1 min,bullet,34,Draw,4/18/2018
adypady02,2640,TheLancer,2550,Black,1 min,bullet,31,Won,4/18/2018
adypady02,2634,TheLancer,2556,White,1 min,bullet,63,Lost,4/18/2018
adypady02,2644,TheLancer,2546,Black,1 min,bullet,24,Won,4/18/2018
adypady02,2638,TheLancer,2552,White,1 min,bullet,28,Won,4/18/2018
adypady02,2632,TheLancer,2558,Black,1 min,bullet,57,Won,4/18/2018
adypady02,2625,GameOverBro,2352,Black,1 min,bullet,42,Won,4/16/2018
adypady02,2622,GameOverBro,2355,White,1 min,bullet,69,Draw,4/16/2018
adypady02,2627,GameOverBro,2350,Black,1 min,bullet,35,Won,4/16/2018
adypady02,2624,hanqi,2588,White,1 min,bullet,16,Won,4/16/2018
adypady02,2616,hanqi,2596,Black,1 min,bullet,16,Won,4/16/2018
adypady02,2608,hanqi,2604,White,1 min,bullet,77,Draw,4/16/2018
adypady02,2608,hanqi,2604,Black,1 min,bullet,59,Lost,4/16/2018
adypady02,2617,rubhani,2521,White,1 min,bullet,32,Lost,4/8/2018
adypady02,2628,rubhani,2510,Black,1 min,bullet,52,Lost,4/8/2018