player,player_rating,opponent,opponent_rating,side,time_control,time_category,moves,result,date
adypady02,2721,sjdhdhskjdhs,2554,Black,1 min,bullet,27,Won,8/4/2018
adypady02,2716,sjdhdhskjdhs,2559,White,1 min,bullet,6,Draw,8/4/2018
adypady02,2719,sjdhdhskjdhs,2556,Black,1 min,bullet,27,Won,8/4/2018
adypady02,2714,sjdhdhskjdhs,2561,White,1 min,bullet,70,Draw,8/4/2018
adypady02,2717,sjdhdhskjdhs,2558,Black,1 min,bullet,76,Lost,8/4/2018
adypady02,2729,sjdhdhskjdhs,2546,White,1 min,bullet,62,Draw,8/4/2018
adypady02,2733,sjdhdhskjdhs,2542,Black,1 min,bullet,75,Won,8/4/2018
adypady02,2729,sjdhdhskjdhs,2546,White,1 min,bullet,63,Won,8/4/2018
adypady02,2725,sjdhdhskjdhs,2550,Black,1 min,bullet,33,Won,8/4/2018
adypady02,2721,sjdhdhskjdhs,2554,White,1 min,bullet,68,Won,8/4/2018
adypady02,2716,sjdhdhskjdhs,2559,Black,1 min,bullet,73,Lost,8/4/2018
adypady02,2728,sjdhdhskjdhs,2547,White,1 min,bullet,62,Lost,8/4/2018
adypady02,2740,sjdhdhskjdhs,2535,Black,1 min,bullet,66,Won,8/4/2018
adypady02,2736,sjdhdhskjdhs,2539,White,1 min,bullet,36,Won,8/4/2018
adypady02,2732,sjdhdhskjdhs,2543,Black,1 min,bullet,69,Draw,8/4/2018
adypady02,2736,sjdhdhskjdhs,2539,White,1 min,bullet,68,Lost,8/4/2018
adypady02,2749,sjdhdhskjdhs,2526,Black,1 min,bullet,8,Won,8/4/2018
adypady02,2745,sjdhdhskjdhs,2530,White,1 min,bullet,60,Lost,8/4/2018
adypady02,2758,sjdhdhskjdhs,2517,Black,1 min,bullet,31,Won,8/4/2018
adypady02,2755,sjdhdhskjdhs,2520,White,1 min,bullet,43,Won,8/4/2018
adypady02,2752,sjdhdhskjdhs,2523,Black,1 min,bullet,47,Won,8/4/2018
adypady02,2749,praveenb2002,2647,White,2|1,bullet,30,Lost,8/4/2018
adypady02,2760,praveenb2002,2636,Black,2|1,bullet,15,Won,8/4/2018
adypady02,2754,praveenb2002,2642,White,2|1,bullet,40,Won,8/4/2018
adypady02,2748,praveenb2002,2648,Black,2|1,bullet,25,Won,8/4/2018
adypady02,2742,praveenb2002,2654,White,2|1,bullet,28,Lost,8/4/2018
adypady02,2752,praveenb2002,2644,Black,2|1,bullet,37,Lost,8/4/2018
adypady02,2763,praveenb2002,2633,White,2|1,bullet,26,Draw,8/4/2018
adypady02,2766,praveenb2002,2630,Black,2|1,bullet,45,Lost,8/4/2018
adypady02,2777,praveenb2002,2619,White,2|1,bullet,34,Won,8/4/2018
adypady02,2772,praveenb2002,2624,Black,2|1,bullet,61,Won,8/4/2018
adypady02,2767,praveenb2002,2629,White,2|1,bullet,15,Won,8/4/2018
adypady02,2762,praveenb2002,2634,Black,2|1,bullet,34,Won,8/4/2018
adypady02,2757,panicOttack,2551,Black,1 min,bullet,19,Won,8/4/2018
adypady02,2753,panicOttack,2555,White,1 min,bullet,21,Won,8/4/2018
adypady02,2749,panicOttack,2559,Black,1 min,bullet,26,Won,8/4/2018
adypady02,2745,panicOttack,2563,White,1 min,bullet,40,Won,8/4/2018
adypady02,2741,panicOttack,2567,Black,1 min,bullet,72,Draw,8/4/2018
adypady02,2745,panicOttack,2563,White,1 min,bullet,56,Draw,8/4/2018
adypady02,2749,panicOttack,2559,Black,1 min,bullet,19,Won,8/4/2018
adypady02,2745,panicOttack,2563,White,1 min,bullet,17,Lost,8/4/2018
adypady02,2757,panicOttack,2551,Black,1 min,bullet,12,Won,8/4/2018
adypady02,2753,panicOttack,2555,White,1 min,bullet,46,Lost,8/4/2018
adypady02,2766,panicOttack,2542,Black,1 min,bullet,31,Won,8/4/2018
adypady02,2762,panicOttack,2546,White,1 min,bullet,15,Won,8/4/2018
adypady02,2758,panicOttack,2550,Black,1 min,bullet,64,Lost,8/4/2018
adypady02,2771,panicOttack,2537,White,1 min,bullet,32,Won,8/3/2018
adypady02,2768,panicOttack,2540,Black,1 min,bullet,16,Won,8/3/2018
adypady02,2764,panicOttack,2544,White,1 min,bullet,39,Won,8/3/2018
adypady02,2760,panicOttack,2548,Black,1 min,bullet,56,Won,8/3/2018