player,player_rating,opponent,opponent_rating,side,time_control,time_category,moves,result,date
adypady02,2684,Geller_Jakov,2555,Black,1 min,bullet,35,Lost,1/22/2019
adypady02,2695,Geller_Jakov,2544,White,1 min,bullet,59,Won,1/22/2019
adypady02,2690,LFMO,2479,White,1 min,bullet,46,Lost,1/20/2019
adypady02,2703,LFMO,2466,Black,1 min,bullet,58,Won,1/20/2019
adypady02,2700,LFMO,2469,White,1 min,bullet,28,Won,1/20/2019
adypady02,2697,LFMO,2472,Black,1 min,bullet,28,Lost,1/20/2019
adypady02,2710,LFMO,2459,White,1 min,bullet,59,Draw,1/20/2019
adypady02,2715,LFMO,2454,Black,1 min,bullet,21,Won,1/20/2019
adypady02,2712,LFMO,2457,White,1 min,bullet,44,Won,1/20/2019
adypady02,2709,ChubbyPandaEzebat,2706,Black,1 min,bullet,73,Won,1/20/2019
adypady02,2701,ChubbyPandaEzebat,2714,White,1 min,bullet,32,Won,1/20/2019
adypady02,2692,ChubbyPandaEzebat,2723,Black,1 min,bullet,37,Lost,1/20/2019
adypady02,2700,ChubbyPandaEzebat,2715,White,1 min,bullet,55,Lost,1/20/2019
adypady02,2708,ChubbyPandaEzebat,2707,Black,1 min,bullet,73,Draw,1/20/2019
adypady02,2708,ChubbyPandaEzebat,2707,White,1 min,bullet,31,Won,1/20/2019
adypady02,2700,ChubbyPandaEzebat,2715,Black,1 min,bullet,43,Draw,1/20/2019
adypady02,2700,ChubbyPandaEzebat,2715,White,1 min,bullet,81,Won,1/20/2019
adypady02,2691,ChubbyPandaEzebat,2724,Black,1 min,bullet,83,Won,1/20/2019
adypady02,2682,ChubbyPandaEzebat,2733,White,1 min,bullet,79,Lost,1/20/2019
adypady02,2689,ChubbyPandaEzebat,2726,Black,1 min,bullet,57,Lost,1/20/2019
adypady02,2696,ChubbyPandaEzebat,2719,White,1 min,bullet,40,Won,1/20/2019
adypady02,2687,ChubbyPandaEzebat,2728,Black,1 min,bullet,45,Lost,1/20/2019
adypady02,2694,caruanamagnus,2710,White,1 min,bullet,12,Lost,1/20/2019
adypady02,2702,Gomatte,2514,Black,1 min,bullet,40,Won,1/20/2019
adypady02,2697,greenlanterngm1,2600,Black,1 min,bullet,73,Won,1/10/2019
adypady02,2691,NBumaye,2600,White,1 min,bullet,57,Won,1/10/2019
adypady02,2685,NBumaye,2606,Black,1 min,bullet,45,Won,1/10/2019
adypady02,2679,NBumaye,2612,White,1 min,bullet,55,Draw,1/10/2019
adypady02,2681,NBumaye,2610,Black,1 min,bullet,42,Lost,1/10/2019
adypady02,2691,NBumaye,2600,White,1 min,bullet,29,Won,1/10/2019
adypady02,2685,theblitzchamp,2598,Black,1 min,bullet,64,Won,1/10/2019
adypady02,2679,theblitzchamp,2604,White,1 min,bullet,67,Won,1/10/2019
adypady02,2672,theblitzchamp,2611,Black,1 min,bullet,29,Won,1/10/2019
adypady02,2665,theblitzchamp,2618,White,1 min,bullet,27,Lost,1/10/2019
adypady02,2674,theblitzchamp,2609,Black,1 min,bullet,55,Won,1/10/2019
adypady02,2667,NBumaye,2620,Black,1 min,bullet,98,Lost,1/10/2019
adypady02,2677,NBumaye,2610,White,1 min,bullet,65,Won,1/10/2019
adypady02,2670,greenlanterngm1,2588,White,1 min,bullet,71,Won,1/10/2019
adypady02,2664,greenlanterngm1,2594,Black,1 min,bullet,41,Won,1/10/2019
adypady02,2657,greenlanterngm1,2601,White,1 min,bullet,54,Draw,1/10/2019
adypady02,2658,shyam,2535,White,1 min,bullet,34,Won,1/10/2019
adypady02,2652,Alexey_Ustinov,2449,Black,1 min,bullet,73,Won,1/10/2019
adypady02,2648,Toyota_Land_Cruiser,2612,White,1 min,bullet,46,Won,1/8/2019
adypady02,2640,Toyota_Land_Cruiser,2620,Black,1 min,bullet,43,Won,1/8/2019
adypady02,2632,Toyota_Land_Cruiser,2628,White,1 min,bullet,54,Lost,1/8/2019
adypady02,2640,Toyota_Land_Cruiser,2620,Black,1 min,bullet,57,Draw,1/8/2019
adypady02,2641,Toyota_Land_Cruiser,2619,White,1 min,bullet,35,Lost,1/8/2019
adypady02,2650,Toyota_Land_Cruiser,2610,Black,1 min,bullet,23,Lost,1/8/2019
adypady02,2659,Toyota_Land_Cruiser,2601,White,1 min,bullet,25,Won,1/8/2019
adypady02,2652,Toyota_Land_Cruiser,2608,Black,1 min,bullet,62,Lost,1/8/2019