player,player_rating,opponent,opponent_rating,side,time_control,time_category,moves,result,date
adypady02,2699,fa191828,2554,White,3 min,blitz,52,Won,4/9/2019
adypady02,2694,Hidden_Dragon,2353,White,3 min,blitz,15,Lost,4/8/2019
adypady02,2708,Hidden_Dragon,2339,Black,3 min,blitz,31,Won,4/8/2019
adypady02,2706,Yaacovn,2781,White,3 min,blitz,71,Lost,4/8/2019
adypady02,2713,Yaacovn,2774,Black,3 min,blitz,64,Lost,4/8/2019
adypady02,2720,Yaacovn,2767,White,3 min,blitz,26,Won,4/8/2019
adypady02,2710,Yaacovn,2777,Black,3 min,blitz,53,Lost,4/8/2019
adypady02,2717,birb_memes,2510,White,3 min,blitz,37,Won,4/8/2019
adypady02,2713,Noe_Tutisani98,2605,White,3 min,blitz,27,Won,4/5/2019
adypady02,2707,Noe_Tutisani98,2611,Black,3 min,blitz,30,Won,4/5/2019
adypady02,2701,Noe_Tutisani98,2617,White,3 min,blitz,42,Won,4/5/2019
adypady02,2695,Noe_Tutisani98,2623,Black,3 min,blitz,50,Won,4/5/2019
adypady02,2688,Kiborg95,2789,Black,3 min,blitz,22,Lost,4/3/2019
adypady02,2694,Kiborg95,2783,White,3 min,blitz,30,Lost,4/3/2019
adypady02,2700,politerocket7385,2549,White,3 min,blitz,21,Won,4/3/2019
adypady02,2695,sandropozo,2614,Black,3 min,blitz,42,Won,4/3/2019
adypady02,2689,ram1zan,2684,Black,3 min,blitz,43,Won,4/2/2019
adypady02,2681,ram1zan,2692,White,3 min,blitz,24,Won,4/2/2019
adypady02,2672,ram1zan,2701,Black,3 min,blitz,54,Lost,4/2/2019
adypady02,2680,Witik,2553,Black,3 min,blitz,32,Draw,4/2/2019
adypady02,2683,Witik,2550,White,3 min,blitz,39,Won,4/2/2019
adypady02,2678,maciek_92,2720,White,3 min,blitz,33,Won,4/2/2019
adypady02,2669,maciek_92,2729,Black,3 min,blitz,33,Lost,4/2/2019
adypady02,2676,mattin2806,2558,White,3 min,blitz,33,Won,3/26/2019
adypady02,2670,mattin2806,2564,Black,3 min,blitz,28,Won,3/26/2019
adypady02,2664,Witik,2675,Black,3 min,blitz,36,Won,3/26/2019
adypady02,2655,LikeWater,2660,Black,3 min,blitz,38,Lost,3/4/2019
adypady02,2663,LikeWater,2652,White,3 min,blitz,60,Lost,3/4/2019
adypady02,2672,LikeWater,2643,Black,3 min,blitz,53,Won,3/4/2019
adypady02,2664,ficorrales,2684,Black,3 min,blitz,40,Lost,3/3/2019
adypady02,2672,ficorrales,2676,White,3 min,blitz,68,Won,3/3/2019
adypady02,2664,ficorrales,2684,Black,3 min,blitz,72,Lost,3/3/2019
adypady02,2672,ficorrales,2676,White,3 min,blitz,27,Won,3/2/2019
adypady02,2664,ficorrales,2684,Black,3 min,blitz,33,Won,3/2/2019
adypady02,2655,ficorrales,2693,White,3 min,blitz,36,Lost,3/2/2019
adypady02,2662,gahryman,2646,White,3 min,blitz,31,Lost,3/2/2019
adypady02,2671,gahryman,2637,Black,3 min,blitz,12,Lost,3/2/2019
adypady02,2680,gahryman,2628,White,3 min,blitz,26,Lost,3/2/2019
adypady02,2690,gahryman,2618,Black,3 min,blitz,40,Draw,3/2/2019
adypady02,2692,GregMiroshnichenko,2692,White,3 min,blitz,36,Won,2/12/2019
adypady02,2684,GregMiroshnichenko,2700,Black,3 min,blitz,43,Lost,2/12/2019
adypady02,2692,DevInProd,2803,White,3 min,blitz,51,Won,2/12/2019
adypady02,2681,nailbeshirli,2715,Black,3 min,blitz,77,Lost,2/12/2019
adypady02,2689,nailbeshirli,2707,White,3 min,blitz,39,Won,2/12/2019
adypady02,2680,nailbeshirli,2716,Black,3 min,blitz,21,Lost,2/12/2019
adypady02,2688,nailbeshirli,2708,White,3 min,blitz,59,Lost,2/12/2019
adypady02,2696,kroonts13,2560,White,3 min,blitz,46,Won,2/12/2019
adypady02,2691,kroonts13,2565,Black,3 min,blitz,71,Won,2/12/2019
adypady02,2686,Padenie_Zvezd,2633,White,3 min,blitz,27,Lost,2/12/2019
adypady02,2696,Padenie_Zvezd,2623,Black,3 min,blitz,41,Lost,2/12/2019