player,player_rating,opponent,opponent_rating,side,time_control,time_category,moves,result,date
adypady02,2690,JelenaKarleusa-SO-18,2689,Black,1 min,bullet,20,Lost,1/15/2018
adypady02,2698,JelenaKarleusa-SO-18,2681,White,1 min,bullet,51,Lost,1/15/2018
adypady02,2707,pKiLz5Rn9b,2668,Black,1 min,bullet,69,Draw,1/7/2018
adypady02,2708,georgii308,2702,Black,1 min,bullet,35,Lost,1/7/2018
adypady02,2717,pKiLz5Rn9b,2667,White,1 min,bullet,76,Draw,1/7/2018
adypady02,2718,pKiLz5Rn9b,2666,Black,1 min,bullet,108,Draw,1/7/2018
adypady02,2719,pKiLz5Rn9b,2665,White,1 min,bullet,43,Won,1/7/2018
adypady02,2712,pKiLz5Rn9b,2672,Black,1 min,bullet,37,Lost,1/7/2018
adypady02,2721,pKiLz5Rn9b,2663,White,1 min,bullet,25,Won,1/7/2018
adypady02,2714,pKiLz5Rn9b,2670,Black,1 min,bullet,29,Lost,1/7/2018
adypady02,2723,pKiLz5Rn9b,2661,White,1 min,bullet,28,Won,1/7/2018
adypady02,2716,pKiLz5Rn9b,2668,Black,1 min,bullet,46,Won,1/7/2018
adypady02,2709,pKiLz5Rn9b,2675,White,1 min,bullet,27,Won,1/7/2018
adypady02,2701,pKiLz5Rn9b,2683,Black,1 min,bullet,25,Lost,1/7/2018
adypady02,2710,seppecena,2580,Black,1 min,bullet,32,Won,1/6/2018
adypady02,2705,seppecena,2585,White,1 min,bullet,30,Won,1/6/2018
adypady02,2699,seppecena,2591,Black,1 min,bullet,66,Lost,1/6/2018
adypady02,2710,seppecena,2580,White,1 min,bullet,69,Lost,1/6/2018
adypady02,2721,seppecena,2569,Black,1 min,bullet,52,Draw,1/6/2018
adypady02,2724,seppecena,2566,White,1 min,bullet,44,Won,1/6/2018
adypady02,2719,seppecena,2571,Black,1 min,bullet,37,Won,1/6/2018
adypady02,2714,ZapataCharlesS,2667,Black,1 min,bullet,17,Lost,1/6/2018
adypady02,2724,ZapataCharlesS,2641,White,1 min,bullet,31,Won,1/6/2018
adypady02,2718,ZapataCharlesS,2647,Black,1 min,bullet,73,Draw,1/6/2018
adypady02,2720,ZapataCharlesS,2645,White,1 min,bullet,104,Draw,1/6/2018
adypady02,2722,grandmastergauri,2525,White,1 min,bullet,43,Won,1/2/2018
adypady02,2718,grandmastergauri,2529,Black,1 min,bullet,38,Won,1/2/2018
adypady02,2714,grandmastergauri,2533,White,1 min,bullet,73,Lost,1/2/2018
adypady02,2726,grandmastergauri,2521,Black,1 min,bullet,61,Won,1/2/2018
adypady02,2722,grandmastergauri,2525,White,1 min,bullet,51,Won,1/2/2018
adypady02,2718,grandmastergauri,2529,Black,1 min,bullet,43,Won,1/2/2018
adypady02,2714,grandmastergauri,2533,White,1 min,bullet,62,Won,1/2/2018
adypady02,2710,grandmastergauri,2537,Black,1 min,bullet,30,Won,1/2/2018
adypady02,2705,grandmastergauri,2542,White,1 min,bullet,68,Lost,1/2/2018
adypady02,2717,grandmastergauri,2530,Black,1 min,bullet,50,Won,1/2/2018
adypady02,2713,grandmastergauri,2534,White,1 min,bullet,55,Won,1/2/2018
adypady02,2709,grandmastergauri,2538,Black,1 min,bullet,26,Won,1/2/2018
adypady02,2704,grandmastergauri,2543,White,1 min,bullet,30,Won,1/2/2018
adypady02,2699,grandmastergauri,2548,Black,1 min,bullet,52,Won,1/2/2018
adypady02,2694,grandmastergauri,2553,White,1 min,bullet,33,Lost,1/2/2018
adypady02,2705,grandmastergauri,2542,Black,1 min,bullet,43,Won,1/2/2018
adypady02,2700,ficorrales,2654,Black,1 min,bullet,24,Won,12/21/2017
adypady02,2693,ficorrales,2661,White,1 min,bullet,28,Won,12/21/2017
adypady02,2685,ficorrales,2669,Black,1 min,bullet,33,Lost,12/21/2017
adypady02,2694,ficorrales,2660,White,1 min,bullet,39,Won,12/21/2017
adypady02,2686,ficorrales,2668,Black,1 min,bullet,73,Won,12/21/2017
adypady02,2678,ficorrales,2676,White,1 min,bullet,32,Won,12/21/2017
adypady02,2670,ficorrales,2684,Black,1 min,bullet,44,Lost,12/21/2017
adypady02,2678,ficorrales,2676,White,1 min,bullet,54,Lost,12/21/2017
adypady02,2686,ficorrales,2668,Black,1 min,bullet,50,Won,12/21/2017