player,player_rating,opponent,opponent_rating,side,time_control,time_category,moves,result,date
adypady02,2671,TheLancer,2618,White,1 min,bullet,23,Lost,2/15/2018
adypady02,2681,TheLancer,2608,Black,1 min,bullet,9,Won,2/15/2018
adypady02,2674,TheLancer,2615,White,1 min,bullet,3,Won,2/15/2018
adypady02,2667,grandmastergauri,2598,White,1 min,bullet,14,Lost,2/15/2018
adypady02,2677,grandmastergauri,2588,Black,1 min,bullet,37,Lost,2/15/2018
adypady02,2687,grandmastergauri,2578,White,1 min,bullet,55,Won,2/15/2018
adypady02,2681,grandmastergauri,2584,Black,1 min,bullet,44,Won,2/15/2018
adypady02,2675,grandmastergauri,2590,White,1 min,bullet,39,Lost,2/15/2018
adypady02,2685,grandmastergauri,2580,Black,1 min,bullet,81,Lost,2/15/2018
adypady02,2696,grandmastergauri,2569,White,1 min,bullet,47,Lost,2/15/2018
adypady02,2707,grandmastergauri,2558,Black,1 min,bullet,57,Won,2/15/2018
adypady02,2702,grandmastergauri,2563,White,1 min,bullet,54,Won,2/15/2018
adypady02,2697,grandmastergauri,2568,Black,1 min,bullet,74,Lost,2/15/2018
adypady02,2708,grandmastergauri,2557,White,1 min,bullet,58,Won,2/15/2018
adypady02,2703,grandmastergauri,2562,Black,1 min,bullet,73,Won,2/15/2018
adypady02,2698,grandmastergauri,2567,White,1 min,bullet,40,Lost,2/15/2018
adypady02,2709,grandmastergauri,2556,Black,1 min,bullet,29,Won,2/15/2018
adypady02,2704,grandmastergauri,2561,White,1 min,bullet,47,Won,2/15/2018
adypady02,2699,grandmastergauri,2566,Black,1 min,bullet,55,Won,2/15/2018
adypady02,2694,grandmastergauri,2571,White,1 min,bullet,43,Lost,2/15/2018
adypady02,2705,grandmastergauri,2560,Black,1 min,bullet,50,Won,2/15/2018
adypady02,2700,grandmastergauri,2565,White,1 min,bullet,30,Won,2/15/2018
adypady02,2695,grandmastergauri,2570,Black,1 min,bullet,58,Draw,2/15/2018
adypady02,2698,grandmastergauri,2567,White,1 min,bullet,30,Won,2/15/2018
adypady02,2693,grandmastergauri,2572,Black,1 min,bullet,52,Lost,2/15/2018
adypady02,2704,grandmastergauri,2561,White,1 min,bullet,25,Won,2/15/2018
adypady02,2699,grandmastergauri,2566,Black,1 min,bullet,19,Lost,2/15/2018
adypady02,2710,grandmastergauri,2555,White,1 min,bullet,33,Won,2/15/2018
adypady02,2705,grandmastergauri,2560,Black,1 min,bullet,43,Won,2/15/2018
adypady02,2700,grandmastergauri,2565,White,1 min,bullet,25,Lost,2/15/2018
adypady02,2711,grandmastergauri,2554,Black,1 min,bullet,52,Draw,2/15/2018
adypady02,2714,grandmastergauri,2550,White,1 min,bullet,31,Lost,2/15/2018
adypady02,2726,grandmastergauri,2538,Black,1 min,bullet,54,Won,2/15/2018
adypady02,2722,grandmastergauri,2542,White,1 min,bullet,35,Won,2/15/2018
adypady02,2718,grandmastergauri,2546,Black,1 min,bullet,47,Won,2/15/2018
adypady02,2713,grandmastergauri,2551,White,1 min,bullet,61,Won,2/15/2018
adypady02,2708,grandmastergauri,2556,Black,1 min,bullet,22,Won,2/15/2018
adypady02,2703,grandmastergauri,2561,White,1 min,bullet,46,Won,2/15/2018
adypady02,2698,grandmastergauri,2566,Black,1 min,bullet,25,Won,2/15/2018
adypady02,2693,grandmastergauri,2571,White,1 min,bullet,41,Won,2/15/2018
adypady02,2687,grandmastergauri,2577,Black,1 min,bullet,26,Won,2/15/2018
adypady02,2681,grandmastergauri,2583,White,1 min,bullet,44,Lost,2/15/2018
adypady02,2692,grandmastergauri,2572,Black,1 min,bullet,30,Won,2/15/2018
adypady02,2686,grandmastergauri,2578,White,1 min,bullet,52,Draw,2/15/2018
adypady02,2688,grandmastergauri,2575,Black,1 min,bullet,52,Lost,2/15/2018
adypady02,2699,grandmastergauri,2564,White,1 min,bullet,87,Draw,2/15/2018
adypady02,2702,grandmastergauri,2561,Black,1 min,bullet,41,Lost,2/15/2018
adypady02,2713,grandmastergauri,2550,White,1 min,bullet,26,Won,2/15/2018
adypady02,2708,grandmastergauri,2555,Black,1 min,bullet,34,Won,2/15/2018
adypady02,2703,513249,2501,White,1 min,bullet,47,Lost,1/28/2018