player,player_rating,opponent,opponent_rating,side,time_control,time_category,moves,result,date
adypady02,2544,Shtembuliak,2649,White,3 min,blitz,31,Lost,11/26/2018
adypady02,2550,Shtembuliak,2643,Black,3 min,blitz,42,Lost,11/26/2018
adypady02,2556,Gattass,2433,White,3 min,blitz,17,Lost,11/26/2018
adypady02,2567,Akitsep,2436,White,3 min,blitz,26,Won,11/26/2018
adypady02,2562,XK_po_imeni_Rock,1445,White,3 min,blitz,45,Won,11/26/2018
adypady02,2562,CZhang7,2382,Black,3 min,blitz,45,Won,11/26/2018
adypady02,2558,CZhang7,2386,White,3 min,blitz,61,Lost,11/26/2018
adypady02,2570,tigernick,2450,Black,3 min,blitz,25,Won,11/26/2018
adypady02,2564,1random,2448,Black,3 min,blitz,26,Won,11/13/2018
adypady02,2558,1random,2454,White,3 min,blitz,15,Won,11/13/2018
adypady02,2552,1random,2460,Black,3 min,blitz,22,Won,11/13/2018
adypady02,2546,1random,2466,White,3 min,blitz,33,Won,11/13/2018
adypady02,2540,1random,2551,Black,3 min,blitz,64,Lost,10/29/2018
adypady02,2548,1random,2543,White,3 min,blitz,54,Won,10/29/2018
adypady02,2540,1random,2551,Black,3 min,blitz,4,Draw,10/29/2018
adypady02,2540,1random,2551,White,3 min,blitz,8,Draw,10/29/2018
adypady02,2540,1random,2551,Black,3 min,blitz,12,Lost,10/29/2018
adypady02,2548,1random,2543,White,3 min,blitz,64,Lost,10/29/2018
adypady02,2557,1random,2534,Black,3 min,blitz,9,Draw,10/29/2018
adypady02,2558,1random,2533,White,3 min,blitz,13,Won,10/29/2018
adypady02,2550,1random,2541,Black,3 min,blitz,38,Lost,10/29/2018
adypady02,2559,1random,2532,White,3 min,blitz,45,Lost,10/29/2018
adypady02,2568,1random,2523,Black,3 min,blitz,33,Won,10/29/2018
adypady02,2561,1random,2530,White,3 min,blitz,54,Lost,10/29/2018
adypady02,2570,1random,2521,Black,3 min,blitz,22,Lost,10/29/2018
adypady02,2580,1random,2511,White,3 min,blitz,26,Won,10/29/2018
adypady02,2573,1random,2526,Black,3 min,blitz,12,Lost,10/28/2018
adypady02,2582,1random,2517,White,3 min,blitz,23,Won,10/28/2018
adypady02,2575,GKasparovGM,2573,White,3 min,blitz,14,Lost,10/21/2018
adypady02,2583,GKasparovGM,2565,Black,3 min,blitz,62,Won,10/21/2018
adypady02,2575,GKasparovGM,2573,White,3 min,blitz,31,Won,10/21/2018
adypady02,2567,GKasparovGM,2581,Black,3 min,blitz,41,Draw,10/21/2018
adypady02,2567,GKasparovGM,2581,White,3 min,blitz,42,Won,10/21/2018
adypady02,2558,GKasparovGM,2590,Black,3 min,blitz,33,Won,10/21/2018
adypady02,2549,GKasparovGM,2599,White,3 min,blitz,53,Lost,10/21/2018
adypady02,2556,GKasparovGM,2592,Black,3 min,blitz,32,Lost,10/21/2018
adypady02,2564,Aleksei_Bykov,2423,Black,3 min,blitz,49,Lost,10/21/2018
adypady02,2576,One_Touch,2394,Black,3 min,blitz,60,Draw,10/9/2018
adypady02,2580,CoachJKane,2466,Black,3 min,blitz,81,Lost,10/7/2018
adypady02,2591,CoachJKane,2455,White,3 min,blitz,50,Lost,10/7/2018
adypady02,2602,CoachJKane,2444,Black,3 min,blitz,20,Won,10/7/2018
adypady02,2597,CoachJKane,2449,White,3 min,blitz,45,Won,10/7/2018
adypady02,2592,CoachJKane,2454,Black,3 min,blitz,42,Won,10/7/2018
adypady02,2587,JVFerreira,2534,Black,3 min,blitz,13,Lost,10/6/2018
adypady02,2597,dabbang111,2386,White,3 min,blitz,23,Won,10/5/2018
adypady02,2593,dabbang111,2390,Black,3 min,blitz,27,Won,10/5/2018
adypady02,2589,dabbang111,2394,White,3 min,blitz,50,Won,10/5/2018
adypady02,2585,dabbang111,2398,Black,3 min,blitz,40,Won,10/5/2018
adypady02,2581,Cisa-Ro,2552,Black,3 min,blitz,54,Draw,10/3/2018
adypady02,2582,Cisa-Ro,2551,White,3 min,blitz,55,Won,10/3/2018