player,player_rating,opponent,opponent_rating,side,time_control,time_category,moves,result,date
adypady02,2668,TrimitziosP7,2727,Black,1|1,bullet,28,Lost,9/9/2018
adypady02,2675,TrimitziosP7,2720,White,1|1,bullet,65,Lost,9/9/2018
adypady02,2682,Sheriftoma,2335,White,1 min,bullet,46,Won,9/8/2018
adypady02,2680,Sheriftoma,2337,Black,1 min,bullet,24,Won,9/8/2018
adypady02,2678,Sheriftoma,2339,White,1 min,bullet,21,Won,9/8/2018
adypady02,2676,Sheriftoma,2341,Black,1 min,bullet,35,Won,9/8/2018
adypady02,2674,bloodspatterthrill,2619,White,1 min,bullet,75,Lost,9/6/2018
adypady02,2684,chesskingdreamer,2624,Black,1 min,bullet,34,Lost,8/13/2018
adypady02,2694,chesskingdreamer,2614,White,1 min,bullet,37,Lost,8/13/2018
adypady02,2704,chesskingdreamer,2604,Black,1 min,bullet,20,Won,8/13/2018
adypady02,2698,chesskingdreamer,2610,White,1 min,bullet,30,Won,8/13/2018
adypady02,2692,chesskingdreamer,2616,Black,1 min,bullet,31,Won,8/13/2018
adypady02,2685,chesskingdreamer,2623,White,1 min,bullet,71,Won,8/13/2018
adypady02,2678,chesskingdreamer,2630,Black,1 min,bullet,54,Won,8/13/2018
adypady02,2671,chesskingdreamer,2637,White,1 min,bullet,36,Lost,8/13/2018
adypady02,2680,chesskingdreamer,2628,Black,1 min,bullet,51,Won,8/13/2018
adypady02,2673,chesskingdreamer,2635,White,1 min,bullet,32,Won,8/13/2018
adypady02,2666,chesskingdreamer,2642,Black,1 min,bullet,14,Lost,8/13/2018
adypady02,2675,chesskingdreamer,2633,White,1 min,bullet,30,Won,8/13/2018
adypady02,2668,chesskingdreamer,2640,Black,1 min,bullet,54,Draw,8/13/2018
adypady02,2669,chesskingdreamer,2639,White,1 min,bullet,56,Lost,8/13/2018
adypady02,2678,chesskingdreamer,2630,Black,1 min,bullet,75,Draw,8/13/2018
adypady02,2679,chesskingdreamer,2629,White,1 min,bullet,37,Draw,8/13/2018
adypady02,2680,chesskingdreamer,2628,Black,1 min,bullet,31,Won,8/13/2018
adypady02,2673,chesskingdreamer,2635,White,1 min,bullet,46,Won,8/13/2018
adypady02,2666,chesskingdreamer,2642,Black,1 min,bullet,56,Lost,8/13/2018
adypady02,2675,chesskingdreamer,2633,White,1 min,bullet,92,Lost,8/13/2018
adypady02,2684,chesskingdreamer,2624,Black,1 min,bullet,30,Lost,8/13/2018
adypady02,2694,chesskingdreamer,2614,White,1 min,bullet,27,Lost,8/13/2018
adypady02,2704,chesskingdreamer,2604,Black,1 min,bullet,30,Won,8/13/2018
adypady02,2698,chesskingdreamer,2610,White,1 min,bullet,33,Lost,8/13/2018
adypady02,2708,chesskingdreamer,2600,Black,1 min,bullet,44,Lost,8/13/2018
adypady02,2719,chesskingdreamer,2589,White,1 min,bullet,33,Won,8/13/2018
adypady02,2714,jjosu,2683,White,1 min,bullet,2,Won,8/11/2018
adypady02,2706,jjosu,2691,White,1 min,bullet,17,Won,8/11/2018
adypady02,2698,jjosu,2699,Black,1 min,bullet,25,Won,8/11/2018
adypady02,2690,jjosu,2707,White,1 min,bullet,61,Lost,8/11/2018
adypady02,2698,jjosu,2699,Black,1 min,bullet,34,Lost,8/11/2018
adypady02,2706,jjosu,2691,White,1 min,bullet,20,Won,8/11/2018
adypady02,2698,jjosu,2699,Black,1 min,bullet,41,Lost,8/11/2018
adypady02,2706,jjosu,2691,White,1 min,bullet,22,Won,8/11/2018
adypady02,2698,jjosu,2699,Black,1 min,bullet,38,Won,8/11/2018
adypady02,2690,jjosu,2707,White,1 min,bullet,43,Won,8/11/2018
adypady02,2681,jjosu,2716,Black,1 min,bullet,14,Lost,8/11/2018
adypady02,2689,jjosu,2708,White,1 min,bullet,55,Won,8/11/2018
adypady02,2680,jjosu,2717,Black,1 min,bullet,26,Lost,8/11/2018
adypady02,2687,DevInProd,2684,Black,1 min,bullet,62,Lost,8/11/2018
adypady02,2695,DevInProd,2676,White,1 min,bullet,67,Draw,8/11/2018
adypady02,2695,DevInProd,2676,Black,1 min,bullet,67,Lost,8/11/2018
adypady02,2704,DevInProd,2667,White,1 min,bullet,53,Lost,8/11/2018