player,player_rating,opponent,opponent_rating,side,time_control,time_category,moves,result,date
adypady02,2478,Danirod,2479,White,3 min,blitz,80,Lost,8/21/2017
adypady02,2486,habitus,2329,White,3 min,blitz,35,Lost,8/19/2017
adypady02,2498,Vect0rs,2317,White,3 min,blitz,44,Draw,8/19/2017
adypady02,2502,Vect0rs,2313,Black,3 min,blitz,42,Won,8/19/2017
adypady02,2498,DvaHrasta,2424,White,3 min,blitz,51,Lost,8/19/2017
adypady02,2508,GSWHoops,2312,Black,3 min,blitz,38,Won,8/19/2017
adypady02,2504,GSWHoops,2316,White,3 min,blitz,25,Won,8/19/2017
adypady02,2500,TacticalJesus,2336,Black,3 min,blitz,38,Won,8/19/2017
adypady02,2495,TacticalJesus,2341,White,3 min,blitz,44,Won,8/19/2017
adypady02,2490,TacticalJesus,2346,Black,3 min,blitz,33,Won,8/19/2017
adypady02,2485,TacticalJesus,2351,White,3 min,blitz,76,Won,8/19/2017
adypady02,2480,TacticalJesus,2356,Black,3 min,blitz,16,Won,8/19/2017
adypady02,2474,HaryKane,2453,White,3 min,blitz,26,Won,8/14/2017
adypady02,2466,HaryKane,2461,Black,3 min,blitz,49,Lost,8/14/2017
adypady02,2474,HaryKane,2453,White,3 min,blitz,38,Won,8/14/2017
adypady02,2466,HaryKane,2461,Black,3 min,blitz,33,Won,8/14/2017
adypady02,2458,HaryKane,2469,White,3 min,blitz,29,Lost,8/14/2017
adypady02,2466,HaryKane,2461,Black,3 min,blitz,15,Lost,8/14/2017
adypady02,2475,HaryKane,2452,White,3 min,blitz,26,Won,8/14/2017
adypady02,2467,HaryKane,2460,Black,3 min,blitz,24,Won,8/14/2017
adypady02,2459,HaryKane,2468,White,3 min,blitz,29,Lost,8/14/2017
adypady02,2467,Aguiar94,2440,White,3 min,blitz,8,Won,8/13/2017
adypady02,2459,Aguiar94,2443,Black,3 min,blitz,71,Lost,8/13/2017
adypady02,2468,Aguiar94,2434,White,3 min,blitz,43,Won,8/13/2017
adypady02,2460,Aguiar94,2442,Black,3 min,blitz,21,Won,8/13/2017
adypady02,2452,Aguiar94,2450,White,3 min,blitz,33,Lost,8/13/2017
adypady02,2460,Hulk711,2388,Black,3 min,blitz,27,Lost,8/13/2017
adypady02,2470,want2lose,2475,Black,3 min,blitz,38,Won,8/13/2017
adypady02,2462,want2lose,2483,White,3 min,blitz,30,Won,8/13/2017
adypady02,2453,GM_Petrovich,2642,Black,3 min,blitz,50,Lost,8/13/2017
adypady02,2457,AryamAbreu,2428,Black,3 min,blitz,45,Won,8/13/2017
adypady02,2449,AryamAbreu,2436,White,3 min,blitz,60,Lost,8/13/2017
adypady02,2458,JusticeIsMIne,2256,Black,3 min,blitz,47,Won,8/12/2017
adypady02,2454,hitchtronic,2372,White,3 min,blitz,40,Won,8/12/2017
adypady02,2448,hitchtronic,2378,Black,3 min,blitz,49,Lost,8/12/2017
adypady02,2458,hitchtronic,2368,White,3 min,blitz,32,Won,8/12/2017
adypady02,2452,josiwales,2307,Black,3 min,blitz,6,Lost,8/12/2017
adypady02,2464,josiwales,2295,White,3 min,blitz,44,Won,8/12/2017
adypady02,2459,krasimirbrankov,2345,Black,3 min,blitz,52,Lost,8/8/2017
adypady02,2470,morphy1949,2471,Black,3 min,blitz,19,Lost,8/8/2017
adypady02,2478,morphy1949,2463,White,3 min,blitz,17,Lost,8/8/2017
adypady02,2487,morphy1949,2454,Black,3 min,blitz,17,Lost,8/8/2017
adypady02,2496,morphy1949,2445,White,3 min,blitz,44,Won,8/8/2017
adypady02,2489,yogishegde,1104,Black,5 min,blitz,27,Won,8/5/2017
adypady02,2489,Nigmatov,2457,White,3 min,blitz,4,Lost,8/2/2017
adypady02,2498,hitchtronic,2357,Black,3 min,blitz,35,Lost,8/2/2017
adypady02,2509,RobertRis,2445,Black,3 min,blitz,57,Won,8/2/2017
adypady02,2502,ALeks_Ivlev,2394,Black,3 min,blitz,13,Lost,8/2/2017
adypady02,2513,ALeks_Ivlev,2383,White,3 min,blitz,29,Won,8/2/2017
adypady02,2508,sidbuddha1,2503,Black,3 min,blitz,47,Draw,7/20/2017