player,player_rating,opponent,opponent_rating,side,time_control,time_category,moves,result,date
adypady02,2629,Wareheimer,2402,White,1 min,bullet,37,Lost,4/8/2019
adypady02,2642,Wareheimer,2389,Black,1 min,bullet,64,Lost,4/8/2019
adypady02,2655,Wareheimer,2376,White,1 min,bullet,23,Won,4/8/2019
adypady02,2652,Wareheimer,2379,Black,1 min,bullet,34,Won,4/8/2019
adypady02,2649,Wareheimer,2382,White,1 min,bullet,29,Won,4/8/2019
adypady02,2646,PulpanJ,2730,White,30 sec,bullet,24,Lost,3/26/2019
adypady02,2652,PulpanJ,2724,Black,30 sec,bullet,21,Lost,3/26/2019
adypady02,2659,PulpanJ,2717,White,30 sec,bullet,76,Lost,3/26/2019
adypady02,2666,PulpanJ,2710,Black,30 sec,bullet,57,Lost,3/26/2019
adypady02,2673,PulpanJ,2703,White,30 sec,bullet,41,Won,3/26/2019
adypady02,2664,Amincheraghi99,2660,Black,1 min,bullet,39,Lost,3/11/2019
adypady02,2673,prepredeni,2369,White,1 min,bullet,46,Won,3/11/2019
adypady02,2671,prepredeni,2371,Black,1 min,bullet,13,Won,3/11/2019
adypady02,2669,prepredeni,2374,White,1 min,bullet,40,Won,3/11/2019
adypady02,2666,irregularity,2611,Black,1 min,bullet,11,Lost,3/11/2019
adypady02,2676,irregularity,2601,White,1 min,bullet,22,Lost,3/11/2019
adypady02,2686,irregularity,2591,Black,1 min,bullet,21,Lost,3/11/2019
adypady02,2697,irregularity,2580,White,1 min,bullet,43,Lost,3/11/2019
adypady02,2708,yugonekneverdie,2593,White,1 min,bullet,17,Lost,3/11/2019
adypady02,2719,JonahWillow,2629,White,30 sec,bullet,57,Won,2/25/2019
adypady02,2713,JonahWillow,2635,Black,30 sec,bullet,26,Won,2/25/2019
adypady02,2706,JonahWillow,2642,White,30 sec,bullet,52,Won,2/25/2019
adypady02,2699,JonahWillow,2649,Black,30 sec,bullet,59,Won,2/25/2019
adypady02,2692,Atorvastatin,2556,White,1 min,bullet,26,Lost,2/1/2019
adypady02,2703,Atorvastatin,2545,Black,1 min,bullet,37,Won,2/1/2019
adypady02,2698,Atorvastatin,2550,White,1 min,bullet,39,Won,2/1/2019
adypady02,2693,irregularity,2635,Black,1 min,bullet,40,Lost,1/28/2019
adypady02,2703,irregularity,2625,White,1 min,bullet,58,Won,1/28/2019
adypady02,2696,irregularity,2632,Black,1 min,bullet,34,Lost,1/28/2019
adypady02,2706,irregularity,2622,White,1 min,bullet,42,Lost,1/28/2019
adypady02,2716,irregularity,2612,Black,1 min,bullet,22,Won,1/28/2019
adypady02,2710,irregularity,2618,White,1 min,bullet,49,Won,1/28/2019
adypady02,2704,irregularity,2624,Black,1 min,bullet,30,Won,1/28/2019
adypady02,2697,FastChance,2654,White,1 min,bullet,35,Won,1/26/2019
adypady02,2690,FastChance,2661,Black,1 min,bullet,30,Won,1/26/2019
adypady02,2682,FastChance,2669,White,1 min,bullet,19,Won,1/26/2019
adypady02,2674,FastChance,2677,Black,1 min,bullet,29,Lost,1/26/2019
adypady02,2682,FastChance,2669,White,1 min,bullet,14,Lost,1/26/2019
adypady02,2691,FastChance,2660,Black,1 min,bullet,59,Lost,1/26/2019
adypady02,2700,TampaChess,2638,Black,1 min,bullet,49,Won,1/23/2019
adypady02,2693,TampaChess,2645,White,1 min,bullet,49,Lost,1/23/2019
adypady02,2703,TampaChess,2635,Black,1 min,bullet,31,Won,1/23/2019
adypady02,2696,TampaChess,2642,White,1 min,bullet,52,Won,1/23/2019
adypady02,2689,TampaChess,2649,Black,1 min,bullet,34,Won,1/23/2019
adypady02,2682,TampaChess,2656,White,1 min,bullet,66,Won,1/23/2019
adypady02,2674,TampaChess,2664,Black,1 min,bullet,37,Won,1/23/2019
adypady02,2666,TampaChess,2672,White,1 min,bullet,33,Lost,1/23/2019
adypady02,2674,TampaChess,2664,Black,1 min,bullet,85,Lost,1/23/2019
adypady02,2683,TampaChess,2655,White,1 min,bullet,47,Won,1/23/2019
adypady02,2675,TampaChess,2663,Black,1 min,bullet,37,Lost,1/23/2019