player,player_rating,opponent,opponent_rating,side,time_control,time_category,moves,result,date
Aireea,2752,Davit_Tiraturyan,2742,Black,30 sec,bullet,35,Won,10/31/2018
Aireea,2744,YOAJM,2747,Black,30 sec,bullet,60,Lost,10/30/2018
Aireea,2752,YOAJM,2739,White,30 sec,bullet,65,Lost,10/30/2018
Aireea,2761,YOAJM,2730,Black,30 sec,bullet,14,Won,10/30/2018
Aireea,2753,YOAJM,2738,White,30 sec,bullet,54,Won,10/30/2018
Aireea,2745,YOAJM,2746,Black,30 sec,bullet,30,Lost,10/30/2018
Aireea,2753,YOAJM,2738,White,30 sec,bullet,49,Won,10/30/2018
Aireea,2745,YOAJM,2746,Black,30 sec,bullet,39,Won,10/30/2018
Aireea,2737,YOAJM,2754,White,30 sec,bullet,28,Lost,10/30/2018
Aireea,2745,YOAJM,2746,Black,30 sec,bullet,54,Lost,10/30/2018
Aireea,2753,YOAJM,2738,White,30 sec,bullet,41,Lost,10/30/2018
Aireea,2762,YOAJM,2729,Black,30 sec,bullet,58,Lost,10/30/2018
Aireea,2771,YOAJM,2720,White,30 sec,bullet,75,Won,10/30/2018
Aireea,2764,YOAJM,2727,Black,30 sec,bullet,26,Won,10/30/2018
Aireea,2756,YOAJM,2735,White,30 sec,bullet,59,Lost,10/30/2018
Aireea,2765,YOAJM,2726,Black,30 sec,bullet,75,Lost,10/30/2018
Aireea,2774,YOAJM,2717,White,30 sec,bullet,67,Won,10/30/2018
Aireea,2767,YOAJM,2724,Black,30 sec,bullet,62,Won,10/30/2018
Aireea,2760,YOAJM,2731,White,30 sec,bullet,50,Won,10/30/2018
Aireea,2752,YOAJM,2739,Black,30 sec,bullet,65,Lost,10/30/2018
Aireea,2761,YOAJM,2730,White,30 sec,bullet,50,Lost,10/30/2018
Aireea,2770,YOAJM,2721,Black,30 sec,bullet,51,Won,10/30/2018
Aireea,2763,YOAJM,2728,White,30 sec,bullet,11,Lost,10/30/2018
Aireea,2772,YOAJM,2719,Black,30 sec,bullet,33,Won,10/30/2018
Aireea,2765,YOAJM,2726,White,30 sec,bullet,53,Won,10/30/2018
Aireea,2758,YOAJM,2733,Black,30 sec,bullet,72,Lost,10/30/2018
Aireea,2767,YOAJM,2724,White,30 sec,bullet,81,Lost,10/30/2018
Aireea,2776,YOAJM,2715,Black,30 sec,bullet,67,Won,10/30/2018
Aireea,2769,YOAJM,2722,White,30 sec,bullet,47,Lost,10/30/2018
Aireea,2779,1random,2659,White,1 min,bullet,64,Won,10/30/2018
Aireea,2773,1random,2665,Black,1 min,bullet,28,Won,10/30/2018
Aireea,2767,1random,2671,White,1 min,bullet,70,Won,10/30/2018
Aireea,2761,1random,2677,Black,1 min,bullet,44,Draw,10/30/2018
Aireea,2763,1random,2675,White,1 min,bullet,37,Lost,10/30/2018
Aireea,2773,1random,2665,Black,1 min,bullet,82,Draw,10/30/2018
Aireea,2775,1random,2663,White,1 min,bullet,25,Lost,10/30/2018
Aireea,2786,1random,2652,Black,1 min,bullet,25,Won,10/30/2018
Aireea,2781,1random,2657,White,1 min,bullet,33,Won,10/30/2018
Aireea,2775,YOAJM,2762,Black,30 sec,bullet,57,Won,10/29/2018
Aireea,2767,YOAJM,2770,White,30 sec,bullet,59,Draw,10/29/2018
Aireea,2767,YOAJM,2770,Black,30 sec,bullet,23,Won,10/29/2018
Aireea,2759,YOAJM,2778,White,30 sec,bullet,66,Lost,10/29/2018
Aireea,2767,YOAJM,2770,Black,30 sec,bullet,45,Won,10/29/2018
Aireea,2759,YOAJM,2778,White,30 sec,bullet,53,Lost,10/29/2018
Aireea,2767,YOAJM,2770,Black,30 sec,bullet,56,Won,10/29/2018
Aireea,2759,YOAJM,2778,White,30 sec,bullet,65,Won,10/29/2018
Aireea,2750,YOAJM,2787,Black,30 sec,bullet,43,Lost,10/29/2018
Aireea,2757,YOAJM,2780,White,30 sec,bullet,38,Won,10/29/2018
Aireea,2748,YOAJM,2789,Black,30 sec,bullet,61,Lost,10/29/2018
Aireea,2755,YOAJM,2792,White,30 sec,bullet,56,Lost,10/29/2018