player,player_rating,opponent,opponent_rating,side,time_control,time_category,moves,result,date
Aireea,2622,torfredrik,2637,White,3 min,blitz,65,Won,2/14/2019
Aireea,2613,torfredrik,2646,Black,3 min,blitz,79,Lost,2/14/2019
Aireea,2621,torfredrik,2638,White,3 min,blitz,79,Won,2/14/2019
Aireea,2612,torfredrik,2647,Black,3 min,blitz,43,Lost,2/14/2019
Aireea,2620,torfredrik,2639,White,3 min,blitz,64,Lost,2/14/2019
Aireea,2628,torfredrik,2631,Black,3 min,blitz,31,Lost,2/14/2019
Aireea,2636,LifeIsGoingOn,2643,White,3 min,blitz,30,Lost,2/14/2019
Aireea,2644,LifeIsGoingOn,2635,Black,3 min,blitz,31,Won,2/14/2019
Aireea,2636,LifeIsGoingOn,2643,White,3 min,blitz,24,Lost,2/14/2019
Aireea,2644,LifeIsGoingOn,2635,Black,3 min,blitz,28,Won,2/14/2019
Aireea,2636,Msb2,2824,White,3 min,blitz,69,Lost,2/7/2019
Aireea,2640,MalakhovKirill,2698,White,3 min,blitz,15,Lost,2/7/2019
Aireea,2647,MalakhovKirill,2691,Black,3 min,blitz,78,Lost,2/7/2019
Aireea,2654,MalakhovKirill,2684,White,3 min,blitz,54,Draw,2/7/2019
Aireea,2653,MalakhovKirill,2685,Black,3 min,blitz,37,Lost,2/7/2019
Aireea,2661,MalakhovKirill,2677,White,3 min,blitz,21,Won,2/7/2019
Aireea,2652,MalakhovKirill,2686,Black,3 min,blitz,32,Lost,2/7/2019
Aireea,2660,MalakhovKirill,2678,White,3 min,blitz,55,Won,2/7/2019
Aireea,2651,Vladimir_Potapov,2758,White,3 min,blitz,31,Lost,2/6/2019
Aireea,2657,honestgirl,2781,Black,3 min,blitz,58,Won,2/6/2019
Aireea,2646,gufgufguf2,2639,White,3 min,blitz,28,Won,2/2/2019
Aireea,2638,hzhzwws,2565,Black,3 min,blitz,47,Lost,2/2/2019
Aireea,2648,Markov_Mikhail,2692,White,3 min,blitz,61,Lost,2/2/2019
Aireea,2655,Markov_Mikhail,2685,Black,3 min,blitz,20,Lost,2/2/2019
Aireea,2663,Markov_Mikhail,2677,White,3 min,blitz,18,Won,2/2/2019
Aireea,2654,Markov_Mikhail,2686,Black,3 min,blitz,74,Won,2/2/2019
Aireea,2645,Markov_Mikhail,2695,White,3 min,blitz,36,Lost,2/2/2019
Aireea,2652,Markov_Mikhail,2688,Black,3 min,blitz,47,Lost,2/2/2019
Aireea,2660,Markov_Mikhail,2680,White,3 min,blitz,23,Lost,2/2/2019
Aireea,2668,Alexey_Potapov,2666,White,3 min,blitz,25,Lost,2/2/2019
Aireea,2676,Joshukid,2692,Black,3 min,blitz,20,Won,2/2/2019
Aireea,2667,Joshukid,2701,White,3 min,blitz,78,Won,2/2/2019
Aireea,2658,Christov91,2621,Black,3 min,blitz,33,Lost,2/2/2019
Aireea,2667,Christov91,2612,White,3 min,blitz,47,Lost,2/2/2019
Aireea,2677,Joshukid,2730,Black,3 min,blitz,36,Lost,2/2/2019
Aireea,2684,Shtembuliak,2765,Black,3 min,blitz,69,Lost,2/2/2019
Aireea,2690,Artur_Avalyan03,2618,White,3 min,blitz,92,Won,2/2/2019
Aireea,2683,Joshukid,2709,White,3 min,blitz,15,Won,2/2/2019
Aireea,2674,Joshukid,2718,Black,3 min,blitz,41,Lost,2/2/2019
Aireea,2681,BlueNightSky,2615,Black,3 min,blitz,44,Lost,2/1/2019
Aireea,2691,Mischuk_D,2712,White,3 min,blitz,80,Draw,2/1/2019
Aireea,2691,Dragon1377,2716,Black,3 min,blitz,72,Draw,2/1/2019
Aireea,2690,Dragon1377,2717,White,3 min,blitz,9,Lost,2/1/2019
Aireea,2698,mat_kolosowski,2630,White,3 min,blitz,45,Lost,2/1/2019
Aireea,2708,Indianlad,2848,White,3 min,blitz,47,Won,2/1/2019
Aireea,2697,vladimirdamjanovic,2590,Black,3 min,blitz,56,Won,2/1/2019
Aireea,2691,Mesutgm,2613,White,3 min,blitz,36,Won,2/1/2019
Aireea,2684,Mesutgm,2620,Black,3 min,blitz,32,Lost,2/1/2019
Aireea,2694,Udysseus1,2653,Black,3 min,blitz,42,Lost,1/31/2019
Aireea,2703,Udysseus1,2644,White,3 min,blitz,56,Won,1/31/2019