player,player_rating,opponent,opponent_rating,side,time_control,time_category,moves,result,date
Aireea,2624,beradze,2649,Black,1 min,bullet,28,Lost,12/11/2018
Aireea,2632,beradze,2641,White,1 min,bullet,27,Won,12/11/2018
Aireea,2623,beradze,2650,Black,1 min,bullet,48,Lost,12/11/2018
Aireea,2631,beradze,2642,White,1 min,bullet,29,Won,12/11/2018
Aireea,2622,beradze,2651,Black,1 min,bullet,61,Lost,12/11/2018
Aireea,2630,beradze,2643,White,1 min,bullet,48,Won,12/11/2018
Aireea,2621,beradze,2652,Black,1 min,bullet,22,Lost,12/11/2018
Aireea,2629,beradze,2644,White,1 min,bullet,79,Won,12/11/2018
Aireea,2620,beradze,2653,Black,1 min,bullet,64,Won,12/11/2018
Aireea,2611,beradze,2662,White,1 min,bullet,47,Lost,12/11/2018
Aireea,2618,beradze,2655,Black,1 min,bullet,43,Lost,12/11/2018
Aireea,2626,beradze,2647,White,1 min,bullet,53,Lost,12/11/2018
Aireea,2634,beradze,2639,Black,1 min,bullet,61,Won,12/11/2018
Aireea,2626,Vrolijk,2645,Black,1 min,bullet,75,Won,12/11/2018
Aireea,2617,Vrolijk,2654,White,1 min,bullet,18,Lost,12/11/2018
Aireea,2624,Vrolijk,2647,Black,1 min,bullet,32,Lost,12/11/2018
Aireea,2632,Andreikka,2742,White,1 min,bullet,46,Lost,12/9/2018
Aireea,2638,bahodistruction,2592,Black,1 min,bullet,79,Won,12/9/2018
Aireea,2631,bahodistruction,2599,White,1 min,bullet,110,Draw,12/9/2018
Aireea,2632,bahodistruction,2598,Black,1 min,bullet,15,Won,12/9/2018
Aireea,2624,MichaelRoiz,2821,Black,1 min,bullet,37,Lost,12/8/2018
Aireea,2628,MichaelRoiz,2817,White,1 min,bullet,44,Lost,12/8/2018
Aireea,2632,MichaelRoiz,2813,Black,1 min,bullet,43,Lost,12/8/2018
Aireea,2636,MichaelRoiz,2809,White,1 min,bullet,71,Lost,12/8/2018
Aireea,2640,MichaelRoiz,2805,Black,1 min,bullet,46,Won,12/8/2018
Aireea,2628,MichaelRoiz,2799,White,1 min,bullet,31,Lost,12/8/2018
Aireea,2633,MichaelRoiz,2794,Black,1 min,bullet,56,Lost,12/8/2018
Aireea,2638,TinManWinsAgain,2587,White,1 min,bullet,45,Won,12/5/2018
Aireea,2631,TinManWinsAgain,2594,Black,1 min,bullet,31,Won,12/5/2018
Aireea,2623,TheBovalmna2005,2526,White,1 min,bullet,61,Won,12/5/2018
Aireea,2617,pultineviciuspaulius,2578,White,1 min,bullet,78,Won,12/5/2018
Aireea,2575,IamSchrodingersCat,2465,White,1 min,bullet,63,Won,12/5/2018
Aireea,2569,BESTnf3player,2634,Black,1 min,bullet,23,Lost,12/5/2018
Aireea,2576,BESTnf3player,2600,White,1 min,bullet,39,Lost,12/5/2018
Aireea,2585,BESTnf3player,2556,Black,1 min,bullet,45,Lost,12/5/2018
Aireea,2595,BESTnf3player,2498,White,1 min,bullet,63,Won,12/5/2018
Aireea,2588,BESTnf3player,2543,Black,1 min,bullet,52,Won,12/5/2018
Aireea,2579,BESTnf3player,2609,White,1 min,bullet,27,Lost,12/5/2018
Aireea,2588,BESTnf3player,2521,Black,1 min,bullet,1,Won,12/5/2018
Aireea,2579,pultineviciuspaulius,2597,Black,1 min,bullet,58,Lost,12/3/2018
Aireea,2587,pultineviciuspaulius,2589,White,1 min,bullet,53,Won,12/3/2018
Aireea,2579,pultineviciuspaulius,2597,Black,1 min,bullet,44,Lost,12/3/2018
Aireea,2587,SamsungJ7Prise,2533,White,1 min,bullet,23,Won,12/2/2018
Aireea,2580,SamsungJ7Prise,2540,Black,1 min,bullet,31,Won,12/2/2018
Aireea,2573,SamsungJ7Prise,2547,White,1 min,bullet,57,Lost,12/2/2018
Aireea,2582,SamsungJ7Prise,2538,Black,1 min,bullet,44,Lost,12/2/2018
Aireea,2591,SamsungJ7Prise,2529,White,1 min,bullet,35,Won,12/2/2018
Aireea,2584,SamsungJ7Prise,2536,Black,1 min,bullet,42,Won,12/2/2018
Aireea,2577,SamsungJ7Prise,2543,White,1 min,bullet,29,Won,12/2/2018
Aireea,2569,SamsungJ7Prise,2551,Black,1 min,bullet,41,Won,12/2/2018