player,player_rating,opponent,opponent_rating,side,time_control,time_category,moves,result,date
Aireea,2667,fm24601,2619,White,1 min,bullet,46,Won,11/1/2018
Aireea,2660,fm24601,2626,Black,1 min,bullet,29,Won,11/1/2018
Aireea,2652,fm24601,2634,White,1 min,bullet,68,Lost,11/1/2018
Aireea,2661,fm24601,2625,Black,1 min,bullet,54,Won,11/1/2018
Aireea,2654,fm24601,2632,White,1 min,bullet,46,Lost,11/1/2018
Aireea,2663,fm24601,2623,Black,1 min,bullet,42,Won,11/1/2018
Aireea,2656,fm24601,2630,White,1 min,bullet,84,Won,11/1/2018
Aireea,2648,fm24601,2638,Black,1 min,bullet,38,Lost,11/1/2018
Aireea,2657,fm24601,2629,White,1 min,bullet,34,Lost,11/1/2018
Aireea,2666,fm24601,2620,Black,1 min,bullet,31,Lost,11/1/2018
Aireea,2675,fm24601,2611,White,1 min,bullet,67,Lost,11/1/2018
Aireea,2685,fm24601,2601,Black,1 min,bullet,18,Won,11/1/2018
Aireea,2679,fm24601,2607,White,1 min,bullet,56,Lost,11/1/2018
Aireea,2689,fm24601,2597,Black,1 min,bullet,28,Won,11/1/2018
Aireea,2683,fm24601,2603,White,1 min,bullet,35,Lost,11/1/2018
Aireea,2693,fm24601,2593,Black,1 min,bullet,70,Won,11/1/2018
Aireea,2687,gamzesoylu,2809,Black,1 min,bullet,25,Lost,11/1/2018
Aireea,2693,gamzesoylu,2803,White,1 min,bullet,32,Lost,11/1/2018
Aireea,2699,gamzesoylu,2797,Black,1 min,bullet,52,Lost,11/1/2018
Aireea,2705,GMSrinath,2726,White,1 min,bullet,42,Lost,11/1/2018
Aireea,2713,GMSrinath,2718,Black,1 min,bullet,68,Draw,11/1/2018
Aireea,2713,gamzesoylu,2796,White,1 min,bullet,34,Won,11/1/2018
Aireea,2703,gamzesoylu,2806,Black,1 min,bullet,28,Won,11/1/2018
Aireea,2692,gamzesoylu,2817,White,1 min,bullet,18,Lost,11/1/2018
Aireea,2697,gamzesoylu,2812,Black,1 min,bullet,54,Draw,11/1/2018
Aireea,2694,gamzesoylu,2815,White,1 min,bullet,44,Lost,11/1/2018
Aireea,2700,gamzesoylu,2809,Black,1 min,bullet,59,Won,11/1/2018
Aireea,2689,gamzesoylu,2820,White,1 min,bullet,22,Lost,11/1/2018
Aireea,2694,gamzesoylu,2815,Black,1 min,bullet,24,Lost,11/1/2018
Aireea,2700,gamzesoylu,2809,White,1 min,bullet,36,Lost,11/1/2018
Aireea,2706,NTBT_DHS,2762,Black,1 min,bullet,31,Lost,10/31/2018
Aireea,2713,NTBT_DHS,2755,White,1 min,bullet,38,Won,10/31/2018
Aireea,2704,NTBT_DHS,2764,Black,1 min,bullet,36,Lost,10/31/2018
Aireea,2711,NTBT_DHS,2757,White,1 min,bullet,21,Lost,10/31/2018
Aireea,2718,NTBT_DHS,2750,Black,1 min,bullet,54,Lost,10/31/2018
Aireea,2726,NTBT_DHS,2742,White,1 min,bullet,49,Lost,10/31/2018
Aireea,2734,NTBT_DHS,2734,Black,1 min,bullet,69,Won,10/31/2018
Aireea,2726,NTBT_DHS,2742,White,1 min,bullet,36,Lost,10/31/2018
Aireea,2734,NTBT_DHS,2734,Black,1 min,bullet,58,Lost,10/31/2018
Aireea,2742,NTBT_DHS,2726,White,1 min,bullet,43,Lost,10/31/2018
Aireea,2751,NTBT_DHS,2717,Black,1 min,bullet,44,Won,10/31/2018
Aireea,2743,NTBT_DHS,2725,White,1 min,bullet,49,Won,10/31/2018
Aireea,2735,NTBT_DHS,2733,Black,1 min,bullet,28,Lost,10/31/2018
Aireea,2743,NTBT_DHS,2725,White,1 min,bullet,38,Lost,10/31/2018
Aireea,2752,NTBT_DHS,2716,Black,1 min,bullet,72,Won,10/31/2018
Aireea,2745,NTBT_DHS,2723,White,1 min,bullet,43,Lost,10/31/2018
Aireea,2754,NTBT_DHS,2714,Black,1 min,bullet,48,Won,10/31/2018
Aireea,2747,NTBT_DHS,2721,White,1 min,bullet,0,Lost,10/31/2018
Aireea,2756,Lordillidan,2822,White,1 min,bullet,61,Won,10/31/2018
Aireea,2746,Lordillidan,2832,Black,1 min,bullet,21,Lost,10/31/2018