player,player_rating,opponent,opponent_rating,side,time_control,time_category,moves,result,date
Aireea,2662,ChubbyPandaEzebat,2710,Black,1 min,bullet,27,Lost,2/2/2019
Aireea,2669,ChubbyPandaEzebat,2703,White,1 min,bullet,38,Lost,2/2/2019
Aireea,2677,gmgamil,2742,Black,1 min,bullet,31,Lost,1/28/2019
Aireea,2684,gmgamil,2735,White,1 min,bullet,28,Lost,1/28/2019
Aireea,2691,gmgamil,2728,Black,1 min,bullet,23,Lost,1/28/2019
Aireea,2699,gmgamil,2720,White,1 min,bullet,36,Won,1/28/2019
Aireea,2690,gmgamil,2729,Black,1 min,bullet,24,Lost,1/28/2019
Aireea,2697,gmgamil,2722,White,1 min,bullet,48,Won,1/28/2019
Aireea,2688,gmgamil,2731,Black,1 min,bullet,38,Lost,1/28/2019
Aireea,2695,gmgamil,2724,White,1 min,bullet,22,Lost,1/28/2019
Aireea,2703,gmgamil,2716,Black,1 min,bullet,40,Lost,1/28/2019
Aireea,2711,gmgamil,2708,White,1 min,bullet,50,Lost,1/28/2019
Aireea,2719,gmgamil,2700,Black,1 min,bullet,28,Lost,1/28/2019
Aireea,2728,gmgamil,2691,White,1 min,bullet,30,Lost,1/28/2019
Aireea,2737,gmgamil,2682,Black,1 min,bullet,28,Won,1/28/2019
Aireea,2730,gmgamil,2689,White,1 min,bullet,33,Won,1/28/2019
Aireea,2723,gmgamil,2696,Black,1 min,bullet,76,Won,1/28/2019
Aireea,2715,gmgamil,2704,White,1 min,bullet,69,Won,1/28/2019
Aireea,2707,gmgamil,2712,Black,1 min,bullet,37,Lost,1/28/2019
Aireea,2715,gmgamil,2704,White,1 min,bullet,56,Won,1/28/2019
Aireea,2707,gmgamil,2712,Black,1 min,bullet,39,Won,1/28/2019
Aireea,2699,gmgamil,2720,White,1 min,bullet,17,Won,1/28/2019
Aireea,2690,kindeke,2561,White,1 min,bullet,64,Won,1/25/2019
Aireea,2685,kindeke,2566,Black,1 min,bullet,50,Lost,1/25/2019
Aireea,2696,Atorvastatin,2630,White,1 min,bullet,43,Won,1/23/2019
Aireea,2689,Atorvastatin,2637,Black,1 min,bullet,44,Lost,1/23/2019
Aireea,2699,Atorvastatin,2627,White,1 min,bullet,67,Won,1/23/2019
Aireea,2692,Atorvastatin,2634,Black,1 min,bullet,57,Won,1/23/2019
Aireea,2685,Atorvastatin,2641,White,1 min,bullet,73,Won,1/23/2019
Aireea,2678,Atorvastatin,2648,Black,1 min,bullet,57,Lost,1/23/2019
Aireea,2687,Atorvastatin,2639,White,1 min,bullet,58,Won,1/23/2019
Aireea,2680,Atorvastatin,2646,Black,1 min,bullet,62,Lost,1/23/2019
Aireea,2689,Atorvastatin,2637,White,1 min,bullet,16,Won,1/23/2019
Aireea,2682,Atorvastatin,2644,Black,1 min,bullet,24,Lost,1/23/2019
Aireea,2691,Atorvastatin,2635,White,1 min,bullet,73,Won,1/23/2019
Aireea,2684,Atorvastatin,2642,Black,1 min,bullet,70,Lost,1/23/2019
Aireea,2693,Atorvastatin,2633,White,1 min,bullet,62,Won,1/23/2019
Aireea,2686,Airagon,2847,Black,1 min,bullet,32,Lost,1/23/2019
Aireea,2691,Airagon,2842,White,1 min,bullet,23,Lost,1/22/2019
Aireea,2696,Airagon,2837,Black,1 min,bullet,66,Lost,1/22/2019
Aireea,2701,ExceptionallyDubious,2657,Black,1 min,bullet,24,Won,1/22/2019
Aireea,2694,ExceptionallyDubious,2664,White,1 min,bullet,55,Won,1/22/2019
Aireea,2686,ExceptionallyDubious,2672,Black,1 min,bullet,32,Won,1/22/2019
Aireea,2678,ExceptionallyDubious,2680,White,1 min,bullet,65,Won,1/22/2019
Aireea,2670,ExceptionallyDubious,2688,Black,1 min,bullet,31,Won,1/22/2019
Aireea,2661,ExceptionallyDubious,2697,White,1 min,bullet,34,Lost,1/22/2019
Aireea,2669,ExceptionallyDubious,2689,Black,1 min,bullet,63,Draw,1/22/2019
Aireea,2668,ExceptionallyDubious,2690,White,1 min,bullet,33,Lost,1/22/2019
Aireea,2676,GOGIEFF,2569,Black,1 min,bullet,47,Won,1/22/2019
Aireea,2665,SaraciNderim,2702,White,1 min,bullet,23,Won,1/21/2019