player,player_rating,opponent,opponent_rating,side,time_control,time_category,moves,result,date
Aireea,2580,Rdy2Rumble,2581,White,3 min,blitz,27,Won,9/22/2018
Aireea,2541,AlexBattey,2596,Black,3 min,blitz,31,Won,9/20/2018
Aireea,2531,AlexBattey,2606,White,3 min,blitz,53,Lost,9/20/2018
Aireea,2538,AlexBattey,2599,Black,3 min,blitz,44,Lost,9/20/2018
Aireea,2545,AlexBattey,2592,White,3 min,blitz,37,Lost,9/20/2018
Aireea,2552,AlexBattey,2585,Black,3 min,blitz,17,Lost,9/20/2018
Aireea,2560,andrey2801,2460,White,3 min,blitz,24,Won,9/20/2018
Aireea,2554,andrey2801,2466,Black,3 min,blitz,42,Won,9/20/2018
Aireea,2548,andrey2801,2472,White,3 min,blitz,37,Won,9/20/2018
Aireea,2541,andrey2801,2479,Black,3 min,blitz,26,Won,9/20/2018
Aireea,2534,andrey2801,2486,White,3 min,blitz,78,Draw,9/20/2018
Aireea,2535,mufiks,2593,White,3 min,blitz,23,Lost,9/19/2018
Aireea,2542,mufiks,2586,Black,3 min,blitz,26,Lost,9/19/2018
Aireea,2549,mufiks,2579,White,3 min,blitz,40,Won,9/19/2018
Aireea,2540,mufiks,2588,Black,3 min,blitz,35,Lost,9/19/2018
Aireea,2547,Guriempire,2617,White,3 min,blitz,29,Won,9/18/2018
Aireea,2537,Guriempire,2627,Black,3 min,blitz,65,Lost,9/18/2018
Aireea,2543,Guriempire,2621,White,3 min,blitz,49,Lost,9/18/2018
Aireea,2550,Guriempire,2614,Black,3 min,blitz,44,Lost,9/18/2018
Aireea,2557,Guriempire,2607,White,3 min,blitz,35,Lost,9/18/2018
Aireea,2564,Guriempire,2600,Black,3 min,blitz,29,Lost,9/18/2018
Aireea,2571,rookoco,2566,White,3 min,blitz,36,Won,9/18/2018
Aireea,2563,Edgar_Karagyozyan,2600,White,3 min,blitz,40,Lost,9/18/2018
Aireea,2571,Rolandlee23,2621,White,3 min,blitz,34,Lost,9/15/2018
Aireea,2578,Rolandlee23,2614,Black,3 min,blitz,18,Lost,9/15/2018
Aireea,2586,Rolandlee23,2606,White,3 min,blitz,29,Lost,9/15/2018
Aireea,2594,Rolandlee23,2598,Black,3 min,blitz,11,Lost,9/15/2018
Aireea,2602,Rolandlee23,2590,White,3 min,blitz,43,Won,9/15/2018
Aireea,2594,Rolandlee23,2598,Black,3 min,blitz,17,Won,9/15/2018
Aireea,2586,Rolandlee23,2606,White,3 min,blitz,27,Lost,9/15/2018
Aireea,2594,VanishingDragon,2600,Black,3 min,blitz,29,Lost,9/15/2018
Aireea,2602,want2lose,2679,Black,3 min,blitz,51,Lost,9/15/2018
Aireea,2609,GMKasparov13,2558,White,3 min,blitz,34,Won,9/14/2018
Aireea,2602,yrtimd,2632,White,3 min,blitz,81,Won,9/13/2018
Aireea,2593,yrtimd,2641,Black,3 min,blitz,55,Lost,9/13/2018
Aireea,2600,Bad_Genuis,2590,White,3 min,blitz,16,Won,9/13/2018
Aireea,2592,harbuzi009,2741,White,3 min,blitz,46,Lost,9/12/2018
Aireea,2597,lavr92,2564,Black,3 min,blitz,40,Won,9/12/2018
Aireea,2589,lavr92,2572,White,3 min,blitz,50,Won,9/12/2018
Aireea,2581,lavr92,2580,Black,3 min,blitz,64,Won,9/12/2018
Aireea,2573,xxxxxxyyyyy2003,2644,Black,3 min,blitz,22,Won,9/12/2018
Aireea,2563,lavr92,2594,White,3 min,blitz,40,Won,9/12/2018
Aireea,2554,waxq999,2631,White,3 min,blitz,14,Draw,9/12/2018
Aireea,2552,robertseo,2579,Black,3 min,blitz,46,Won,9/12/2018
Aireea,2543,esapunov,2695,Black,3 min,blitz,68,Won,9/12/2018
Aireea,2531,robertseo,2589,White,3 min,blitz,33,Lost,9/12/2018
Aireea,2538,Ustat,2492,Black,3 min,blitz,56,Won,9/12/2018
Aireea,2531,Bryakin_Mikhail,2614,White,3 min,blitz,34,Lost,9/12/2018
Aireea,2537,jncool68,2521,White,3 min,blitz,21,Won,9/12/2018
Aireea,2529,L3on4rdo,2528,Black,3 min,blitz,59,Won,9/11/2018