player,player_rating,opponent,opponent_rating,side,time_control,time_category,moves,result,date
Aireea,2633,fu24,2571,Black,3 min,blitz,56,Won,10/16/2018
Aireea,2626,fu24,2578,White,3 min,blitz,57,Won,10/16/2018
Aireea,2619,iLuusions,2578,White,3 min,blitz,63,Won,10/15/2018
Aireea,2612,iLuusions,2585,Black,3 min,blitz,51,Won,10/15/2018
Aireea,2604,trushnikov,2596,White,3 min,blitz,54,Won,10/15/2018
Aireea,2596,trushnikov,2604,Black,3 min,blitz,40,Lost,10/15/2018
Aireea,2604,Ustat,2582,White,3 min,blitz,51,Won,10/15/2018
Aireea,2596,sh1878,2580,White,3 min,blitz,31,Lost,10/14/2018
Aireea,2605,sh1878,2567,Black,3 min,blitz,64,Won,10/14/2018
Aireea,2597,Edgar_Karagyozyan,2600,White,3 min,blitz,84,Lost,10/14/2018
Aireea,2605,Edgar_Karagyozyan,2592,Black,3 min,blitz,39,Lost,10/14/2018
Aireea,2614,trushnikov,2613,White,3 min,blitz,26,Lost,10/14/2018
Aireea,2622,DarkAlekhine,2567,Black,3 min,blitz,67,Lost,10/14/2018
Aireea,2632,DarkAlekhine,2557,White,3 min,blitz,17,Lost,10/14/2018
Aireea,2642,Pasha_Technique,2681,Black,3 min,blitz,65,Lost,10/13/2018
Aireea,2649,aleksa74,2629,Black,3 min,blitz,41,Won,10/11/2018
Aireea,2641,aleksa74,2637,White,3 min,blitz,90,Lost,10/11/2018
Aireea,2650,aleksa74,2628,Black,3 min,blitz,52,Won,10/11/2018
Aireea,2642,aleksa74,2636,White,3 min,blitz,30,Won,10/11/2018
Aireea,2634,aleksa74,2644,Black,3 min,blitz,46,Won,10/11/2018
Aireea,2625,aleksa74,2653,White,3 min,blitz,35,Won,10/11/2018
Aireea,2616,gmsakk,2639,White,3 min,blitz,6,Won,10/7/2018
Aireea,2607,milovanratkovic,2562,Black,3 min,blitz,54,Won,10/7/2018
Aireea,2600,milovanratkovic,2569,White,3 min,blitz,22,Lost,10/7/2018
Aireea,2609,Bad_Genuis,2572,Black,3 min,blitz,25,Won,10/7/2018
Aireea,2602,ChessShop,2621,Black,3 min,blitz,65,Won,10/6/2018
Aireea,2593,DragonB70,2632,White,3 min,blitz,59,Lost,10/6/2018
Aireea,2600,DragonB70,2625,Black,3 min,blitz,31,Won,10/6/2018
Aireea,2591,Doraemon7,2502,Black,3 min,blitz,38,Lost,9/26/2018
Aireea,2601,Doraemon7,2492,White,3 min,blitz,10,Won,9/26/2018
Aireea,2595,Shubinkirill2003,2535,Black,3 min,blitz,61,Won,9/25/2018
Aireea,2588,Donseng,2536,White,3 min,blitz,28,Lost,9/23/2018
Aireea,2598,kasparik_garik,2518,Black,3 min,blitz,55,Won,9/23/2018
Aireea,2592,PrinceCaspianBrown55,2533,White,3 min,blitz,43,Won,9/23/2018
Aireea,2585,Stree,2517,White,3 min,blitz,25,Won,9/23/2018
Aireea,2578,kotmizer,2639,Black,3 min,blitz,33,Lost,9/23/2018
Aireea,2585,kotmizer,2632,White,3 min,blitz,38,Lost,9/23/2018
Aireea,2592,kotmizer,2625,Black,3 min,blitz,37,Lost,9/23/2018
Aireea,2600,kotmizer,2617,White,3 min,blitz,42,Won,9/23/2018
Aireea,2591,kotmizer,2626,Black,3 min,blitz,34,Won,9/22/2018
Aireea,2582,kotmizer,2635,White,3 min,blitz,25,Lost,9/22/2018
Aireea,2589,Faqade,2582,Black,3 min,blitz,27,Won,9/22/2018
Aireea,2581,Faqade,2590,White,3 min,blitz,50,Lost,9/22/2018
Aireea,2589,Faqade,2582,Black,3 min,blitz,38,Lost,9/22/2018
Aireea,2598,Faqade,2573,White,3 min,blitz,30,Won,9/22/2018
Aireea,2590,Faqade,2581,Black,3 min,blitz,48,Won,9/22/2018
Aireea,2582,kotmizer,2629,Black,3 min,blitz,51,Won,9/22/2018
Aireea,2572,kotmizer,2639,White,3 min,blitz,64,Lost,9/22/2018
Aireea,2579,bobkaki,2544,White,3 min,blitz,32,Won,9/22/2018
Aireea,2571,bobkaki,2552,Black,3 min,blitz,28,Lost,9/22/2018