player,player_rating,opponent,opponent_rating,side,time_control,time_category,moves,result,date
Aireea,2561,SamsungJ7Prise,2559,White,1 min,bullet,29,Won,12/2/2018
Aireea,2553,SamsungJ7Prise,2567,Black,1 min,bullet,123,Lost,12/2/2018
Aireea,2561,SamsungJ7Prise,2559,White,1 min,bullet,85,Lost,12/2/2018
Aireea,2569,SamsungJ7Prise,2551,Black,1 min,bullet,32,Won,12/2/2018
Aireea,2561,SamsungJ7Prise,2559,White,1 min,bullet,31,Lost,12/2/2018
Aireea,2569,SamsungJ7Prise,2551,Black,1 min,bullet,58,Lost,12/2/2018
Aireea,2578,SamsungJ7Prise,2542,White,1 min,bullet,22,Won,12/2/2018
Aireea,2570,SamsungJ7Prise,2550,Black,1 min,bullet,45,Won,12/2/2018
Aireea,2562,SamsungJ7Prise,2558,White,1 min,bullet,50,Lost,12/2/2018
Aireea,2570,SamsungJ7Prise,2550,Black,1 min,bullet,18,Won,12/2/2018
Aireea,2562,SamsungJ7Prise,2558,White,1 min,bullet,37,Lost,12/2/2018
Aireea,2571,SamsungJ7Prise,2549,Black,1 min,bullet,28,Won,12/2/2018
Aireea,2563,SamsungJ7Prise,2557,White,1 min,bullet,49,Won,12/2/2018
Aireea,2555,SamsungJ7Prise,2565,Black,1 min,bullet,62,Lost,12/2/2018
Aireea,2563,SamsungJ7Prise,2557,White,1 min,bullet,31,Won,12/2/2018
Aireea,2555,Gomatte,2544,Black,1 min,bullet,28,Won,12/2/2018
Aireea,2547,Gomatte,2552,White,1 min,bullet,63,Lost,12/2/2018
Aireea,2555,Gomatte,2544,Black,1 min,bullet,16,Lost,12/2/2018
Aireea,2564,Gomatte,2535,White,1 min,bullet,53,Lost,12/2/2018
Aireea,2573,Gomatte,2526,Black,1 min,bullet,52,Lost,12/2/2018
Aireea,2582,SamsungJ7Prise,2555,Black,1 min,bullet,30,Lost,12/2/2018
Aireea,2591,pultineviciuspaulius,2570,White,1 min,bullet,27,Lost,12/2/2018
Aireea,2600,Kruzom,2612,White,1 min,bullet,76,Draw,12/2/2018
Aireea,2600,Sakkazelet7,2591,White,1 min,bullet,68,Won,11/27/2018
Aireea,2592,Sakkazelet7,2599,Black,1 min,bullet,75,Lost,11/27/2018
Aireea,2600,Sakkazelet7,2591,White,1 min,bullet,35,Lost,11/27/2018
Aireea,2609,Sakkazelet7,2582,Black,1 min,bullet,67,Lost,11/27/2018
Aireea,2618,Sakkazelet7,2573,White,1 min,bullet,52,Lost,11/27/2018
Aireea,2627,Sakkazelet7,2564,Black,1 min,bullet,31,Won,11/27/2018
Aireea,2620,Sakkazelet7,2571,White,1 min,bullet,66,Lost,11/27/2018
Aireea,2630,Sakkazelet7,2561,Black,1 min,bullet,43,Won,11/27/2018
Aireea,2623,Sakkazelet7,2568,White,1 min,bullet,62,Won,11/27/2018
Aireea,2616,Sakkazelet7,2575,Black,1 min,bullet,72,Lost,11/27/2018
Aireea,2625,Sakkazelet7,2566,White,1 min,bullet,42,Lost,11/27/2018
Aireea,2635,Sakkazelet7,2556,Black,1 min,bullet,59,Won,11/27/2018
Aireea,2629,Sakkazelet7,2562,White,1 min,bullet,61,Lost,11/27/2018
Aireea,2639,1random,2829,Black,1 min,bullet,1,Lost,11/27/2018
Aireea,2643,NTBT_DHS,2750,Black,1 min,bullet,23,Lost,11/26/2018
Aireea,2649,NTBT_DHS,2744,White,1 min,bullet,62,Lost,11/26/2018
Aireea,2655,NTBT_DHS,2738,Black,1 min,bullet,41,Lost,11/26/2018
Aireea,2661,NTBT_DHS,2732,White,1 min,bullet,40,Draw,11/26/2018
Aireea,2659,NTBT_DHS,2734,Black,1 min,bullet,34,Lost,11/26/2018
Aireea,2666,NTBT_DHS,2727,White,1 min,bullet,39,Lost,11/26/2018
Aireea,2673,NTBT_DHS,2720,Black,1 min,bullet,41,Won,11/26/2018
Aireea,2664,NTBT_DHS,2729,White,1 min,bullet,38,Lost,11/26/2018
Aireea,2671,NTBT_DHS,2722,Black,1 min,bullet,47,Lost,11/26/2018
Aireea,2678,NTBT_DHS,2715,White,1 min,bullet,36,Lost,11/26/2018
Aireea,2686,NTBT_DHS,2707,Black,1 min,bullet,32,Won,11/26/2018
Aireea,2677,NTBT_DHS,2716,White,1 min,bullet,26,Lost,11/26/2018
Aireea,2684,NTBT_DHS,2709,Black,1 min,bullet,32,Won,11/26/2018