player,player_rating,opponent,opponent_rating,side,time_control,time_category,moves,result,date
Aireea,2621,AKULYAN2,2602,White,1 min,bullet,41,Lost,11/19/2018
Aireea,2630,AKULYAN2,2593,Black,1 min,bullet,26,Won,11/19/2018
Aireea,2622,AKULYAN2,2601,White,1 min,bullet,45,Lost,11/19/2018
Aireea,2631,AKULYAN2,2592,Black,1 min,bullet,52,Won,11/19/2018
Aireea,2624,AKULYAN2,2599,White,1 min,bullet,66,Lost,11/19/2018
Aireea,2633,AKULYAN2,2590,Black,1 min,bullet,53,Won,11/19/2018
Aireea,2626,titan013,2561,Black,1 min,bullet,62,Won,11/18/2018
Aireea,2619,titan013,2568,White,1 min,bullet,49,Won,11/18/2018
Aireea,2612,Joe178,2199,White,1 min,bullet,28,Won,11/18/2018
Aireea,2611,Joe178,2200,Black,1 min,bullet,74,Draw,11/18/2018
Aireea,2618,DaniilDerkachev,2747,Black,1 min,bullet,34,Lost,11/18/2018
Aireea,2623,DaniilDerkachev,2742,White,1 min,bullet,46,Lost,11/18/2018
Aireea,2629,DaniilDerkachev,2736,Black,1 min,bullet,28,Lost,11/18/2018
Aireea,2635,DaniilDerkachev,2730,White,1 min,bullet,14,Lost,11/18/2018
Aireea,2641,DaniilDerkachev,2724,Black,1 min,bullet,28,Lost,11/18/2018
Aireea,2647,DaniilDerkachev,2718,White,1 min,bullet,15,Lost,11/18/2018
Aireea,2654,Krystiansen,2339,White,1 min,bullet,43,Lost,11/18/2018
Aireea,2668,Krystiansen,2325,Black,1 min,bullet,44,Won,11/18/2018
Aireea,2666,1random,2825,White,30 sec,bullet,52,Lost,11/18/2018
Aireea,2671,1random,2820,Black,30 sec,bullet,67,Lost,11/18/2018
Aireea,2676,1random,2815,White,30 sec,bullet,50,Lost,11/18/2018
Aireea,2681,1random,2810,Black,30 sec,bullet,45,Lost,11/18/2018
Aireea,2686,1random,2805,White,30 sec,bullet,53,Lost,11/18/2018
Aireea,2692,1random,2799,Black,30 sec,bullet,49,Lost,11/18/2018
Aireea,2698,1random,2793,White,30 sec,bullet,54,Lost,11/18/2018
Aireea,2704,1random,2787,Black,30 sec,bullet,15,Won,11/18/2018
Aireea,2694,1random,2797,White,30 sec,bullet,44,Lost,11/18/2018
Aireea,2700,1random,2791,Black,30 sec,bullet,8,Lost,11/18/2018
Aireea,2706,1random,2785,White,30 sec,bullet,43,Lost,11/18/2018
Aireea,2712,1random,2778,Black,30 sec,bullet,29,Lost,11/18/2018
Aireea,2719,1random,2771,White,30 sec,bullet,47,Lost,11/18/2018
Aireea,2726,1random,2764,Black,30 sec,bullet,82,Draw,11/18/2018
Aireea,2725,1random,2765,White,30 sec,bullet,58,Won,11/18/2018
Aireea,2716,1random,2774,Black,30 sec,bullet,48,Lost,11/18/2018
Aireea,2723,1random,2767,White,30 sec,bullet,51,Draw,11/18/2018
Aireea,2722,1random,2768,Black,30 sec,bullet,30,Won,11/18/2018
Aireea,2713,1random,2777,White,30 sec,bullet,13,Won,11/18/2018
Aireea,2703,1random,2787,Black,30 sec,bullet,34,Won,11/18/2018
Aireea,2693,1random,2797,White,30 sec,bullet,60,Lost,11/18/2018
Aireea,2699,1random,2791,Black,30 sec,bullet,47,Won,11/18/2018
Aireea,2688,1random,2802,White,30 sec,bullet,65,Lost,11/18/2018
Aireea,2694,1random,2796,Black,30 sec,bullet,43,Lost,11/18/2018
Aireea,2700,1random,2790,White,30 sec,bullet,67,Lost,11/18/2018
Aireea,2706,1random,2784,Black,30 sec,bullet,65,Lost,11/18/2018
Aireea,2713,1random,2777,White,30 sec,bullet,64,Lost,11/18/2018
Aireea,2720,1random,2770,Black,30 sec,bullet,31,Won,11/18/2018
Aireea,2710,1random,2780,White,30 sec,bullet,43,Lost,11/18/2018
Aireea,2717,1random,2773,Black,30 sec,bullet,18,Lost,11/18/2018
Aireea,2724,1random,2766,White,30 sec,bullet,59,Lost,11/18/2018
Aireea,2731,1random,2759,Black,30 sec,bullet,38,Lost,11/18/2018