player,player_rating,opponent,opponent_rating,side,time_control,time_category,moves,result,date
Aireea,2521,L3on4rdo,2536,White,3 min,blitz,28,Won,9/11/2018
Aireea,2512,L3on4rdo,2545,Black,3 min,blitz,59,Lost,9/11/2018
Aireea,2520,L3on4rdo,2537,White,3 min,blitz,49,Won,9/11/2018
Aireea,2511,Milber,2479,White,3 min,blitz,27,Won,9/11/2018
Aireea,2503,ALEXMITALEX,2503,Black,3 min,blitz,28,Lost,9/11/2018
Aireea,2512,MilanaSim,2466,Black,3 min,blitz,65,Won,9/11/2018
Aireea,2504,Dyrewolf,2475,White,3 min,blitz,29,Won,9/10/2018
Aireea,2495,wateenonzin,2482,Black,3 min,blitz,42,Won,9/10/2018
Aireea,2485,Willhaven3,2456,White,3 min,blitz,58,Won,9/10/2018
Aireea,2476,cohenforcingmate,2361,Black,3 min,blitz,26,Won,9/9/2018
Aireea,2469,cohenforcingmate,2367,White,3 min,blitz,39,Lost,9/9/2018
Aireea,2483,cohenforcingmate,2356,Black,3 min,blitz,42,Won,9/9/2018
Aireea,2476,cohenforcingmate,2361,White,3 min,blitz,26,Won,9/9/2018
Aireea,2468,cohenforcingmate,2367,Black,3 min,blitz,26,Won,9/9/2018
Aireea,2460,cohenforcingmate,2373,White,3 min,blitz,63,Lost,9/9/2018
Aireea,2475,cohenforcingmate,2363,Black,3 min,blitz,49,Won,9/9/2018
Aireea,2467,cohenforcingmate,2369,White,3 min,blitz,69,Won,9/9/2018
Aireea,2458,cohenforcingmate,2375,Black,3 min,blitz,61,Lost,9/9/2018
Aireea,2474,cohenforcingmate,2365,White,3 min,blitz,47,Won,9/9/2018
Aireea,2465,Prelud_Rapsodievich,2327,White,3 min,blitz,29,Won,9/9/2018
Aireea,2456,Prelud_Rapsodievich,2332,Black,3 min,blitz,44,Won,9/9/2018
Aireea,2446,Prelud_Rapsodievich,2338,White,3 min,blitz,43,Won,9/9/2018
Aireea,2435,aleshka1990,2440,Black,3 min,blitz,27,Lost,9/9/2018
Aireea,2450,3rdBishop,2600,Black,3 min,blitz,67,Lost,9/9/2018
Aireea,2460,VincentBlom,2453,White,3 min,blitz,37,Won,9/5/2018
Aireea,2444,orestn,2443,White,3 min,blitz,33,Won,9/5/2018
Aireea,2427,shevtsjenko,2380,Black,3 min,blitz,59,Won,9/5/2018
Aireea,2411,Gannikus21,2432,White,3 min,blitz,35,Lost,9/5/2018
Aireea,2429,Willhaven3,2440,Black,3 min,blitz,58,Won,9/5/2018
Aireea,2409,Willhaven3,2449,Black,3 min,blitz,21,Lost,9/5/2018
Aireea,2428,Willhaven3,2441,White,3 min,blitz,30,Lost,9/5/2018
Aireea,2449,feri_tarkibzan,2344,Black,3 min,blitz,43,Won,9/2/2018
Aireea,2433,feri_tarkibzan,2350,White,3 min,blitz,21,Won,9/2/2018
Aireea,2414,feri_tarkibzan,2357,Black,3 min,blitz,35,Won,9/2/2018
Aireea,2392,feri_tarkibzan,2364,White,3 min,blitz,35,Lost,9/2/2018
Aireea,2422,feri_tarkibzan,2354,Black,3 min,blitz,39,Won,9/2/2018
Aireea,2397,Nat74,2561,White,3 min,blitz,60,Lost,9/2/2018
Aireea,2416,Nat74,2556,Black,3 min,blitz,51,Lost,9/2/2018
Aireea,2438,Nat74,2550,White,3 min,blitz,42,Lost,9/2/2018
Aireea,2465,Porque123,2395,Black,3 min,blitz,38,Won,9/1/2018
Aireea,2431,psychokiller48,2511,Black,3 min,blitz,63,Lost,8/31/2018
Aireea,2467,psychokiller48,2504,White,3 min,blitz,62,Lost,8/31/2018
Aireea,2514,CoachGunnar,2460,Black,3 min,blitz,37,Won,8/31/2018
Aireea,2463,TeamEXP,2420,Black,3 min,blitz,32,Won,8/31/2018
Aireea,2403,Look_In_The_Mirror,2351,White,3 min,blitz,41,Won,8/31/2018
Aireea,2334,Antropterix,2198,White,3 min,blitz,46,Won,8/31/2018
Aireea,2271,Pauk-Aleksandr,2098,Black,3 min,blitz,58,Won,8/31/2018
Aireea,2203,Basel82,2132,Black,3 min,blitz,27,Won,8/31/2018
Aireea,2083,Ragnar-Chessbrok,1928,White,3 min,blitz,43,Won,8/31/2018
Aireea,1960,barak_2009,1785,White,3 min,blitz,19,Won,8/30/2018