player,player_rating,opponent,opponent_rating,side,time_control,time_category,moves,result,date
Aireea,2675,NTBT_DHS,2718,White,1 min,bullet,23,Lost,11/26/2018
Aireea,2682,NTBT_DHS,2711,Black,1 min,bullet,22,Lost,11/26/2018
Aireea,2690,NTBT_DHS,2703,White,1 min,bullet,23,Won,11/26/2018
Aireea,2681,YOAJM,2743,White,30 sec,bullet,35,Lost,11/26/2018
Aireea,2688,YOAJM,2736,Black,30 sec,bullet,33,Won,11/26/2018
Aireea,2679,YOAJM,2745,White,30 sec,bullet,51,Draw,11/26/2018
Aireea,2677,YOAJM,2747,Black,30 sec,bullet,49,Lost,11/26/2018
Aireea,2684,YOAJM,2740,White,30 sec,bullet,55,Won,11/26/2018
Aireea,2674,YOAJM,2750,Black,30 sec,bullet,33,Lost,11/26/2018
Aireea,2681,YOAJM,2743,White,30 sec,bullet,28,Lost,11/26/2018
Aireea,2688,YOAJM,2736,Black,30 sec,bullet,44,Won,11/26/2018
Aireea,2678,YOAJM,2746,White,30 sec,bullet,57,Lost,11/26/2018
Aireea,2685,YOAJM,2739,Black,30 sec,bullet,52,Won,11/26/2018
Aireea,2675,YOAJM,2749,White,30 sec,bullet,27,Lost,11/26/2018
Aireea,2682,YOAJM,2742,Black,30 sec,bullet,44,Won,11/26/2018
Aireea,2672,YOAJM,2752,White,30 sec,bullet,42,Lost,11/26/2018
Aireea,2678,YOAJM,2746,Black,30 sec,bullet,56,Won,11/26/2018
Aireea,2668,Gligoric2017,2644,White,1 min,bullet,34,Won,11/25/2018
Aireea,2660,Gligoric2017,2652,Black,1 min,bullet,49,Lost,11/25/2018
Aireea,2669,Gligoric2017,2643,White,1 min,bullet,41,Lost,11/25/2018
Aireea,2678,Gligoric2017,2634,Black,1 min,bullet,40,Won,11/25/2018
Aireea,2671,Gligoric2017,2641,White,1 min,bullet,39,Won,11/25/2018
Aireea,2663,Gligoric2017,2649,Black,1 min,bullet,53,Won,11/25/2018
Aireea,2655,Gligoric2017,2657,White,1 min,bullet,42,Lost,11/25/2018
Aireea,2663,Gligoric2017,2649,Black,1 min,bullet,23,Won,11/25/2018
Aireea,2655,Gligoric2017,2657,White,1 min,bullet,40,Won,11/25/2018
Aireea,2647,Gligoric2017,2665,Black,1 min,bullet,55,Won,11/25/2018
Aireea,2638,Gligoric2017,2674,White,1 min,bullet,36,Lost,11/25/2018
Aireea,2646,Gligoric2017,2660,Black,1 min,bullet,70,Lost,11/25/2018
Aireea,2654,Gligoric2017,2652,White,1 min,bullet,52,Won,11/25/2018
Aireea,2646,Gligoric2017,2660,Black,1 min,bullet,34,Lost,11/25/2018
Aireea,2654,Gligoric2017,2652,White,1 min,bullet,56,Won,11/25/2018
Aireea,2646,igorkovalenko,2762,White,1 min,bullet,40,Won,11/21/2018
Aireea,2635,igorkovalenko,2773,Black,1 min,bullet,23,Lost,11/21/2018
Aireea,2640,igorkovalenko,2768,White,1 min,bullet,44,Lost,11/21/2018
Aireea,2645,igorkovalenko,2763,Black,1 min,bullet,60,Won,11/21/2018
Aireea,2634,igorkovalenko,2774,White,1 min,bullet,30,Lost,11/21/2018
Aireea,2639,igorkovalenko,2769,Black,1 min,bullet,68,Lost,11/21/2018
Aireea,2644,igorkovalenko,2764,White,1 min,bullet,75,Draw,11/21/2018
Aireea,2641,igorkovalenko,2767,Black,1 min,bullet,40,Lost,11/21/2018
Aireea,2646,igorkovalenko,2762,White,1 min,bullet,78,Won,11/21/2018
Aireea,2635,igorkovalenko,2773,Black,1 min,bullet,54,Lost,11/21/2018
Aireea,2640,igorkovalenko,2768,White,1 min,bullet,39,Lost,11/21/2018
Aireea,2645,igorkovalenko,2763,Black,1 min,bullet,69,Lost,11/21/2018
Aireea,2651,igorkovalenko,2757,White,1 min,bullet,53,Won,11/21/2018
Aireea,2640,igorkovalenko,2768,Black,1 min,bullet,74,Lost,11/21/2018
Aireea,2645,igorkovalenko,2763,White,1 min,bullet,54,Lost,11/21/2018
Aireea,2651,igorkovalenko,2757,Black,1 min,bullet,46,Lost,11/21/2018
Aireea,2657,igorkovalenko,2751,White,1 min,bullet,47,Lost,11/21/2018
Aireea,2663,igorkovalenko,2745,Black,1 min,bullet,27,Won,11/21/2018