player,player_rating,opponent,opponent_rating,side,time_control,time_category,moves,result,date
Aireea,2661,JDBryant,2613,White,1 min,bullet,33,Won,9/2/2018
Aireea,2654,JDBryant,2620,Black,1 min,bullet,52,Won,9/2/2018
Aireea,2646,JDBryant,2628,White,1 min,bullet,56,Lost,9/2/2018
Aireea,2655,JDBryant,2619,Black,1 min,bullet,55,Won,9/2/2018
Aireea,2648,JDBryant,2626,White,1 min,bullet,58,Lost,9/2/2018
Aireea,2657,Gomatte,2581,White,1 min,bullet,62,Won,9/2/2018
Aireea,2650,Gomatte,2588,Black,1 min,bullet,58,Draw,9/2/2018
Aireea,2651,Gomatte,2587,White,1 min,bullet,48,Won,9/2/2018
Aireea,2644,Gomatte,2594,Black,1 min,bullet,40,Won,9/2/2018
Aireea,2637,Gomatte,2601,White,1 min,bullet,56,Lost,9/2/2018
Aireea,2646,Gomatte,2592,Black,1 min,bullet,77,Lost,9/2/2018
Aireea,2656,Gomatte,2582,White,1 min,bullet,38,Won,9/2/2018
Aireea,2649,Gomatte,2589,Black,1 min,bullet,74,Lost,9/2/2018
Aireea,2659,Gomatte,2579,White,1 min,bullet,23,Won,9/2/2018
Aireea,2652,Gomatte,2586,Black,1 min,bullet,80,Lost,9/2/2018
Aireea,2662,Gomatte,2576,White,1 min,bullet,38,Lost,9/2/2018
Aireea,2672,Gomatte,2566,Black,1 min,bullet,25,Won,9/2/2018
Aireea,2666,Gomatte,2572,White,1 min,bullet,22,Won,9/2/2018
Aireea,2660,Gomatte,2578,Black,1 min,bullet,72,Draw,9/2/2018
Aireea,2662,Gomatte,2576,White,1 min,bullet,41,Lost,9/2/2018
Aireea,2672,Gomatte,2566,Black,1 min,bullet,20,Won,9/2/2018
Aireea,2666,Off-War,2671,White,1 min,bullet,40,Won,9/2/2018
Aireea,2657,GABUZYAN_CHESSMOOD,2755,Black,1 min,bullet,26,Lost,9/2/2018
Aireea,2663,GABUZYAN_CHESSMOOD,2759,White,1 min,bullet,0,Lost,9/2/2018
Aireea,2669,manudavid,2611,Black,1 min,bullet,21,Won,9/2/2018
Aireea,2662,manudavid,2618,White,1 min,bullet,23,Won,9/2/2018
Aireea,2655,manudavid,2625,Black,1 min,bullet,79,Lost,9/2/2018
Aireea,2664,manudavid,2616,White,1 min,bullet,36,Won,9/2/2018
Aireea,2657,NguyenXi,2614,White,1 min,bullet,18,Won,9/2/2018
Aireea,2650,lupitarodas,2592,Black,1 min,bullet,56,Won,9/2/2018
Aireea,2643,lupitarodas,2599,White,1 min,bullet,30,Won,9/2/2018
Aireea,2636,lupitarodas,2606,Black,1 min,bullet,101,Lost,9/2/2018
Aireea,2645,michaelq2d5,2783,Black,1 min,bullet,20,Lost,9/2/2018
Aireea,2650,michaelq2d5,2778,White,1 min,bullet,77,Draw,9/2/2018
Aireea,2647,michaelq2d5,2781,Black,1 min,bullet,52,Lost,9/2/2018
Aireea,2652,michaelq2d5,2776,White,1 min,bullet,50,Lost,9/2/2018
Aireea,2657,michaelq2d5,2771,Black,1 min,bullet,46,Lost,9/2/2018
Aireea,2663,michaelq2d5,2765,White,1 min,bullet,46,Lost,9/2/2018
Aireea,2669,michaelq2d5,2759,Black,1 min,bullet,14,Won,9/2/2018
Aireea,2659,michaelq2d5,2769,White,1 min,bullet,62,Lost,9/2/2018
Aireea,2665,Grebeniuk-S,2571,Black,1 min,bullet,61,Lost,9/2/2018
Aireea,2676,Grebeniuk-S,2560,White,1 min,bullet,47,Won,9/2/2018
Aireea,2670,Grebeniuk-S,2566,Black,1 min,bullet,39,Won,9/2/2018
Aireea,2664,Grebeniuk-S,2572,White,1 min,bullet,61,Lost,9/2/2018
Aireea,2674,Grebeniuk-S,2562,Black,1 min,bullet,33,Won,9/2/2018
Aireea,2668,yavrukurt40,2777,White,1 min,bullet,25,Lost,9/2/2018
Aireea,2674,elm2007,2576,Black,1 min,bullet,64,Won,9/1/2018
Aireea,2668,elm2007,2582,White,1 min,bullet,63,Won,9/1/2018
Aireea,2662,elm2007,2588,Black,1 min,bullet,15,Lost,9/1/2018
Aireea,2672,Raja3401,2561,Black,1 min,bullet,35,Won,9/1/2018