player,player_rating,opponent,opponent_rating,side,time_control,time_category,moves,result,date
Aireea,2739,1random,2751,White,30 sec,bullet,36,Lost,11/18/2018
Aireea,2747,1random,2743,Black,30 sec,bullet,42,Won,11/18/2018
Aireea,2739,FastChance,2659,Black,1 min,bullet,44,Won,11/16/2018
Aireea,2732,FastChance,2666,White,1 min,bullet,8,Won,11/16/2018
Aireea,2725,FastChance,2673,Black,1 min,bullet,35,Won,11/16/2018
Aireea,2718,FastChance,2680,White,1 min,bullet,21,Won,11/16/2018
Aireea,2711,FastChance,2687,Black,1 min,bullet,20,Lost,11/16/2018
Aireea,2720,FastChance,2678,White,1 min,bullet,85,Lost,11/16/2018
Aireea,2729,FastChance,2669,Black,1 min,bullet,29,Won,11/16/2018
Aireea,2722,FastChance,2676,White,1 min,bullet,29,Won,11/16/2018
Aireea,2715,FastChance,2683,Black,1 min,bullet,66,Lost,11/16/2018
Aireea,2724,FastChance,2674,White,1 min,bullet,40,Lost,11/16/2018
Aireea,2734,FastChance,2664,Black,1 min,bullet,71,Lost,11/16/2018
Aireea,2744,FastChance,2654,White,1 min,bullet,66,Won,11/16/2018
Aireea,2738,FastChance,2660,Black,1 min,bullet,39,Lost,11/16/2018
Aireea,2748,FastChance,2650,White,1 min,bullet,58,Won,11/16/2018
Aireea,2742,FastChance,2656,Black,1 min,bullet,88,Won,11/16/2018
Aireea,2736,FastChance,2662,White,1 min,bullet,97,Lost,11/16/2018
Aireea,2746,FastChance,2652,Black,1 min,bullet,76,Lost,11/16/2018
Aireea,2735,IndominousRexxx,2795,White,1 min,bullet,38,Lost,11/12/2018
Aireea,2742,IndominousRexxx,2788,Black,1 min,bullet,30,Lost,11/12/2018
Aireea,2749,IndominousRexxx,2781,White,1 min,bullet,26,Lost,11/12/2018
Aireea,2757,dreamist,2762,White,1 min,bullet,45,Won,11/11/2018
Aireea,2749,dreamist,2770,Black,1 min,bullet,79,Won,11/11/2018
Aireea,2740,dreamist,2779,White,1 min,bullet,60,Draw,11/11/2018
Aireea,2739,dreamist,2780,Black,1 min,bullet,23,Won,11/11/2018
Aireea,2730,dreamist,2789,White,1 min,bullet,73,Won,11/11/2018
Aireea,2720,dreamist,2799,Black,1 min,bullet,24,Lost,11/11/2018
Aireea,2726,dreamist,2799,White,1 min,bullet,0,Lost,11/11/2018
Aireea,2733,s7mple,2764,Black,1 min,bullet,110,Won,11/10/2018
Aireea,2724,s7mple,2773,White,1 min,bullet,63,Lost,11/10/2018
Aireea,2731,s7mple,2766,Black,1 min,bullet,69,Draw,11/10/2018
Aireea,2730,s7mple,2767,White,1 min,bullet,74,Lost,11/10/2018
Aireea,2738,s7mple,2759,Black,1 min,bullet,68,Won,11/10/2018
Aireea,2729,s7mple,2768,White,1 min,bullet,26,Lost,11/10/2018
Aireea,2736,s7mple,2761,Black,1 min,bullet,71,Lost,11/10/2018
Aireea,2744,dreamist,2751,Black,1 min,bullet,20,Won,11/9/2018
Aireea,2735,dreamist,2760,White,1 min,bullet,68,Won,11/9/2018
Aireea,2726,dreamist,2769,Black,1 min,bullet,30,Lost,11/9/2018
Aireea,2733,dreamist,2762,White,1 min,bullet,41,Lost,11/9/2018
Aireea,2741,dreamist,2754,Black,1 min,bullet,57,Lost,11/9/2018
Aireea,2703,YOAJM,2636,White,30 sec,bullet,55,Won,11/1/2018
Aireea,2696,YOAJM,2643,Black,30 sec,bullet,40,Won,11/1/2018
Aireea,2689,YOAJM,2650,White,30 sec,bullet,58,Won,11/1/2018
Aireea,2682,YOAJM,2657,Black,30 sec,bullet,20,Won,11/1/2018
Aireea,2674,YOAJM,2665,White,30 sec,bullet,43,Won,11/1/2018
Aireea,2666,YOAJM,2673,Black,30 sec,bullet,49,Lost,11/1/2018
Aireea,2674,YOAJM,2665,White,30 sec,bullet,43,Lost,11/1/2018
Aireea,2683,YOAJM,2656,Black,30 sec,bullet,41,Won,11/1/2018
Aireea,2675,YOAJM,2664,White,30 sec,bullet,32,Won,11/1/2018