player,player_rating,opponent,opponent_rating,side,time_control,time_category,moves,result,date
Aireea,2620,irregularity,2599,White,1 min,bullet,26,Won,1/9/2019
Aireea,2612,irregularity,2607,Black,1 min,bullet,31,Won,1/9/2019
Aireea,2604,irregularity,2615,White,1 min,bullet,53,Lost,1/9/2019
Aireea,2612,SMURFINGBRO,2642,Black,1 min,bullet,24,Lost,1/9/2019
Aireea,2620,SMURFINGBRO,2623,White,1 min,bullet,39,Lost,1/9/2019
Aireea,2629,SMURFINGBRO,2601,Black,1 min,bullet,38,Lost,1/9/2019
Aireea,2638,RobotForChess,2763,White,1 min,bullet,48,Lost,1/9/2019
Aireea,2643,Rainmond,2693,Black,1 min,bullet,37,Lost,1/7/2019
Aireea,2650,Anahita_Gholami,2613,White,1 min,bullet,52,Won,1/7/2019
Aireea,2643,JelenaKarleusa-SO-18,2677,Black,1 min,bullet,26,Lost,1/6/2019
Aireea,2651,JelenaKarleusa-SO-18,2669,White,1 min,bullet,26,Won,1/6/2019
Aireea,2642,JelenaKarleusa-SO-18,2678,Black,1 min,bullet,30,Lost,1/6/2019
Aireea,2649,JelenaKarleusa-SO-18,2671,White,1 min,bullet,43,Won,1/6/2019
Aireea,2640,JelenaKarleusa-SO-18,2680,Black,1 min,bullet,24,Lost,1/6/2019
Aireea,2647,JelenaKarleusa-SO-18,2673,White,1 min,bullet,46,Draw,1/6/2019
Aireea,2646,JelenaKarleusa-SO-18,2674,Black,1 min,bullet,71,Won,1/6/2019
Aireea,2637,JelenaKarleusa-SO-18,2683,White,1 min,bullet,41,Lost,1/6/2019
Aireea,2644,JelenaKarleusa-SO-18,2676,Black,1 min,bullet,59,Lost,1/6/2019
Aireea,2652,JelenaKarleusa-SO-18,2668,White,1 min,bullet,79,Won,1/6/2019
Aireea,2643,JelenaKarleusa-SO-18,2677,Black,1 min,bullet,64,Draw,1/6/2019
Aireea,2642,JelenaKarleusa-SO-18,2678,White,1 min,bullet,44,Lost,1/6/2019
Aireea,2649,JelenaKarleusa-SO-18,2671,Black,1 min,bullet,31,Lost,1/6/2019
Aireea,2657,JelenaKarleusa-SO-18,2663,White,1 min,bullet,67,Lost,1/6/2019
Aireea,2665,JelenaKarleusa-SO-18,2655,Black,1 min,bullet,41,Draw,1/6/2019
Aireea,2665,JelenaKarleusa-SO-18,2655,White,1 min,bullet,68,Lost,1/6/2019
Aireea,2674,JelenaKarleusa-SO-18,2646,Black,1 min,bullet,43,Won,1/6/2019
Aireea,2666,MatthewG-p4p,2710,Black,1 min,bullet,39,Won,1/6/2019
Aireea,2657,MatthewG-p4p,2719,White,1 min,bullet,44,Won,1/6/2019
Aireea,2647,MatthewG-p4p,2729,Black,1 min,bullet,77,Lost,1/6/2019
Aireea,2653,Anahita_Gholami,2687,Black,30 sec,bullet,29,Lost,1/4/2019
Aireea,2661,Anahita_Gholami,2679,White,30 sec,bullet,38,Lost,1/4/2019
Aireea,2669,Amincheraghi99,2642,White,1 min,bullet,17,Won,1/3/2019
Aireea,2661,AkibaRubi,2618,Black,1 min,bullet,59,Won,1/3/2019
Aireea,2654,AkibaRubi,2625,White,1 min,bullet,46,Won,1/3/2019
Aireea,2646,AkibaRubi,2633,Black,1 min,bullet,65,Lost,1/3/2019
Aireea,2655,AkibaRubi,2624,White,1 min,bullet,49,Draw,1/3/2019
Aireea,2656,TigranLPetrosyan,2736,Black,1 min,bullet,44,Lost,1/3/2019
Aireea,2663,TigranLPetrosyan,2729,White,1 min,bullet,21,Lost,1/3/2019
Aireea,2670,TigranLPetrosyan,2722,Black,1 min,bullet,35,Lost,1/3/2019
Aireea,2677,Doraemon7,2576,Black,1 min,bullet,28,Won,1/3/2019
Aireea,2671,Doraemon7,2582,White,1 min,bullet,76,Won,1/3/2019
Aireea,2665,Doraemon7,2588,Black,1 min,bullet,20,Won,1/3/2019
Aireea,2658,Doraemon7,2595,White,1 min,bullet,70,Draw,1/3/2019
Aireea,2659,Doraemon7,2594,Black,1 min,bullet,16,Won,1/3/2019
Aireea,2652,Doraemon7,2601,White,1 min,bullet,44,Won,1/3/2019
Aireea,2645,Doraemon7,2608,Black,1 min,bullet,22,Won,1/3/2019
Aireea,2637,Doraemon7,2616,White,1 min,bullet,30,Lost,1/3/2019
Aireea,2646,Doraemon7,2607,Black,1 min,bullet,55,Lost,1/3/2019
Aireea,2655,Doraemon7,2598,White,1 min,bullet,26,Won,1/3/2019
Aireea,2648,Doraemon7,2605,Black,1 min,bullet,21,Won,1/3/2019