player,player_rating,opponent,opponent_rating,side,time_control,time_category,moves,result,date
Aireea,2656,SaraciNderim,2711,Black,1 min,bullet,81,Lost,1/21/2019
Aireea,2663,SaraciNderim,2704,White,1 min,bullet,28,Won,1/21/2019
Aireea,2654,SaraciNderim,2713,Black,1 min,bullet,35,Lost,1/21/2019
Aireea,2661,SaraciNderim,2706,White,1 min,bullet,69,Won,1/21/2019
Aireea,2652,SaraciNderim,2715,Black,1 min,bullet,31,Lost,1/21/2019
Aireea,2659,SaraciNderim,2708,White,1 min,bullet,24,Won,1/21/2019
Aireea,2649,SaraciNderim,2718,Black,1 min,bullet,43,Lost,1/21/2019
Aireea,2656,SaraciNderim,2711,White,1 min,bullet,64,Won,1/21/2019
Aireea,2646,SaraciNderim,2721,Black,1 min,bullet,39,Won,1/21/2019
Aireea,2636,SaraciNderim,2731,White,1 min,bullet,25,Lost,1/21/2019
Aireea,2642,SaraciNderim,2725,Black,1 min,bullet,105,Draw,1/21/2019
Aireea,2640,SaraciNderim,2727,White,1 min,bullet,35,Lost,1/21/2019
Aireea,2646,caruanamagnus,2800,Black,1 min,bullet,21,Lost,1/20/2019
Aireea,2651,Paparama_1917,2667,Black,1 min,bullet,43,Draw,1/15/2019
Aireea,2651,Irakli_Akhvlediani,2502,White,1 min,bullet,34,Won,1/15/2019
Aireea,2646,Irakli_Akhvlediani,2507,Black,1 min,bullet,44,Won,1/15/2019
Aireea,2641,Irakli_Akhvlediani,2512,White,1 min,bullet,59,Won,1/15/2019
Aireea,2636,Irakli_Akhvlediani,2517,Black,1 min,bullet,33,Won,1/15/2019
Aireea,2630,Irakli_Akhvlediani,2523,White,1 min,bullet,59,Won,1/15/2019
Aireea,2624,Irakli_Akhvlediani,2529,Black,1 min,bullet,57,Draw,1/15/2019
Aireea,2626,Irakli_Akhvlediani,2527,White,1 min,bullet,59,Won,1/15/2019
Aireea,2620,Irakli_Akhvlediani,2533,Black,1 min,bullet,74,Lost,1/15/2019
Aireea,2630,Irakli_Akhvlediani,2523,White,1 min,bullet,69,Lost,1/15/2019
Aireea,2641,Irakli_Akhvlediani,2512,Black,1 min,bullet,36,Lost,1/15/2019
Aireea,2652,Irakli_Akhvlediani,2501,White,1 min,bullet,34,Won,1/15/2019
Aireea,2647,Gr3egor,2549,White,1 min,bullet,25,Won,1/15/2019
Aireea,2641,Gr3egor,2555,Black,1 min,bullet,22,Lost,1/15/2019
Aireea,2651,Gr3egor,2545,White,1 min,bullet,69,Draw,1/15/2019
Aireea,2653,Gr3egor,2543,Black,1 min,bullet,26,Lost,1/15/2019
Aireea,2664,Gr3egor,2532,White,1 min,bullet,35,Won,1/15/2019
Aireea,2659,Gr3egor,2537,Black,1 min,bullet,36,Lost,1/15/2019
Aireea,2670,Gr3egor,2526,White,1 min,bullet,37,Won,1/15/2019
Aireea,2665,Gr3egor,2531,Black,1 min,bullet,27,Won,1/15/2019
Aireea,2660,Gr3egor,2536,White,1 min,bullet,38,Lost,1/15/2019
Aireea,2671,GABUZYAN_CHESSMOOD,2831,White,1 min,bullet,44,Lost,1/15/2019
Aireea,2676,AnatolKhimich,2311,White,1 min,bullet,52,Won,1/15/2019
Aireea,2674,AnatolKhimich,2313,Black,1 min,bullet,35,Won,1/15/2019
Aireea,2672,Liga_Stavok,2638,White,1 min,bullet,26,Won,1/11/2019
Aireea,2664,Liga_Stavok,2646,Black,1 min,bullet,27,Won,1/11/2019
Aireea,2656,Liga_Stavok,2654,White,1 min,bullet,39,Won,1/11/2019
Aireea,2648,Liga_Stavok,2662,Black,1 min,bullet,30,Lost,1/11/2019
Aireea,2656,DevInProd,2620,White,1 min,bullet,63,Lost,1/11/2019
Aireea,2665,DevInProd,2611,Black,1 min,bullet,36,Won,1/11/2019
Aireea,2658,Dhaydon19,2750,Black,1 min,bullet,75,Won,1/11/2019
Aireea,2648,Dhaydon19,2760,White,1 min,bullet,28,Lost,1/11/2019
Aireea,2628,irregularity,2591,Black,1 min,bullet,25,Won,1/9/2019
Aireea,2620,irregularity,2599,White,1 min,bullet,40,Won,1/9/2019
Aireea,2612,irregularity,2607,Black,1 min,bullet,39,Won,1/9/2019
Aireea,2604,irregularity,2615,White,1 min,bullet,46,Lost,1/9/2019
Aireea,2612,irregularity,2607,Black,1 min,bullet,18,Lost,1/9/2019