player,player_rating,opponent,opponent_rating,side,time_control,time_category,moves,result,date
Aireea,2699,TigranLPetrosyan,2866,White,1|1,bullet,24,Lost,9/25/2018
Aireea,2704,TigranLPetrosyan,2861,Black,1|1,bullet,41,Lost,9/25/2018
Aireea,2709,LOVEVAE,2872,White,1 min,bullet,66,Won,9/18/2018
Aireea,2697,LOVEVAE,2884,Black,1 min,bullet,47,Lost,9/18/2018
Aireea,2701,djamir,2673,Black,1 min,bullet,61,Lost,9/18/2018
Aireea,2710,pKiLz5Rn9b,2714,White,1 min,bullet,46,Won,9/13/2018
Aireea,2701,pKiLz5Rn9b,2723,Black,1 min,bullet,35,Lost,9/13/2018
Aireea,2709,Byniolus,2616,Black,1 min,bullet,33,Won,9/13/2018
Aireea,2703,MirzoyanD,2613,Black,1 min,bullet,64,Won,9/9/2018
Aireea,2697,MirzoyanD,2619,White,1 min,bullet,66,Won,9/9/2018
Aireea,2690,MirzoyanD,2626,Black,1 min,bullet,24,Won,9/9/2018
Aireea,2683,MirzoyanD,2633,White,1 min,bullet,73,Lost,9/9/2018
Aireea,2693,MirzoyanD,2623,Black,1 min,bullet,40,Lost,9/9/2018
Aireea,2703,MirzoyanD,2613,White,1 min,bullet,69,Won,9/9/2018
Aireea,2697,MirzoyanD,2619,Black,1 min,bullet,73,Lost,9/9/2018
Aireea,2707,djamir,2635,White,1 min,bullet,28,Won,9/9/2018
Aireea,2700,djamir,2642,Black,1 min,bullet,14,Won,9/9/2018
Aireea,2693,djamir,2649,White,1 min,bullet,54,Lost,9/9/2018
Aireea,2702,1random,2666,Black,1 min,bullet,51,Won,9/9/2018
Aireea,2694,jimis98,2645,White,1 min,bullet,37,Won,9/9/2018
Aireea,2687,jimis98,2652,Black,1 min,bullet,38,Lost,9/9/2018
Aireea,2696,jimis98,2643,White,1 min,bullet,49,Won,9/9/2018
Aireea,2689,djamir,2640,Black,1 min,bullet,35,Won,9/9/2018
Aireea,2682,djamir,2647,White,1 min,bullet,57,Lost,9/9/2018
Aireea,2691,adypady02,2641,Black,1 min,bullet,34,Won,9/9/2018
Aireea,2684,adypady02,2648,White,1 min,bullet,19,Won,9/9/2018
Aireea,2676,pultineviciuspaulius,2611,Black,1 min,bullet,39,Won,9/5/2018
Aireea,2669,Arash_Tahbaz,2682,White,1 min,bullet,55,Won,9/5/2018
Aireea,2660,Arash_Tahbaz,2691,Black,1 min,bullet,62,Won,9/5/2018
Aireea,2651,elthon2608,2516,White,1 min,bullet,59,Won,9/5/2018
Aireea,2646,elthon2608,2521,Black,1 min,bullet,18,Won,9/5/2018
Aireea,2641,elthon2608,2526,White,1 min,bullet,37,Lost,9/5/2018
Aireea,2652,elthon2608,2515,Black,1 min,bullet,63,Lost,9/5/2018
Aireea,2663,JDBryant,2611,Black,1 min,bullet,68,Won,9/3/2018
Aireea,2656,JDBryant,2618,White,1 min,bullet,69,Lost,9/3/2018
Aireea,2665,JDBryant,2609,Black,1 min,bullet,51,Won,9/3/2018
Aireea,2658,JDBryant,2616,White,1 min,bullet,62,Lost,9/3/2018
Aireea,2667,JDBryant,2607,Black,1 min,bullet,51,Lost,9/3/2018
Aireea,2677,JDBryant,2597,White,1 min,bullet,54,Won,9/3/2018
Aireea,2671,JDBryant,2603,Black,1 min,bullet,33,Lost,9/3/2018
Aireea,2681,JDBryant,2593,White,1 min,bullet,60,Won,9/3/2018
Aireea,2675,JDBryant,2599,Black,1 min,bullet,28,Won,9/3/2018
Aireea,2668,JDBryant,2606,White,1 min,bullet,17,Won,9/3/2018
Aireea,2661,JDBryant,2613,Black,1 min,bullet,46,Lost,9/3/2018
Aireea,2670,JDBryant,2604,White,1 min,bullet,45,Won,9/3/2018
Aireea,2663,JDBryant,2611,Black,1 min,bullet,61,Won,9/2/2018
Aireea,2656,JDBryant,2618,White,1 min,bullet,29,Lost,9/2/2018
Aireea,2665,JDBryant,2609,Black,1 min,bullet,39,Lost,9/2/2018
Aireea,2675,JDBryant,2599,White,1 min,bullet,22,Won,9/2/2018
Aireea,2668,JDBryant,2606,Black,1 min,bullet,47,Won,9/2/2018