player,player_rating,opponent,opponent_rating,side,time_control,time_category,moves,result,date
Aireea,2641,Doraemon7,2612,White,1 min,bullet,24,Won,1/3/2019
Aireea,2633,Doraemon7,2620,Black,1 min,bullet,39,Lost,1/3/2019
Aireea,2642,Doraemon7,2611,White,1 min,bullet,22,Won,1/3/2019
Aireea,2634,Bernd_Stromberg,2515,Black,1 min,bullet,50,Won,1/2/2019
Aireea,2628,Rikikits,2616,White,1 min,bullet,22,Won,1/1/2019
Aireea,2620,Rikikits,2624,Black,1 min,bullet,57,Won,1/1/2019
Aireea,2612,Venezia2018,2557,White,1 min,bullet,56,Won,1/1/2019
Aireea,2605,Dumpfbacke2,2542,White,1 min,bullet,45,Lost,1/1/2019
Aireea,2615,IMTominho,2734,White,1 min,bullet,50,Won,1/1/2019
Aireea,2604,IMTominho,2745,Black,1 min,bullet,28,Lost,1/1/2019
Aireea,2609,ChessicallyInclined,2508,Black,1 min,bullet,31,Won,12/21/2018
Aireea,2603,ChessicallyInclined,2514,White,1 min,bullet,24,Won,12/21/2018
Aireea,2597,Margvela90,2613,Black,1 min,bullet,32,Lost,12/19/2018
Aireea,2605,DrNykterstein2,2574,White,1 min,bullet,49,Won,12/17/2018
Aireea,2597,DrNykterstein2,2582,Black,1 min,bullet,60,Lost,12/17/2018
Aireea,2606,DrNykterstein2,2573,White,1 min,bullet,24,Won,12/17/2018
Aireea,2598,DrNykterstein2,2581,Black,1 min,bullet,25,Lost,12/17/2018
Aireea,2607,DrNykterstein2,2571,White,1 min,bullet,44,Won,12/17/2018
Aireea,2599,DrNykterstein2,2579,Black,1 min,bullet,58,Lost,12/17/2018
Aireea,2608,DrNykterstein2,2569,White,1 min,bullet,60,Won,12/17/2018
Aireea,2601,DrNykterstein2,2578,Black,1 min,bullet,63,Lost,12/17/2018
Aireea,2610,DrNykterstein2,2567,White,1 min,bullet,100,Won,12/17/2018
Aireea,2603,DrNykterstein2,2576,Black,1 min,bullet,37,Lost,12/17/2018
Aireea,2612,DrNykterstein2,2564,White,1 min,bullet,63,Lost,12/17/2018
Aireea,2622,Airagon,2775,White,1 min,bullet,45,Lost,12/17/2018
Aireea,2627,Airagon,2770,Black,1 min,bullet,25,Lost,12/17/2018
Aireea,2632,Airagon,2765,White,1 min,bullet,59,Lost,12/17/2018
Aireea,2637,Airagon,2760,Black,1 min,bullet,25,Lost,12/17/2018
Aireea,2643,Airagon,2754,White,1 min,bullet,29,Lost,12/17/2018
Aireea,2649,ngoctruonghahn,1924,Black,1 min,bullet,30,Won,12/17/2018
Aireea,2649,mikhaillushenkov,2553,White,1 min,bullet,74,Won,12/17/2018
Aireea,2643,petrpalachev,2522,Black,1 min,bullet,60,Won,12/17/2018
Aireea,2637,petrpalachev,2528,White,1 min,bullet,63,Won,12/17/2018
Aireea,2631,profesordechess,2479,Black,1 min,bullet,28,Lost,12/17/2018
Aireea,2643,pultineviciuspaulius,2617,Black,1 min,bullet,90,Draw,12/15/2018
Aireea,2644,bahodistruction,2603,White,1 min,bullet,77,Won,12/15/2018
Aireea,2637,Gligoric2017,2640,White,1 min,bullet,48,Won,12/11/2018
Aireea,2629,Gligoric2017,2648,Black,1 min,bullet,39,Lost,12/11/2018
Aireea,2637,beradze,2636,Black,1 min,bullet,61,Won,12/11/2018
Aireea,2629,beradze,2644,White,1 min,bullet,64,Won,12/11/2018
Aireea,2620,beradze,2653,Black,1 min,bullet,63,Lost,12/11/2018
Aireea,2628,beradze,2645,White,1 min,bullet,58,Won,12/11/2018
Aireea,2619,beradze,2654,Black,1 min,bullet,20,Lost,12/11/2018
Aireea,2627,beradze,2646,White,1 min,bullet,73,Won,12/11/2018
Aireea,2618,beradze,2655,Black,1 min,bullet,74,Lost,12/11/2018
Aireea,2626,beradze,2647,White,1 min,bullet,55,Lost,12/11/2018
Aireea,2634,beradze,2639,Black,1 min,bullet,39,Won,12/11/2018
Aireea,2625,beradze,2648,White,1 min,bullet,33,Lost,12/11/2018
Aireea,2633,beradze,2640,Black,1 min,bullet,53,Draw,12/11/2018
Aireea,2633,beradze,2640,White,1 min,bullet,64,Won,12/11/2018