player,player_rating,opponent,opponent_rating,side,time_control,time_category,moves,result,date
Aireea,2718,YourOpeningSucks,2770,White,3 min,blitz,80,Won,11/9/2018
Aireea,2708,YourOpeningSucks,2780,Black,3 min,blitz,75,Won,11/9/2018
Aireea,2698,YourOpeningSucks,2790,White,3 min,blitz,53,Won,11/9/2018
Aireea,2688,KNVB,2605,White,3 min,blitz,60,Won,11/8/2018
Aireea,2682,Leonid_Starozhilov,2596,White,3 min,blitz,45,Won,11/7/2018
Aireea,2676,1stSecond,2757,Black,3 min,blitz,39,Lost,11/7/2018
Aireea,2682,Wizard456,2748,White,3 min,blitz,62,Draw,11/5/2018
Aireea,2680,gmjoey1,2667,Black,3 min,blitz,13,Lost,11/5/2018
Aireea,2689,gmjoey1,2658,White,3 min,blitz,32,Lost,11/5/2018
Aireea,2698,gmjoey1,2649,Black,3 min,blitz,20,Won,11/5/2018
Aireea,2691,gmjoey1,2656,White,3 min,blitz,61,Won,11/5/2018
Aireea,2683,gmjoey1,2664,Black,3 min,blitz,49,Won,11/5/2018
Aireea,2675,gmjoey1,2672,White,3 min,blitz,48,Lost,11/5/2018
Aireea,2683,gmjoey1,2664,Black,3 min,blitz,46,Lost,11/5/2018
Aireea,2692,gmjoey1,2655,White,3 min,blitz,50,Won,11/5/2018
Aireea,2684,Antipov_Mikhail_Al,2874,Black,3 min,blitz,38,Lost,11/4/2018
Aireea,2688,RDG36,2818,White,3 min,blitz,33,Lost,11/4/2018
Aireea,2693,RDG36,2813,Black,3 min,blitz,48,Lost,11/4/2018
Aireea,2699,Gazi92,2603,White,3 min,blitz,68,Draw,11/4/2018
Aireea,2701,Gazi92,2624,Black,3 min,blitz,31,Won,10/31/2018
Aireea,2694,in_the_fire,2731,White,3 min,blitz,58,Lost,10/31/2018
Aireea,2701,1random,2583,Black,3 min,blitz,31,Won,10/29/2018
Aireea,2695,1random,2589,White,3 min,blitz,98,Draw,10/29/2018
Aireea,2697,ChessOfRoyale,2012,White,3 min,blitz,36,Won,10/29/2018
Aireea,2697,in_the_fire,2700,White,3 min,blitz,96,Won,10/28/2018
Aireea,2689,in_the_fire,2708,Black,3 min,blitz,25,Won,10/28/2018
Aireea,2680,in_the_fire,2717,White,3 min,blitz,32,Lost,10/28/2018
Aireea,2687,in_the_fire,2710,Black,3 min,blitz,22,Lost,10/28/2018
Aireea,2695,in_the_fire,2702,White,3 min,blitz,64,Won,10/28/2018
Aireea,2686,agapov771,2608,Black,3 min,blitz,28,Won,10/28/2018
Aireea,2679,NTBT_DHS,2662,Black,3 min,blitz,36,Won,10/26/2018
Aireea,2671,NTBT_DHS,2670,White,3 min,blitz,54,Won,10/26/2018
Aireea,2663,in_the_fire,2680,Black,3 min,blitz,22,Won,10/26/2018
Aireea,2654,Lestofante90,2732,White,3 min,blitz,93,Draw,10/24/2018
Aireea,2652,Lestofante90,2734,Black,3 min,blitz,13,Won,10/24/2018
Aireea,2642,Lestofante90,2744,White,3 min,blitz,55,Lost,10/24/2018
Aireea,2648,Lestofante90,2738,Black,3 min,blitz,51,Lost,10/24/2018
Aireea,2654,Lestofante90,2732,White,3 min,blitz,66,Won,10/24/2018
Aireea,2644,Lestofante90,2742,Black,3 min,blitz,69,Won,10/24/2018
Aireea,2633,zidianleiguang,2655,White,3 min,blitz,76,Won,10/24/2018
Aireea,2624,Doreality,2643,White,3 min,blitz,52,Won,10/20/2018
Aireea,2615,Edgar_Karagyozyan,2531,Black,3 min,blitz,69,Won,10/20/2018
Aireea,2609,Kirill_Klyukin,2637,Black,3 min,blitz,72,Draw,10/20/2018
Aireea,2608,lukuka11,2618,Black,3 min,blitz,45,Lost,10/20/2018
Aireea,2616,lukuka11,2616,White,3 min,blitz,68,Lost,10/20/2018
Aireea,2624,lukuka11,2608,Black,3 min,blitz,71,Lost,10/20/2018
Aireea,2633,lukuka11,2599,White,3 min,blitz,45,Lost,10/20/2018
Aireea,2642,Doreality,2657,Black,3 min,blitz,39,Lost,10/19/2018
Aireea,2650,Doreality,2649,White,3 min,blitz,33,Won,10/19/2018
Aireea,2642,Doreality,2657,Black,3 min,blitz,23,Won,10/19/2018