player,player_rating,opponent,opponent_rating,side,time_control,time_category,moves,result,date
Aireea,2691,FanMWPChess,2670,Black,1 min,bullet,29,Won,10/8/2018
Aireea,2683,pultineviciuspaulius,2636,White,1 min,bullet,61,Won,10/8/2018
Aireea,2676,pultineviciuspaulius,2643,Black,1 min,bullet,16,Lost,10/8/2018
Aireea,2685,pultineviciuspaulius,2634,White,1 min,bullet,33,Lost,10/8/2018
Aireea,2695,TheButcher,2601,White,1 min,bullet,24,Won,10/8/2018
Aireea,2689,elm2007,2689,White,30 sec,bullet,65,Won,10/7/2018
Aireea,2681,elm2007,2697,Black,30 sec,bullet,58,Won,10/7/2018
Aireea,2672,elm2007,2706,White,30 sec,bullet,52,Lost,10/7/2018
Aireea,2680,elm2007,2698,Black,30 sec,bullet,48,Won,10/7/2018
Aireea,2671,elm2007,2707,White,30 sec,bullet,56,Lost,10/7/2018
Aireea,2678,elm2007,2700,Black,30 sec,bullet,15,Lost,10/7/2018
Aireea,2686,elm2007,2692,White,30 sec,bullet,38,Lost,10/7/2018
Aireea,2694,elm2007,2684,Black,30 sec,bullet,22,Draw,10/7/2018
Aireea,2694,elm2007,2684,White,30 sec,bullet,61,Lost,10/7/2018
Aireea,2703,elm2007,2675,Black,30 sec,bullet,54,Won,10/7/2018
Aireea,2695,elm2007,2683,White,30 sec,bullet,31,Won,10/7/2018
Aireea,2687,elm2007,2691,Black,30 sec,bullet,28,Won,10/7/2018
Aireea,2678,elm2007,2700,White,30 sec,bullet,52,Lost,10/7/2018
Aireea,2686,elm2007,2692,Black,30 sec,bullet,30,Lost,10/7/2018
Aireea,2694,elm2007,2684,White,30 sec,bullet,31,Lost,10/7/2018
Aireea,2703,elm2007,2675,Black,30 sec,bullet,52,Lost,10/7/2018
Aireea,2712,elm2007,2666,White,30 sec,bullet,72,Won,10/7/2018
Aireea,2705,elm2007,2673,Black,30 sec,bullet,38,Won,10/7/2018
Aireea,2697,elm2007,2681,White,30 sec,bullet,63,Lost,10/7/2018
Aireea,2706,elm2007,2672,Black,30 sec,bullet,51,Won,10/7/2018
Aireea,2698,elm2007,2680,White,30 sec,bullet,37,Won,10/7/2018
Aireea,2690,ChubbyPandaEzebat,2632,Black,1 min,bullet,16,Won,10/7/2018
Aireea,2683,ChubbyPandaEzebat,2639,White,1 min,bullet,50,Won,10/7/2018
Aireea,2676,nehasarin,2818,White,1 min,bullet,50,Lost,10/7/2018
Aireea,2681,nehasarin,2813,Black,1 min,bullet,58,Draw,10/7/2018
Aireea,2678,nehasarin,2816,White,1 min,bullet,83,Draw,10/7/2018
Aireea,2675,nehasarin,2819,Black,1 min,bullet,60,Lost,10/7/2018
Aireea,2680,nehasarin,2814,White,1 min,bullet,27,Lost,10/7/2018
Aireea,2685,nehasarin,2809,Black,1 min,bullet,43,Lost,10/7/2018
Aireea,2690,nehasarin,2803,White,1 min,bullet,48,Lost,10/7/2018
Aireea,2696,nehasarin,2797,Black,1 min,bullet,31,Lost,10/7/2018
Aireea,2702,nehasarin,2791,White,1 min,bullet,74,Lost,10/7/2018
Aireea,2708,Arash_Tahbaz,2684,White,1 min,bullet,34,Won,9/26/2018
Aireea,2700,hapoel_kfs,2624,White,1 min,bullet,33,Won,9/26/2018
Aireea,2693,hapoel_kfs,2631,Black,1 min,bullet,57,Won,9/26/2018
Aireea,2686,hapoel_kfs,2638,White,1 min,bullet,28,Won,9/26/2018
Aireea,2679,hapoel_kfs,2645,Black,1 min,bullet,33,Won,9/26/2018
Aireea,2671,hapoel_kfs,2653,White,1 min,bullet,84,Draw,9/26/2018
Aireea,2671,jacky72,2608,Black,1 min,bullet,39,Lost,9/26/2018
Aireea,2681,jacky72,2598,White,1 min,bullet,39,Lost,9/26/2018
Aireea,2691,jacky72,2588,Black,1 min,bullet,36,Won,9/26/2018
Aireea,2685,Bobancio,2291,White,1 min,bullet,44,Won,9/25/2018
Aireea,2683,djamir,2718,White,1 min,bullet,25,Lost,9/25/2018
Aireea,2691,TigranLPetrosyan,2874,White,1|1,bullet,99,Lost,9/25/2018
Aireea,2695,TigranLPetrosyan,2870,Black,1|1,bullet,15,Lost,9/25/2018