player,player_rating,opponent,opponent_rating,side,time_control,time_category,moves,result,date
Aireea,2763,YOAJM,2784,Black,30 sec,bullet,33,Lost,10/29/2018
Aireea,2771,YOAJM,2776,White,30 sec,bullet,10,Won,10/29/2018
Aireea,2763,YOAJM,2784,Black,30 sec,bullet,76,Won,10/29/2018
Aireea,2754,YOAJM,2793,White,30 sec,bullet,39,Won,10/29/2018
Aireea,2745,YOAJM,2802,Black,30 sec,bullet,47,Lost,10/29/2018
Aireea,2752,YOAJM,2795,White,30 sec,bullet,40,Lost,10/29/2018
Aireea,2759,YOAJM,2788,Black,30 sec,bullet,25,Won,10/29/2018
Aireea,2750,Byniolus,2622,Black,1 min,bullet,52,Won,10/29/2018
Aireea,2745,Byniolus,2627,White,1 min,bullet,33,Won,10/29/2018
Aireea,2739,Byniolus,2633,Black,1 min,bullet,25,Won,10/29/2018
Aireea,2733,Byniolus,2639,White,1 min,bullet,38,Won,10/29/2018
Aireea,2727,Davit_Tiraturyan,2658,White,1 min,bullet,30,Won,10/29/2018
Aireea,2720,knightsy2,2734,White,1 min,bullet,61,Won,10/28/2018
Aireea,2711,knightsy2,2748,Black,1 min,bullet,61,Lost,10/28/2018
Aireea,2719,knightsy2,2735,White,1 min,bullet,56,Lost,10/28/2018
Aireea,2727,knightsy2,2721,Black,1 min,bullet,36,Lost,10/28/2018
Aireea,2736,knightsy2,2705,White,1 min,bullet,64,Won,10/28/2018
Aireea,2728,knightsy2,2720,Black,1 min,bullet,50,Lost,10/28/2018
Aireea,2737,nihalsarin,2853,Black,1 min,bullet,28,Won,10/14/2018
Aireea,2726,nihalsarin,2864,White,1 min,bullet,52,Won,10/14/2018
Aireea,2715,nihalsarin,2875,Black,1 min,bullet,54,Lost,10/14/2018
Aireea,2720,nihalsarin,2870,White,1 min,bullet,0,Lost,10/14/2018
Aireea,2725,alien-witch,2623,White,1 min,bullet,33,Won,10/12/2018
Aireea,2719,NTBT_DHS,2725,Black,1 min,bullet,38,Won,10/11/2018
Aireea,2710,alien-witch,2653,Black,1 min,bullet,75,Won,10/11/2018
Aireea,2703,alien-witch,2660,White,1 min,bullet,43,Won,10/11/2018
Aireea,2696,alien-witch,2667,Black,1 min,bullet,28,Won,10/11/2018
Aireea,2688,alien-witch,2675,White,1 min,bullet,32,Won,10/11/2018
Aireea,2680,alien-witch,2683,Black,1 min,bullet,45,Lost,10/11/2018
Aireea,2688,alien-witch,2675,White,1 min,bullet,58,Won,10/11/2018
Aireea,2680,alien-witch,2683,Black,1 min,bullet,49,Won,10/11/2018
Aireea,2672,alien-witch,2691,White,1 min,bullet,59,Won,10/11/2018
Aireea,2663,alien-witch,2700,Black,1 min,bullet,37,Lost,10/11/2018
Aireea,2670,alien-witch,2693,White,1 min,bullet,41,Won,10/11/2018
Aireea,2661,aleshka62,2379,White,1 min,bullet,52,Lost,10/11/2018
Aireea,2675,dhanushbharadwaj,2539,Black,1 min,bullet,26,Won,10/9/2018
Aireea,2670,Soulless4Now,2602,Black,1 min,bullet,1,Lost,10/8/2018
Aireea,2680,FanMWPChess,2681,White,1 min,bullet,12,Won,10/8/2018
Aireea,2672,FanMWPChess,2689,Black,1 min,bullet,83,Draw,10/8/2018
Aireea,2672,FanMWPChess,2689,White,1 min,bullet,54,Lost,10/8/2018
Aireea,2680,FanMWPChess,2681,Black,1 min,bullet,66,Lost,10/8/2018
Aireea,2688,FanMWPChess,2673,White,1 min,bullet,73,Won,10/8/2018
Aireea,2680,FanMWPChess,2681,Black,1 min,bullet,51,Lost,10/8/2018
Aireea,2688,FanMWPChess,2673,White,1 min,bullet,22,Lost,10/8/2018
Aireea,2697,FanMWPChess,2664,Black,1 min,bullet,47,Draw,10/8/2018
Aireea,2698,FanMWPChess,2663,White,1 min,bullet,49,Won,10/8/2018
Aireea,2690,FanMWPChess,2671,Black,1 min,bullet,31,Lost,10/8/2018
Aireea,2699,FanMWPChess,2662,White,1 min,bullet,29,Won,10/8/2018
Aireea,2691,FanMWPChess,2670,Black,1 min,bullet,33,Won,10/8/2018
Aireea,2683,FanMWPChess,2678,White,1 min,bullet,25,Lost,10/8/2018