player,player_rating,opponent,opponent_rating,side,time_control,time_category,moves,result,date
Aireea,2696,Divertissement,2703,Black,3 min,blitz,51,Lost,1/31/2019
Aireea,2704,Divertissement,2695,White,3 min,blitz,83,Lost,1/31/2019
Aireea,2713,Divertissement,2686,Black,3 min,blitz,41,Lost,1/31/2019
Aireea,2722,Gummibear69,2713,White,3 min,blitz,30,Won,1/31/2019
Aireea,2714,Gummibear69,2721,Black,3 min,blitz,44,Lost,1/31/2019
Aireea,2722,Gummibear69,2713,White,3 min,blitz,86,Won,1/31/2019
Aireea,2714,Resentiment18,2829,White,3 min,blitz,29,Lost,1/28/2019
Aireea,2720,Resentiment18,2823,Black,3 min,blitz,40,Lost,1/28/2019
Aireea,2726,FanMWPChess,2787,Black,3 min,blitz,53,Lost,1/28/2019
Aireea,2733,FanMWPChess,2780,White,3 min,blitz,40,Lost,1/28/2019
Aireea,2740,FanMWPChess,2773,Black,3 min,blitz,18,Lost,1/28/2019
Aireea,2748,IM_dmitrij,2800,Black,3 min,blitz,31,Won,1/28/2019
Aireea,2738,IM_dmitrij,2810,White,3 min,blitz,38,Lost,1/28/2019
Aireea,2745,IM_dmitrij,2803,Black,3 min,blitz,50,Lost,1/28/2019
Aireea,2752,Grandmaster1369,2751,White,3 min,blitz,42,Lost,1/28/2019
Aireea,2760,Grandmaster1369,2743,Black,3 min,blitz,46,Lost,1/27/2019
Aireea,2769,Grandmaster1369,2734,White,3 min,blitz,50,Won,1/27/2019
Aireea,2761,David_Paravyan,2859,Black,3 min,blitz,59,Won,1/22/2019
Aireea,2750,David_Paravyan,2870,White,3 min,blitz,78,Lost,1/22/2019
Aireea,2756,David_Paravyan,2864,Black,3 min,blitz,36,Lost,1/22/2019
Aireea,2762,David_Paravyan,2858,White,3 min,blitz,56,Draw,1/22/2019
Aireea,2760,David_Paravyan,2860,Black,3 min,blitz,43,Lost,1/22/2019
Aireea,2766,David_Paravyan,2854,White,3 min,blitz,32,Draw,1/22/2019
Aireea,2764,David_Paravyan,2856,Black,3 min,blitz,37,Won,1/22/2019
Aireea,2754,David_Paravyan,2866,White,3 min,blitz,64,Lost,1/22/2019
Aireea,2760,David_Paravyan,2860,Black,3 min,blitz,55,Lost,1/22/2019
Aireea,2766,David_Paravyan,2854,White,3 min,blitz,63,Draw,1/22/2019
Aireea,2764,David_Paravyan,2856,Black,3 min,blitz,23,Won,1/22/2019
Aireea,2753,Resentiment18,2796,White,3 min,blitz,63,Won,1/22/2019
Aireea,2743,DuleMudule,2776,White,3 min,blitz,63,Won,1/22/2019
Aireea,2733,Dainamon,2700,White,3 min,blitz,37,Won,1/19/2019
Aireea,2724,Dainamon,2718,Black,3 min,blitz,32,Won,1/19/2019
Aireea,2715,leos01,2681,Black,3 min,blitz,37,Won,1/7/2019
Aireea,2707,Lukianoo,2767,White,3 min,blitz,67,Won,1/2/2019
Aireea,2697,Lukianoo,2777,Black,3 min,blitz,30,Lost,1/2/2019
Aireea,2704,LiWenliang,2441,White,3|2,blitz,63,Won,12/9/2018
Aireea,2701,LiWenliang,2444,Black,3 min,blitz,43,Draw,12/9/2018
Aireea,2706,LiWenliang,2439,White,3 min,blitz,21,Won,12/9/2018
Aireea,2703,jerom555888,2773,White,3 min,blitz,37,Lost,11/27/2018
Aireea,2710,jerom555888,2766,Black,3 min,blitz,35,Lost,11/27/2018
Aireea,2717,jerom555888,2759,White,3 min,blitz,18,Lost,11/27/2018
Aireea,2724,jerom555888,2752,Black,3 min,blitz,28,Won,11/27/2018
Aireea,2715,Grandsi,2586,White,3 min,blitz,71,Won,11/15/2018
Aireea,2710,rfelgaer,2673,Black,3 min,blitz,15,Won,11/11/2018
Aireea,2703,GeminiBoy,2725,White,3 min,blitz,32,Lost,11/11/2018
Aireea,2711,GeminiBoy,2714,Black,3 min,blitz,33,Lost,11/11/2018
Aireea,2719,GeminiBoy,2701,White,3 min,blitz,47,Won,11/11/2018
Aireea,2711,GeminiBoy,2713,Black,3 min,blitz,32,Won,11/11/2018
Aireea,2702,GeminiBoy,2727,White,3 min,blitz,32,Lost,11/11/2018
Aireea,2710,GeminiBoy,2714,Black,3 min,blitz,49,Lost,11/11/2018