player,player_rating,opponent,opponent_rating,side,time_control,time_category,moves,result,date
Aireea,2653,igorkovalenko,2755,White,1 min,bullet,35,Lost,11/21/2018
Aireea,2659,igorkovalenko,2749,Black,1 min,bullet,72,Won,11/21/2018
Aireea,2649,igorkovalenko,2759,White,1 min,bullet,62,Lost,11/21/2018
Aireea,2655,igorkovalenko,2753,Black,1 min,bullet,76,Draw,11/21/2018
Aireea,2653,igorkovalenko,2755,White,1 min,bullet,17,Won,11/21/2018
Aireea,2642,igorkovalenko,2766,Black,1 min,bullet,67,Won,11/21/2018
Aireea,2631,igorkovalenko,2777,White,1 min,bullet,33,Lost,11/21/2018
Aireea,2636,igorkovalenko,2772,Black,1 min,bullet,58,Lost,11/21/2018
Aireea,2641,pultineviciuspaulius,2692,Black,1 min,bullet,53,Won,11/21/2018
Aireea,2631,chessmachine2018,2777,White,1 min,bullet,33,Lost,11/21/2018
Aireea,2636,chessmachine2018,2772,Black,1 min,bullet,57,Lost,11/21/2018
Aireea,2641,chessmachine2018,2767,White,1 min,bullet,20,Lost,11/21/2018
Aireea,2646,chessmachine2018,2762,Black,1 min,bullet,50,Draw,11/21/2018
Aireea,2643,GHANDEEVAM2003,2750,White,1 min,bullet,24,Lost,11/21/2018
Aireea,2649,GHANDEEVAM2003,2744,Black,1 min,bullet,27,Lost,11/21/2018
Aireea,2655,GHANDEEVAM2003,2738,White,1 min,bullet,29,Won,11/21/2018
Aireea,2645,GHANDEEVAM2003,2748,Black,1 min,bullet,66,Lost,11/21/2018
Aireea,2651,GHANDEEVAM2003,2742,White,1 min,bullet,27,Lost,11/21/2018
Aireea,2657,GHANDEEVAM2003,2736,Black,1 min,bullet,82,Draw,11/21/2018
Aireea,2655,GHANDEEVAM2003,2738,White,1 min,bullet,70,Lost,11/21/2018
Aireea,2661,GHANDEEVAM2003,2732,Black,1 min,bullet,30,Won,11/21/2018
Aireea,2651,GHANDEEVAM2003,2742,White,1 min,bullet,22,Won,11/21/2018
Aireea,2641,GHANDEEVAM2003,2752,Black,1 min,bullet,82,Lost,11/21/2018
Aireea,2647,Kruzom,2552,Black,1 min,bullet,35,Won,11/21/2018
Aireea,2641,vpsetter,2276,White,1 min,bullet,12,Won,11/21/2018
Aireea,2639,Kruzom,2563,White,1 min,bullet,40,Lost,11/21/2018
Aireea,2649,IMTominho,2712,White,1 min,bullet,78,Won,11/21/2018
Aireea,2639,d404040,2544,Black,1 min,bullet,54,Won,11/21/2018
Aireea,2633,nOcHeaTiNgKiD,2507,Black,1 min,bullet,80,Won,11/21/2018
Aireea,2628,nOcHeaTiNgKiD,2512,White,1 min,bullet,28,Won,11/21/2018
Aireea,2622,nOcHeaTiNgKiD,2518,Black,1 min,bullet,65,Won,11/21/2018
Aireea,2616,Tsoi_Dima,2734,Black,1 min,bullet,65,Lost,11/21/2018
Aireea,2622,Tsoi_Dima,2728,White,1 min,bullet,61,Lost,11/21/2018
Aireea,2628,Tsoi_Dima,2722,Black,1 min,bullet,45,Lost,11/21/2018
Aireea,2634,Tsoi_Dima,2716,White,1 min,bullet,64,Lost,11/21/2018
Aireea,2640,Tsoi_Dima,2710,Black,1 min,bullet,30,Lost,11/21/2018
Aireea,2647,Tsoi_Dima,2703,White,1 min,bullet,54,Draw,11/21/2018
Aireea,2646,Tsoi_Dima,2704,Black,1 min,bullet,63,Lost,11/21/2018
Aireea,2653,Tsoi_Dima,2697,White,1 min,bullet,88,Lost,11/21/2018
Aireea,2660,Tsoi_Dima,2690,Black,1 min,bullet,72,Draw,11/21/2018
Aireea,2659,Tsoi_Dima,2691,White,1 min,bullet,62,Lost,11/21/2018
Aireea,2667,Tsoi_Dima,2683,Black,1 min,bullet,46,Lost,11/21/2018
Aireea,2639,AKULYAN2,2584,White,1 min,bullet,29,Won,11/19/2018
Aireea,2632,AKULYAN2,2591,Black,1 min,bullet,24,Won,11/19/2018
Aireea,2625,AKULYAN2,2598,White,1 min,bullet,62,Draw,11/19/2018
Aireea,2626,AKULYAN2,2597,Black,1 min,bullet,42,Lost,11/19/2018
Aireea,2635,AKULYAN2,2588,White,1 min,bullet,37,Won,11/19/2018
Aireea,2628,AKULYAN2,2595,Black,1 min,bullet,9,Won,11/19/2018
Aireea,2620,AKULYAN2,2603,White,1 min,bullet,59,Lost,11/19/2018
Aireea,2629,AKULYAN2,2594,Black,1 min,bullet,79,Won,11/19/2018