player,player_rating,opponent,opponent_rating,side,time_control,time_category,moves,result,date
Aireea,2666,xxEuroticAxx,2601,White,1 min,bullet,67,Draw,9/1/2018
Aireea,2668,Lordillidan,2840,White,1 min,bullet,73,Won,9/1/2018
Aireea,2656,Lordillidan,2852,Black,1 min,bullet,67,Won,9/1/2018
Aireea,2644,Lordillidan,2864,White,1 min,bullet,55,Lost,9/1/2018
Aireea,2648,Lordillidan,2860,Black,1 min,bullet,21,Lost,9/1/2018
Aireea,2652,Lordillidan,2856,White,1 min,bullet,17,Lost,9/1/2018
Aireea,2656,Lordillidan,2852,Black,1 min,bullet,22,Lost,9/1/2018
Aireea,2660,Lordillidan,2848,White,1 min,bullet,60,Lost,9/1/2018
Aireea,2664,Margency,2564,Black,1 min,bullet,44,Won,9/1/2018
Aireea,2658,Margency,2570,White,1 min,bullet,30,Won,9/1/2018
Aireea,2651,Margency,2576,Black,1 min,bullet,39,Won,9/1/2018
Aireea,2644,Margency,2583,White,1 min,bullet,54,Won,9/1/2018
Aireea,2636,Margency,2590,Black,1 min,bullet,40,Lost,9/1/2018
Aireea,2647,Margency,2581,White,1 min,bullet,46,Won,9/1/2018
Aireea,2639,nihalsarin,2808,Black,1 min,bullet,1,Lost,8/30/2018
Aireea,2644,criistiianzapata,2586,Black,1 min,bullet,29,Won,8/29/2018
Aireea,2636,criistiianzapata,2593,White,1 min,bullet,54,Won,8/29/2018
Aireea,2627,criistiianzapata,2600,Black,1 min,bullet,20,Lost,8/29/2018
Aireea,2638,criistiianzapata,2591,White,1 min,bullet,60,Won,8/29/2018
Aireea,2629,criistiianzapata,2598,Black,1 min,bullet,62,Won,8/29/2018
Aireea,2619,criistiianzapata,2606,White,1 min,bullet,31,Lost,8/29/2018
Aireea,2631,FanMWPChess,2650,White,1 min,bullet,27,Won,8/29/2018
Aireea,2618,FanMWPChess,2659,Black,1 min,bullet,53,Won,8/29/2018
Aireea,2604,FanMWPChess,2668,White,1 min,bullet,75,Draw,8/29/2018
Aireea,2602,FanMWPChess,2670,Black,1 min,bullet,50,Won,8/29/2018
Aireea,2586,FanMWPChess,2680,White,1 min,bullet,71,Lost,8/29/2018
Aireea,2596,FanMWPChess,2674,Black,1 min,bullet,61,Lost,8/29/2018
Aireea,2607,FanMWPChess,2667,White,1 min,bullet,61,Draw,8/29/2018
Aireea,2605,FanMWPChess,2668,Black,1 min,bullet,60,Lost,8/29/2018
Aireea,2618,Jovencitos33,2560,White,1 min,bullet,27,Won,8/29/2018
Aireea,2605,Jovencitos33,2567,Black,1 min,bullet,57,Won,8/29/2018
Aireea,2590,Jovencitos33,2575,White,1 min,bullet,57,Won,8/29/2018
Aireea,2573,Elchapolin,2395,White,1 min,bullet,90,Won,8/28/2018
Aireea,2563,Elchapolin,2400,Black,1 min,bullet,67,Won,8/28/2018
Aireea,2552,Elchapolin,2405,White,1 min,bullet,76,Won,8/28/2018
Aireea,2540,Elchapolin,2410,Black,1 min,bullet,43,Won,8/28/2018
Aireea,2527,Elchapolin,2416,White,1 min,bullet,19,Won,8/28/2018
Aireea,2512,Elchapolin,2422,Black,1 min,bullet,82,Won,8/28/2018
Aireea,2495,Elchapolin,2429,White,1 min,bullet,53,Won,8/28/2018
Aireea,2475,Elchapolin,2436,Black,1 min,bullet,26,Won,8/28/2018
Aireea,2452,Elchapolin,2444,White,1 min,bullet,49,Won,8/28/2018
Aireea,2425,Elchapolin,2453,Black,1 min,bullet,87,Lost,8/28/2018
Aireea,2452,Elchapolin,2445,White,1 min,bullet,40,Won,8/28/2018
Aireea,2421,Elchapolin,2454,Black,1 min,bullet,34,Lost,8/28/2018
Aireea,2453,Elchapolin,2446,White,1 min,bullet,26,Lost,8/28/2018
Aireea,2492,Elchapolin,2437,Black,1 min,bullet,52,Won,8/28/2018
Aireea,2456,Elchapolin,2445,White,1 min,bullet,49,Lost,8/28/2018
Aireea,2504,Elchapolin,2435,Black,1 min,bullet,49,Won,8/28/2018
Aireea,2461,Elchapolin,2443,White,1 min,bullet,66,Draw,8/28/2018
Aireea,2464,elseres,2285,Black,1 min,bullet,56,Won,8/28/2018