player,player_rating,opponent,opponent_rating,side,time_control,time_category,moves,result,date
Akulyan,2807,ARMCOMPOSER,2885,White,3 min,blitz,65,Won,1/28/2019
Akulyan,2797,ARMCOMPOSER,2895,Black,3 min,blitz,33,Lost,1/28/2019
Akulyan,2803,ARMCOMPOSER,2889,White,3 min,blitz,79,Won,1/28/2019
Akulyan,2793,ARMCOMPOSER,2899,Black,3 min,blitz,32,Lost,1/28/2019
Akulyan,2799,ARMCOMPOSER,2893,White,3 min,blitz,27,Lost,1/28/2019
Akulyan,2805,ARMCOMPOSER,2887,Black,3 min,blitz,34,Lost,1/28/2019
Akulyan,2811,ARMCOMPOSER,2881,White,3 min,blitz,46,Draw,1/28/2019
Akulyan,2809,ARMCOMPOSER,2883,Black,3 min,blitz,45,Lost,1/28/2019
Akulyan,2816,ARMCOMPOSER,2876,White,3 min,blitz,43,Won,1/28/2019
Akulyan,2806,ARMCOMPOSER,2886,Black,3 min,blitz,33,Lost,1/28/2019
Akulyan,2812,ARMCOMPOSER,2880,White,3 min,blitz,77,Draw,1/28/2019
Akulyan,2810,Davit_Tiraturyan,2713,White,3 min,blitz,38,Won,1/27/2019
Akulyan,2804,pultineviciuspaulius,2723,Black,3 min,blitz,76,Won,1/27/2019
Akulyan,2798,yeritsyannnn,2542,White,3 min,blitz,25,Won,1/27/2019
Akulyan,2795,yeritsyannnn,2546,Black,3 min,blitz,29,Won,1/27/2019
Akulyan,2792,yeritsyannnn,2550,White,3 min,blitz,26,Won,1/27/2019
Akulyan,2789,yeritsyannnn,2555,Black,3 min,blitz,29,Won,1/27/2019
Akulyan,2785,yeritsyannnn,2560,White,3 min,blitz,57,Won,1/27/2019
Akulyan,2781,yeritsyannnn,2565,Black,3 min,blitz,55,Won,1/27/2019
Akulyan,2777,David_Paravyan,2808,White,3 min,blitz,60,Won,1/27/2019
Akulyan,2768,Davit_Tiraturyan,2719,Black,3 min,blitz,25,Won,1/27/2019
Akulyan,2761,Davit_Tiraturyan,2726,White,3 min,blitz,128,Draw,1/27/2019
Akulyan,2762,Davit_Tiraturyan,2725,Black,3 min,blitz,21,Won,1/27/2019
Akulyan,2754,Dragon1377,2631,Black,3 min,blitz,73,Lost,1/27/2019
Akulyan,2765,Dragon1377,2620,White,3 min,blitz,32,Won,1/27/2019
Akulyan,2760,Dragon1377,2625,Black,3 min,blitz,71,Lost,1/27/2019
Akulyan,2771,Dragon1377,2614,White,3 min,blitz,33,Won,1/27/2019
Akulyan,2766,Dragon1377,2619,Black,3 min,blitz,65,Won,1/27/2019
Akulyan,2761,FanMWPChess,2739,White,3 min,blitz,41,Won,1/27/2019
Akulyan,2753,FanMWPChess,2747,Black,3 min,blitz,55,Won,1/27/2019
Akulyan,2745,TMTor,2849,Black,3 min,blitz,8,Lost,1/27/2019
Akulyan,2751,TMTor,2843,White,3 min,blitz,33,Lost,1/27/2019
Akulyan,2757,TMTor,2837,Black,3 min,blitz,41,Lost,1/27/2019
Akulyan,2763,TMTor,2831,White,3 min,blitz,107,Won,1/27/2019
Akulyan,2753,TMTor,2841,Black,3 min,blitz,44,Lost,1/27/2019
Akulyan,2759,amintabatabaei,2810,Black,3 min,blitz,31,Lost,1/27/2019
Akulyan,2766,amintabatabaei,2803,White,3 min,blitz,37,Lost,1/27/2019
Akulyan,2774,amintabatabaei,2795,Black,3 min,blitz,35,Lost,1/27/2019
Akulyan,2782,amintabatabaei,2787,White,3 min,blitz,39,Won,1/27/2019
Akulyan,2773,Sadykov_Ramil,2529,White,3 min,blitz,29,Won,1/27/2019
Akulyan,2770,NTBT_DHS,2739,Black,3 min,blitz,15,Won,1/27/2019
Akulyan,2762,Mustang2018,2650,White,3 min,blitz,26,Lost,1/27/2019
Akulyan,2773,Mustang2018,2639,Black,3 min,blitz,27,Lost,1/27/2019
Akulyan,2784,Mustang2018,2628,White,3 min,blitz,24,Won,1/27/2019
Akulyan,2779,Mustang2018,2633,Black,3 min,blitz,29,Won,1/27/2019
Akulyan,2774,SteelSpider,2673,White,3 min,blitz,24,Won,1/27/2019
Akulyan,2768,SteelSpider,2679,Black,3 min,blitz,45,Won,1/27/2019
Akulyan,2762,hzhzwws,2537,Black,3 min,blitz,46,Won,1/27/2019
Akulyan,2758,MMKGranger,2484,Black,3 min,blitz,49,Lost,1/27/2019
Akulyan,2772,Tjktiger,2714,Black,3 min,blitz,17,Lost,1/27/2019