player,player_rating,opponent,opponent_rating,side,time_control,time_category,moves,result,date
Akulyan,2721,Davit_Tiraturyan,2829,White,1 min,bullet,37,Lost,1/28/2019
Akulyan,2727,Davit_Tiraturyan,2823,Black,1 min,bullet,16,Lost,1/28/2019
Akulyan,2733,Davit_Tiraturyan,2817,White,1 min,bullet,27,Lost,1/28/2019
Akulyan,2739,Davit_Tiraturyan,2811,Black,1 min,bullet,73,Lost,1/28/2019
Akulyan,2746,djamir,2698,White,1 min,bullet,0,Lost,1/28/2019
Akulyan,2756,Armine999,800),Black,1 min,bullet,16,Won,1/28/2019
Akulyan,2756,djamir,2705,Black,1 min,bullet,56,Lost,1/27/2019
Akulyan,2766,djamir,2695,White,1 min,bullet,31,Won,1/27/2019
Akulyan,2759,djamir,2702,Black,1 min,bullet,59,Lost,1/27/2019
Akulyan,2769,djamir,2692,White,1 min,bullet,62,Draw,1/27/2019
Akulyan,2771,djamir,2690,Black,1 min,bullet,47,Lost,1/27/2019
Akulyan,2781,djamir,2680,White,1 min,bullet,42,Won,1/27/2019
Akulyan,2775,djamir,2686,Black,1 min,bullet,54,Won,1/27/2019
Akulyan,2769,djamir,2692,White,1 min,bullet,54,Lost,1/27/2019
Akulyan,2779,djamir,2682,Black,1 min,bullet,19,Won,1/27/2019
Akulyan,2773,djamir,2688,White,1 min,bullet,23,Won,1/27/2019
Akulyan,2767,djamir,2694,Black,1 min,bullet,44,Draw,1/27/2019
Akulyan,2769,djamir,2692,White,1 min,bullet,80,Lost,1/27/2019
Akulyan,2779,djamir,2682,Black,1 min,bullet,47,Won,1/27/2019
Akulyan,2773,djamir,2688,White,1 min,bullet,53,Won,1/27/2019
Akulyan,2767,djamir,2694,Black,1 min,bullet,41,Won,1/27/2019
Akulyan,2760,djamir,2701,White,1 min,bullet,43,Lost,1/27/2019
Akulyan,2770,djamir,2691,Black,1 min,bullet,46,Lost,1/27/2019
Akulyan,2780,djamir,2681,White,1 min,bullet,55,Won,1/27/2019
Akulyan,2774,djamir,2687,Black,1 min,bullet,66,Lost,1/27/2019
Akulyan,2784,djamir,2677,White,1 min,bullet,41,Won,1/27/2019
Akulyan,2778,djamir,2683,Black,1 min,bullet,22,Lost,1/27/2019
Akulyan,2789,djamir,2672,White,1 min,bullet,26,Won,1/27/2019
Akulyan,2783,djamir,2678,Black,1 min,bullet,35,Won,1/27/2019
Akulyan,2777,djamir,2684,White,1 min,bullet,78,Won,1/27/2019
Akulyan,2771,djamir,2690,Black,1 min,bullet,50,Won,1/27/2019
Akulyan,2765,djamir,2696,White,1 min,bullet,75,Won,1/27/2019
Akulyan,2758,djamir,2703,Black,1 min,bullet,64,Won,1/27/2019
Akulyan,2751,Airagon,2841,Black,1 min,bullet,48,Lost,1/27/2019
Akulyan,2757,Airagon,2835,White,1 min,bullet,51,Won,1/27/2019
Akulyan,2747,Airagon,2845,Black,1 min,bullet,33,Lost,1/27/2019
Akulyan,2753,Airagon,2839,White,1 min,bullet,29,Lost,1/27/2019
Akulyan,2759,Airagon,2833,Black,1 min,bullet,29,Lost,1/27/2019
Akulyan,2766,Chess_Freak007,1818,White,1 min,bullet,63,Won,1/27/2019
Akulyan,2766,DevInProd,2763,White,1 min,bullet,36,Won,1/26/2019
Akulyan,2758,DevInProd,2771,Black,1 min,bullet,36,Won,1/26/2019
Akulyan,2749,Gahan-MG,2605,Black,1 min,bullet,49,Won,1/26/2019
Akulyan,2744,Gahan-MG,2610,White,1 min,bullet,29,Won,1/26/2019
Akulyan,2739,Gahan-MG,2615,Black,1 min,bullet,78,Won,1/26/2019
Akulyan,2733,Gahan-MG,2621,White,1 min,bullet,39,Won,1/26/2019
Akulyan,2727,Gahan-MG,2627,Black,1 min,bullet,58,Won,1/26/2019
Akulyan,2721,Gahan-MG,2633,White,1 min,bullet,39,Won,1/26/2019
Akulyan,2715,Gahan-MG,2639,Black,1 min,bullet,14,Lost,1/26/2019
Akulyan,2725,Gahan-MG,2629,White,1 min,bullet,83,Draw,1/26/2019
Akulyan,2727,Gahan-MG,2627,Black,1 min,bullet,46,Won,1/26/2019