player,player_rating,opponent,opponent_rating,side,time_control,time_category,moves,result,date
Akulyan,2860,ARMCOMPOSER,2958,Black,3 min,blitz,57,Lost,3/3/2019
Akulyan,2866,ARMCOMPOSER,2952,White,3 min,blitz,28,Lost,3/2/2019
Akulyan,2872,ARMCOMPOSER,2946,Black,3 min,blitz,60,Won,3/2/2019
Akulyan,2862,ARMCOMPOSER,2956,White,3 min,blitz,73,Lost,3/2/2019
Akulyan,2868,ARMCOMPOSER,2950,Black,3 min,blitz,109,Lost,3/2/2019
Akulyan,2874,ARMCOMPOSER,2944,White,3 min,blitz,83,Won,3/2/2019
Akulyan,2864,ARMCOMPOSER,2954,Black,3 min,blitz,31,Lost,3/2/2019
Akulyan,2870,ARMCOMPOSER,2948,White,3 min,blitz,70,Won,3/2/2019
Akulyan,2844,Farrukh_Amonatov,2850,Black,3 min,blitz,35,Won,2/3/2019
Akulyan,2835,Farrukh_Amonatov,2859,White,3 min,blitz,47,Lost,2/3/2019
Akulyan,2843,Farrukh_Amonatov,2851,Black,3 min,blitz,90,Won,2/3/2019
Akulyan,2834,Farrukh_Amonatov,2860,White,3 min,blitz,54,Lost,2/3/2019
Akulyan,2842,Farrukh_Amonatov,2852,Black,3 min,blitz,31,Won,2/3/2019
Akulyan,2833,Farrukh_Amonatov,2861,White,3 min,blitz,77,Draw,2/3/2019
Akulyan,2832,Farrukh_Amonatov,2862,Black,3 min,blitz,48,Won,2/3/2019
Akulyan,2823,Farrukh_Amonatov,2871,White,3 min,blitz,31,Lost,2/3/2019
Akulyan,2830,Farrukh_Amonatov,2864,Black,3 min,blitz,25,Won,2/3/2019
Akulyan,2821,Farrukh_Amonatov,2873,White,3 min,blitz,61,Draw,2/3/2019
Akulyan,2820,Farrukh_Amonatov,2874,Black,3 min,blitz,41,Lost,2/3/2019
Akulyan,2827,Farrukh_Amonatov,2867,White,3 min,blitz,75,Lost,2/3/2019
Akulyan,2834,Farrukh_Amonatov,2860,Black,3 min,blitz,51,Won,2/3/2019
Akulyan,2825,Torosyan_Norayr,2605,Black,3 min,blitz,38,Lost,2/3/2019
Akulyan,2838,Torosyan_Norayr,2592,White,3 min,blitz,14,Won,2/3/2019
Akulyan,2835,Torosyan_Norayr,2595,Black,3 min,blitz,65,Won,2/3/2019
Akulyan,2832,Torosyan_Norayr,2598,White,3 min,blitz,30,Won,2/3/2019
Akulyan,2829,Torosyan_Norayr,2601,Black,3 min,blitz,36,Won,2/3/2019
Akulyan,2826,Torosyan_Norayr,2604,White,3 min,blitz,83,Draw,2/3/2019
Akulyan,2831,Torosyan_Norayr,2599,Black,3 min,blitz,53,Won,2/3/2019
Akulyan,2828,FanMWPChess,2836,White,3 min,blitz,21,Won,2/3/2019
Akulyan,2819,FanMWPChess,2845,Black,3 min,blitz,34,Lost,2/3/2019
Akulyan,2827,FanMWPChess,2837,White,3 min,blitz,83,Won,2/3/2019
Akulyan,2818,FanMWPChess,2846,Black,3 min,blitz,20,Lost,2/3/2019
Akulyan,2826,Miks541,2472,White,3 min,blitz,39,Won,2/3/2019
Akulyan,2824,SteelSpider,2786,Black,3 min,blitz,60,Won,2/3/2019
Akulyan,2817,Shant_Sargsyan,2854,White,3 min,blitz,80,Won,2/3/2019
Akulyan,2808,Azatic,2488,Black,3 min,blitz,38,Won,2/3/2019
Akulyan,2806,Azatic,2490,White,3 min,blitz,32,Won,2/3/2019
Akulyan,2804,GadimbayliA,2750,Black,3 min,blitz,38,Lost,2/3/2019
Akulyan,2814,GadimbayliA,2740,White,3 min,blitz,68,Won,2/3/2019
Akulyan,2807,burbur555,2653,Black,3 min,blitz,42,Won,2/3/2019
Akulyan,2802,GadimbayliA,2740,Black,3 min,blitz,28,Won,2/3/2019
Akulyan,2795,Armine999,532),White,3 min,blitz,17,Won,2/2/2019
Akulyan,2795,RobEri,2744,Black,3 min,blitz,36,Won,2/2/2019
Akulyan,2788,RobEri,2751,White,3 min,blitz,34,Won,2/2/2019
Akulyan,2780,thatsallshewrote,2840,White,3 min,blitz,24,Won,2/2/2019
Akulyan,2770,thatsallshewrote,2850,Black,3 min,blitz,27,Lost,2/1/2019
Akulyan,2777,thatsallshewrote,2843,White,3 min,blitz,47,Lost,2/1/2019
Akulyan,2784,thatsallshewrote,2836,Black,3 min,blitz,52,Won,2/1/2019
Akulyan,2774,thatsallshewrote,2846,White,3 min,blitz,30,Won,2/1/2019
Akulyan,2764,thatsallshewrote,2856,Black,3 min,blitz,77,Lost,2/1/2019