player,player_rating,opponent,opponent_rating,side,time_control,time_category,moves,result,date
Akulyan,2703,Markov_Mikhail,2668,White,3 min,blitz,54,Won,11/13/2018
Akulyan,2695,Davit_Tiraturyan,2614,White,3 min,blitz,39,Won,11/11/2018
Akulyan,2689,GhostOfGreenval,2733,Black,3 min,blitz,25,Lost,11/10/2018
Akulyan,2696,GhostOfGreenval,2726,White,3 min,blitz,71,Lost,11/10/2018
Akulyan,2704,GhostOfGreenval,2718,Black,3 min,blitz,77,Draw,11/10/2018
Akulyan,2704,GhostOfGreenval,2718,White,3 min,blitz,41,Lost,11/10/2018
Akulyan,2712,GhostOfGreenval,2710,Black,3 min,blitz,75,Won,11/10/2018
Akulyan,2704,GhostOfGreenval,2718,White,3 min,blitz,77,Won,11/10/2018
Akulyan,2695,GhostOfGreenval,2727,Black,3 min,blitz,39,Won,11/10/2018
Akulyan,2686,GAGIK_NAVAK,2118,White,3 min,blitz,52,Lost,11/10/2018
Akulyan,2702,GAGIK_NAVAK,2102,Black,3 min,blitz,38,Won,11/10/2018
Akulyan,2702,GAGIK_NAVAK,2102,White,3 min,blitz,57,Won,11/10/2018
Akulyan,2702,GAGIK_NAVAK,2102,Black,3 min,blitz,32,Won,11/10/2018
Akulyan,2702,champ2005,2702,White,3 min,blitz,94,Draw,11/10/2018
Akulyan,2702,KiteZZ,2651,Black,3 min,blitz,50,Won,11/6/2018
Akulyan,2695,KiteZZ,2658,White,3 min,blitz,77,Won,11/6/2018
Akulyan,2687,pKiLz5Rn9b,2735,White,3 min,blitz,64,Won,11/6/2018
Akulyan,2677,carlesdc96,2655,Black,3 min,blitz,67,Won,11/6/2018
Akulyan,2669,carlesdc96,2663,White,3 min,blitz,39,Won,11/6/2018
Akulyan,2661,dommachess06,2629,White,3 min,blitz,25,Won,11/6/2018
Akulyan,2653,Rain_Delay,2687,Black,3 min,blitz,84,Draw,11/6/2018
Akulyan,2652,DeviatkinAndrey,2727,White,3 min,blitz,65,Won,11/6/2018
Akulyan,2642,mmmflatbread,2723,Black,3 min,blitz,64,Lost,11/6/2018
Akulyan,2648,Kouzari,2612,Black,3 min,blitz,70,Won,11/6/2018
Akulyan,2641,almatyonelove,2654,White,3 min,blitz,46,Lost,11/6/2018
Akulyan,2649,almatyonelove,2646,Black,3 min,blitz,71,Won,11/6/2018
Akulyan,2641,almatyonelove,2654,White,3 min,blitz,22,Won,11/6/2018
Akulyan,2632,almatyonelove,2663,Black,3 min,blitz,34,Lost,11/6/2018
Akulyan,2640,almatyonelove,2655,White,3 min,blitz,56,Lost,11/6/2018
Akulyan,2648,almatyonelove,2647,Black,3 min,blitz,52,Lost,11/6/2018
Akulyan,2656,almatyonelove,2639,White,3 min,blitz,19,Won,11/6/2018
Akulyan,2648,almatyonelove,2647,Black,3 min,blitz,77,Lost,11/6/2018
Akulyan,2656,almatyonelove,2639,White,3 min,blitz,90,Won,11/6/2018
Akulyan,2648,almatyonelove,2647,Black,3 min,blitz,30,Lost,11/6/2018
Akulyan,2656,Schokojunkie,2744,White,3 min,blitz,45,Lost,11/4/2018
Akulyan,2662,narekghimoyan,1681,Black,5 min,blitz,37,Won,11/4/2018
Akulyan,2662,Khcho84,2572,White,3 min,blitz,25,Lost,11/4/2018
Akulyan,2674,Khcho84,2472,Black,3 min,blitz,20,Won,11/4/2018
Akulyan,2669,Khcho84,2517,White,3 min,blitz,33,Won,11/4/2018
Akulyan,2662,Khcho84,2591,Black,3 min,blitz,35,Lost,11/4/2018
Akulyan,2675,Mischuk_D,2712,White,3 min,blitz,84,Lost,11/4/2018
Akulyan,2682,Schokojunkie,2714,Black,3 min,blitz,35,Lost,11/4/2018
Akulyan,2690,Schokojunkie,2706,White,3 min,blitz,82,Lost,11/4/2018
Akulyan,2698,Schokojunkie,2698,Black,3 min,blitz,51,Lost,11/4/2018
Akulyan,2686,BrainFish_181102_CPU,2774,White,3 min,blitz,22,Lost,11/3/2018
Akulyan,2692,BrainFish_181102_CPU,2764,Black,3 min,blitz,32,Lost,11/3/2018
Akulyan,2699,BrainFish_181102_CPU,2753,White,3 min,blitz,26,Lost,11/3/2018
Akulyan,2706,GABUZYAN_CHESSMOOD,2807,Black,3 min,blitz,71,Lost,11/3/2018
Akulyan,2712,Khcho84,2382,White,3 min,blitz,83,Lost,11/3/2018
Akulyan,2727,Khcho84,2084,Black,3 min,blitz,14,Won,11/3/2018