player,player_rating,opponent,opponent_rating,side,time_control,time_category,moves,result,date
Akulyan,2694,VitaliyBernadskiy,2773,White,3 min,blitz,40,Won,1/17/2019
Akulyan,2684,Perfeccionista,2685,Black,3 min,blitz,70,Won,1/17/2019
Akulyan,2676,Fighterman91,2659,Black,3 min,blitz,40,Won,1/17/2019
Akulyan,2668,Fighterman91,2667,White,3 min,blitz,52,Lost,1/17/2019
Akulyan,2676,CoachJKane,2532,Black,3 min,blitz,64,Draw,1/17/2019
Akulyan,2679,winnie1401,2616,Black,3 min,blitz,52,Lost,1/17/2019
Akulyan,2689,baslyabaslya,2530,White,3 min,blitz,36,Won,1/17/2019
Akulyan,2684,sevketpakel,2525,White,3 min,blitz,59,Won,1/17/2019
Akulyan,2679,SteelSpider,2703,Black,3 min,blitz,20,Lost,1/17/2019
Akulyan,2687,justantan,2698,White,3 min,blitz,42,Draw,1/17/2019
Akulyan,2687,Gyalog75,2540,White,3 min,blitz,67,Won,1/17/2019
Akulyan,2682,rfelgaer,2702,Black,3 min,blitz,79,Draw,1/17/2019
Akulyan,2682,H1ppopotamus,2591,Black,3 min,blitz,87,Lost,1/17/2019
Akulyan,2692,Suren_Avetisyan,2557,Black,3 min,blitz,78,Won,1/17/2019
Akulyan,2687,CoachJKane,2541,White,3 min,blitz,69,Won,1/17/2019
Akulyan,2682,Piliposyann,2437,White,3 min,blitz,19,Won,1/17/2019
Akulyan,2679,Piliposyann,2440,Black,3 min,blitz,67,Won,1/17/2019
Akulyan,2676,Piliposyann,2443,White,3 min,blitz,29,Draw,1/17/2019
Akulyan,2681,Piliposyann,2438,Black,3 min,blitz,51,Won,1/17/2019
Akulyan,2678,Piliposyann,2441,White,3 min,blitz,33,Won,1/17/2019
Akulyan,2675,Piliposyann,2444,Black,3 min,blitz,117,Won,1/17/2019
Akulyan,2672,Piliposyann,2447,White,3 min,blitz,35,Won,1/17/2019
Akulyan,2668,Piliposyann,2451,Black,3 min,blitz,67,Won,1/17/2019
Akulyan,2664,Piliposyann,2455,White,3 min,blitz,52,Won,1/17/2019
Akulyan,2660,Piliposyann,2459,Black,3 min,blitz,31,Won,1/17/2019
Akulyan,2656,Markov_Mikhail,2693,Black,3 min,blitz,93,Lost,1/17/2019
Akulyan,2663,FreddyN,2505,White,3 min,blitz,65,Won,1/17/2019
Akulyan,2658,Markov_Mikhail,2678,White,3 min,blitz,49,Won,1/17/2019
Akulyan,2649,RomanIminov,2527,Black,3 min,blitz,53,Lost,1/17/2019
Akulyan,2660,Reks-murka,2720,Black,3 min,blitz,45,Lost,1/17/2019
Akulyan,2667,German_Bazeev,2775,Black,3 min,blitz,55,Lost,1/17/2019
Akulyan,2673,Piliposyann,2463,White,3 min,blitz,37,Won,1/17/2019
Akulyan,2669,Piliposyann,2467,Black,3 min,blitz,47,Won,1/17/2019
Akulyan,2665,WFAFAF,2618,White,3 min,blitz,77,Lost,1/17/2019
Akulyan,2674,WFAFAF,2609,Black,3 min,blitz,15,Won,1/17/2019
Akulyan,2667,WFAFAF,2616,White,3 min,blitz,44,Lost,1/17/2019
Akulyan,2677,Suren_Avetisyan,2582,White,3 min,blitz,26,Won,1/17/2019
Akulyan,2671,Kiborg95,2674,White,3 min,blitz,37,Draw,1/17/2019
Akulyan,2671,Kiborg95,2674,Black,3 min,blitz,24,Lost,1/17/2019
Akulyan,2679,Kiborg95,2666,White,3 min,blitz,38,Lost,1/17/2019
Akulyan,2688,Kiborg95,2657,Black,3 min,blitz,31,Lost,1/17/2019
Akulyan,2697,WFAFAF,2598,Black,3 min,blitz,42,Lost,1/17/2019
Akulyan,2708,Davit_Tiraturyan,2659,Black,3 min,blitz,22,Won,1/16/2019
Akulyan,2701,Davit_Tiraturyan,2666,White,3 min,blitz,69,Won,1/16/2019
Akulyan,2693,Davit_Tiraturyan,2674,Black,3 min,blitz,27,Lost,1/16/2019
Akulyan,2702,Davit_Tiraturyan,2665,White,3 min,blitz,52,Won,1/16/2019
Akulyan,2695,Davit_Tiraturyan,2672,Black,3 min,blitz,58,Won,1/16/2019
Akulyan,2687,superchess02,2776,White,3 min,blitz,33,Lost,1/16/2019
Akulyan,2693,superchess02,2770,Black,3 min,blitz,23,Lost,1/16/2019
Akulyan,2700,MyRatingis1524,2775,White,3 min,blitz,45,Lost,1/15/2019