player,player_rating,opponent,opponent_rating,side,time_control,time_category,moves,result,date
Akulyan,2757,PetrosyanManuel,2706,White,3 min,blitz,49,Won,10/20/2018
Akulyan,2750,PetrosyanManuel,2713,Black,3 min,blitz,53,Won,10/20/2018
Akulyan,2742,PetrosyanManuel,2721,White,3 min,blitz,56,Won,10/20/2018
Akulyan,2734,PetrosyanManuel,2729,Black,3 min,blitz,223,Draw,10/20/2018
Akulyan,2734,PetrosyanManuel,2729,White,3 min,blitz,81,Lost,10/20/2018
Akulyan,2743,PetrosyanManuel,2720,Black,3 min,blitz,62,Won,10/20/2018
Akulyan,2735,GMGrisha2006,2131,Black,3 min,blitz,27,Won,10/20/2018
Akulyan,2735,fremidus,2554,Black,3 min,blitz,75,Lost,10/19/2018
Akulyan,2747,fremidus,2538,White,3 min,blitz,58,Won,10/19/2018
Akulyan,2743,Azatnew,2628,Black,3 min,blitz,42,Won,10/19/2018
Akulyan,2737,sh1878,2626,White,3 min,blitz,12,Draw,10/16/2018
Akulyan,2740,Duhless,2878,White,3 min,blitz,24,Lost,10/14/2018
Akulyan,2745,imany1,2600,Black,3 min,blitz,37,Won,10/14/2018
Akulyan,2740,imany1,2605,White,3 min,blitz,68,Draw,10/14/2018
Akulyan,2743,imany1,2602,Black,3 min,blitz,39,Won,10/14/2018
Akulyan,2738,imany1,2607,White,3 min,blitz,75,Lost,10/14/2018
Akulyan,2749,imany1,2596,Black,3 min,blitz,56,Lost,10/14/2018
Akulyan,2761,imany1,2584,White,3 min,blitz,34,Won,10/14/2018
Akulyan,2757,imany1,2588,Black,3 min,blitz,30,Won,10/14/2018
Akulyan,2752,imany1,2593,White,3 min,blitz,41,Won,10/14/2018
Akulyan,2747,imany1,2598,Black,3 min,blitz,26,Won,10/14/2018
Akulyan,2742,imany1,2603,White,3 min,blitz,31,Won,10/14/2018
Akulyan,2737,imany1,2608,Black,3 min,blitz,41,Lost,10/14/2018
Akulyan,2748,imany1,2597,White,3 min,blitz,31,Won,10/14/2018
Akulyan,2743,imany1,2602,Black,3 min,blitz,30,Lost,10/14/2018
Akulyan,2755,imany1,2590,White,3 min,blitz,38,Won,10/14/2018
Akulyan,2750,Pavel_Korolyov,2756,Black,3 min,blitz,10,Lost,10/14/2018
Akulyan,2758,Pavel_Korolyov,2748,White,3 min,blitz,60,Won,10/14/2018
Akulyan,2750,Miqo3000,2038,Black,3 min,blitz,18,Won,10/14/2018
Akulyan,2750,Miqo3000,2038,White,3 min,blitz,31,Won,10/14/2018
Akulyan,2750,Miqo3000,2038,Black,3 min,blitz,30,Won,10/14/2018
Akulyan,2750,Miqo3000,2038,White,3 min,blitz,35,Won,10/14/2018
Akulyan,2750,Miqo3000,2038,Black,3 min,blitz,32,Won,10/14/2018
Akulyan,2750,Miqo3000,2038,White,3 min,blitz,49,Won,10/14/2018
Akulyan,2750,Black_Coffin,2654,Black,3 min,blitz,40,Won,10/13/2018
Akulyan,2744,imany1,2595,Black,3 min,blitz,29,Lost,10/13/2018
Akulyan,2756,ARMCOMPOSER,2884,White,3 min,blitz,41,Lost,10/13/2018
Akulyan,2761,ARMCOMPOSER,2879,Black,3 min,blitz,57,Lost,10/13/2018
Akulyan,2767,ARMCOMPOSER,2873,White,3 min,blitz,29,Lost,10/13/2018
Akulyan,2773,ARMCOMPOSER,2867,Black,3 min,blitz,18,Lost,10/13/2018
Akulyan,2779,ARMCOMPOSER,2861,White,3 min,blitz,62,Won,10/13/2018
Akulyan,2769,ARMCOMPOSER,2871,Black,3 min,blitz,55,Lost,10/13/2018
Akulyan,2775,ARMCOMPOSER,2865,White,3 min,blitz,24,Lost,10/13/2018
Akulyan,2781,ARMCOMPOSER,2859,Black,3 min,blitz,55,Lost,10/13/2018
Akulyan,2788,ARMCOMPOSER,2852,White,3 min,blitz,40,Lost,10/13/2018
Akulyan,2795,ARMCOMPOSER,2845,Black,3 min,blitz,32,Won,10/13/2018
Akulyan,2785,ARMCOMPOSER,2855,White,3 min,blitz,66,Lost,10/13/2018
Akulyan,2792,ARMCOMPOSER,2848,Black,3 min,blitz,65,Won,10/13/2018
Akulyan,2782,ARMCOMPOSER,2858,White,3 min,blitz,47,Lost,10/13/2018
Akulyan,2789,ARMCOMPOSER,2851,Black,3 min,blitz,31,Lost,10/13/2018