player,player_rating,opponent,opponent_rating,side,time_control,time_category,moves,result,date
Akulyan,2716,ChessWarrior7197,2653,Black,1 min,bullet,28,Lost,1/13/2019
Akulyan,2726,ChessWarrior7197,2643,White,1 min,bullet,34,Won,1/13/2019
Akulyan,2720,SE1EN,2556,White,1 min,bullet,44,Lost,1/13/2019
Akulyan,2732,SE1EN,2544,Black,1 min,bullet,23,Won,1/13/2019
Akulyan,2728,chess10kp,2369,Black,1 min,bullet,22,Won,1/13/2019
Akulyan,2726,bangchess21,2562,White,1 min,bullet,64,Lost,1/13/2019
Akulyan,2738,Anahita_Gholami,2728,Black,1 min,bullet,47,Lost,1/13/2019
Akulyan,2747,whyme85,2373,White,1 min,bullet,61,Won,1/13/2019
Akulyan,2745,Davit_Tiraturyan,2769,White,30 sec,bullet,32,Won,1/12/2019
Akulyan,2736,Davit_Tiraturyan,2778,Black,30 sec,bullet,35,Won,1/12/2019
Akulyan,2727,Davit_Tiraturyan,2787,White,30 sec,bullet,31,Won,1/12/2019
Akulyan,2717,Davit_Tiraturyan,2797,Black,30 sec,bullet,50,Lost,1/12/2019
Akulyan,2723,Davit_Tiraturyan,2791,White,30 sec,bullet,39,Lost,1/12/2019
Akulyan,2730,Davit_Tiraturyan,2784,Black,30 sec,bullet,31,Lost,1/12/2019
Akulyan,2737,Davit_Tiraturyan,2777,White,30 sec,bullet,37,Lost,1/12/2019
Akulyan,2744,Davit_Tiraturyan,2770,Black,30 sec,bullet,70,Won,1/12/2019
Akulyan,2735,Davit_Tiraturyan,2779,White,30 sec,bullet,68,Won,1/12/2019
Akulyan,2726,Davit_Tiraturyan,2788,Black,30 sec,bullet,11,Lost,1/12/2019
Akulyan,2733,Davit_Tiraturyan,2781,White,30 sec,bullet,26,Lost,1/12/2019
Akulyan,2740,Davit_Tiraturyan,2774,Black,30 sec,bullet,39,Lost,1/12/2019
Akulyan,2748,Davit_Tiraturyan,2766,White,30 sec,bullet,14,Lost,1/12/2019
Akulyan,2756,ZenMast3r,2370,Black,1 min,bullet,50,Won,1/10/2019
Akulyan,2754,ZenMast3r,2372,White,1 min,bullet,39,Won,1/10/2019
Akulyan,2752,ZenMast3r,2374,Black,1 min,bullet,0,Won,1/10/2019
Akulyan,2750,ZenMast3r,2376,White,1 min,bullet,47,Won,1/10/2019
Akulyan,2748,ZenMast3r,2378,Black,1 min,bullet,0,Won,1/10/2019
Akulyan,2746,SE1EN,2545,White,1 min,bullet,20,Won,1/10/2019
Akulyan,2742,Gomatte,2608,Black,1 min,bullet,5,Won,1/10/2019
Akulyan,2737,Gomatte,2613,White,1 min,bullet,39,Won,1/10/2019
Akulyan,2732,Gomatte,2618,Black,1 min,bullet,19,Won,1/10/2019
Akulyan,2726,Gomatte,2624,White,1 min,bullet,51,Won,1/10/2019
Akulyan,2720,Gomatte,2630,Black,1 min,bullet,25,Won,1/10/2019
Akulyan,2714,Gomatte,2636,White,1 min,bullet,54,Won,1/10/2019
Akulyan,2707,Gomatte,2643,Black,1 min,bullet,58,Lost,1/10/2019
Akulyan,2717,Gomatte,2633,White,1 min,bullet,66,Won,1/10/2019
Akulyan,2711,jozkoprokes,2337,Black,1 min,bullet,20,Won,1/10/2019
Akulyan,2709,mitrabhaa,2539,White,1 min,bullet,59,Won,1/7/2019
Akulyan,2704,MichaelRoiz,2839,White,1 min,bullet,29,Lost,1/6/2019
Akulyan,2709,MichaelRoiz,2834,Black,1 min,bullet,56,Lost,1/6/2019
Akulyan,2714,Barboval,2518,Black,1 min,bullet,74,Lost,1/6/2019
Akulyan,2726,Barboval,2506,White,1 min,bullet,51,Lost,1/6/2019
Akulyan,2739,pawel9421,2506,White,1 min,bullet,29,Won,1/3/2019
Akulyan,2736,pawel9421,2509,Black,1 min,bullet,43,Won,1/3/2019
Akulyan,2732,pawel9421,2513,White,1 min,bullet,60,Won,1/3/2019
Akulyan,2728,pawel9421,2517,Black,1 min,bullet,46,Won,1/3/2019
Akulyan,2724,pawel9421,2521,White,1 min,bullet,17,Won,1/3/2019
Akulyan,2720,pawel9421,2525,Black,1 min,bullet,49,Won,1/3/2019
Akulyan,2716,wolf_15,2431,Black,1 min,bullet,77,Draw,1/3/2019
Akulyan,2722,wolf_15,2425,White,1 min,bullet,27,Won,1/3/2019
Akulyan,2719,wolf_15,2428,Black,1 min,bullet,41,Won,1/3/2019