player,player_rating,opponent,opponent_rating,side,time_control,time_category,moves,result,date
Akulyan,2758,wolf_15,2460,White,1 min,bullet,26,Won,12/31/2018
Akulyan,2755,johnathan113,2791,Black,1 min,bullet,50,Won,12/30/2018
Akulyan,2746,johnathan113,2800,White,1 min,bullet,62,Lost,12/30/2018
Akulyan,2753,johnathan113,2793,Black,1 min,bullet,42,Lost,12/30/2018
Akulyan,2760,johnathan113,2786,White,1 min,bullet,74,Draw,12/30/2018
Akulyan,2759,johnathan113,2787,Black,1 min,bullet,43,Won,12/30/2018
Akulyan,2750,GMSrinath,2748,Black,1 min,bullet,29,Lost,12/29/2018
Akulyan,2758,GMSrinath,2740,White,1 min,bullet,27,Lost,12/29/2018
Akulyan,2767,GMSrinath,2731,Black,1 min,bullet,51,Won,12/29/2018
Akulyan,2760,GMSrinath,2738,White,1 min,bullet,55,Won,12/29/2018
Akulyan,2752,GMSrinath,2746,Black,1 min,bullet,58,Won,12/29/2018
Akulyan,2744,GMSrinath,2754,White,1 min,bullet,39,Won,12/29/2018
Akulyan,2735,GMSrinath,2763,Black,1 min,bullet,52,Lost,12/29/2018
Akulyan,2743,GMSrinath,2755,White,1 min,bullet,54,Lost,12/29/2018
Akulyan,2751,GMSrinath,2747,Black,1 min,bullet,69,Won,12/29/2018
Akulyan,2743,GMSrinath,2755,White,1 min,bullet,43,Won,12/29/2018
Akulyan,2734,GMSrinath,2764,Black,1 min,bullet,32,Won,12/29/2018
Akulyan,2725,hapoel_kfs,2633,White,1 min,bullet,20,Lost,12/29/2018
Akulyan,2735,hapoel_kfs,2623,Black,1 min,bullet,13,Lost,12/29/2018
Akulyan,2746,hapoel_kfs,2612,White,1 min,bullet,69,Won,12/29/2018
Akulyan,2741,hapoel_kfs,2617,Black,1 min,bullet,15,Lost,12/29/2018
Akulyan,2752,NTBT_DHS,2666,White,1 min,bullet,47,Won,12/29/2018
Akulyan,2746,NTBT_DHS,2672,Black,1 min,bullet,61,Lost,12/29/2018
Akulyan,2756,SARGISMV,2325,Black,1 min,bullet,33,Won,12/29/2018
Akulyan,2755,SARGISMV,2326,White,1 min,bullet,62,Won,12/29/2018
Akulyan,2754,SARGISMV,2328,Black,1 min,bullet,37,Won,12/29/2018
Akulyan,2753,SARGISMV,2329,White,1 min,bullet,32,Won,12/29/2018
Akulyan,2752,SARGISMV,2330,Black,1 min,bullet,28,Won,12/29/2018
Akulyan,2751,SARGISMV,2331,White,1 min,bullet,54,Lost,12/29/2018
Akulyan,2766,NTBT_DHS,2734,White,1 min,bullet,55,Lost,12/28/2018
Akulyan,2775,NTBT_DHS,2725,Black,1 min,bullet,67,Won,12/28/2018
Akulyan,2768,NTBT_DHS,2732,White,1 min,bullet,58,Won,12/28/2018
Akulyan,2761,NTBT_DHS,2739,Black,1 min,bullet,25,Lost,12/28/2018
Akulyan,2770,NTBT_DHS,2730,White,1 min,bullet,40,Lost,12/28/2018
Akulyan,2779,NTBT_DHS,2721,Black,1 min,bullet,21,Lost,12/28/2018
Akulyan,2789,NTBT_DHS,2711,White,1 min,bullet,41,Won,12/28/2018
Akulyan,2782,NTBT_DHS,2718,Black,1 min,bullet,41,Won,12/28/2018
Akulyan,2775,NTBT_DHS,2725,White,1 min,bullet,31,Won,12/28/2018
Akulyan,2768,NTBT_DHS,2732,Black,1 min,bullet,28,Won,12/28/2018
Akulyan,2760,NTBT_DHS,2740,White,1 min,bullet,39,Draw,12/28/2018
Akulyan,2761,NTBT_DHS,2739,Black,1 min,bullet,32,Won,12/28/2018
Akulyan,2753,NTBT_DHS,2747,White,1 min,bullet,26,Lost,12/28/2018
Akulyan,2762,NTBT_DHS,2738,Black,1 min,bullet,33,Won,12/28/2018
Akulyan,2754,NTBT_DHS,2746,White,1 min,bullet,52,Lost,12/28/2018
Akulyan,2763,NTBT_DHS,2737,Black,1 min,bullet,33,Won,12/28/2018
Akulyan,2755,NTBT_DHS,2745,White,1 min,bullet,30,Lost,12/28/2018
Akulyan,2764,NTBT_DHS,2736,Black,1 min,bullet,55,Won,12/28/2018
Akulyan,2756,NTBT_DHS,2744,White,1 min,bullet,33,Won,12/28/2018
Akulyan,2748,NTBT_DHS,2752,Black,1 min,bullet,37,Lost,12/28/2018
Akulyan,2756,NTBT_DHS,2744,White,1 min,bullet,32,Won,12/28/2018