player,player_rating,opponent,opponent_rating,side,time_control,time_category,moves,result,date
Akulyan,2831,Davit_Tiraturyan,2738,Black,30 sec,bullet,46,Won,1/28/2019
Akulyan,2825,Davit_Tiraturyan,2744,White,30 sec,bullet,28,Won,1/28/2019
Akulyan,2819,Davit_Tiraturyan,2750,Black,30 sec,bullet,34,Lost,1/28/2019
Akulyan,2829,Davit_Tiraturyan,2740,White,30 sec,bullet,50,Won,1/28/2019
Akulyan,2823,Davit_Tiraturyan,2746,Black,30 sec,bullet,84,Lost,1/28/2019
Akulyan,2833,Davit_Tiraturyan,2736,White,30 sec,bullet,33,Won,1/28/2019
Akulyan,2827,Davit_Tiraturyan,2742,Black,30 sec,bullet,20,Won,1/28/2019
Akulyan,2821,Davit_Tiraturyan,2748,White,30 sec,bullet,38,Lost,1/28/2019
Akulyan,2831,Davit_Tiraturyan,2738,Black,30 sec,bullet,51,Won,1/28/2019
Akulyan,2825,Davit_Tiraturyan,2744,White,30 sec,bullet,59,Won,1/28/2019
Akulyan,2819,Davit_Tiraturyan,2750,Black,30 sec,bullet,24,Lost,1/28/2019
Akulyan,2829,Davit_Tiraturyan,2740,White,30 sec,bullet,40,Won,1/28/2019
Akulyan,2823,Davit_Tiraturyan,2731,Black,30 sec,bullet,58,Won,1/28/2019
Akulyan,2817,Davit_Tiraturyan,2737,White,30 sec,bullet,61,Won,1/28/2019
Akulyan,2811,Davit_Tiraturyan,2743,Black,30 sec,bullet,32,Lost,1/28/2019
Akulyan,2821,Davit_Tiraturyan,2733,White,30 sec,bullet,25,Won,1/28/2019
Akulyan,2815,Davit_Tiraturyan,2739,Black,30 sec,bullet,24,Won,1/28/2019
Akulyan,2808,Davit_Tiraturyan,2746,White,30 sec,bullet,48,Won,1/28/2019
Akulyan,2801,Davit_Tiraturyan,2753,Black,30 sec,bullet,54,Lost,1/28/2019
Akulyan,2811,Davit_Tiraturyan,2743,White,30 sec,bullet,24,Won,1/28/2019
Akulyan,2804,Davit_Tiraturyan,2750,Black,30 sec,bullet,43,Lost,1/28/2019
Akulyan,2814,Davit_Tiraturyan,2740,White,30 sec,bullet,49,Won,1/28/2019
Akulyan,2807,Davit_Tiraturyan,2747,Black,30 sec,bullet,33,Won,1/28/2019
Akulyan,2800,Davit_Tiraturyan,2754,White,30 sec,bullet,19,Won,1/28/2019
Akulyan,2793,Davit_Tiraturyan,2761,Black,30 sec,bullet,43,Lost,1/28/2019
Akulyan,2802,Davit_Tiraturyan,2752,White,30 sec,bullet,60,Won,1/28/2019
Akulyan,2795,Davit_Tiraturyan,2759,Black,30 sec,bullet,42,Won,1/28/2019
Akulyan,2787,Davit_Tiraturyan,2767,White,30 sec,bullet,46,Lost,1/28/2019
Akulyan,2796,Davit_Tiraturyan,2758,Black,30 sec,bullet,55,Won,1/28/2019
Akulyan,2789,Davit_Tiraturyan,2765,White,30 sec,bullet,53,Won,1/28/2019
Akulyan,2781,Davit_Tiraturyan,2773,Black,30 sec,bullet,42,Won,1/28/2019
Akulyan,2773,Davit_Tiraturyan,2781,White,30 sec,bullet,59,Draw,1/28/2019
Akulyan,2773,Davit_Tiraturyan,2781,Black,30 sec,bullet,41,Lost,1/28/2019
Akulyan,2781,Davit_Tiraturyan,2773,White,30 sec,bullet,56,Lost,1/28/2019
Akulyan,2790,Davit_Tiraturyan,2764,Black,30 sec,bullet,17,Won,1/28/2019
Akulyan,2782,Davit_Tiraturyan,2772,White,30 sec,bullet,36,Won,1/28/2019
Akulyan,2774,Davit_Tiraturyan,2780,Black,30 sec,bullet,21,Won,1/28/2019
Akulyan,2765,Davit_Tiraturyan,2789,White,30 sec,bullet,50,Won,1/28/2019
Akulyan,2756,Davit_Tiraturyan,2798,Black,30 sec,bullet,46,Won,1/28/2019
Akulyan,2747,Davit_Tiraturyan,2807,White,30 sec,bullet,46,Draw,1/28/2019
Akulyan,2746,Davit_Tiraturyan,2808,Black,30 sec,bullet,70,Draw,1/28/2019
Akulyan,2745,Davit_Tiraturyan,2809,White,30 sec,bullet,28,Won,1/28/2019
Akulyan,2735,Davit_Tiraturyan,2819,Black,1 min,bullet,49,Draw,1/28/2019
Akulyan,2733,djamir,2679,Black,1 min,bullet,56,Lost,1/28/2019
Akulyan,2743,djamir,2669,White,1 min,bullet,51,Won,1/28/2019
Akulyan,2736,djamir,2676,Black,1 min,bullet,55,Won,1/28/2019
Akulyan,2729,Davit_Tiraturyan,2821,White,30 sec,bullet,32,Lost,1/28/2019
Akulyan,2735,Davit_Tiraturyan,2815,Black,30 sec,bullet,51,Lost,1/28/2019
Akulyan,2741,Davit_Tiraturyan,2809,White,30 sec,bullet,36,Won,1/28/2019
Akulyan,2731,Davit_Tiraturyan,2819,Black,1 min,bullet,29,Won,1/28/2019