player,player_rating,opponent,opponent_rating,side,time_control,time_category,moves,result,date
Akulyan,2716,wolf_15,2431,White,1 min,bullet,62,Won,1/3/2019
Akulyan,2713,wolf_15,2434,Black,1 min,bullet,31,Won,1/3/2019
Akulyan,2710,wolf_15,2437,White,1 min,bullet,43,Won,1/3/2019
Akulyan,2707,wolf_15,2440,Black,1 min,bullet,27,Won,1/3/2019
Akulyan,2704,wolf_15,2443,White,1 min,bullet,15,Won,1/3/2019
Akulyan,2701,wolf_15,2446,Black,1 min,bullet,29,Lost,1/3/2019
Akulyan,2714,wolf_15,2433,White,1 min,bullet,88,Draw,1/3/2019
Akulyan,2719,wolf_15,2428,Black,1 min,bullet,33,Won,1/3/2019
Akulyan,2716,wolf_15,2431,White,1 min,bullet,44,Won,1/3/2019
Akulyan,2713,wolf_15,2434,Black,1 min,bullet,53,Won,1/3/2019
Akulyan,2710,wolf_15,2437,White,1 min,bullet,40,Won,1/3/2019
Akulyan,2707,wolf_15,2440,Black,1 min,bullet,32,Won,1/3/2019
Akulyan,2704,wolf_15,2443,White,1 min,bullet,28,Won,1/3/2019
Akulyan,2701,wolf_15,2446,Black,1 min,bullet,28,Won,1/3/2019
Akulyan,2698,wolf_15,2449,White,1 min,bullet,51,Won,1/3/2019
Akulyan,2695,wolf_15,2452,Black,1 min,bullet,53,Won,1/3/2019
Akulyan,2692,wolf_15,2455,White,1 min,bullet,44,Won,1/3/2019
Akulyan,2689,wolf_15,2458,Black,1 min,bullet,45,Won,1/3/2019
Akulyan,2686,MFBorn,2432,Black,1 min,bullet,31,Lost,1/2/2019
Akulyan,2699,MFBorn,2419,White,1 min,bullet,65,Draw,1/2/2019
Akulyan,2704,ModestasZiogas,2375,White,1 min,bullet,29,Won,1/2/2019
Akulyan,2702,ModestasZiogas,2377,Black,1 min,bullet,34,Won,1/2/2019
Akulyan,2700,Carnapian,2494,White,1 min,bullet,47,Lost,1/2/2019
Akulyan,2713,Blackmind96,2708,White,1 min,bullet,19,Lost,1/2/2019
Akulyan,2721,Muracle,2582,Black,1 min,bullet,50,Lost,1/2/2019
Akulyan,2732,Muracle,2571,White,1 min,bullet,54,Won,1/2/2019
Akulyan,2727,7hanat,2627,White,1 min,bullet,53,Lost,1/1/2019
Akulyan,2738,MaximDlugy,2795,Black,1 min,bullet,78,Lost,1/1/2019
Akulyan,2745,GMSrinath,2807,Black,1 min,bullet,31,Lost,12/31/2018
Akulyan,2752,GMSrinath,2800,White,1 min,bullet,47,Lost,12/31/2018
Akulyan,2759,GMSrinath,2793,Black,1 min,bullet,19,Lost,12/31/2018
Akulyan,2767,GMSrinath,2785,White,1 min,bullet,36,Won,12/31/2018
Akulyan,2758,GMSrinath,2794,Black,1 min,bullet,50,Lost,12/31/2018
Akulyan,2766,GMSrinath,2786,White,1 min,bullet,35,Lost,12/31/2018
Akulyan,2774,GMSrinath,2778,Black,1 min,bullet,59,Won,12/31/2018
Akulyan,2766,GMSrinath,2786,White,1 min,bullet,64,Lost,12/31/2018
Akulyan,2774,GMSrinath,2778,Black,1 min,bullet,27,Won,12/31/2018
Akulyan,2766,GMSrinath,2786,White,1 min,bullet,54,Lost,12/31/2018
Akulyan,2774,GMSrinath,2778,Black,1 min,bullet,64,Lost,12/31/2018
Akulyan,2782,GMSrinath,2770,White,1 min,bullet,27,Won,12/31/2018
Akulyan,2774,GMSrinath,2778,Black,1 min,bullet,60,Lost,12/31/2018
Akulyan,2782,GMSrinath,2770,White,1 min,bullet,44,Won,12/31/2018
Akulyan,2774,wolf_15,2444,White,1 min,bullet,37,Won,12/31/2018
Akulyan,2772,wolf_15,2446,Black,1 min,bullet,37,Won,12/31/2018
Akulyan,2770,wolf_15,2448,White,1 min,bullet,38,Won,12/31/2018
Akulyan,2768,wolf_15,2450,Black,1 min,bullet,14,Won,12/31/2018
Akulyan,2766,wolf_15,2452,White,1 min,bullet,27,Won,12/31/2018
Akulyan,2764,wolf_15,2454,Black,1 min,bullet,60,Won,12/31/2018
Akulyan,2762,wolf_15,2456,White,1 min,bullet,47,Won,12/31/2018
Akulyan,2760,wolf_15,2458,Black,1 min,bullet,31,Won,12/31/2018