player,player_rating,opponent,opponent_rating,side,time_control,time_category,moves,result,date
Akulyan,2745,Beltsychess,2597,White,3 min,blitz,48,Won,12/29/2018
Akulyan,2740,alpasya2009,2557,White,3 min,blitz,35,Won,12/29/2018
Akulyan,2736,Dhaydon19,2655,White,3 min,blitz,156,Draw,12/29/2018
Akulyan,2738,gufgufguf2,2618,White,3 min,blitz,33,Won,12/29/2018
Akulyan,2732,ASargsyan1,2545,White,3|2,blitz,51,Won,12/28/2018
Akulyan,2728,ASargsyan1,2549,Black,3|2,blitz,23,Won,12/28/2018
Akulyan,2724,ASargsyan1,2553,White,3|2,blitz,24,Won,12/28/2018
Akulyan,2719,MaximDlugy,2820,Black,3 min,blitz,31,Lost,12/28/2018
Akulyan,2725,skylerwayne23,2684,White,3 min,blitz,32,Won,12/28/2018
Akulyan,2718,skylerwayne23,2691,Black,3 min,blitz,39,Lost,12/28/2018
Akulyan,2727,skylerwayne23,2682,White,3 min,blitz,46,Won,12/28/2018
Akulyan,2720,FMVolodymyrSakun,2594,Black,3 min,blitz,42,Lost,12/28/2018
Akulyan,2731,FMVolodymyrSakun,2583,White,3 min,blitz,39,Won,12/28/2018
Akulyan,2726,AFishbein,2620,Black,3 min,blitz,54,Lost,12/28/2018
Akulyan,2737,AFishbein,2609,White,3 min,blitz,22,Won,12/28/2018
Akulyan,2732,AFishbein,2614,Black,3 min,blitz,50,Won,12/28/2018
Akulyan,2726,AlexanderKing,2637,Black,3 min,blitz,45,Won,12/28/2018
Akulyan,2720,honestgirl,2716,White,3 min,blitz,47,Lost,12/28/2018
Akulyan,2728,DarkAlekhine,2588,White,3 min,blitz,89,Lost,12/28/2018
Akulyan,2739,fernandoventura,2573,White,3 min,blitz,27,Won,12/28/2018
Akulyan,2734,fernandoventura,2578,Black,3 min,blitz,54,Won,12/28/2018
Akulyan,2729,Potosino1970,2666,Black,3 min,blitz,24,Lost,12/28/2018
Akulyan,2739,mattin2806,2544,Black,3 min,blitz,61,Won,12/28/2018
Akulyan,2735,fernandoventura,2591,White,3 min,blitz,63,Won,12/28/2018
Akulyan,2730,CapitanFindus,2631,Black,3 min,blitz,19,Lost,12/28/2018
Akulyan,2741,Malik02,2804,White,3 min,blitz,30,Lost,12/22/2018
Akulyan,2748,Artur_Avalyan03,2624,Black,3 min,blitz,35,Won,12/22/2018
Akulyan,2743,Artur_Avalyan03,2629,White,3 min,blitz,22,Won,12/22/2018
Akulyan,2737,Artur_Avalyan03,2635,Black,3 min,blitz,14,Won,12/22/2018
Akulyan,2731,Artur_Avalyan03,2641,White,3 min,blitz,39,Won,12/22/2018
Akulyan,2725,Artur_Avalyan03,2647,Black,3 min,blitz,29,Won,12/22/2018
Akulyan,2718,GAGIK_NAVAK,2352,Black,3|2,blitz,28,Lost,12/22/2018
Akulyan,2732,GAGIK_NAVAK,2338,White,3|2,blitz,37,Lost,12/22/2018
Akulyan,2747,GAGIK_NAVAK,2323,Black,3|2,blitz,21,Won,12/22/2018
Akulyan,2746,GAGIK_NAVAK,2324,White,3|2,blitz,35,Won,12/22/2018
Akulyan,2745,GAGIK_NAVAK,2325,Black,3|2,blitz,29,Won,12/22/2018
Akulyan,2744,GAGIK_NAVAK,2326,White,3|2,blitz,57,Won,12/22/2018
Akulyan,2743,GAGIK_NAVAK,2327,Black,3|2,blitz,52,Won,12/22/2018
Akulyan,2742,LPSupi,2795,Black,3 min,blitz,46,Won,12/22/2018
Akulyan,2732,Castriy,2478,White,3 min,blitz,20,Won,12/22/2018
Akulyan,2729,QDcoach,2645,Black,3 min,blitz,27,Won,12/22/2018
Akulyan,2723,QDcoach,2651,White,3 min,blitz,28,Won,12/22/2018
Akulyan,2716,yrtimd,2630,Black,3 min,blitz,63,Lost,12/22/2018
Akulyan,2726,samira92345,2452,White,3 min,blitz,63,Won,12/22/2018
Akulyan,2723,SteelSpider,2632,Black,3 min,blitz,84,Draw,12/20/2018
Akulyan,2725,RobEri,2646,White,3 min,blitz,54,Won,12/19/2018
Akulyan,2719,SARGISMV,2454,Black,3 min,blitz,32,Won,12/19/2018
Akulyan,2716,SARGISMV,2457,White,3 min,blitz,28,Won,12/19/2018
Akulyan,2713,goldenman79,2643,Black,3 min,blitz,59,Lost,12/19/2018
Akulyan,2723,goldenman79,2633,White,3 min,blitz,48,Lost,12/19/2018