player,player_rating,opponent,opponent_rating,side,time_control,time_category,moves,result,date
Akulyan,2707,MyRatingis1524,2768,Black,3 min,blitz,43,Won,1/15/2019
Akulyan,2697,MyRatingis1524,2778,White,3 min,blitz,61,Lost,1/15/2019
Akulyan,2703,renjiehuang,2722,Black,3 min,blitz,48,Won,1/15/2019
Akulyan,2694,Piliposyann,2485,Black,3 min,blitz,52,Lost,1/15/2019
Akulyan,2707,Piliposyann,2472,White,3 min,blitz,63,Won,1/15/2019
Akulyan,2704,Piliposyann,2475,Black,3 min,blitz,77,Won,1/15/2019
Akulyan,2700,Piliposyann,2479,White,3 min,blitz,44,Won,1/15/2019
Akulyan,2696,Piliposyann,2483,Black,3 min,blitz,22,Won,1/15/2019
Akulyan,2692,Piliposyann,2487,White,3 min,blitz,74,Lost,1/15/2019
Akulyan,2705,Piliposyann,2474,Black,3 min,blitz,69,Lost,1/15/2019
Akulyan,2718,Piliposyann,2461,White,3 min,blitz,30,Won,1/15/2019
Akulyan,2715,kromax33,2740,Black,3 min,blitz,55,Won,1/15/2019
Akulyan,2706,kromax33,2749,White,3 min,blitz,38,Lost,1/15/2019
Akulyan,2713,Piliposyann,2445,Black,3 min,blitz,68,Lost,1/15/2019
Akulyan,2727,Piliposyann,2431,White,3 min,blitz,32,Won,1/15/2019
Akulyan,2724,Alexander_Khlebovich,2728,White,3 min,blitz,25,Won,1/15/2019
Akulyan,2715,Piliposyann,2434,Black,3 min,blitz,53,Lost,1/15/2019
Akulyan,2729,Piliposyann,2420,White,3 min,blitz,68,Won,1/15/2019
Akulyan,2727,Piliposyann,2422,Black,3 min,blitz,20,Won,1/15/2019
Akulyan,2725,Piliposyann,2424,White,3 min,blitz,48,Won,1/15/2019
Akulyan,2723,Piliposyann,2426,Black,3 min,blitz,34,Won,1/15/2019
Akulyan,2720,Indianlad,2797,Black,3 min,blitz,64,Lost,1/15/2019
Akulyan,2727,superchess02,2731,White,3 min,blitz,85,Lost,1/7/2019
Akulyan,2735,13_MiRacLe,2489,Black,3 min,blitz,57,Lost,1/7/2019
Akulyan,2748,mishanick,2939,White,3 min,blitz,65,Lost,1/6/2019
Akulyan,2752,Amirreza_p,2758,Black,3 min,blitz,42,Lost,1/3/2019
Akulyan,2760,Amirreza_p,2750,White,3 min,blitz,23,Won,1/3/2019
Akulyan,2752,Manticore17,2595,Black,3 min,blitz,81,Won,1/3/2019
Akulyan,2747,SteelSpider,2694,White,3 min,blitz,58,Lost,1/3/2019
Akulyan,2757,zoranp,2646,Black,3 min,blitz,65,Lost,1/2/2019
Akulyan,2768,zoranp,2635,White,3 min,blitz,70,Won,1/2/2019
Akulyan,2763,zoranp,2640,Black,3 min,blitz,91,Won,1/2/2019
Akulyan,2758,Artur_Avalyan03,2624,White,3 min,blitz,40,Lost,1/2/2019
Akulyan,2769,dangerousfish,2593,Black,3 min,blitz,25,Won,1/2/2019
Akulyan,2765,dangerousfish,2597,White,3 min,blitz,38,Won,1/2/2019
Akulyan,2760,MarchingCase,2593,White,3 min,blitz,38,Won,1/2/2019
Akulyan,2755,MarchingCase,2598,Black,3 min,blitz,35,Won,1/2/2019
Akulyan,2750,honestgirl,2777,Black,3 min,blitz,52,Lost,12/30/2018
Akulyan,2758,GAGIK_NAVAK,2387,Black,3 min,blitz,46,Won,12/30/2018
Akulyan,2756,GAGIK_NAVAK,2389,White,3 min,blitz,64,Lost,12/30/2018
Akulyan,2770,GAGIK_NAVAK,2375,Black,3 min,blitz,57,Won,12/30/2018
Akulyan,2768,GAGIK_NAVAK,2377,White,3 min,blitz,62,Draw,12/30/2018
Akulyan,2775,RobEri,2675,Black,3 min,blitz,45,Won,12/30/2018
Akulyan,2769,RobEri,2681,White,3 min,blitz,69,Won,12/30/2018
Akulyan,2763,RobEri,2687,Black,3 min,blitz,28,Won,12/30/2018
Akulyan,2756,ASargsyan1,2550,Black,3 min,blitz,45,Won,12/29/2018
Akulyan,2752,ASargsyan1,2554,White,3 min,blitz,45,Lost,12/29/2018
Akulyan,2765,ASargsyan1,2541,Black,3|2,blitz,23,Won,12/29/2018
Akulyan,2761,agimoto,2818,Black,3 min,blitz,66,Won,12/29/2018
Akulyan,2751,ChristopherYoo,2630,Black,3 min,blitz,48,Won,12/29/2018