player,player_rating,opponent,opponent_rating,side,time_control,time_category,moves,result,date
Akulyan,2770,thatsallshewrote,2850,White,3 min,blitz,37,Won,2/1/2019
Akulyan,2760,thatsallshewrote,2860,Black,3 min,blitz,32,Lost,2/1/2019
Akulyan,2766,thatsallshewrote,2854,White,3 min,blitz,16,Lost,2/1/2019
Akulyan,2772,thatsallshewrote,2848,Black,3 min,blitz,45,Won,2/1/2019
Akulyan,2762,thatsallshewrote,2858,White,3 min,blitz,32,Lost,2/1/2019
Akulyan,2768,thatsallshewrote,2852,Black,3 min,blitz,43,Won,2/1/2019
Akulyan,2758,thatsallshewrote,2862,White,3 min,blitz,52,Won,2/1/2019
Akulyan,2747,thatsallshewrote,2873,Black,3 min,blitz,26,Lost,2/1/2019
Akulyan,2752,Davit_Tiraturyan,2725,White,3 min,blitz,42,Won,2/1/2019
Akulyan,2744,Davit_Tiraturyan,2733,Black,3 min,blitz,66,Draw,2/1/2019
Akulyan,2744,Davit_Tiraturyan,2733,White,3 min,blitz,75,Lost,2/1/2019
Akulyan,2753,Davit_Tiraturyan,2724,Black,3 min,blitz,31,Lost,2/1/2019
Akulyan,2762,prof_Imed_Bejaoui,2640,White,3 min,blitz,35,Lost,1/31/2019
Akulyan,2773,Knightmare82,2816,White,3 min,blitz,75,Draw,1/31/2019
Akulyan,2772,Knightmare82,2817,Black,3 min,blitz,20,Won,1/31/2019
Akulyan,2763,Knightmare82,2826,White,3 min,blitz,71,Won,1/31/2019
Akulyan,2753,Joshukid,2683,Black,3 min,blitz,75,Lost,1/31/2019
Akulyan,2763,Joshukid,2673,White,3 min,blitz,77,Won,1/31/2019
Akulyan,2757,Knightmare82,2836,Black,3 min,blitz,56,Lost,1/31/2019
Akulyan,2763,Knightmare82,2830,White,3 min,blitz,46,Won,1/31/2019
Akulyan,2753,Knightmare82,2840,Black,3 min,blitz,71,Draw,1/31/2019
Akulyan,2751,Knightmare82,2842,White,3 min,blitz,74,Lost,1/31/2019
Akulyan,2757,Knightmare82,2836,Black,3 min,blitz,37,Lost,1/31/2019
Akulyan,2764,Knightmare82,2829,White,3 min,blitz,32,Won,1/31/2019
Akulyan,2754,DevInProd,2798,Black,3 min,blitz,38,Draw,1/29/2019
Akulyan,2753,vanea_03,2714,White,3 min,blitz,31,Won,1/29/2019
Akulyan,2746,vanea_03,2721,Black,3 min,blitz,48,Lost,1/29/2019
Akulyan,2755,vanea_03,2712,White,3 min,blitz,56,Won,1/29/2019
Akulyan,2748,Kriari,2904,Black,3 min,blitz,25,Lost,1/29/2019
Akulyan,2753,Kriari,2899,White,3 min,blitz,30,Lost,1/29/2019
Akulyan,2758,Kriari,2894,Black,3 min,blitz,33,Lost,1/29/2019
Akulyan,2763,Kriari,2889,White,3 min,blitz,77,Lost,1/29/2019
Akulyan,2768,Kriari,2884,Black,3 min,blitz,38,Won,1/29/2019
Akulyan,2757,Msb2,2858,White,3 min,blitz,37,Lost,1/29/2019
Akulyan,2763,GigaQuparadze,2883,White,3 min,blitz,14,Lost,1/28/2019
Akulyan,2769,GigaQuparadze,2877,Black,3 min,blitz,43,Lost,1/28/2019
Akulyan,2775,GigaQuparadze,2871,White,3 min,blitz,33,Lost,1/28/2019
Akulyan,2781,GigaQuparadze,2865,Black,3 min,blitz,45,Won,1/28/2019
Akulyan,2771,GigaQuparadze,2875,White,3 min,blitz,48,Lost,1/28/2019
Akulyan,2777,GigaQuparadze,2869,Black,3 min,blitz,38,Won,1/28/2019
Akulyan,2766,GigaQuparadze,2880,White,3 min,blitz,70,Lost,1/28/2019
Akulyan,2772,GigaQuparadze,2874,Black,3 min,blitz,91,Won,1/28/2019
Akulyan,2761,GigaQuparadze,2885,White,3 min,blitz,44,Lost,1/28/2019
Akulyan,2767,GigaQuparadze,2879,Black,3 min,blitz,43,Lost,1/28/2019
Akulyan,2773,GigaQuparadze,2873,White,3 min,blitz,51,Lost,1/28/2019
Akulyan,2779,GigaQuparadze,2867,Black,3 min,blitz,55,Lost,1/28/2019
Akulyan,2785,GigaQuparadze,2861,White,3 min,blitz,27,Lost,1/28/2019
Akulyan,2792,GigaQuparadze,2854,Black,3 min,blitz,17,Lost,1/28/2019
Akulyan,2799,GigaQuparadze,2847,White,3 min,blitz,65,Won,1/28/2019
Akulyan,2789,GigaQuparadze,2857,Black,3 min,blitz,41,Won,1/28/2019