player,player_rating,opponent,opponent_rating,side,time_control,time_category,moves,result,date
Akulyan,2716,valger,2780,White,3 min,blitz,77,Won,10/29/2018
Akulyan,2706,valger,2790,Black,3 min,blitz,40,Won,10/28/2018
Akulyan,2696,valger,2800,White,3 min,blitz,56,Lost,10/28/2018
Akulyan,2702,valger,2794,Black,3 min,blitz,36,Won,10/28/2018
Akulyan,2691,valger,2805,White,3 min,blitz,68,Won,10/28/2018
Akulyan,2680,valger,2816,Black,3 min,blitz,36,Lost,10/28/2018
Akulyan,2685,Chessalger11,2861,White,3 min,blitz,36,Lost,10/28/2018
Akulyan,2690,Manukyan_Artak,2396,White,3 min,blitz,27,Lost,10/28/2018
Akulyan,2704,Manukyan_Artak,2382,Black,3 min,blitz,51,Won,10/28/2018
Akulyan,2702,Manukyan_Artak,2384,White,3 min,blitz,43,Won,10/28/2018
Akulyan,2700,Manukyan_Artak,2386,Black,3 min,blitz,45,Won,10/28/2018
Akulyan,2698,Manukyan_Artak,2388,White,3 min,blitz,27,Won,10/28/2018
Akulyan,2696,Manukyan_Artak,2398,Black,3 min,blitz,70,Lost,10/28/2018
Akulyan,2710,Manukyan_Artak,2384,White,3 min,blitz,59,Won,10/28/2018
Akulyan,2708,Manukyan_Artak,2386,Black,3 min,blitz,40,Lost,10/28/2018
Akulyan,2722,Manukyan_Artak,2372,White,3 min,blitz,23,Won,10/28/2018
Akulyan,2720,Manukyan_Artak,2374,Black,3 min,blitz,44,Won,10/28/2018
Akulyan,2718,dmitriCM,2559,White,3 min,blitz,29,Won,10/28/2018
Akulyan,2713,Meizon19,2570,Black,3 min,blitz,43,Won,10/28/2018
Akulyan,2708,asmFish_18-10-22_CPU,2862,White,3 min,blitz,40,Lost,10/28/2018
Akulyan,2713,pKiLz5Rn9b,2802,Black,3 min,blitz,89,Won,10/28/2018
Akulyan,2703,Mischuk_D,2699,Black,3 min,blitz,48,Won,10/28/2018
Akulyan,2695,Manukyan_Artak,2376,White,3 min,blitz,53,Lost,10/28/2018
Akulyan,2709,Manukyan_Artak,2362,Black,3 min,blitz,63,Won,10/28/2018
Akulyan,2707,Manukyan_Artak,2364,White,3 min,blitz,52,Won,10/28/2018
Akulyan,2705,Manukyan_Artak,2366,Black,3 min,blitz,39,Lost,10/28/2018
Akulyan,2719,Manukyan_Artak,2352,White,3 min,blitz,58,Won,10/28/2018
Akulyan,2717,Manukyan_Artak,2354,Black,3 min,blitz,42,Lost,10/28/2018
Akulyan,2731,DoctorSocrates,2562,Black,3 min,blitz,35,Lost,10/27/2018
Akulyan,2735,MatthewG-p4p,2637,Black,3 min,blitz,48,Won,10/25/2018
Akulyan,2729,lukuka11,2624,White,3 min,blitz,39,Won,10/21/2018
Akulyan,2723,Guriempire,2656,Black,3 min,blitz,25,Won,10/21/2018
Akulyan,2716,Guriempire,2663,White,3 min,blitz,67,Won,10/21/2018
Akulyan,2709,Guriempire,2670,Black,3 min,blitz,51,Lost,10/21/2018
Akulyan,2718,Guriempire,2661,White,3 min,blitz,51,Won,10/21/2018
Akulyan,2711,lukuka11,2618,Black,3 min,blitz,88,Lost,10/21/2018
Akulyan,2722,georgii308,2623,White,3 min,blitz,38,Won,10/21/2018
Akulyan,2716,georgii308,2630,Black,3 min,blitz,30,Lost,10/21/2018
Akulyan,2726,georgii308,2617,White,3 min,blitz,60,Lost,10/21/2018
Akulyan,2737,georgii308,2603,Black,3 min,blitz,55,Won,10/21/2018
Akulyan,2732,georgii308,2610,White,3 min,blitz,17,Won,10/21/2018
Akulyan,2726,VectorAccel,2586,White,3 min,blitz,23,Won,10/21/2018
Akulyan,2721,VectorAccel,2591,Black,3 min,blitz,22,Won,10/21/2018
Akulyan,2716,VectorAccel,2596,White,3 min,blitz,39,Won,10/21/2018
Akulyan,2710,jerom555888,2539,Black,3 min,blitz,39,Lost,10/21/2018
Akulyan,2722,Badmatsyrenov_Oleg,2672,White,3 min,blitz,21,Lost,10/21/2018
Akulyan,2732,armengalajyan,1845,Black,3 min,blitz,54,Won,10/20/2018
Akulyan,2732,armengalajyan,1845,White,3 min,blitz,23,Won,10/20/2018
Akulyan,2732,Miqo3000,2163,Black,3 min,blitz,68,Lost,10/20/2018
Akulyan,2748,PetrosyanManuel,2715,Black,3 min,blitz,44,Lost,10/20/2018