player,player_rating,opponent,opponent_rating,side,time_control,time_category,moves,result,date
Akulyan,2747,ficorrales,2709,White,3 min,blitz,47,Won,9/30/2018
Akulyan,2740,David_Paravyan,2822,Black,3 min,blitz,49,Lost,9/30/2018
Akulyan,2746,Keranke,2760,Black,3 min,blitz,63,Won,9/30/2018
Akulyan,2737,Artooooo,2768,White,3 min,blitz,45,Lost,9/29/2018
Akulyan,2745,Duhless,2877,Black,3 min,blitz,50,Won,9/22/2018
Akulyan,2734,Duhless,2888,White,3 min,blitz,67,Won,9/22/2018
Akulyan,2722,Duhless,2900,Black,3 min,blitz,29,Won,9/22/2018
Akulyan,2710,Duhless,2912,White,3 min,blitz,46,Won,9/22/2018
Akulyan,2697,Duhless,2925,Black,3 min,blitz,22,Lost,9/22/2018
Akulyan,2701,Duhless,2921,White,3 min,blitz,18,Lost,9/22/2018
Akulyan,2705,Duhless,2917,Black,3 min,blitz,23,Lost,9/22/2018
Akulyan,2709,Duhless,2913,White,3 min,blitz,23,Lost,9/22/2018
Akulyan,2713,Duhless,2909,Black,3 min,blitz,47,Won,9/22/2018
Akulyan,2701,Duhless,2921,White,3 min,blitz,24,Lost,9/22/2018
Akulyan,2705,Duhless,2917,Black,3 min,blitz,20,Lost,9/22/2018
Akulyan,2709,Duhless,2913,White,3 min,blitz,31,Lost,9/22/2018
Akulyan,2713,Duhless,2909,Black,3 min,blitz,18,Lost,9/22/2018
Akulyan,2717,Duhless,2905,White,3 min,blitz,76,Draw,9/22/2018
Akulyan,2713,Duhless,2909,Black,3 min,blitz,50,Lost,9/22/2018
Akulyan,2717,Duhless,2905,White,3 min,blitz,49,Lost,9/22/2018
Akulyan,2721,Duhless,2901,Black,3 min,blitz,24,Lost,9/22/2018
Akulyan,2725,Duhless,2897,White,3 min,blitz,21,Lost,9/22/2018
Akulyan,2730,Duhless,2892,Black,3 min,blitz,35,Lost,9/22/2018
Akulyan,2735,Duhless,2887,White,3 min,blitz,43,Lost,9/22/2018
Akulyan,2740,Duhless,2882,Black,3 min,blitz,34,Lost,9/22/2018
Akulyan,2745,Duhless,2877,White,3 min,blitz,77,Won,9/22/2018
Akulyan,2734,Duhless,2888,Black,3 min,blitz,59,Lost,9/22/2018
Akulyan,2739,Duhless,2883,White,3 min,blitz,25,Lost,9/22/2018
Akulyan,2744,Duhless,2878,Black,3 min,blitz,48,Lost,9/22/2018
Akulyan,2749,Duhless,2873,White,3 min,blitz,77,Lost,9/22/2018
Akulyan,2754,Duhless,2867,Black,3 min,blitz,32,Won,9/22/2018
Akulyan,2743,Duhless,2878,White,3 min,blitz,64,Lost,9/22/2018
Akulyan,2748,Duhless,2873,Black,3 min,blitz,57,Won,9/22/2018
Akulyan,2737,POPOV_IVAN,2781,Black,3 min,blitz,71,Draw,9/22/2018
Akulyan,2736,POPOV_IVAN,2782,White,3 min,blitz,63,Won,9/22/2018
Akulyan,2727,POPOV_IVAN,2791,Black,3 min,blitz,57,Won,9/22/2018
Akulyan,2717,POPOV_IVAN,2801,White,3 min,blitz,37,Lost,9/22/2018
Akulyan,2723,POPOV_IVAN,2795,Black,3 min,blitz,49,Lost,9/22/2018
Akulyan,2730,nihalsarin,2834,Black,3 min,blitz,69,Won,9/22/2018
Akulyan,2719,nihalsarin,2845,White,3 min,blitz,16,Lost,9/22/2018
Akulyan,2724,Pasha_Technique,2741,White,3 min,blitz,106,Lost,9/22/2018
Akulyan,2732,morjesta,2551,White,3 min,blitz,24,Lost,9/22/2018
Akulyan,2744,morjesta,2539,Black,3 min,blitz,82,Won,9/22/2018
Akulyan,2740,morjesta,2543,White,3 min,blitz,57,Won,9/22/2018
Akulyan,2736,morjesta,2547,Black,3 min,blitz,28,Won,9/22/2018
Akulyan,2732,morjesta,2551,White,3 min,blitz,30,Won,9/22/2018
Akulyan,2728,morjesta,2555,Black,3 min,blitz,83,Lost,9/22/2018
Akulyan,2740,gholamreza-anvari,2517,White,3 min,blitz,58,Won,9/22/2018
Akulyan,2736,Donseng,2542,White,3 min,blitz,37,Won,9/22/2018
Akulyan,2732,Donseng,2546,Black,3 min,blitz,64,Won,9/22/2018