player,player_rating,opponent,opponent_rating,side,time_control,time_category,moves,result,date
Akulyan,2741,Saqo17,2438,White,3 min,blitz,39,Won,1/19/2019
Akulyan,2739,Saqo17,2440,Black,3 min,blitz,67,Won,1/19/2019
Akulyan,2737,Saqo17,2443,White,3 min,blitz,42,Won,1/19/2019
Akulyan,2734,Saqo17,2446,Black,3 min,blitz,27,Won,1/19/2019
Akulyan,2731,pacho747,2383,Black,3 min,blitz,34,Won,1/19/2019
Akulyan,2729,Edegem,2546,White,3 min,blitz,31,Won,1/19/2019
Akulyan,2725,theredking89,2573,Black,3 min,blitz,23,Won,1/19/2019
Akulyan,2720,theredking89,2578,White,3 min,blitz,30,Won,1/19/2019
Akulyan,2715,Alexander_Khlebovich,2664,Black,3 min,blitz,61,Won,1/19/2019
Akulyan,2708,Keitthonsky,2399,White,3 min,blitz,22,Won,1/19/2019
Akulyan,2706,Bernd_Stromberg,2511,Black,3 min,blitz,68,Lost,1/19/2019
Akulyan,2718,German_Bazeev,2724,White,3 min,blitz,47,Won,1/19/2019
Akulyan,2709,louis198,2656,White,3 min,blitz,21,Lost,1/19/2019
Akulyan,2719,louis198,2646,Black,3 min,blitz,45,Lost,1/19/2019
Akulyan,2729,mvp64,2461,Black,3 min,blitz,44,Lost,1/19/2019
Akulyan,2742,mvp64,2448,White,3 min,blitz,19,Won,1/19/2019
Akulyan,2739,mvp64,2451,Black,3 min,blitz,56,Won,1/19/2019
Akulyan,2736,mvp64,2454,White,3 min,blitz,55,Won,1/19/2019
Akulyan,2733,Suren_Avetisyan,2486,White,3 min,blitz,63,Won,1/19/2019
Akulyan,2730,Sethu0025,2792,Black,3 min,blitz,43,Lost,1/19/2019
Akulyan,2737,Sethu0025,2785,White,3 min,blitz,46,Lost,1/19/2019
Akulyan,2744,Sethu0025,2778,Black,3 min,blitz,69,Lost,1/19/2019
Akulyan,2752,Sethu0025,2770,White,3 min,blitz,30,Won,1/19/2019
Akulyan,2743,Sethu0025,2779,Black,3 min,blitz,86,Won,1/19/2019
Akulyan,2734,HustleTime,2615,White,3 min,blitz,29,Lost,1/19/2019
Akulyan,2745,SteelSpider,2705,White,3 min,blitz,57,Lost,1/19/2019
Akulyan,2754,SteelSpider,2702,Black,3 min,blitz,60,Won,1/19/2019
Akulyan,2747,AlexanderKing,2589,White,3 min,blitz,79,Won,1/19/2019
Akulyan,2742,TigranLPetrosyan,2858,Black,3 min,blitz,62,Draw,1/19/2019
Akulyan,2739,TigranLPetrosyan,2861,White,3 min,blitz,40,Lost,1/19/2019
Akulyan,2745,Edgar_Karagyozyan,2597,Black,3 min,blitz,72,Draw,1/19/2019
Akulyan,2748,Edgar_Karagyozyan,2594,White,3 min,blitz,56,Won,1/19/2019
Akulyan,2743,ZKnight7354,2584,White,3 min,blitz,43,Won,1/17/2019
Akulyan,2738,ZKnight7354,2589,Black,3 min,blitz,26,Won,1/17/2019
Akulyan,2733,Sergey_Kasparov,2592,White,3 min,blitz,32,Won,1/17/2019
Akulyan,2728,Edgar_Karagyozyan,2612,Black,3 min,blitz,48,Lost,1/17/2019
Akulyan,2739,Edgar_Karagyozyan,2601,White,3 min,blitz,60,Won,1/17/2019
Akulyan,2734,stoleriu,2582,White,3 min,blitz,58,Won,1/17/2019
Akulyan,2729,stoleriu,2587,Black,3 min,blitz,36,Won,1/17/2019
Akulyan,2724,VitaliyBernadskiy,2813,Black,3 min,blitz,39,Won,1/17/2019
Akulyan,2714,Ginger_GM,2582,Black,3 min,blitz,55,Won,1/17/2019
Akulyan,2709,Muradore,2698,White,3 min,blitz,59,Won,1/17/2019
Akulyan,2701,lavr92,2576,White,3 min,blitz,31,Won,1/17/2019
Akulyan,2696,elpepinillo14,2616,Black,3 min,blitz,41,Won,1/17/2019
Akulyan,2689,Judas_Priest,2661,White,3 min,blitz,69,Lost,1/17/2019
Akulyan,2698,SteelSpider,2679,White,3 min,blitz,61,Lost,1/17/2019
Akulyan,2707,deep_ex,2677,White,3 min,blitz,69,Lost,1/17/2019
Akulyan,2716,Judas_Priest,2646,Black,3 min,blitz,19,Won,1/17/2019
Akulyan,2709,Judas_Priest,2653,White,3 min,blitz,69,Won,1/17/2019
Akulyan,2702,mavuba,2694,Black,3 min,blitz,28,Won,1/17/2019