player,player_rating,opponent,opponent_rating,side,time_control,time_category,moves,result,date
Akulyan,2672,TMTor,2805,White,1 min,bullet,19,Won,12/19/2018
Akulyan,2661,TMTor,2816,Black,1 min,bullet,45,Lost,12/19/2018
Akulyan,2666,TMTor,2811,White,1 min,bullet,40,Lost,12/19/2018
Akulyan,2671,TMTor,2806,Black,1 min,bullet,62,Won,12/19/2018
Akulyan,2660,TMTor,2817,White,1 min,bullet,71,Draw,12/19/2018
Akulyan,2657,TMTor,2820,Black,1 min,bullet,30,Lost,12/19/2018
Akulyan,2662,bahodistruction,2549,Black,1 min,bullet,40,Lost,12/18/2018
Akulyan,2673,bahodistruction,2538,White,1 min,bullet,70,Won,12/18/2018
Akulyan,2668,igorkovalenko,2774,Black,1 min,bullet,28,Lost,12/18/2018
Akulyan,2674,igorkovalenko,2768,White,1 min,bullet,44,Lost,12/18/2018
Akulyan,2680,igorkovalenko,2762,Black,1 min,bullet,61,Won,12/18/2018
Akulyan,2670,igorkovalenko,2772,White,1 min,bullet,34,Lost,12/18/2018
Akulyan,2676,igorkovalenko,2766,Black,1 min,bullet,47,Lost,12/18/2018
Akulyan,2682,igorkovalenko,2760,White,1 min,bullet,50,Lost,12/18/2018
Akulyan,2689,bahodistruction,2556,Black,1 min,bullet,39,Won,12/18/2018
Akulyan,2684,bahodistruction,2561,White,1 min,bullet,88,Lost,12/18/2018
Akulyan,2695,Davit_Tiraturyan,2586,Black,1 min,bullet,32,Won,12/18/2018
Akulyan,2689,Davit_Tiraturyan,2592,White,30 sec,bullet,53,Won,12/18/2018
Akulyan,2683,Davit_Tiraturyan,2598,Black,30 sec,bullet,40,Won,12/18/2018
Akulyan,2677,Davit_Tiraturyan,2604,White,30 sec,bullet,29,Won,12/18/2018
Akulyan,2670,Davit_Tiraturyan,2611,Black,30 sec,bullet,24,Lost,12/18/2018
Akulyan,2680,Davit_Tiraturyan,2601,White,30 sec,bullet,21,Lost,12/18/2018
Akulyan,2690,Davit_Tiraturyan,2591,Black,30 sec,bullet,21,Won,12/18/2018
Akulyan,2684,Davit_Tiraturyan,2597,White,30 sec,bullet,46,Won,12/18/2018
Akulyan,2678,Davit_Tiraturyan,2603,Black,30 sec,bullet,61,Lost,12/18/2018
Akulyan,2688,Davit_Tiraturyan,2593,White,30 sec,bullet,56,Won,12/18/2018
Akulyan,2682,Davit_Tiraturyan,2599,Black,30 sec,bullet,49,Won,12/18/2018
Akulyan,2676,Davit_Tiraturyan,2605,White,30 sec,bullet,25,Won,12/18/2018
Akulyan,2669,Davit_Tiraturyan,2612,Black,1 min,bullet,39,Won,12/18/2018
Akulyan,2662,Davit_Tiraturyan,2619,White,1 min,bullet,47,Won,12/18/2018
Akulyan,2655,Davit_Tiraturyan,2626,Black,1 min,bullet,46,Lost,12/18/2018
Akulyan,2664,Davit_Tiraturyan,2617,White,1 min,bullet,50,Lost,12/18/2018
Akulyan,2673,Davit_Tiraturyan,2608,Black,1 min,bullet,71,Won,12/18/2018
Akulyan,2666,Davit_Tiraturyan,2615,White,1 min,bullet,36,Won,12/18/2018
Akulyan,2659,Romolus,2481,Black,1 min,bullet,57,Draw,12/13/2018
Akulyan,2663,padam19,2510,White,1 min,bullet,44,Won,12/12/2018
Akulyan,2658,Bad_Genuis,2534,Black,1 min,bullet,45,Lost,12/12/2018
Akulyan,2669,Anahita_Gholami,2672,White,1 min,bullet,34,Won,12/12/2018
Akulyan,2661,Anahita_Gholami,2680,Black,1 min,bullet,54,Won,12/12/2018
Akulyan,2652,Anahita_Gholami,2689,White,1 min,bullet,45,Lost,12/12/2018
Akulyan,2659,Anahita_Gholami,2682,Black,1 min,bullet,55,Lost,12/12/2018
Akulyan,2667,Anahita_Gholami,2674,White,1 min,bullet,47,Lost,12/12/2018
Akulyan,2675,PraveenSagar,2472,Black,1 min,bullet,21,Won,12/12/2018
Akulyan,2671,PraveenSagar,2476,White,1 min,bullet,20,Won,12/12/2018
Akulyan,2667,BM_on_ICC,2441,Black,1 min,bullet,50,Lost,12/11/2018
Akulyan,2680,junglemath,2338,Black,1 min,bullet,62,Won,12/11/2018
Akulyan,2678,AVolodin,2638,White,1 min,bullet,61,Won,12/11/2018
Akulyan,2671,AVolodin,2645,Black,1 min,bullet,43,Won,12/11/2018
Akulyan,2663,AVolodin,2653,White,1 min,bullet,66,Lost,12/11/2018
Akulyan,2672,AVolodin,2644,Black,1 min,bullet,77,Won,12/11/2018