player,player_rating,opponent,opponent_rating,side,time_control,time_category,moves,result,date
Akulyan,2764,Micki-taryan,2724,Black,30 sec,bullet,44,Won,11/5/2018
Akulyan,2757,Micki-taryan,2731,White,30 sec,bullet,44,Lost,11/5/2018
Akulyan,2766,Micki-taryan,2722,Black,30 sec,bullet,22,Won,11/5/2018
Akulyan,2759,Micki-taryan,2729,White,30 sec,bullet,45,Won,11/5/2018
Akulyan,2751,Micki-taryan,2737,Black,30 sec,bullet,31,Lost,11/5/2018
Akulyan,2760,Micki-taryan,2728,White,30 sec,bullet,28,Won,11/5/2018
Akulyan,2752,Micki-taryan,2736,Black,30 sec,bullet,47,Won,11/5/2018
Akulyan,2744,Micki-taryan,2744,White,30 sec,bullet,37,Won,11/5/2018
Akulyan,2736,Areg_Shmavonyan,2360,White,1 min,bullet,23,Won,11/5/2018
Akulyan,2734,Areg_Shmavonyan,2362,Black,1 min,bullet,46,Won,11/5/2018
Akulyan,2732,Areg_Shmavonyan,2364,White,1 min,bullet,43,Won,11/5/2018
Akulyan,2730,Anna_Khachatryan1,2546,Black,1 min,bullet,42,Won,11/5/2018
Akulyan,2726,Areg_Shmavonyan,2366,Black,1 min,bullet,26,Lost,11/4/2018
Akulyan,2740,Khcho84,2189,White,1 min,bullet,38,Lost,11/4/2018
Akulyan,2755,TigranLPetrosyan,2770,White,1 min,bullet,75,Lost,11/4/2018
Akulyan,2763,TigranLPetrosyan,2762,Black,1 min,bullet,19,Won,11/4/2018
Akulyan,2755,TigranLPetrosyan,2770,White,1 min,bullet,81,Draw,11/4/2018
Akulyan,2755,TigranLPetrosyan,2770,Black,1 min,bullet,28,Lost,11/4/2018
Akulyan,2763,TigranLPetrosyan,2762,White,1 min,bullet,21,Lost,11/4/2018
Akulyan,2771,TigranLPetrosyan,2754,Black,1 min,bullet,33,Lost,11/4/2018
Akulyan,2780,TigranLPetrosyan,2745,White,1 min,bullet,31,Won,11/4/2018
Akulyan,2772,TigranLPetrosyan,2753,Black,1 min,bullet,36,Lost,11/4/2018
Akulyan,2781,TigranLPetrosyan,2744,White,1 min,bullet,18,Won,11/4/2018
Akulyan,2773,TigranLPetrosyan,2752,Black,1 min,bullet,36,Won,11/4/2018
Akulyan,2765,TigranLPetrosyan,2760,White,1 min,bullet,50,Won,11/4/2018
Akulyan,2757,TigranLPetrosyan,2768,Black,1 min,bullet,63,Lost,11/4/2018
Akulyan,2765,Khcho84,2169,Black,1 min,bullet,36,Won,11/4/2018
Akulyan,2764,Anna_Khachatryan1,2345,White,1 min,bullet,25,Won,11/4/2018
Akulyan,2763,Anna_Khachatryan1,2346,Black,1 min,bullet,18,Won,11/4/2018
Akulyan,2762,Anna_Khachatryan1,2347,White,1 min,bullet,32,Won,11/4/2018
Akulyan,2761,Anna_Khachatryan1,2348,Black,1 min,bullet,24,Won,11/4/2018
Akulyan,2760,Anna_Khachatryan1,2349,White,1 min,bullet,44,Won,11/4/2018
Akulyan,2759,Khcho84,2170,Black,1 min,bullet,51,Won,11/4/2018
Akulyan,2758,YOAJM,2697,Black,30 sec,bullet,30,Lost,11/3/2018
Akulyan,2768,YOAJM,2687,White,30 sec,bullet,56,Lost,11/3/2018
Akulyan,2778,YOAJM,2677,Black,30 sec,bullet,61,Won,11/3/2018
Akulyan,2772,YOAJM,2683,White,30 sec,bullet,58,Won,11/3/2018
Akulyan,2766,YOAJM,2689,Black,30 sec,bullet,51,Lost,11/3/2018
Akulyan,2776,YOAJM,2679,White,30 sec,bullet,42,Lost,11/3/2018
Akulyan,2787,YOAJM,2668,Black,30 sec,bullet,35,Won,11/3/2018
Akulyan,2781,YOAJM,2674,White,30 sec,bullet,25,Won,11/3/2018
Akulyan,2775,YOAJM,2680,Black,30 sec,bullet,61,Won,11/3/2018
Akulyan,2769,YOAJM,2686,White,30 sec,bullet,33,Won,11/3/2018
Akulyan,2763,imany1,2341,White,1 min,bullet,23,Won,11/3/2018
Akulyan,2762,imany1,2342,Black,1 min,bullet,42,Won,11/3/2018
Akulyan,2761,imany1,2343,White,1 min,bullet,27,Won,11/3/2018
Akulyan,2760,YOAJM,2676,Black,30 sec,bullet,53,Lost,11/3/2018
Akulyan,2770,YOAJM,2666,White,30 sec,bullet,54,Lost,11/3/2018
Akulyan,2781,YOAJM,2655,Black,30 sec,bullet,62,Lost,11/3/2018
Akulyan,2792,Anna_Khachatryan1,2356,Black,1 min,bullet,10,Won,11/3/2018