player,player_rating,opponent,opponent_rating,side,time_control,time_category,moves,result,date
Akulyan,2646,MichaelRoiz,2739,White,1 min,bullet,31,Draw,11/17/2018
Akulyan,2644,MichaelRoiz,2741,Black,1 min,bullet,71,Lost,11/17/2018
Akulyan,2650,MichaelRoiz,2735,White,1 min,bullet,35,Won,11/17/2018
Akulyan,2640,MichaelRoiz,2745,Black,1 min,bullet,46,Lost,11/17/2018
Akulyan,2646,MichaelRoiz,2739,White,1 min,bullet,42,Won,11/17/2018
Akulyan,2635,GAGIK_NAVAK,1647,Black,1 min,bullet,23,Won,11/15/2018
Akulyan,2635,Boryboy,2702,Black,1 min,bullet,32,Lost,11/14/2018
Akulyan,2642,Boryboy,2695,White,1 min,bullet,75,Lost,11/14/2018
Akulyan,2649,Boryboy,2687,Black,1 min,bullet,49,Lost,11/14/2018
Akulyan,2657,Boryboy,2678,White,1 min,bullet,20,Lost,11/14/2018
Akulyan,2665,YOAJM,2728,Black,30 sec,bullet,39,Lost,11/13/2018
Akulyan,2672,Lunaticx,2672,Black,1 min,bullet,35,Won,11/13/2018
Akulyan,2664,Crusher25,2719,White,1 min,bullet,14,Lost,11/12/2018
Akulyan,2671,Crusher25,2712,Black,1 min,bullet,35,Lost,11/12/2018
Akulyan,2678,Micki-taryan,2705,White,1 min,bullet,49,Lost,11/10/2018
Akulyan,2686,bughousevscrazyhouse,2608,White,2|1,bullet,51,Lost,11/10/2018
Akulyan,2696,bughousevscrazyhouse,2598,Black,2|1,bullet,42,Lost,11/10/2018
Akulyan,2707,Andreikka,2736,White,1 min,bullet,16,Lost,11/9/2018
Akulyan,2715,YOAJM,2280,White,30 sec,bullet,14,Lost,11/9/2018
Akulyan,2730,Davit_Tiraturyan,2746,Black,30 sec,bullet,38,Won,11/7/2018
Akulyan,2721,Micki-taryan,2767,Black,30 sec,bullet,46,Won,11/5/2018
Akulyan,2712,Micki-taryan,2776,White,30 sec,bullet,58,Won,11/5/2018
Akulyan,2702,Micki-taryan,2786,Black,30 sec,bullet,16,Lost,11/5/2018
Akulyan,2708,Micki-taryan,2780,White,30 sec,bullet,49,Lost,11/5/2018
Akulyan,2715,Micki-taryan,2773,Black,30 sec,bullet,44,Won,11/5/2018
Akulyan,2705,Micki-taryan,2783,White,30 sec,bullet,29,Lost,11/5/2018
Akulyan,2712,Micki-taryan,2776,Black,30 sec,bullet,35,Lost,11/5/2018
Akulyan,2719,Micki-taryan,2769,White,30 sec,bullet,46,Draw,11/5/2018
Akulyan,2718,Micki-taryan,2770,Black,30 sec,bullet,45,Lost,11/5/2018
Akulyan,2725,Micki-taryan,2763,White,30 sec,bullet,27,Lost,11/5/2018
Akulyan,2732,Micki-taryan,2756,Black,30 sec,bullet,34,Lost,11/5/2018
Akulyan,2740,Micki-taryan,2748,White,30 sec,bullet,75,Draw,11/5/2018
Akulyan,2740,Micki-taryan,2748,Black,30 sec,bullet,62,Won,11/5/2018
Akulyan,2731,Micki-taryan,2757,White,30 sec,bullet,40,Lost,11/5/2018
Akulyan,2739,Micki-taryan,2749,Black,30 sec,bullet,37,Lost,11/5/2018
Akulyan,2747,Micki-taryan,2741,White,30 sec,bullet,32,Lost,11/5/2018
Akulyan,2756,Micki-taryan,2732,Black,30 sec,bullet,25,Lost,11/5/2018
Akulyan,2765,Micki-taryan,2723,White,30 sec,bullet,39,Won,11/5/2018
Akulyan,2758,Micki-taryan,2730,Black,30 sec,bullet,71,Lost,11/5/2018
Akulyan,2767,Micki-taryan,2721,White,30 sec,bullet,47,Won,11/5/2018
Akulyan,2760,Micki-taryan,2728,Black,30 sec,bullet,59,Won,11/5/2018
Akulyan,2752,Micki-taryan,2736,White,30 sec,bullet,36,Won,11/5/2018
Akulyan,2744,Micki-taryan,2744,Black,30 sec,bullet,57,Lost,11/5/2018
Akulyan,2752,Micki-taryan,2736,White,30 sec,bullet,26,Lost,11/5/2018
Akulyan,2761,Micki-taryan,2727,Black,30 sec,bullet,52,Won,11/5/2018
Akulyan,2753,Micki-taryan,2735,White,30 sec,bullet,48,Lost,11/5/2018
Akulyan,2762,Micki-taryan,2726,Black,30 sec,bullet,62,Won,11/5/2018
Akulyan,2754,Micki-taryan,2734,White,30 sec,bullet,38,Won,11/5/2018
Akulyan,2746,Micki-taryan,2742,Black,30 sec,bullet,47,Lost,11/5/2018
Akulyan,2755,Micki-taryan,2733,White,30 sec,bullet,37,Lost,11/5/2018