player,player_rating,opponent,opponent_rating,side,time_control,time_category,moves,result,date
Akulyan,2583,Mahmudv2,2560,White,1 min,bullet,35,Won,12/6/2018
Akulyan,2575,Mahmudv2,2568,Black,1 min,bullet,12,Won,12/6/2018
Akulyan,2567,Mahmudv2,2576,White,1 min,bullet,26,Lost,12/6/2018
Akulyan,2575,bughousevscrazyhouse,2535,Black,1 min,bullet,72,Lost,12/6/2018
Akulyan,2584,EugeneRougon,2528,Black,1 min,bullet,64,Lost,12/6/2018
Akulyan,2594,TampaChess,2639,Black,1 min,bullet,32,Lost,12/6/2018
Akulyan,2601,TampaChess,2632,White,1 min,bullet,33,Lost,12/6/2018
Akulyan,2609,littleplotkin,2674,White,1 min,bullet,52,Won,12/6/2018
Akulyan,2599,Coffeecafe,2332,Black,1 min,bullet,55,Won,12/2/2018
Akulyan,2596,Coffeecafe,2335,White,1 min,bullet,44,Won,12/2/2018
Akulyan,2593,Coffeecafe,2338,Black,1 min,bullet,69,Won,12/2/2018
Akulyan,2590,rus_Test,2474,Black,1 min,bullet,42,Won,12/2/2018
Akulyan,2584,rus_Test,2480,White,1 min,bullet,5,Won,12/2/2018
Akulyan,2578,bekirsoylu,2750,White,1 min,bullet,45,Lost,12/1/2018
Akulyan,2583,bekirsoylu,2745,Black,1 min,bullet,30,Lost,12/1/2018
Akulyan,2588,bekirsoylu,2740,White,1 min,bullet,46,Won,12/1/2018
Akulyan,2576,bicepsmaker23,2317,Black,1 min,bullet,64,Lost,12/1/2018
Akulyan,2589,bicepsmaker23,2304,White,1 min,bullet,61,Won,12/1/2018
Akulyan,2586,bicepsmaker23,2307,Black,1 min,bullet,85,Won,12/1/2018
Akulyan,2583,poopologist,2269,Black,1 min,bullet,30,Won,12/1/2018
Akulyan,2581,SE1EN,2528,Black,1 min,bullet,29,Lost,11/29/2018
Akulyan,2591,SE1EN,2512,White,1 min,bullet,19,Won,11/29/2018
Akulyan,2584,SE1EN,2523,Black,1 min,bullet,5,Won,11/29/2018
Akulyan,2577,SE1EN,2535,White,1 min,bullet,25,Lost,11/29/2018
Akulyan,2587,Ali_pro_konek,2404,Black,1 min,bullet,44,Lost,11/28/2018
Akulyan,2599,Ali_pro_konek,2392,White,1 min,bullet,47,Won,11/28/2018
Akulyan,2595,elm2007,2852,Black,10 sec,bullet,30,Lost,11/28/2018
Akulyan,2595,elm2007,2852,White,10 sec,bullet,25,Lost,11/28/2018
Akulyan,2596,elm2007,2851,Black,10 sec,bullet,25,Lost,11/28/2018
Akulyan,2597,elm2007,2850,White,10 sec,bullet,39,Lost,11/28/2018
Akulyan,2598,elm2007,2849,Black,10 sec,bullet,21,Lost,11/28/2018
Akulyan,2599,elm2007,2848,White,10 sec,bullet,32,Lost,11/28/2018
Akulyan,2600,elm2007,2847,Black,10 sec,bullet,48,Won,11/28/2018
Akulyan,2598,elm2007,2849,White,10 sec,bullet,25,Lost,11/28/2018
Akulyan,2599,elm2007,2848,Black,10 sec,bullet,37,Won,11/28/2018
Akulyan,2597,elm2007,2850,White,10 sec,bullet,43,Won,11/28/2018
Akulyan,2595,elm2007,2852,Black,10 sec,bullet,49,Lost,11/28/2018
Akulyan,2596,elm2007,2851,White,10 sec,bullet,46,Lost,11/28/2018
Akulyan,2597,elm2007,2850,Black,10 sec,bullet,40,Lost,11/28/2018
Akulyan,2598,elm2007,2849,White,10 sec,bullet,31,Lost,11/28/2018
Akulyan,2599,elm2007,2848,Black,10 sec,bullet,14,Lost,11/28/2018
Akulyan,2600,elm2007,2847,White,10 sec,bullet,32,Lost,11/28/2018
Akulyan,2601,elm2007,2846,Black,10 sec,bullet,49,Lost,11/28/2018
Akulyan,2602,elm2007,2845,White,10 sec,bullet,35,Lost,11/28/2018
Akulyan,2603,elm2007,2844,Black,10 sec,bullet,37,Lost,11/28/2018
Akulyan,2604,elm2007,2843,White,10 sec,bullet,24,Lost,11/28/2018
Akulyan,2605,elm2007,2842,Black,10 sec,bullet,55,Lost,11/28/2018
Akulyan,2606,elm2007,2841,White,10 sec,bullet,26,Lost,11/28/2018
Akulyan,2607,elm2007,2840,Black,10 sec,bullet,13,Lost,11/28/2018
Akulyan,2608,PraveenSagar,2416,Black,1 min,bullet,68,Lost,11/28/2018