player,player_rating,opponent,opponent_rating,side,time_control,time_category,moves,result,date
Akulyan,2750,Davit_Tiraturyan,2733,Black,30 sec,bullet,60,Lost,1/20/2019
Akulyan,2759,Davit_Tiraturyan,2724,White,30 sec,bullet,36,Lost,1/20/2019
Akulyan,2768,Davit_Tiraturyan,2715,Black,30 sec,bullet,49,Lost,1/20/2019
Akulyan,2778,Davit_Tiraturyan,2705,White,30 sec,bullet,58,Won,1/20/2019
Akulyan,2771,Davit_Tiraturyan,2712,Black,30 sec,bullet,70,Won,1/20/2019
Akulyan,2764,Davit_Tiraturyan,2719,White,30 sec,bullet,30,Lost,1/20/2019
Akulyan,2773,Davit_Tiraturyan,2710,Black,30 sec,bullet,59,Lost,1/20/2019
Akulyan,2783,Davit_Tiraturyan,2700,White,30 sec,bullet,27,Won,1/20/2019
Akulyan,2777,Davit_Tiraturyan,2706,Black,30 sec,bullet,59,Lost,1/20/2019
Akulyan,2787,Davit_Tiraturyan,2696,White,30 sec,bullet,31,Won,1/20/2019
Akulyan,2781,Davit_Tiraturyan,2702,Black,30 sec,bullet,58,Draw,1/20/2019
Akulyan,2783,Davit_Tiraturyan,2700,White,30 sec,bullet,48,Won,1/20/2019
Akulyan,2777,Davit_Tiraturyan,2706,Black,30 sec,bullet,18,Won,1/20/2019
Akulyan,2770,Davit_Tiraturyan,2713,White,30 sec,bullet,36,Won,1/20/2019
Akulyan,2763,Davit_Tiraturyan,2720,Black,30 sec,bullet,42,Won,1/20/2019
Akulyan,2756,Davit_Tiraturyan,2727,White,30 sec,bullet,56,Lost,1/20/2019
Akulyan,2765,Davit_Tiraturyan,2721,Black,30 sec,bullet,53,Won,1/20/2019
Akulyan,2758,Davit_Tiraturyan,2707,White,1 min,bullet,37,Lost,1/19/2019
Akulyan,2768,Davit_Tiraturyan,2697,Black,1 min,bullet,33,Won,1/19/2019
Akulyan,2761,Davit_Tiraturyan,2704,White,1 min,bullet,71,Lost,1/19/2019
Akulyan,2771,Davit_Tiraturyan,2694,Black,1 min,bullet,39,Won,1/19/2019
Akulyan,2764,Davit_Tiraturyan,2701,White,1 min,bullet,36,Won,1/19/2019
Akulyan,2757,Davit_Tiraturyan,2708,Black,1 min,bullet,23,Lost,1/19/2019
Akulyan,2767,Davit_Tiraturyan,2698,White,1 min,bullet,18,Won,1/19/2019
Akulyan,2760,Davit_Tiraturyan,2705,Black,1 min,bullet,30,Lost,1/19/2019
Akulyan,2770,Davit_Tiraturyan,2695,White,1 min,bullet,25,Draw,1/19/2019
Akulyan,2772,Davit_Tiraturyan,2693,Black,1 min,bullet,23,Won,1/19/2019
Akulyan,2765,Davit_Tiraturyan,2634,White,1 min,bullet,41,Won,1/16/2019
Akulyan,2760,Davit_Tiraturyan,2639,Black,1 min,bullet,49,Won,1/16/2019
Akulyan,2754,Davit_Tiraturyan,2645,White,1 min,bullet,21,Won,1/16/2019
Akulyan,2748,Davit_Tiraturyan,2728,White,30 sec,bullet,14,Won,1/15/2019
Akulyan,2740,Davit_Tiraturyan,2736,Black,30 sec,bullet,53,Lost,1/15/2019
Akulyan,2748,Davit_Tiraturyan,2728,White,30 sec,bullet,40,Won,1/15/2019
Akulyan,2740,Davit_Tiraturyan,2736,Black,30 sec,bullet,19,Lost,1/15/2019
Akulyan,2749,Davit_Tiraturyan,2727,White,30 sec,bullet,36,Won,1/15/2019
Akulyan,2741,Davit_Tiraturyan,2735,Black,30 sec,bullet,9,Lost,1/15/2019
Akulyan,2750,Davit_Tiraturyan,2726,White,30 sec,bullet,61,Won,1/15/2019
Akulyan,2742,Davit_Tiraturyan,2734,Black,30 sec,bullet,19,Won,1/15/2019
Akulyan,2734,Davit_Tiraturyan,2742,White,30 sec,bullet,26,Lost,1/15/2019
Akulyan,2742,Davit_Tiraturyan,2734,Black,30 sec,bullet,23,Won,1/15/2019
Akulyan,2734,Davit_Tiraturyan,2742,White,30 sec,bullet,33,Lost,1/15/2019
Akulyan,2742,Davit_Tiraturyan,2734,Black,30 sec,bullet,39,Won,1/15/2019
Akulyan,2734,Davit_Tiraturyan,2742,White,30 sec,bullet,49,Won,1/15/2019
Akulyan,2725,Davit_Tiraturyan,2751,Black,30 sec,bullet,30,Lost,1/15/2019
Akulyan,2733,Davit_Tiraturyan,2743,White,1 min,bullet,37,Won,1/15/2019
Akulyan,2724,Davit_Tiraturyan,2752,Black,1 min,bullet,50,Won,1/15/2019
Akulyan,2715,Davit_Tiraturyan,2761,White,1 min,bullet,83,Won,1/15/2019
Akulyan,2706,Davit_Tiraturyan,2770,Black,1 min,bullet,29,Lost,1/15/2019
Akulyan,2713,ChessWarrior7197,2656,Black,1 min,bullet,49,Lost,1/13/2019
Akulyan,2723,ChessWarrior7197,2646,White,1 min,bullet,24,Won,1/13/2019