player,player_rating,opponent,opponent_rating,side,time_control,time_category,moves,result,date
Akulyan,2721,Gahan-MG,2633,White,1 min,bullet,42,Won,1/26/2019
Akulyan,2715,Gahan-MG,2639,Black,1 min,bullet,29,Won,1/26/2019
Akulyan,2708,Gahan-MG,2646,White,1 min,bullet,21,Lost,1/26/2019
Akulyan,2718,Gahan-MG,2636,Black,1 min,bullet,37,Lost,1/26/2019
Akulyan,2728,Gahan-MG,2626,White,1 min,bullet,31,Lost,1/26/2019
Akulyan,2739,Gahan-MG,2615,Black,1 min,bullet,59,Won,1/26/2019
Akulyan,2733,Gahan-MG,2621,White,1 min,bullet,77,Lost,1/26/2019
Akulyan,2744,Gahan-MG,2610,Black,1 min,bullet,51,Won,1/26/2019
Akulyan,2739,Gahan-MG,2615,White,1 min,bullet,42,Won,1/26/2019
Akulyan,2733,Gahan-MG,2621,Black,1 min,bullet,69,Won,1/26/2019
Akulyan,2727,Gahan-MG,2627,White,1 min,bullet,54,Won,1/26/2019
Akulyan,2721,Gahan-MG,2633,Black,1 min,bullet,12,Won,1/26/2019
Akulyan,2715,Gahan-MG,2639,White,1 min,bullet,51,Won,1/26/2019
Akulyan,2708,Gahan-MG,2646,Black,1 min,bullet,38,Won,1/26/2019
Akulyan,2701,Gahan-MG,2653,White,1 min,bullet,48,Lost,1/26/2019
Akulyan,2711,Gahan-MG,2643,Black,1 min,bullet,42,Lost,1/26/2019
Akulyan,2721,Gahan-MG,2633,White,1 min,bullet,44,Won,1/26/2019
Akulyan,2715,Gahan-MG,2639,Black,1 min,bullet,29,Won,1/26/2019
Akulyan,2708,Gahan-MG,2646,White,1 min,bullet,38,Lost,1/26/2019
Akulyan,2718,Gahan-MG,2636,Black,1 min,bullet,50,Lost,1/26/2019
Akulyan,2728,Gahan-MG,2626,White,1 min,bullet,52,Won,1/26/2019
Akulyan,2722,Gahan-MG,2632,Black,1 min,bullet,25,Lost,1/26/2019
Akulyan,2732,Davit_Tiraturyan,2769,Black,30 sec,bullet,39,Lost,1/25/2019
Akulyan,2740,Davit_Tiraturyan,2761,White,30 sec,bullet,48,Lost,1/25/2019
Akulyan,2748,Davit_Tiraturyan,2753,Black,1 min,bullet,31,Won,1/25/2019
Akulyan,2740,Davit_Tiraturyan,2761,White,1 min,bullet,78,Lost,1/25/2019
Akulyan,2748,Davit_Tiraturyan,2753,Black,1 min,bullet,18,Lost,1/25/2019
Akulyan,2756,Davit_Tiraturyan,2745,White,1 min,bullet,88,Won,1/25/2019
Akulyan,2748,Davit_Tiraturyan,2753,Black,1 min,bullet,62,Lost,1/25/2019
Akulyan,2756,KNVB,2730,White,1 min,bullet,70,Lost,1/24/2019
Akulyan,2765,KNVB,2721,Black,1 min,bullet,64,Draw,1/24/2019
Akulyan,2766,KNVB,2720,White,1 min,bullet,56,Lost,1/24/2019
Akulyan,2775,KNVB,2711,Black,1 min,bullet,57,Won,1/24/2019
Akulyan,2768,KNVB,2718,White,1 min,bullet,30,Won,1/24/2019
Akulyan,2761,KNVB,2725,Black,1 min,bullet,116,Draw,1/24/2019
Akulyan,2762,KNVB,2724,White,1 min,bullet,64,Draw,1/24/2019
Akulyan,2763,TigranLPetrosyan,2713,Black,1 min,bullet,34,Won,1/24/2019
Akulyan,2756,TigranLPetrosyan,2720,White,1 min,bullet,71,Won,1/24/2019
Akulyan,2748,Khursh1989,1779,Black,1 min,bullet,45,Won,1/24/2019
Akulyan,2748,Khursh1989,1779,White,1 min,bullet,33,Won,1/24/2019
Akulyan,2748,Khursh1989,1779,Black,1 min,bullet,31,Won,1/24/2019
Akulyan,2748,djamir,2674,White,1 min,bullet,52,Won,1/24/2019
Akulyan,2741,Davit_Tiraturyan,2733,White,30 sec,bullet,56,Won,1/24/2019
Akulyan,2733,Davit_Tiraturyan,2741,Black,30 sec,bullet,81,Won,1/24/2019
Akulyan,2724,Davit_Tiraturyan,2750,White,30 sec,bullet,55,Lost,1/24/2019
Akulyan,2732,Davit_Tiraturyan,2742,Black,30 sec,bullet,17,Lost,1/24/2019
Akulyan,2740,Davit_Tiraturyan,2734,White,30 sec,bullet,61,Lost,1/24/2019
Akulyan,2749,Davit_Tiraturyan,2725,Black,30 sec,bullet,27,Won,1/24/2019
Akulyan,2741,KNVB,2865,Black,1 min,bullet,40,Lost,1/24/2019
Akulyan,2747,KNVB,2859,White,1 min,bullet,95,Lost,1/24/2019