player,player_rating,opponent,opponent_rating,side,time_control,time_category,moves,result,date
Akulyan,2728,tiredofdancing,2832,Black,3 min,blitz,61,Won,9/22/2018
Akulyan,2717,agapov771,2502,White,3 min,blitz,50,Won,9/22/2018
Akulyan,2713,agapov771,2506,Black,3 min,blitz,39,Won,9/22/2018
Akulyan,2709,Nitzan_Steinberg,2576,Black,3 min,blitz,75,Won,9/22/2018
Akulyan,2704,Pal2855,2326,White,3 min,blitz,17,Won,9/22/2018
Akulyan,2702,NguyenXi,2695,Black,3 min,blitz,38,Lost,9/21/2018
Akulyan,2711,mishanick,2851,Black,3 min,blitz,43,Lost,9/21/2018
Akulyan,2716,mishanick,2846,White,3 min,blitz,40,Lost,9/21/2018
Akulyan,2721,mishanick,2841,Black,3 min,blitz,43,Won,9/21/2018
Akulyan,2710,Onizuka96,2702,White,3 min,blitz,34,Won,9/21/2018
Akulyan,2702,Onizuka96,2710,Black,3 min,blitz,52,Lost,9/21/2018
Akulyan,2710,Onizuka96,2702,White,3 min,blitz,63,Won,9/21/2018
Akulyan,2702,Onizuka96,2710,Black,3 min,blitz,34,Lost,9/21/2018
Akulyan,2710,harbuzi009,2798,White,3 min,blitz,55,Draw,9/20/2018
Akulyan,2708,harbuzi009,2800,Black,3 min,blitz,54,Won,9/20/2018
Akulyan,2697,harbuzi009,2810,White,3 min,blitz,44,Lost,9/20/2018
Akulyan,2703,harbuzi009,2804,Black,3 min,blitz,53,Won,9/20/2018
Akulyan,2692,francyIM,2581,White,3 min,blitz,31,Won,9/20/2018
Akulyan,2686,francyIM,2587,Black,3 min,blitz,57,Won,9/20/2018
Akulyan,2680,attack2mateU,2674,White,3 min,blitz,39,Lost,9/16/2018
Akulyan,2689,attack2mateU,2665,Black,3 min,blitz,79,Won,9/16/2018
Akulyan,2681,harbuzi009,2802,White,3 min,blitz,44,Lost,9/16/2018
Akulyan,2687,VacheH009,1612,Black,3 min,blitz,26,Won,9/16/2018
Akulyan,2687,David_Paravyan,2785,White,3 min,blitz,64,Won,9/16/2018
Akulyan,2676,David_Paravyan,2796,Black,3 min,blitz,25,Lost,9/16/2018
Akulyan,2682,David_Paravyan,2790,White,3 min,blitz,52,Won,9/16/2018
Akulyan,2671,mbojan,2563,White,3 min,blitz,56,Lost,9/16/2018
Akulyan,2682,Rethinking_fables,2610,Black,3 min,blitz,54,Lost,9/16/2018
Akulyan,2692,Rethinking_fables,2600,White,3 min,blitz,61,Lost,9/16/2018
Akulyan,2703,Rethinking_fables,2589,Black,3 min,blitz,35,Won,9/16/2018
Akulyan,2697,Rethinking_fables,2595,White,3 min,blitz,75,Won,9/16/2018
Akulyan,2691,Rethinking_fables,2601,Black,3 min,blitz,43,Won,9/16/2018
Akulyan,2685,Unicorn_Love,2528,Black,3 min,blitz,47,Won,9/16/2018
Akulyan,2680,Unicorn_Love,2533,White,3 min,blitz,39,Won,9/16/2018
Akulyan,2675,Ravan_02,2539,Black,3 min,blitz,50,Won,9/16/2018
Akulyan,2670,731291,2544,White,3 min,blitz,41,Lost,9/16/2018
Akulyan,2681,731291,2533,Black,3 min,blitz,53,Won,9/16/2018
Akulyan,2676,ficorrales,2673,Black,3 min,blitz,67,Draw,9/16/2018
Akulyan,2676,Yanvar,2520,White,3 min,blitz,55,Won,9/16/2018
Akulyan,2671,Tapuah,2786,Black,3 min,blitz,51,Lost,9/16/2018
Akulyan,2677,Tapuah,2780,White,3 min,blitz,31,Lost,9/16/2018
Akulyan,2683,jncool68,2555,Black,3 min,blitz,36,Won,9/16/2018
Akulyan,2678,justantan,2736,Black,3 min,blitz,91,Won,9/16/2018
Akulyan,2668,justantan,2746,White,3 min,blitz,54,Lost,9/16/2018
Akulyan,2675,Rodrigazo,2676,White,3 min,blitz,38,Won,9/16/2018
Akulyan,2667,Rodrigazo,2684,Black,3 min,blitz,41,Lost,9/16/2018
Akulyan,2675,Rodrigazo,2676,White,3 min,blitz,39,Won,9/16/2018
Akulyan,2667,Rodrigazo,2684,Black,3 min,blitz,85,Won,9/16/2018
Akulyan,2658,Rodrigazo,2693,White,3 min,blitz,46,Lost,9/16/2018
Akulyan,2666,Rodrigazo,2685,Black,3 min,blitz,68,Won,9/16/2018