player,player_rating,opponent,opponent_rating,side,time_control,time_category,moves,result,date
Akulyan,2750,Hikaru,3099,Black,3 min,blitz,25,Lost,1/24/2019
Akulyan,2752,GigaQuparadze,2840,White,3 min,blitz,45,Lost,1/24/2019
Akulyan,2758,GigaQuparadze,2834,Black,3 min,blitz,20,Lost,1/24/2019
Akulyan,2765,GigaQuparadze,2827,White,3 min,blitz,41,Lost,1/24/2019
Akulyan,2772,GigaQuparadze,2820,Black,3 min,blitz,54,Lost,1/24/2019
Akulyan,2779,francyIM,2668,Black,3 min,blitz,24,Won,1/24/2019
Akulyan,2773,francyIM,2674,White,3 min,blitz,28,Won,1/24/2019
Akulyan,2767,dzhumagaliev,2753,White,3 min,blitz,91,Won,1/24/2019
Akulyan,2759,dzhumagaliev,2761,Black,3 min,blitz,39,Won,1/24/2019
Akulyan,2751,Edgar_Karagyozyan,2549,Black,3 min,blitz,42,Draw,1/24/2019
Akulyan,2755,Edgar_Karagyozyan,2545,White,3 min,blitz,48,Won,1/24/2019
Akulyan,2751,Edgar_Karagyozyan,2549,Black,3 min,blitz,29,Won,1/24/2019
Akulyan,2747,Edgar_Karagyozyan,2553,White,3 min,blitz,56,Lost,1/24/2019
Akulyan,2759,German_Bazeev,2715,White,3 min,blitz,60,Won,1/23/2019
Akulyan,2752,German_Bazeev,2722,Black,3 min,blitz,43,Won,1/23/2019
Akulyan,2744,German_Bazeev,2730,White,3 min,blitz,84,Won,1/23/2019
Akulyan,2736,German_Bazeev,2738,Black,3 min,blitz,28,Won,1/23/2019
Akulyan,2728,maloy07,2728,Black,3 min,blitz,23,Lost,1/23/2019
Akulyan,2736,maloy07,2720,White,3 min,blitz,71,Lost,1/23/2019
Akulyan,2745,francyIM,2632,Black,3 min,blitz,11,Won,1/23/2019
Akulyan,2739,francyIM,2638,White,3 min,blitz,37,Lost,1/23/2019
Akulyan,2750,francyIM,2627,Black,3 min,blitz,46,Won,1/23/2019
Akulyan,2745,Mistango,2605,Black,3 min,blitz,21,Won,1/23/2019
Akulyan,2740,TrimitziosP7,2684,White,3 min,blitz,43,Lost,1/22/2019
Akulyan,2750,TrimitziosP7,2674,Black,3 min,blitz,30,Lost,1/22/2019
Akulyan,2760,shosti-73,2625,Black,3 min,blitz,42,Won,1/22/2019
Akulyan,2755,deep_ex,2710,White,3 min,blitz,40,Won,1/22/2019
Akulyan,2748,deep_ex,2717,Black,3 min,blitz,69,Won,1/22/2019
Akulyan,2740,JoseMaxin,2685,White,3 min,blitz,30,Lost,1/22/2019
Akulyan,2750,JoseMaxin,2675,Black,3 min,blitz,62,Lost,1/22/2019
Akulyan,2760,Rethinking_fables,2598,Black,3 min,blitz,29,Won,1/22/2019
Akulyan,2755,Rethinking_fables,2603,White,3 min,blitz,43,Won,1/22/2019
Akulyan,2750,Alexander_Khlebovich,2632,White,3 min,blitz,57,Won,1/22/2019
Akulyan,2744,Indianlad,2819,White,3 min,blitz,78,Won,1/22/2019
Akulyan,2734,Gummibear69,2713,White,3 min,blitz,26,Lost,1/22/2019
Akulyan,2743,want2lose,2696,Black,3 min,blitz,25,Lost,1/22/2019
Akulyan,2753,DuleMudule,2773,Black,3 min,blitz,49,Won,1/22/2019
Akulyan,2744,DuleMudule,2782,White,3 min,blitz,57,Lost,1/22/2019
Akulyan,2751,DuleMudule,2775,Black,3 min,blitz,23,Lost,1/22/2019
Akulyan,2759,DuleMudule,2767,White,3 min,blitz,68,Won,1/22/2019
Akulyan,2750,shosti-73,2684,White,3 min,blitz,78,Lost,1/21/2019
Akulyan,2760,IM_dmitrij,2716,Black,3 min,blitz,43,Lost,1/21/2019
Akulyan,2769,KiteZZ,2684,Black,3 min,blitz,25,Won,1/21/2019
Akulyan,2763,IM_dmitrij,2695,White,3 min,blitz,109,Won,1/21/2019
Akulyan,2756,KiteZZ,2632,White,3 min,blitz,33,Won,1/20/2019
Akulyan,2751,Saqo17,2428,Black,3 min,blitz,44,Won,1/19/2019
Akulyan,2749,Saqo17,2430,White,3 min,blitz,22,Won,1/19/2019
Akulyan,2747,Saqo17,2432,Black,3 min,blitz,31,Won,1/19/2019
Akulyan,2745,Saqo17,2434,White,3 min,blitz,23,Won,1/19/2019
Akulyan,2743,Saqo17,2436,Black,3 min,blitz,19,Won,1/19/2019