player,player_rating,opponent,opponent_rating,side,time_control,time_category,moves,result,date
Akulyan,2748,NTBT_DHS,2752,Black,1 min,bullet,61,Won,12/28/2018
Akulyan,2740,NTBT_DHS,2760,White,1 min,bullet,27,Lost,12/28/2018
Akulyan,2748,NTBT_DHS,2752,Black,1 min,bullet,41,Lost,12/28/2018
Akulyan,2756,NTBT_DHS,2744,White,1 min,bullet,69,Won,12/28/2018
Akulyan,2748,NTBT_DHS,2752,Black,1 min,bullet,60,Won,12/28/2018
Akulyan,2740,NTBT_DHS,2760,White,1 min,bullet,52,Won,12/28/2018
Akulyan,2731,NTBT_DHS,2769,Black,1 min,bullet,49,Won,12/28/2018
Akulyan,2722,NTBT_DHS,2778,White,1 min,bullet,31,Lost,12/28/2018
Akulyan,2729,NTBT_DHS,2771,Black,1 min,bullet,57,Lost,12/28/2018
Akulyan,2736,NTBT_DHS,2764,White,1 min,bullet,33,Lost,12/28/2018
Akulyan,2744,NTBT_DHS,2756,Black,1 min,bullet,43,Lost,12/28/2018
Akulyan,2752,NTBT_DHS,2748,White,1 min,bullet,61,Draw,12/28/2018
Akulyan,2752,NTBT_DHS,2748,Black,1 min,bullet,67,Won,12/28/2018
Akulyan,2744,NTBT_DHS,2705,White,1 min,bullet,12,Lost,12/28/2018
Akulyan,2753,NTBT_DHS,2696,Black,1 min,bullet,37,Lost,12/28/2018
Akulyan,2763,NTBT_DHS,2686,White,1 min,bullet,51,Won,12/28/2018
Akulyan,2756,NTBT_DHS,2693,Black,1 min,bullet,35,Won,12/28/2018
Akulyan,2749,MaximDlugy,2772,White,1 min,bullet,38,Lost,12/28/2018
Akulyan,2757,MaximDlugy,2764,Black,1 min,bullet,76,Won,12/28/2018
Akulyan,2748,MaximDlugy,2773,White,1 min,bullet,28,Won,12/28/2018
Akulyan,2739,MaximDlugy,2782,Black,1 min,bullet,31,Lost,12/28/2018
Akulyan,2746,MaximDlugy,2775,White,1 min,bullet,8,Lost,12/28/2018
Akulyan,2754,Judas_Priest,2669,Black,1 min,bullet,54,Lost,12/28/2018
Akulyan,2764,Judas_Priest,2659,White,1 min,bullet,47,Won,12/28/2018
Akulyan,2758,Judas_Priest,2665,Black,1 min,bullet,4,Draw,12/28/2018
Akulyan,2760,Judas_Priest,2663,White,1 min,bullet,26,Lost,12/28/2018
Akulyan,2771,Judas_Priest,2652,Black,1 min,bullet,22,Won,12/28/2018
Akulyan,2765,Judas_Priest,2658,White,1 min,bullet,30,Won,12/28/2018
Akulyan,2759,Judas_Priest,2664,Black,1 min,bullet,50,Won,12/28/2018
Akulyan,2753,Judas_Priest,2670,White,1 min,bullet,42,Lost,12/28/2018
Akulyan,2763,Holden-Caulfield,2547,White,1 min,bullet,46,Won,12/25/2018
Akulyan,2759,TMTor,2875,White,1 min,bullet,21,Lost,12/22/2018
Akulyan,2765,TMTor,2869,Black,1 min,bullet,42,Lost,12/22/2018
Akulyan,2771,TMTor,2863,White,1 min,bullet,26,Lost,12/22/2018
Akulyan,2777,TMTor,2857,Black,1 min,bullet,40,Won,12/22/2018
Akulyan,2767,TMTor,2867,White,1 min,bullet,42,Lost,12/22/2018
Akulyan,2773,TMTor,2861,Black,1 min,bullet,19,Lost,12/22/2018
Akulyan,2779,TMTor,2855,White,1 min,bullet,65,Lost,12/22/2018
Akulyan,2786,TMTor,2848,Black,1 min,bullet,69,Draw,12/22/2018
Akulyan,2785,TMTor,2849,White,1 min,bullet,44,Won,12/22/2018
Akulyan,2775,TMTor,2859,Black,1 min,bullet,33,Lost,12/22/2018
Akulyan,2781,TMTor,2853,White,1 min,bullet,14,Lost,12/22/2018
Akulyan,2788,TMTor,2846,Black,1 min,bullet,39,Lost,12/22/2018
Akulyan,2795,TMTor,2839,White,1 min,bullet,67,Won,12/22/2018
Akulyan,2786,TMTor,2848,Black,1 min,bullet,30,Lost,12/22/2018
Akulyan,2793,TMTor,2841,White,1 min,bullet,34,Won,12/22/2018
Akulyan,2784,TMTor,2850,Black,1 min,bullet,28,Lost,12/22/2018
Akulyan,2791,TMTor,2843,White,1 min,bullet,78,Won,12/22/2018
Akulyan,2781,TMTor,2853,Black,1 min,bullet,47,Lost,12/22/2018
Akulyan,2788,TMTor,2846,White,1 min,bullet,50,Lost,12/22/2018