player,player_rating,opponent,opponent_rating,side,time_control,time_category,moves,result,date
Akulyan,2796,ARMCOMPOSER,2844,White,3 min,blitz,43,Won,10/13/2018
Akulyan,2787,ARMCOMPOSER,2853,Black,3 min,blitz,39,Won,10/13/2018
Akulyan,2777,ARMCOMPOSER,2863,White,3 min,blitz,83,Won,10/13/2018
Akulyan,2767,ARMCOMPOSER,2873,Black,3 min,blitz,26,Lost,10/13/2018
Akulyan,2773,ARMCOMPOSER,2867,White,3 min,blitz,58,Lost,10/13/2018
Akulyan,2779,ARMCOMPOSER,2861,Black,3 min,blitz,37,Lost,10/13/2018
Akulyan,2785,Micki-taryan,2864,Black,3 min,blitz,90,Won,10/13/2018
Akulyan,2775,Micki-taryan,2874,White,3 min,blitz,78,Won,10/13/2018
Akulyan,2764,Micki-taryan,2885,Black,3 min,blitz,45,Lost,10/13/2018
Akulyan,2770,Micki-taryan,2879,White,3 min,blitz,31,Lost,10/13/2018
Akulyan,2776,igorkovalenko,2784,Black,3 min,blitz,70,Won,10/10/2018
Akulyan,2767,dangerousfish,2626,Black,3 min,blitz,58,Won,10/9/2018
Akulyan,2762,Ti-Ga,2458,Black,3 min,blitz,48,Won,10/9/2018
Akulyan,2760,birb_memes,2490,White,3 min,blitz,60,Won,10/9/2018
Akulyan,2757,FanMWPChess,2713,White,3 min,blitz,68,Won,10/9/2018
Akulyan,2750,FanMWPChess,2720,Black,3 min,blitz,78,Won,10/9/2018
Akulyan,2742,sergeikim,2425,White,3 min,blitz,38,Won,10/9/2018
Akulyan,2740,JDBryant,2769,Black,3 min,blitz,14,Lost,10/9/2018
Akulyan,2748,JDBryant,2761,White,3 min,blitz,40,Won,10/9/2018
Akulyan,2739,JDBryant,2770,Black,3 min,blitz,30,Lost,10/9/2018
Akulyan,2747,JDBryant,2762,White,3 min,blitz,44,Won,10/9/2018
Akulyan,2738,JDBryant,2771,Black,3 min,blitz,65,Won,10/9/2018
Akulyan,2729,JDBryant,2780,White,3 min,blitz,49,Won,10/9/2018
Akulyan,2719,JDBryant,2790,Black,3 min,blitz,27,Lost,10/9/2018
Akulyan,2726,JDBryant,2783,White,3 min,blitz,71,Lost,10/9/2018
Akulyan,2733,JDBryant,2776,Black,3 min,blitz,48,Won,10/9/2018
Akulyan,2724,JDBryant,2785,White,3 min,blitz,33,Lost,10/9/2018
Akulyan,2731,JDBryant,2778,Black,3 min,blitz,11,Lost,10/9/2018
Akulyan,2738,ProfesseurImed,2763,White,3 min,blitz,25,Lost,10/6/2018
Akulyan,2746,ProfesseurImed,2755,Black,3 min,blitz,33,Won,10/6/2018
Akulyan,2737,DESTROYER7777777,2696,White,3 min,blitz,23,Lost,10/6/2018
Akulyan,2746,eb40,2539,White,3 min,blitz,34,Won,10/6/2018
Akulyan,2742,eb40,2543,Black,3 min,blitz,29,Won,10/6/2018
Akulyan,2738,eb40,2547,White,3 min,blitz,61,Won,10/6/2018
Akulyan,2734,BocharovD,2825,White,3 min,blitz,26,Lost,10/2/2018
Akulyan,2740,BocharovD,2819,Black,3 min,blitz,25,Lost,10/2/2018
Akulyan,2747,BocharovD,2812,White,3 min,blitz,56,Lost,10/2/2018
Akulyan,2754,BocharovD,2805,Black,3 min,blitz,37,Lost,10/2/2018
Akulyan,2761,MatsenkoSergey,2714,White,3 min,blitz,27,Won,10/1/2018
Akulyan,2754,Ehsanovski,2741,White,3 min,blitz,64,Won,10/1/2018
Akulyan,2746,Ehsanovski,2749,Black,3 min,blitz,33,Lost,10/1/2018
Akulyan,2754,Ehsanovski,2741,White,3 min,blitz,49,Won,10/1/2018
Akulyan,2746,Ehsanovski,2749,Black,3 min,blitz,66,Won,10/1/2018
Akulyan,2738,Ehsanovski,2757,White,3 min,blitz,95,Won,10/1/2018
Akulyan,2729,Ehsanovski,2766,Black,3 min,blitz,29,Lost,10/1/2018
Akulyan,2737,ficorrales,2719,Black,3 min,blitz,33,Lost,9/30/2018
Akulyan,2746,ficorrales,2710,White,3 min,blitz,61,Won,9/30/2018
Akulyan,2738,ficorrales,2718,Black,3 min,blitz,84,Won,9/30/2018
Akulyan,2730,ficorrales,2726,White,3 min,blitz,33,Lost,9/30/2018
Akulyan,2738,ficorrales,2718,Black,3 min,blitz,48,Lost,9/30/2018