player,player_rating,opponent,opponent_rating,side,time_control,time_category,moves,result,date
Akulyan,2733,goldenman79,2623,Black,3 min,blitz,23,Won,12/19/2018
Akulyan,2727,goldenman79,2629,White,3 min,blitz,33,Won,12/19/2018
Akulyan,2721,WildBizon,2627,Black,3 min,blitz,32,Lost,12/19/2018
Akulyan,2732,russian_gm,2600,White,3 min,blitz,40,Won,12/19/2018
Akulyan,2727,omidnoroozi21,2587,Black,3 min,blitz,40,Won,12/19/2018
Akulyan,2722,omidnoroozi21,2592,White,3 min,blitz,10,Lost,12/19/2018
Akulyan,2733,omidnoroozi21,2581,Black,3 min,blitz,50,Won,12/19/2018
Akulyan,2728,GM-2004,2396,White,3 min,blitz,37,Won,12/19/2018
Akulyan,2726,GM-2004,2398,Black,3 min,blitz,55,Won,12/19/2018
Akulyan,2724,GM-2004,2400,White,3 min,blitz,40,Won,12/19/2018
Akulyan,2722,GM-2004,2402,Black,3 min,blitz,27,Won,12/19/2018
Akulyan,2720,GM-2004,2404,White,3 min,blitz,31,Won,12/19/2018
Akulyan,2718,Misi_95,2682,White,3 min,blitz,49,Lost,12/19/2018
Akulyan,2727,Misi_95,2673,Black,3 min,blitz,40,Won,12/19/2018
Akulyan,2720,Misi_95,2680,White,3 min,blitz,61,Won,12/19/2018
Akulyan,2713,robbykevlishvili,2746,Black,3 min,blitz,47,Lost,12/18/2018
Akulyan,2721,Artur_Avalyan03,2696,White,3 min,blitz,36,Lost,12/18/2018
Akulyan,2730,Artur_Avalyan03,2687,Black,3 min,blitz,29,Won,12/18/2018
Akulyan,2723,Hunninn,2665,Black,3 min,blitz,74,Won,12/18/2018
Akulyan,2716,Louie_Ferrigno,2548,White,3 min,blitz,38,Lost,12/18/2018
Akulyan,2728,Goran_Krastev,2358,Black,3 min,blitz,84,Lost,12/18/2018
Akulyan,2743,Goran_Krastev,2343,White,3 min,blitz,49,Won,12/18/2018
Akulyan,2742,13MiRacLe,2670,Black,3 min,blitz,25,Lost,12/11/2018
Akulyan,2752,Davit_Tiraturyan,2521,Black,3 min,blitz,52,Won,12/11/2018
Akulyan,2749,Obito24,2690,Black,3 min,blitz,38,Won,12/10/2018
Akulyan,2742,lantunezs93,2408,White,3 min,blitz,18,Won,12/10/2018
Akulyan,2740,mattin2806,2527,White,3 min,blitz,68,Won,12/10/2018
Akulyan,2736,mattin2806,2531,Black,3 min,blitz,71,Won,12/10/2018
Akulyan,2732,mattin2806,2535,White,3 min,blitz,70,Lost,12/10/2018
Akulyan,2745,NBumaye,2469,Black,3 min,blitz,31,Won,12/10/2018
Akulyan,2742,alpasya2009,2604,Black,3 min,blitz,66,Won,12/10/2018
Akulyan,2737,mikhaillushenkov,2688,White,3 min,blitz,68,Won,12/10/2018
Akulyan,2730,Alexei_Kornev,2688,White,3 min,blitz,69,Won,12/10/2018
Akulyan,2723,TST2014,2550,Black,3 min,blitz,75,Lost,12/6/2018
Akulyan,2735,LiWenliang,2489,Black,3 min,blitz,75,Draw,12/6/2018
Akulyan,2740,TigranLPetrosyan,2795,Black,3 min,blitz,4,Draw,12/6/2018
Akulyan,2739,Tiqr777,2601,Black,3 min,blitz,35,Lost,12/1/2018
Akulyan,2750,Tiqr777,2590,White,3 min,blitz,78,Won,12/1/2018
Akulyan,2745,Tiqr777,2595,Black,3 min,blitz,28,Won,12/1/2018
Akulyan,2740,Tiqr777,2600,White,3 min,blitz,58,Won,12/1/2018
Akulyan,2735,theblitzchamp,2722,Black,3 min,blitz,79,Lost,12/1/2018
Akulyan,2744,theblitzchamp,2713,White,3 min,blitz,35,Lost,12/1/2018
Akulyan,2753,theblitzchamp,2704,Black,3 min,blitz,67,Lost,12/1/2018
Akulyan,2763,theblitzchamp,2694,White,3 min,blitz,59,Won,12/1/2018
Akulyan,2756,Torosyan_Norayr,2632,White,3 min,blitz,29,Lost,11/29/2018
Akulyan,2767,Torosyan_Norayr,2621,Black,3 min,blitz,42,Won,11/29/2018
Akulyan,2762,Torosyan_Norayr,2626,White,3 min,blitz,65,Won,11/29/2018
Akulyan,2757,Torosyan_Norayr,2631,Black,3 min,blitz,72,Won,11/29/2018
Akulyan,2752,Torosyan_Norayr,2636,White,3 min,blitz,46,Won,11/29/2018
Akulyan,2746,Torosyan_Norayr,2642,Black,3 min,blitz,23,Won,11/29/2018