player,player_rating,opponent,opponent_rating,side,time_control,time_category,moves,result,date
Akulyan,2753,KNVB,2853,Black,1 min,bullet,50,Lost,1/24/2019
Akulyan,2759,KNVB,2847,White,1 min,bullet,62,Lost,1/24/2019
Akulyan,2765,KNVB,2841,Black,1 min,bullet,63,Won,1/24/2019
Akulyan,2755,KNVB,2851,White,1 min,bullet,63,Won,1/24/2019
Akulyan,2744,KNVB,2862,Black,1 min,bullet,33,Lost,1/24/2019
Akulyan,2750,KNVB,2856,White,1 min,bullet,49,Lost,1/24/2019
Akulyan,2756,KNVB,2850,Black,1 min,bullet,49,Lost,1/24/2019
Akulyan,2762,KNVB,2844,White,1 min,bullet,31,Won,1/24/2019
Akulyan,2752,KNVB,2854,Black,1 min,bullet,42,Lost,1/24/2019
Akulyan,2758,KNVB,2848,White,1 min,bullet,72,Won,1/24/2019
Akulyan,2748,KNVB,2858,Black,1 min,bullet,23,Lost,1/24/2019
Akulyan,2754,KNVB,2852,White,1 min,bullet,42,Lost,1/24/2019
Akulyan,2760,KNVB,2846,Black,1 min,bullet,66,Lost,1/24/2019
Akulyan,2766,KNVB,2840,White,1 min,bullet,24,Lost,1/24/2019
Akulyan,2773,KNVB,2833,Black,1 min,bullet,55,Won,1/24/2019
Akulyan,2763,KNVB,2843,White,1 min,bullet,56,Lost,1/24/2019
Akulyan,2770,KNVB,2836,Black,1 min,bullet,22,Lost,1/24/2019
Akulyan,2777,KNVB,2829,White,1 min,bullet,58,Lost,1/24/2019
Akulyan,2784,KNVB,2822,Black,1 min,bullet,20,Lost,1/24/2019
Akulyan,2791,KNVB,2815,White,1 min,bullet,42,Won,1/24/2019
Akulyan,2782,KNVB,2824,Black,1 min,bullet,57,Lost,1/24/2019
Akulyan,2789,KNVB,2817,White,1 min,bullet,38,Lost,1/24/2019
Akulyan,2797,KNVB,2809,Black,1 min,bullet,30,Lost,1/24/2019
Akulyan,2805,KNVB,2801,White,1 min,bullet,73,Won,1/24/2019
Akulyan,2797,KNVB,2809,Black,1 min,bullet,70,Lost,1/24/2019
Akulyan,2805,KNVB,2801,White,1 min,bullet,64,Won,1/24/2019
Akulyan,2797,KNVB,2809,Black,1 min,bullet,47,Won,1/24/2019
Akulyan,2788,KNVB,2818,White,1 min,bullet,54,Lost,1/24/2019
Akulyan,2796,KNVB,2810,Black,1 min,bullet,67,Won,1/24/2019
Akulyan,2787,KNVB,2819,White,1 min,bullet,64,Won,1/24/2019
Akulyan,2778,KNVB,2828,Black,1 min,bullet,33,Lost,1/24/2019
Akulyan,2785,KNVB,2821,White,1 min,bullet,67,Lost,1/24/2019
Akulyan,2793,KNVB,2813,Black,1 min,bullet,53,Won,1/24/2019
Akulyan,2784,KNVB,2822,White,1 min,bullet,77,Won,1/24/2019
Akulyan,2775,KNVB,2831,Black,1 min,bullet,38,Lost,1/24/2019
Akulyan,2782,KNVB,2824,White,1 min,bullet,74,Won,1/24/2019
Akulyan,2773,KNVB,2833,Black,1 min,bullet,67,Draw,1/24/2019
Akulyan,2772,KNVB,2834,White,1 min,bullet,32,Lost,1/24/2019
Akulyan,2779,KNVB,2827,Black,1 min,bullet,39,Lost,1/24/2019
Akulyan,2786,KNVB,2820,White,1 min,bullet,53,Won,1/24/2019
Akulyan,2777,KNVB,2829,Black,1 min,bullet,62,Won,1/24/2019
Akulyan,2767,KNVB,2839,White,1 min,bullet,88,Lost,1/24/2019
Akulyan,2774,Davit_Tiraturyan,2709,Black,30 sec,bullet,53,Lost,1/20/2019
Akulyan,2784,Davit_Tiraturyan,2699,White,30 sec,bullet,25,Won,1/20/2019
Akulyan,2778,Davit_Tiraturyan,2705,Black,30 sec,bullet,23,Won,1/20/2019
Akulyan,2771,Davit_Tiraturyan,2712,White,30 sec,bullet,63,Won,1/20/2019
Akulyan,2764,Davit_Tiraturyan,2719,Black,30 sec,bullet,55,Won,1/20/2019
Akulyan,2757,Davit_Tiraturyan,2726,White,30 sec,bullet,25,Won,1/20/2019
Akulyan,2749,Davit_Tiraturyan,2734,Black,30 sec,bullet,27,Lost,1/20/2019
Akulyan,2758,Davit_Tiraturyan,2725,White,30 sec,bullet,30,Won,1/20/2019