player,player_rating,opponent,opponent_rating,side,time_control,time_category,moves,result,date
Akulyan,2795,TMTor,2839,Black,1 min,bullet,65,Won,12/22/2018
Akulyan,2786,TMTor,2848,White,1 min,bullet,50,Won,12/22/2018
Akulyan,2776,TMTor,2858,Black,1 min,bullet,24,Lost,12/22/2018
Akulyan,2782,TMTor,2852,White,1 min,bullet,45,Won,12/22/2018
Akulyan,2772,TMTor,2862,Black,1 min,bullet,27,Lost,12/22/2018
Akulyan,2778,TMTor,2856,White,1 min,bullet,38,Won,12/22/2018
Akulyan,2768,TMTor,2866,Black,1 min,bullet,40,Lost,12/22/2018
Akulyan,2774,TMTor,2860,White,1 min,bullet,23,Lost,12/22/2018
Akulyan,2780,TMTor,2854,Black,1 min,bullet,35,Lost,12/22/2018
Akulyan,2787,TMTor,2847,White,1 min,bullet,44,Won,12/22/2018
Akulyan,2777,TMTor,2857,Black,1 min,bullet,19,Lost,12/22/2018
Akulyan,2783,TMTor,2851,White,1 min,bullet,55,Lost,12/22/2018
Akulyan,2790,TMTor,2844,Black,1 min,bullet,23,Won,12/22/2018
Akulyan,2780,NTBT_DHS,2606,White,1 min,bullet,74,Won,12/22/2018
Akulyan,2776,NTBT_DHS,2610,Black,1 min,bullet,42,Won,12/22/2018
Akulyan,2771,DrDalek,2464,White,1 min,bullet,23,Draw,12/22/2018
Akulyan,2777,DrDalek,2458,Black,1 min,bullet,23,Won,12/22/2018
Akulyan,2775,DrDalek,2460,White,1 min,bullet,38,Won,12/22/2018
Akulyan,2773,DrDalek,2462,Black,1 min,bullet,28,Won,12/22/2018
Akulyan,2771,DrDalek,2464,White,1 min,bullet,32,Won,12/22/2018
Akulyan,2769,DrDalek,2466,Black,1 min,bullet,56,Draw,12/22/2018
Akulyan,2775,DrDalek,2460,White,1 min,bullet,20,Won,12/22/2018
Akulyan,2773,DrDalek,2462,Black,1 min,bullet,36,Won,12/22/2018
Akulyan,2771,DrDalek,2464,White,1 min,bullet,19,Won,12/22/2018
Akulyan,2769,DrDalek,2466,Black,1 min,bullet,54,Won,12/22/2018
Akulyan,2767,DrDalek,2468,White,1 min,bullet,29,Won,12/22/2018
Akulyan,2764,DrDalek,2470,Black,1 min,bullet,35,Won,12/22/2018
Akulyan,2761,DrDalek,2473,White,1 min,bullet,6,Won,12/22/2018
Akulyan,2758,DrDalek,2476,Black,1 min,bullet,27,Won,12/22/2018
Akulyan,2755,DrDalek,2479,White,1 min,bullet,27,Won,12/22/2018
Akulyan,2752,Suren_Avetisyan,2371,Black,1|1,bullet,83,Lost,12/22/2018
Akulyan,2767,Suren_Avetisyan,2356,White,1|1,bullet,21,Won,12/22/2018
Akulyan,2766,dexter_88,2457,Black,1 min,bullet,25,Won,12/22/2018
Akulyan,2764,Suren_Avetisyan,2348,Black,1 min,bullet,27,Won,12/22/2018
Akulyan,2763,Suren_Avetisyan,2349,White,1 min,bullet,53,Won,12/22/2018
Akulyan,2762,Suren_Avetisyan,2350,Black,2|1,bullet,42,Won,12/22/2018
Akulyan,2761,MrTattaglia,2767,White,1 min,bullet,47,Won,12/22/2018
Akulyan,2752,Suren_Avetisyan,2354,White,1|1,bullet,23,Won,12/22/2018
Akulyan,2751,Suren_Avetisyan,2356,Black,1|1,bullet,51,Won,12/22/2018
Akulyan,2749,Suren_Avetisyan,2358,White,1|1,bullet,40,Won,12/22/2018
Akulyan,2747,Suren_Avetisyan,2360,Black,1|1,bullet,43,Won,12/22/2018
Akulyan,2745,Suren_Avetisyan,2362,White,1 min,bullet,27,Won,12/22/2018
Akulyan,2743,Suren_Avetisyan,2364,Black,1 min,bullet,55,Won,12/22/2018
Akulyan,2741,Suren_Avetisyan,2366,White,1 min,bullet,19,Won,12/22/2018
Akulyan,2739,Suren_Avetisyan,2368,Black,1 min,bullet,50,Won,12/22/2018
Akulyan,2737,Suren_Avetisyan,2370,White,1 min,bullet,66,Draw,12/22/2018
Akulyan,2743,Suren_Avetisyan,2364,Black,2|1,bullet,85,Draw,12/22/2018
Akulyan,2749,Suren_Avetisyan,2358,White,1 min,bullet,59,Won,12/22/2018
Akulyan,2747,IMTominho,2729,Black,1 min,bullet,23,Won,12/22/2018
Akulyan,2739,IMTominho,2737,White,1 min,bullet,59,Won,12/22/2018