player,player_rating,opponent,opponent_rating,side,time_control,time_category,moves,result,date
Akulyan,2782,Tjktiger,2704,White,3 min,blitz,74,Lost,1/27/2019
Akulyan,2792,Tjktiger,2694,Black,3 min,blitz,51,Won,1/27/2019
Akulyan,2786,Tjktiger,2700,White,3 min,blitz,62,Won,1/27/2019
Akulyan,2780,Tjktiger,2706,Black,3 min,blitz,75,Lost,1/27/2019
Akulyan,2790,Tjktiger,2696,White,3 min,blitz,50,Won,1/27/2019
Akulyan,2784,Tjktiger,2702,Black,3 min,blitz,43,Won,1/27/2019
Akulyan,2778,Tjktiger,2708,White,3 min,blitz,34,Won,1/27/2019
Akulyan,2771,Tjktiger,2715,Black,3 min,blitz,86,Lost,1/27/2019
Akulyan,2781,Tjktiger,2705,White,3 min,blitz,20,Won,1/27/2019
Akulyan,2774,Tjktiger,2712,Black,3 min,blitz,28,Won,1/27/2019
Akulyan,2767,Tjktiger,2719,White,3 min,blitz,56,Won,1/27/2019
Akulyan,2760,Muradore,2650,Black,3 min,blitz,34,Won,1/27/2019
Akulyan,2754,Davit_Tiraturyan,2749,White,3 min,blitz,40,Lost,1/26/2019
Akulyan,2762,Edgar_Karagyozyan,2658,Black,3 min,blitz,38,Won,1/26/2019
Akulyan,2756,Edgar_Karagyozyan,2664,White,3 min,blitz,30,Lost,1/26/2019
Akulyan,2766,Edgar_Karagyozyan,2654,Black,3 min,blitz,37,Lost,1/26/2019
Akulyan,2777,Edgar_Karagyozyan,2643,White,3 min,blitz,86,Draw,1/26/2019
Akulyan,2780,Armine999,516),White,10 min,blitz,35,Won,1/26/2019
Akulyan,2780,GigaQuparadze,2861,Black,3 min,blitz,39,Won,1/26/2019
Akulyan,2770,GigaQuparadze,2871,White,3 min,blitz,33,Lost,1/26/2019
Akulyan,2776,GigaQuparadze,2865,Black,3 min,blitz,24,Won,1/26/2019
Akulyan,2766,GigaQuparadze,2875,White,3 min,blitz,77,Won,1/26/2019
Akulyan,2755,GigaQuparadze,2886,Black,3 min,blitz,47,Lost,1/26/2019
Akulyan,2760,GigaQuparadze,2881,White,3 min,blitz,29,Lost,1/26/2019
Akulyan,2766,GigaQuparadze,2875,Black,3 min,blitz,16,Won,1/26/2019
Akulyan,2755,GigaQuparadze,2886,White,3 min,blitz,20,Lost,1/26/2019
Akulyan,2760,GigaQuparadze,2881,Black,3 min,blitz,49,Lost,1/26/2019
Akulyan,2766,Helepolis,2634,Black,3 min,blitz,78,Lost,1/26/2019
Akulyan,2777,Helepolis,2623,White,3 min,blitz,54,Won,1/26/2019
Akulyan,2772,Helepolis,2628,Black,3 min,blitz,28,Won,1/26/2019
Akulyan,2767,Helepolis,2633,White,3 min,blitz,17,Won,1/26/2019
Akulyan,2762,Helepolis,2638,Black,3 min,blitz,20,Won,1/26/2019
Akulyan,2756,Helepolis,2644,White,3 min,blitz,98,Won,1/26/2019
Akulyan,2750,Helepolis,2650,Black,3 min,blitz,31,Won,1/26/2019
Akulyan,2744,Helepolis,2656,White,3 min,blitz,30,Won,1/26/2019
Akulyan,2738,Helepolis,2662,Black,3 min,blitz,89,Draw,1/26/2019
Akulyan,2740,Helepolis,2660,White,3 min,blitz,37,Won,1/26/2019
Akulyan,2734,Helepolis,2666,Black,3 min,blitz,40,Won,1/26/2019
Akulyan,2727,Helepolis,2673,White,3 min,blitz,22,Lost,1/26/2019
Akulyan,2737,Helepolis,2663,Black,3 min,blitz,79,Won,1/26/2019
Akulyan,2730,Helepolis,2670,White,3 min,blitz,26,Won,1/26/2019
Akulyan,2723,Helepolis,2677,Black,3 min,blitz,28,Lost,1/26/2019
Akulyan,2732,Helepolis,2668,White,3 min,blitz,32,Won,1/26/2019
Akulyan,2725,Helepolis,2675,Black,3 min,blitz,61,Won,1/26/2019
Akulyan,2718,CapitanFindus,2616,White,3 min,blitz,48,Lost,1/26/2019
Akulyan,2729,The_bird_of_peace,2853,Black,3 min,blitz,26,Lost,1/26/2019
Akulyan,2735,Davit_Tiraturyan,2704,White,3 min,blitz,11,Lost,1/25/2019
Akulyan,2744,Davit_Tiraturyan,2695,Black,3 min,blitz,69,Lost,1/25/2019
Akulyan,2754,Yaroslav_Remizov,2637,Black,3 min,blitz,39,Won,1/25/2019
Akulyan,2748,Hikaru,3101,White,3 min,blitz,53,Lost,1/25/2019