player,player_rating,opponent,opponent_rating,side,time_control,time_category,moves,result,date
Akulyan,2779,GigaQuparadze,2867,White,3 min,blitz,28,Draw,1/28/2019
Akulyan,2777,GigaQuparadze,2869,Black,3 min,blitz,71,Won,1/28/2019
Akulyan,2767,GigaQuparadze,2879,White,3 min,blitz,81,Won,1/28/2019
Akulyan,2756,GigaQuparadze,2890,Black,3 min,blitz,30,Lost,1/28/2019
Akulyan,2761,GigaQuparadze,2885,White,3 min,blitz,57,Lost,1/28/2019
Akulyan,2766,GigaQuparadze,2880,Black,3 min,blitz,47,Lost,1/28/2019
Akulyan,2772,GigaQuparadze,2874,White,3 min,blitz,38,Lost,1/28/2019
Akulyan,2778,GigaQuparadze,2868,Black,3 min,blitz,67,Won,1/28/2019
Akulyan,2768,GigaQuparadze,2878,White,3 min,blitz,39,Lost,1/28/2019
Akulyan,2774,GigaQuparadze,2872,Black,3 min,blitz,77,Lost,1/28/2019
Akulyan,2780,GigaQuparadze,2866,White,3 min,blitz,39,Lost,1/28/2019
Akulyan,2786,GigaQuparadze,2860,Black,3 min,blitz,24,Lost,1/28/2019
Akulyan,2793,GigaQuparadze,2853,White,3 min,blitz,16,Lost,1/28/2019
Akulyan,2800,GigaQuparadze,2846,Black,3 min,blitz,26,Won,1/28/2019
Akulyan,2791,GigaQuparadze,2855,White,3 min,blitz,79,Won,1/28/2019
Akulyan,2781,GigaQuparadze,2865,Black,3 min,blitz,54,Won,1/28/2019
Akulyan,2771,GigaQuparadze,2875,White,3 min,blitz,44,Lost,1/28/2019
Akulyan,2777,GigaQuparadze,2869,Black,3 min,blitz,41,Lost,1/28/2019
Akulyan,2783,GigaQuparadze,2863,White,3 min,blitz,62,Draw,1/28/2019
Akulyan,2781,GigaQuparadze,2865,Black,3 min,blitz,50,Lost,1/28/2019
Akulyan,2787,GigaQuparadze,2859,White,3 min,blitz,29,Lost,1/28/2019
Akulyan,2794,GigaQuparadze,2852,Black,3 min,blitz,36,Lost,1/28/2019
Akulyan,2801,GigaQuparadze,2845,White,3 min,blitz,63,Won,1/28/2019
Akulyan,2792,GigaQuparadze,2854,Black,3 min,blitz,16,Lost,1/28/2019
Akulyan,2799,GigaQuparadze,2847,White,3 min,blitz,73,Won,1/28/2019
Akulyan,2789,IM_dmitrij,2807,Black,3 min,blitz,56,Won,1/28/2019
Akulyan,2780,IM_dmitrij,2816,White,3 min,blitz,81,Lost,1/28/2019
Akulyan,2787,Kaphrep,2627,Black,3 min,blitz,67,Won,1/28/2019
Akulyan,2782,Markov_Mikhail,2700,White,3 min,blitz,37,Won,1/28/2019
Akulyan,2776,BocharovD,2754,Black,3 min,blitz,30,Won,1/28/2019
Akulyan,2768,Davit_Tiraturyan,2688,Black,3 min,blitz,10,Won,1/28/2019
Akulyan,2762,Davit_Tiraturyan,2694,White,3 min,blitz,70,Draw,1/28/2019
Akulyan,2764,Davit_Tiraturyan,2692,Black,3 min,blitz,37,Won,1/28/2019
Akulyan,2757,Davit_Tiraturyan,2699,White,3 min,blitz,30,Lost,1/28/2019
Akulyan,2767,Davit_Tiraturyan,2689,Black,3 min,blitz,39,Won,1/28/2019
Akulyan,2760,beatles_22,2650,Black,3 min,blitz,84,Lost,1/28/2019
Akulyan,2771,MalakhovKirill,2722,Black,3 min,blitz,57,Won,1/28/2019
Akulyan,2764,maciek_92,2700,White,3 min,blitz,82,Lost,1/28/2019
Akulyan,2774,Davit_Tiraturyan,2711,White,3 min,blitz,20,Won,1/28/2019
Akulyan,2767,Davit_Tiraturyan,2718,Black,3 min,blitz,90,Draw,1/28/2019
Akulyan,2768,Davit_Tiraturyan,2717,White,3 min,blitz,45,Lost,1/28/2019
Akulyan,2778,Davit_Tiraturyan,2707,Black,3 min,blitz,36,Lost,1/28/2019
Akulyan,2788,Davit_Tiraturyan,2697,White,3 min,blitz,30,Won,1/28/2019
Akulyan,2782,Davit_Tiraturyan,2703,Black,3 min,blitz,104,Won,1/28/2019
Akulyan,2776,Davit_Tiraturyan,2709,White,3 min,blitz,35,Lost,1/28/2019
Akulyan,2786,Davit_Tiraturyan,2699,Black,3 min,blitz,33,Lost,1/28/2019
Akulyan,2796,bascheyaro,2747,Black,3 min,blitz,54,Won,1/28/2019
Akulyan,2789,ARMCOMPOSER,2903,Black,3 min,blitz,29,Lost,1/28/2019
Akulyan,2795,ARMCOMPOSER,2897,White,3 min,blitz,89,Lost,1/28/2019
Akulyan,2801,ARMCOMPOSER,2891,Black,3 min,blitz,40,Lost,1/28/2019