player,player_rating,opponent,opponent_rating,side,time_control,time_category,moves,result,date
Akulyan,2610,MARDAKERXXX,2768,Black,1 min,bullet,27,Won,11/25/2018
Akulyan,2598,MARDAKERXXX,2780,White,1 min,bullet,33,Lost,11/25/2018
Akulyan,2602,MARDAKERXXX,2776,Black,1 min,bullet,78,Draw,11/25/2018
Akulyan,2598,MARDAKERXXX,2780,White,1 min,bullet,22,Lost,11/25/2018
Akulyan,2602,MARDAKERXXX,2776,Black,1 min,bullet,58,Lost,11/25/2018
Akulyan,2606,MARDAKERXXX,2772,White,1 min,bullet,18,Lost,11/25/2018
Akulyan,2611,MARDAKERXXX,2767,Black,1 min,bullet,57,Lost,11/25/2018
Akulyan,2616,MARDAKERXXX,2762,White,1 min,bullet,30,Lost,11/25/2018
Akulyan,2621,MARDAKERXXX,2757,Black,1 min,bullet,57,Won,11/25/2018
Akulyan,2610,whyme85,2526,Black,1 min,bullet,5,Lost,11/18/2018
Akulyan,2620,Carnapian,2545,Black,1 min,bullet,32,Won,11/17/2018
Akulyan,2613,Carnapian,2552,White,1 min,bullet,29,Won,11/17/2018
Akulyan,2606,Carnapian,2559,Black,1 min,bullet,46,Won,11/17/2018
Akulyan,2599,Carnapian,2566,White,1 min,bullet,60,Won,11/17/2018
Akulyan,2591,Carnapian,2574,Black,1 min,bullet,31,Won,11/17/2018
Akulyan,2583,Carnapian,2582,White,1 min,bullet,22,Won,11/17/2018
Akulyan,2575,Carnapian,2590,Black,1 min,bullet,51,Won,11/17/2018
Akulyan,2566,Carnapian,2599,White,1 min,bullet,83,Won,11/17/2018
Akulyan,2557,PaulfromSPb,2681,White,1 min,bullet,21,Lost,11/17/2018
Akulyan,2563,PaulfromSPb,2675,Black,1 min,bullet,67,Lost,11/17/2018
Akulyan,2569,PaulfromSPb,2669,White,1 min,bullet,41,Lost,11/17/2018
Akulyan,2575,PaulfromSPb,2663,Black,1 min,bullet,4,Lost,11/17/2018
Akulyan,2581,PaulfromSPb,2657,White,1 min,bullet,28,Lost,11/17/2018
Akulyan,2588,PaulfromSPb,2650,Black,1 min,bullet,34,Lost,11/17/2018
Akulyan,2595,PaulfromSPb,2643,White,1 min,bullet,35,Lost,11/17/2018
Akulyan,2602,PaulfromSPb,2636,Black,1 min,bullet,69,Draw,11/17/2018
Akulyan,2601,PaulfromSPb,2637,White,1 min,bullet,49,Lost,11/17/2018
Akulyan,2608,PaulfromSPb,2630,Black,1 min,bullet,26,Lost,11/17/2018
Akulyan,2616,PaulfromSPb,2622,White,1 min,bullet,36,Lost,11/17/2018
Akulyan,2624,PaulfromSPb,2614,Black,1 min,bullet,88,Lost,11/17/2018
Akulyan,2633,PaulfromSPb,2605,White,1 min,bullet,45,Draw,11/17/2018
Akulyan,2634,PaulfromSPb,2604,Black,1 min,bullet,67,Draw,11/17/2018
Akulyan,2635,PaulfromSPb,2603,White,1 min,bullet,46,Lost,11/17/2018
Akulyan,2644,PaulfromSPb,2594,Black,1 min,bullet,49,Won,11/17/2018
Akulyan,2637,PaulfromSPb,2601,White,1 min,bullet,39,Won,11/17/2018
Akulyan,2630,PaulfromSPb,2608,Black,1 min,bullet,43,Won,11/17/2018
Akulyan,2622,PaulfromSPb,2616,White,1 min,bullet,71,Lost,11/17/2018
Akulyan,2631,PaulfromSPb,2607,Black,1 min,bullet,51,Lost,11/17/2018
Akulyan,2640,PaulfromSPb,2598,White,1 min,bullet,53,Lost,11/17/2018
Akulyan,2649,PaulfromSPb,2589,Black,1 min,bullet,81,Draw,11/17/2018
Akulyan,2650,PaulfromSPb,2588,White,1 min,bullet,46,Won,11/17/2018
Akulyan,2643,PaulfromSPb,2595,Black,1 min,bullet,26,Won,11/17/2018
Akulyan,2636,gavrisha,2510,Black,1 min,bullet,64,Lost,11/17/2018
Akulyan,2647,gavrisha,2499,White,1 min,bullet,40,Lost,11/17/2018
Akulyan,2659,gavrisha,2487,Black,1 min,bullet,67,Won,11/17/2018
Akulyan,2655,gavrisha,2491,White,1 min,bullet,70,Draw,11/17/2018
Akulyan,2659,gavrisha,2487,Black,1 min,bullet,67,Won,11/17/2018
Akulyan,2655,gavrisha,2491,White,1 min,bullet,62,Won,11/17/2018
Akulyan,2650,MichaelRoiz,2735,White,1 min,bullet,84,Won,11/17/2018
Akulyan,2640,MichaelRoiz,2745,Black,1 min,bullet,55,Lost,11/17/2018