player,player_rating,opponent,opponent_rating,side,time_control,time_category,moves,result,date
Akulyan,2731,IMTominho,2745,Black,1 min,bullet,58,Lost,12/22/2018
Akulyan,2739,IMTominho,2737,White,1 min,bullet,29,Won,12/22/2018
Akulyan,2731,IMTominho,2745,Black,1 min,bullet,45,Won,12/22/2018
Akulyan,2722,YDhouse,2428,Black,1 min,bullet,69,Lost,12/22/2018
Akulyan,2736,YDhouse,2414,White,1 min,bullet,66,Won,12/22/2018
Akulyan,2734,YDhouse,2416,Black,1 min,bullet,29,Won,12/22/2018
Akulyan,2732,YDhouse,2418,White,1 min,bullet,30,Won,12/22/2018
Akulyan,2730,YDhouse,2420,Black,1 min,bullet,30,Won,12/22/2018
Akulyan,2728,YDhouse,2422,White,1 min,bullet,38,Won,12/22/2018
Akulyan,2726,YDhouse,2424,Black,1 min,bullet,46,Won,12/22/2018
Akulyan,2724,YDhouse,2426,White,1 min,bullet,47,Won,12/22/2018
Akulyan,2721,GamayevOleg,2365,White,1 min,bullet,41,Won,12/22/2018
Akulyan,2719,GamayevOleg,2367,Black,1 min,bullet,27,Won,12/22/2018
Akulyan,2717,GamayevOleg,2369,White,1 min,bullet,28,Won,12/22/2018
Akulyan,2715,GamayevOleg,2371,Black,1 min,bullet,38,Won,12/22/2018
Akulyan,2713,GamayevOleg,2373,White,1 min,bullet,33,Won,12/22/2018
Akulyan,2711,GamayevOleg,2375,Black,1 min,bullet,58,Won,12/22/2018
Akulyan,2709,greenlanterngm1,2555,Black,2|1,bullet,27,Won,12/22/2018
Akulyan,2704,greenlanterngm1,2560,White,2|1,bullet,26,Won,12/22/2018
Akulyan,2699,greenlanterngm1,2565,Black,1 min,bullet,42,Won,12/22/2018
Akulyan,2694,greenlanterngm1,2570,White,1 min,bullet,28,Won,12/22/2018
Akulyan,2688,Noe_Tutisani98,2573,Black,1 min,bullet,27,Lost,12/22/2018
Akulyan,2699,TigranLPetrosyan,2722,Black,1 min,bullet,27,Lost,12/21/2018
Akulyan,2707,TigranLPetrosyan,2714,White,1 min,bullet,31,Lost,12/21/2018
Akulyan,2715,TigranLPetrosyan,2706,Black,1 min,bullet,46,Won,12/21/2018
Akulyan,2707,TigranLPetrosyan,2714,White,1 min,bullet,42,Lost,12/21/2018
Akulyan,2715,DefiantBook,1796,Black,1 min,bullet,30,Won,12/21/2018
Akulyan,2715,nikoniko_bg,2343,Black,1 min,bullet,42,Won,12/21/2018
Akulyan,2705,ObnoxiousMind,2526,White,1 min,bullet,42,Won,12/19/2018
Akulyan,2701,ObnoxiousMind,2530,Black,1 min,bullet,18,Won,12/19/2018
Akulyan,2696,Duhless,2825,White,1 min,bullet,32,Won,12/19/2018
Akulyan,2685,Duhless,2836,Black,1 min,bullet,31,Won,12/19/2018
Akulyan,2673,Rsnr,2623,Black,1 min,bullet,72,Lost,12/19/2018
Akulyan,2683,Rsnr,2613,White,1 min,bullet,72,Won,12/19/2018
Akulyan,2676,FancyPlaySyndrome,2468,White,1 min,bullet,52,Won,12/19/2018
Akulyan,2672,miksteetenii,2699,Black,1 min,bullet,43,Lost,12/19/2018
Akulyan,2680,TMTor,2797,White,1 min,bullet,30,Lost,12/19/2018
Akulyan,2686,TMTor,2791,Black,1 min,bullet,32,Won,12/19/2018
Akulyan,2675,TMTor,2802,White,1 min,bullet,64,Won,12/19/2018
Akulyan,2664,TMTor,2813,Black,1 min,bullet,33,Lost,12/19/2018
Akulyan,2669,TMTor,2808,White,1 min,bullet,40,Lost,12/19/2018
Akulyan,2674,TMTor,2803,Black,1 min,bullet,62,Won,12/19/2018
Akulyan,2663,TMTor,2814,White,1 min,bullet,69,Lost,12/19/2018
Akulyan,2668,TMTor,2809,Black,1 min,bullet,34,Lost,12/19/2018
Akulyan,2673,TMTor,2804,White,1 min,bullet,9,Lost,12/19/2018
Akulyan,2678,TMTor,2799,Black,1 min,bullet,64,Lost,12/19/2018
Akulyan,2684,TMTor,2793,White,1 min,bullet,32,Won,12/19/2018
Akulyan,2673,TMTor,2804,Black,1 min,bullet,47,Lost,12/19/2018
Akulyan,2678,TMTor,2799,White,1 min,bullet,27,Won,12/19/2018
Akulyan,2667,TMTor,2810,Black,1 min,bullet,61,Lost,12/19/2018