player,player_rating,opponent,opponent_rating,side,time_control,time_category,moves,result,date
Akulyan,2620,PraveenSagar,2404,White,1 min,bullet,25,Won,11/28/2018
Akulyan,2616,PraveenSagar,2396,Black,1 min,bullet,28,Lost,11/28/2018
Akulyan,2629,PraveenSagar,2383,White,1 min,bullet,14,Won,11/28/2018
Akulyan,2626,PraveenSagar,2386,Black,1 min,bullet,44,Won,11/28/2018
Akulyan,2623,PraveenSagar,2389,White,1 min,bullet,16,Lost,11/28/2018
Akulyan,2636,PraveenSagar,2376,Black,1 min,bullet,27,Won,11/28/2018
Akulyan,2633,PraveenSagar,2379,White,1 min,bullet,39,Won,11/28/2018
Akulyan,2630,VoivodeDracula,2236,White,1 min,bullet,55,Won,11/28/2018
Akulyan,2628,Nguoihatrong,2329,White,1 min,bullet,48,Won,11/28/2018
Akulyan,2626,Nguoihatrong,2332,Black,1 min,bullet,47,Won,11/28/2018
Akulyan,2623,Nguoihatrong,2335,White,1 min,bullet,44,Won,11/28/2018
Akulyan,2620,vanyakuba,2436,White,1 min,bullet,25,Won,11/28/2018
Akulyan,2616,rus_Test,2457,Black,1 min,bullet,30,Lost,11/28/2018
Akulyan,2628,theblitzchamp,2588,Black,1 min,bullet,48,Won,11/28/2018
Akulyan,2621,ManWithNoName89,2478,Black,1 min,bullet,40,Lost,11/28/2018
Akulyan,2633,ManWithNoName89,2466,White,1 min,bullet,35,Won,11/28/2018
Akulyan,2628,meydrian_23,2487,White,1 min,bullet,44,Lost,11/28/2018
Akulyan,2639,meydrian_23,2476,Black,1 min,bullet,63,Won,11/28/2018
Akulyan,2634,meydrian_23,2481,White,1 min,bullet,35,Won,11/28/2018
Akulyan,2629,rus_Test,2415,White,1 min,bullet,33,Won,11/28/2018
Akulyan,2625,rus_Test,2419,Black,1 min,bullet,32,Won,11/28/2018
Akulyan,2621,rus_Test,2423,White,1 min,bullet,60,Won,11/28/2018
Akulyan,2617,TinManWinsAgain,2581,Black,1 min,bullet,40,Lost,11/27/2018
Akulyan,2626,Elchapolin,2456,Black,1 min,bullet,31,Lost,11/26/2018
Akulyan,2638,Elchapolin,2444,White,1 min,bullet,28,Won,11/26/2018
Akulyan,2634,Elchapolin,2448,Black,1 min,bullet,54,Won,11/26/2018
Akulyan,2630,Elchapolin,2452,White,1 min,bullet,63,Won,11/26/2018
Akulyan,2626,Elchapolin,2456,Black,1 min,bullet,28,Won,11/26/2018
Akulyan,2621,Elchapolin,2461,White,1 min,bullet,53,Won,11/26/2018
Akulyan,2616,Elchapolin,2466,Black,1 min,bullet,33,Won,11/26/2018
Akulyan,2611,Elchapolin,2471,White,1 min,bullet,28,Lost,11/26/2018
Akulyan,2623,Elchapolin,2459,Black,1 min,bullet,53,Won,11/26/2018
Akulyan,2618,Elchapolin,2464,White,1 min,bullet,66,Draw,11/26/2018
Akulyan,2621,Elchapolin,2461,Black,1 min,bullet,78,Won,11/26/2018
Akulyan,2616,Elchapolin,2466,White,1 min,bullet,31,Won,11/26/2018
Akulyan,2611,Elchapolin,2471,Black,1 min,bullet,61,Draw,11/26/2018
Akulyan,2614,Elchapolin,2468,White,1 min,bullet,50,Won,11/26/2018
Akulyan,2609,Elchapolin,2473,Black,1 min,bullet,46,Won,11/26/2018
Akulyan,2604,MARDAKERXXX,2773,Black,1 min,bullet,34,Lost,11/26/2018
Akulyan,2609,MARDAKERXXX,2768,White,1 min,bullet,38,Lost,11/26/2018
Akulyan,2614,MARDAKERXXX,2763,Black,1 min,bullet,51,Won,11/26/2018
Akulyan,2602,MARDAKERXXX,2775,White,1 min,bullet,52,Draw,11/26/2018
Akulyan,2598,MARDAKERXXX,2779,Black,1 min,bullet,45,Lost,11/26/2018
Akulyan,2602,MARDAKERXXX,2775,White,1 min,bullet,48,Draw,11/26/2018
Akulyan,2598,MARDAKERXXX,2779,Black,1 min,bullet,64,Lost,11/25/2018
Akulyan,2602,MARDAKERXXX,2775,White,1 min,bullet,34,Lost,11/25/2018
Akulyan,2607,MARDAKERXXX,2771,Black,1 min,bullet,20,Lost,11/25/2018
Akulyan,2612,MARDAKERXXX,2766,White,1 min,bullet,42,Lost,11/25/2018
Akulyan,2617,MARDAKERXXX,2761,Black,1 min,bullet,68,Won,11/25/2018
Akulyan,2605,MARDAKERXXX,2773,White,1 min,bullet,24,Lost,11/25/2018