player,player_rating,opponent,opponent_rating,side,time_control,time_category,moves,result,date
Akulyan,2740,Torosyan_Norayr,2648,White,3 min,blitz,25,Won,11/29/2018
Akulyan,2734,Torosyan_Norayr,2654,Black,3 min,blitz,59,Won,11/29/2018
Akulyan,2728,justmig,2726,White,3 min,blitz,48,Won,11/29/2018
Akulyan,2720,justmig,2734,Black,3 min,blitz,70,Lost,11/29/2018
Akulyan,2728,swisspower96,2606,Black,3 min,blitz,33,Lost,11/29/2018
Akulyan,2739,swisspower96,2595,White,3 min,blitz,36,Draw,11/29/2018
Akulyan,2742,zim0ne,2638,White,3 min,blitz,36,Lost,11/29/2018
Akulyan,2753,AverageRecord,2791,White,3|1,blitz,33,Lost,11/29/2018
Akulyan,2760,AverageRecord,2784,Black,3|1,blitz,26,Won,11/29/2018
Akulyan,2751,David_Paravyan,2846,Black,3 min,blitz,76,Lost,11/25/2018
Akulyan,2757,Rus_Steel,2714,White,3 min,blitz,40,Won,11/18/2018
Akulyan,2750,The_bird_of_peace,2705,White,3 min,blitz,43,Won,11/18/2018
Akulyan,2743,Bad_Genuis,2668,White,3 min,blitz,67,Won,11/18/2018
Akulyan,2736,Bad_Genuis,2675,Black,3 min,blitz,22,Won,11/18/2018
Akulyan,2729,Markov_Mikhail,2697,Black,3 min,blitz,73,Won,11/18/2018
Akulyan,2721,Safetysuit,2549,Black,3 min,blitz,20,Won,11/18/2018
Akulyan,2716,Rus_Steel,2720,Black,3 min,blitz,67,Lost,11/18/2018
Akulyan,2724,Pal2855,2620,Black,3 min,blitz,43,Won,11/17/2018
Akulyan,2702,Joshukid,2673,Black,3 min,blitz,33,Lost,11/16/2018
Akulyan,2711,thatsallshewrote,2843,White,3 min,blitz,34,Lost,11/16/2018
Akulyan,2716,thatsallshewrote,2838,Black,3 min,blitz,52,Lost,11/16/2018
Akulyan,2722,Nitzan_Steinberg,2748,White,3 min,blitz,51,Won,11/16/2018
Akulyan,2713,sajad1moradi1,2744,White,3 min,blitz,30,Lost,11/16/2018
Akulyan,2721,sajad1moradi1,2732,Black,3 min,blitz,25,Lost,11/16/2018
Akulyan,2729,kasparik_garik,2637,White,3 min,blitz,37,Won,11/16/2018
Akulyan,2723,kasparik_garik,2643,Black,3 min,blitz,49,Won,11/16/2018
Akulyan,2716,kasparik_garik,2650,White,3 min,blitz,31,Won,11/16/2018
Akulyan,2709,kasparik_garik,2657,Black,3 min,blitz,69,Won,11/16/2018
Akulyan,2702,kasparik_garik,2664,White,3 min,blitz,22,Lost,11/16/2018
Akulyan,2711,kasparik_garik,2655,Black,3 min,blitz,27,Won,11/16/2018
Akulyan,2704,kasparik_garik,2662,White,3 min,blitz,64,Lost,11/16/2018
Akulyan,2713,kasparik_garik,2653,Black,3 min,blitz,45,Won,11/16/2018
Akulyan,2706,kasparik_garik,2660,White,3 min,blitz,39,Won,11/16/2018
Akulyan,2699,kasparik_garik,2667,Black,3 min,blitz,68,Lost,11/16/2018
Akulyan,2708,kasparik_garik,2658,White,3 min,blitz,18,Won,11/16/2018
Akulyan,2701,David_Paravyan,2761,White,3 min,blitz,59,Lost,11/15/2018
Akulyan,2708,David_Paravyan,2754,Black,3 min,blitz,46,Lost,11/15/2018
Akulyan,2715,David_Paravyan,2747,White,3 min,blitz,69,Draw,11/15/2018
Akulyan,2714,Nakachuk,2747,Black,3 min,blitz,33,Lost,11/15/2018
Akulyan,2722,GM_shahin,2701,Black,3 min,blitz,14,Won,11/15/2018
Akulyan,2714,GM_shahin,2709,White,3 min,blitz,74,Won,11/15/2018
Akulyan,2706,Pasha_Technique,2690,White,3 min,blitz,71,Lost,11/15/2018
Akulyan,2715,Pasha_Technique,2681,Black,3 min,blitz,75,Won,11/15/2018
Akulyan,2707,Pasha_Technique,2689,White,3 min,blitz,45,Won,11/15/2018
Akulyan,2699,Pasha_Technique,2697,Black,3 min,blitz,33,Won,11/15/2018
Akulyan,2691,GAGIK_NAVAK,2160,Black,3 min,blitz,23,Won,11/15/2018
Akulyan,2690,GAGIK_NAVAK,2161,White,3 min,blitz,24,Won,11/15/2018
Akulyan,2689,MaxVega,2678,White,3 min,blitz,20,Lost,11/14/2018
Akulyan,2698,MaxVega,2669,Black,3 min,blitz,52,Won,11/14/2018
Akulyan,2690,popovkinblesk,2435,Black,3 min,blitz,27,Lost,11/13/2018