player,player_rating,opponent,opponent_rating,side,time_control,time_category,moves,result,date
Akulyan,2664,AVolodin,2652,White,1 min,bullet,80,Won,12/11/2018
Akulyan,2656,AVolodin,2660,Black,1 min,bullet,42,Won,12/11/2018
Akulyan,2647,AVolodin,2669,White,1 min,bullet,37,Won,12/11/2018
Akulyan,2638,AVolodin,2678,Black,1 min,bullet,35,Lost,12/11/2018
Akulyan,2645,AVolodin,2671,White,1 min,bullet,45,Lost,12/11/2018
Akulyan,2653,AVolodin,2663,Black,1 min,bullet,31,Won,12/11/2018
Akulyan,2644,AVolodin,2672,White,1 min,bullet,91,Lost,12/11/2018
Akulyan,2652,AVolodin,2664,Black,1 min,bullet,35,Won,12/11/2018
Akulyan,2643,Yaacovn,2673,Black,1 min,bullet,16,Won,12/11/2018
Akulyan,2634,Yaacovn,2682,White,1 min,bullet,113,Draw,12/11/2018
Akulyan,2633,Yaacovn,2683,Black,1 min,bullet,61,Lost,12/11/2018
Akulyan,2640,Yaacovn,2676,White,1 min,bullet,73,Draw,12/11/2018
Akulyan,2639,Yaacovn,2677,Black,1 min,bullet,43,Lost,12/11/2018
Akulyan,2646,Yaacovn,2670,White,1 min,bullet,88,Draw,12/11/2018
Akulyan,2645,Yaacovn,2671,Black,1 min,bullet,55,Won,12/11/2018
Akulyan,2636,Yaacovn,2680,White,1 min,bullet,38,Won,12/11/2018
Akulyan,2627,Lying-Ted,2473,White,1 min,bullet,67,Draw,12/11/2018
Akulyan,2630,Lying-Ted,2470,Black,1 min,bullet,51,Won,12/11/2018
Akulyan,2625,JhonnyBalbino,2270,Black,1 min,bullet,54,Won,12/11/2018
Akulyan,2623,Romolus,2409,White,1 min,bullet,35,Lost,12/11/2018
Akulyan,2636,Davit_Tiraturyan,2784,White,1 min,bullet,34,Lost,12/11/2018
Akulyan,2641,lucasmito,2316,White,1 min,bullet,0,Lost,12/10/2018
Akulyan,2655,fredz22y,1624,Black,1 min,bullet,31,Won,12/10/2018
Akulyan,2655,Imakethefuture,2364,Black,1 min,bullet,63,Won,12/10/2018
Akulyan,2652,kian626,2404,Black,1 min,bullet,30,Won,12/10/2018
Akulyan,2649,Amir_mm,2513,White,1 min,bullet,79,Won,12/10/2018
Akulyan,2644,Amir_mm,2518,Black,1 min,bullet,59,Won,12/10/2018
Akulyan,2639,Amir_mm,2523,White,1 min,bullet,82,Lost,12/10/2018
Akulyan,2650,MichaelRoiz,2703,White,1 min,bullet,22,Won,12/10/2018
Akulyan,2640,MichaelRoiz,2706,Black,1 min,bullet,25,Lost,12/10/2018
Akulyan,2637,vinniethepooh,2360,Black,1 min,bullet,84,Draw,12/9/2018
Akulyan,2642,vinniethepooh,2355,White,1 min,bullet,29,Won,12/9/2018
Akulyan,2639,vinniethepooh,2358,Black,1 min,bullet,50,Won,12/9/2018
Akulyan,2636,Davit_Tiraturyan,2655,Black,1 min,bullet,58,Won,12/9/2018
Akulyan,2627,Dhaydon19,2582,Black,1 min,bullet,52,Won,12/9/2018
Akulyan,2620,Dhaydon19,2589,White,1 min,bullet,34,Won,12/9/2018
Akulyan,2612,Dhaydon19,2597,Black,1 min,bullet,39,Draw,12/9/2018
Akulyan,2612,bughousevscrazyhouse,2581,White,1 min,bullet,25,Lost,12/7/2018
Akulyan,2621,bughousevscrazyhouse,2572,Black,2|1,bullet,34,Lost,12/7/2018
Akulyan,2631,bughousevscrazyhouse,2562,White,1 min,bullet,39,Won,12/7/2018
Akulyan,2624,bughousevscrazyhouse,2569,Black,1 min,bullet,84,Won,12/7/2018
Akulyan,2617,bughousevscrazyhouse,2576,White,1 min,bullet,75,Won,12/7/2018
Akulyan,2610,white31,2532,Black,1 min,bullet,28,Lost,12/6/2018
Akulyan,2620,white31,2522,White,1 min,bullet,32,Won,12/6/2018
Akulyan,2614,white31,2528,Black,1 min,bullet,47,Won,12/6/2018
Akulyan,2608,white31,2534,White,1 min,bullet,52,Won,12/6/2018
Akulyan,2601,TigranLPetrosyan,2736,Black,1 min,bullet,76,Draw,12/6/2018
Akulyan,2598,TigranLPetrosyan,2739,White,1 min,bullet,25,Won,12/6/2018
Akulyan,2586,Rsnr,2635,Black,1 min,bullet,46,Won,12/6/2018
Akulyan,2576,Rsnr,2645,White,1 min,bullet,64,Lost,12/6/2018