player,player_rating,opponent,opponent_rating,side,time_control,time_category,moves,result,date
Akulyan,2791,Anna_Khachatryan1,2357,White,1 min,bullet,38,Won,11/3/2018
Akulyan,2790,Anna_Khachatryan1,2358,Black,1 min,bullet,59,Won,11/3/2018
Akulyan,2789,1random,2766,White,30 sec,bullet,24,Won,11/3/2018
Akulyan,2781,1random,2774,Black,30 sec,bullet,1,Won,11/3/2018
Akulyan,2773,YOAJM,2653,White,30 sec,bullet,54,Won,11/3/2018
Akulyan,2767,YOAJM,2659,Black,30 sec,bullet,46,Won,11/3/2018
Akulyan,2761,1random,2776,White,30 sec,bullet,57,Won,11/3/2018
Akulyan,2752,YOAJM,2665,White,30 sec,bullet,37,Won,11/3/2018
Akulyan,2746,YOAJM,2671,Black,30 sec,bullet,61,Won,11/3/2018
Akulyan,2739,YOAJM,2678,White,30 sec,bullet,43,Won,11/3/2018
Akulyan,2732,YOAJM,2685,Black,30 sec,bullet,16,Lost,11/3/2018
Akulyan,2741,YOAJM,2731,White,30 sec,bullet,35,Lost,11/1/2018
Akulyan,2750,YOAJM,2722,Black,30 sec,bullet,34,Lost,11/1/2018
Akulyan,2759,YOAJM,2713,White,30 sec,bullet,33,Won,11/1/2018
Akulyan,2752,YOAJM,2720,Black,30 sec,bullet,50,Won,11/1/2018
Akulyan,2744,YOAJM,2728,White,30 sec,bullet,36,Won,11/1/2018
Akulyan,2736,YOAJM,2736,Black,30 sec,bullet,56,Won,11/1/2018
Akulyan,2728,YOAJM,2744,White,30 sec,bullet,53,Won,11/1/2018
Akulyan,2719,YOAJM,2753,Black,30 sec,bullet,45,Lost,11/1/2018
Akulyan,2727,YOAJM,2745,White,30 sec,bullet,30,Won,11/1/2018
Akulyan,2718,YOAJM,2755,Black,30 sec,bullet,42,Lost,11/1/2018
Akulyan,2725,YOAJM,2748,White,30 sec,bullet,5,Lost,11/1/2018
Akulyan,2733,YOAJM,2740,Black,30 sec,bullet,49,Lost,11/1/2018
Akulyan,2741,YOAJM,2732,White,30 sec,bullet,48,Lost,11/1/2018
Akulyan,2750,YOAJM,2723,Black,30 sec,bullet,24,Draw,11/1/2018
Akulyan,2751,YOAJM,2722,White,30 sec,bullet,57,Won,11/1/2018
Akulyan,2743,YOAJM,2768,Black,30 sec,bullet,29,Lost,10/28/2018
Akulyan,2751,YOAJM,2760,White,30 sec,bullet,21,Won,10/28/2018
Akulyan,2742,YOAJM,2769,Black,30 sec,bullet,9,Lost,10/28/2018
Akulyan,2750,YOAJM,2761,White,30 sec,bullet,59,Lost,10/28/2018
Akulyan,2758,YOAJM,2753,Black,30 sec,bullet,44,Lost,10/28/2018
Akulyan,2766,KBabazada,2617,White,30 sec,bullet,46,Lost,10/28/2018
Akulyan,2778,KBabazada,2605,Black,30 sec,bullet,13,Won,10/28/2018
Akulyan,2774,KBabazada,2609,White,30 sec,bullet,49,Won,10/28/2018
Akulyan,2769,KBabazada,2614,Black,30 sec,bullet,63,Draw,10/28/2018
Akulyan,2772,KBabazada,2611,White,30 sec,bullet,60,Won,10/28/2018
Akulyan,2767,KBabazada,2616,Black,30 sec,bullet,60,Won,10/28/2018
Akulyan,2762,KBabazada,2621,White,30 sec,bullet,27,Lost,10/28/2018
Akulyan,2774,YOAJM,2740,White,30 sec,bullet,9,Lost,10/28/2018
Akulyan,2783,YOAJM,2731,Black,30 sec,bullet,55,Lost,10/28/2018
Akulyan,2793,YOAJM,2721,White,30 sec,bullet,32,Won,10/28/2018
Akulyan,2786,GHANDEEVAM2003,2790,White,1 min,bullet,5,Won,10/28/2018
Akulyan,2778,GHANDEEVAM2003,2798,Black,1 min,bullet,12,Won,10/28/2018
Akulyan,2769,GHANDEEVAM2003,2807,White,1 min,bullet,7,Lost,10/28/2018
Akulyan,2776,GHANDEEVAM2003,2800,Black,1 min,bullet,39,Won,10/28/2018
Akulyan,2767,GHANDEEVAM2003,2809,White,1 min,bullet,29,Won,10/28/2018
Akulyan,2758,GHANDEEVAM2003,2818,Black,1 min,bullet,10,Lost,10/28/2018
Akulyan,2765,GHANDEEVAM2003,2811,White,1 min,bullet,41,Won,10/28/2018
Akulyan,2756,GHANDEEVAM2003,2820,Black,1 min,bullet,19,Lost,10/28/2018
Akulyan,2763,GHANDEEVAM2003,2813,White,1 min,bullet,31,Won,10/28/2018