player,player_rating,opponent,opponent_rating,side,time_control,time_category,moves,result,date
Akulyan,2657,Rodrigazo,2694,White,3 min,blitz,67,Won,9/16/2018
Akulyan,2648,SIDDU9,2575,White,3 min,blitz,49,Won,9/16/2018
Akulyan,2641,SergeyMuha,2456,White,3 min,blitz,46,Won,9/16/2018
Akulyan,2637,dangerousfish,2614,White,3 min,blitz,36,Lost,9/16/2018
Akulyan,2646,chipmunknau,2544,Black,3 min,blitz,37,Won,9/16/2018
Akulyan,2640,chipmunknau,2550,White,3 min,blitz,40,Won,9/16/2018
Akulyan,2634,Adler221B,2357,White,3 min,blitz,30,Lost,9/16/2018
Akulyan,2648,champ2005,2673,Black,3 min,blitz,64,Won,9/16/2018
Akulyan,2639,champ2005,2682,White,3 min,blitz,66,Won,9/16/2018
Akulyan,2630,champ2005,2691,Black,3 min,blitz,41,Lost,9/16/2018
Akulyan,2637,fu24,2519,White,3 min,blitz,72,Won,9/16/2018
Akulyan,2631,VSanduleac,2518,Black,3 min,blitz,57,Won,9/16/2018
Akulyan,2625,VSanduleac,2524,White,3 min,blitz,62,Won,9/16/2018
Akulyan,2619,lukuka11,2473,White,3 min,blitz,71,Lost,9/16/2018
Akulyan,2631,lukuka11,2461,Black,3 min,blitz,32,Lost,9/16/2018
Akulyan,2643,lukuka11,2449,White,3 min,blitz,31,Won,9/16/2018
Akulyan,2639,tuxy23,2452,White,3 min,blitz,108,Won,9/16/2018
Akulyan,2635,tuxy23,2456,Black,3 min,blitz,24,Won,9/16/2018
Akulyan,2631,kuban23,2651,White,3 min,blitz,81,Won,9/16/2018
Akulyan,2622,3SP15-2,2523,Black,3 min,blitz,62,Lost,9/16/2018
Akulyan,2633,bascheyaro,2641,Black,3 min,blitz,32,Won,9/16/2018
Akulyan,2624,edvardsayadyan,2465,Black,3 min,blitz,16,Won,9/16/2018
Akulyan,2619,edvardsayadyan,2470,White,3 min,blitz,73,Won,9/16/2018
Akulyan,2614,edvardsayadyan,2475,Black,3 min,blitz,34,Won,9/16/2018
Akulyan,2609,edvardsayadyan,2480,White,3 min,blitz,38,Won,9/16/2018
Akulyan,2604,edvardsayadyan,2485,Black,3 min,blitz,70,Lost,9/16/2018
Akulyan,2615,AkibaRubi,2550,Black,3 min,blitz,46,Lost,9/16/2018
Akulyan,2625,QDcoach,2636,Black,3 min,blitz,57,Lost,9/16/2018
Akulyan,2633,QDcoach,2628,White,3 min,blitz,49,Lost,9/16/2018
Akulyan,2642,harbuzi009,2752,Black,3 min,blitz,38,Lost,9/15/2018
Akulyan,2648,Pivii,2746,White,3 min,blitz,41,Lost,9/15/2018
Akulyan,2654,Pivii,2740,Black,3 min,blitz,24,Lost,9/15/2018
Akulyan,2660,GHANDEEVAM2003,2726,White,3 min,blitz,58,Lost,9/15/2018
Akulyan,2667,kasparik_garik,2518,Black,3 min,blitz,61,Won,9/15/2018
Akulyan,2662,Adler221B,2396,Black,3 min,blitz,41,Lost,9/15/2018
Akulyan,2675,Adler221B,2383,White,3 min,blitz,1,Won,9/15/2018
Akulyan,2672,sun_flower_chess,2594,White,3 min,blitz,50,Won,9/15/2018
Akulyan,2665,sun_flower_chess,2601,Black,3 min,blitz,54,Won,9/15/2018
Akulyan,2658,sun_flower_chess,2608,White,3 min,blitz,59,Won,9/15/2018
Akulyan,2651,sun_flower_chess,2615,Black,3 min,blitz,46,Won,9/15/2018
Akulyan,2643,monkeyking88,2521,Black,3 min,blitz,65,Won,9/15/2018
Akulyan,2637,Erottev,2526,White,3 min,blitz,35,Lost,9/15/2018
Akulyan,2648,Erottev,2515,Black,3 min,blitz,41,Won,9/15/2018
Akulyan,2643,Erottev,2520,White,3 min,blitz,26,Won,9/15/2018
Akulyan,2637,Erottev,2526,Black,3 min,blitz,29,Won,9/15/2018
Akulyan,2631,Erottev,2532,White,3 min,blitz,26,Lost,9/15/2018
Akulyan,2642,agapov771,2493,White,3 min,blitz,46,Lost,9/15/2018
Akulyan,2654,agapov771,2481,Black,3 min,blitz,28,Won,9/15/2018
Akulyan,2649,GHANDEEVAM2003,2728,Black,3 min,blitz,29,Lost,9/15/2018
Akulyan,2655,GHANDEEVAM2003,2722,White,3 min,blitz,18,Lost,9/15/2018