player,player_rating,opponent,opponent_rating,side,time_control,time_category,moves,result,date
Akulyan,2800,ARMCOMPOSER,2901,White,1|1,bullet,27,Lost,4/6/2019
Akulyan,2806,ARMCOMPOSER,2895,Black,1|1,bullet,44,Lost,4/6/2019
Akulyan,2812,ARMCOMPOSER,2889,White,1|1,bullet,41,Won,4/6/2019
Akulyan,2802,ARMCOMPOSER,2899,Black,1|1,bullet,59,Lost,4/6/2019
Akulyan,2808,ARMCOMPOSER,2893,White,1|1,bullet,76,Lost,4/6/2019
Akulyan,2814,ARMCOMPOSER,2887,Black,1|1,bullet,60,Won,4/6/2019
Akulyan,2804,ARMCOMPOSER,2897,White,1|1,bullet,57,Lost,4/6/2019
Akulyan,2810,ARMCOMPOSER,2891,Black,1|1,bullet,53,Lost,4/6/2019
Akulyan,2816,ARMCOMPOSER,2885,White,1|1,bullet,25,Won,4/6/2019
Akulyan,2806,ARMCOMPOSER,2895,Black,1|1,bullet,36,Lost,4/6/2019
Akulyan,2812,ARMCOMPOSER,2889,White,1|1,bullet,72,Won,4/6/2019
Akulyan,2802,ARMCOMPOSER,2899,Black,1|1,bullet,22,Lost,4/6/2019
Akulyan,2808,ARMCOMPOSER,2893,White,1|1,bullet,26,Lost,4/6/2019
Akulyan,2814,ARMCOMPOSER,2887,Black,1|1,bullet,30,Lost,4/6/2019
Akulyan,2821,ARMCOMPOSER,2880,White,1|1,bullet,34,Won,4/6/2019
Akulyan,2811,ARMCOMPOSER,2890,Black,1|1,bullet,131,Draw,4/5/2019
Akulyan,2809,ARMCOMPOSER,2892,White,1|1,bullet,53,Draw,4/5/2019
Akulyan,2807,ARMCOMPOSER,2894,Black,1|1,bullet,26,Lost,4/5/2019
Akulyan,2813,ARMCOMPOSER,2888,White,1|1,bullet,47,Lost,4/5/2019
Akulyan,2820,ARMCOMPOSER,2881,Black,1|1,bullet,27,Lost,4/5/2019
Akulyan,2827,ARMCOMPOSER,2874,White,1|1,bullet,59,Won,4/5/2019
Akulyan,2818,ARMCOMPOSER,2883,Black,1|1,bullet,49,Lost,4/5/2019
Akulyan,2825,ARMCOMPOSER,2876,White,1|1,bullet,25,Lost,4/5/2019
Akulyan,2832,ARMCOMPOSER,2869,Black,1|1,bullet,95,Lost,4/5/2019
Akulyan,2840,ARMCOMPOSER,2861,White,1|1,bullet,33,Won,4/5/2019
Akulyan,2831,ARMCOMPOSER,2870,Black,1|1,bullet,44,Lost,4/5/2019
Akulyan,2838,ARMCOMPOSER,2863,White,1|1,bullet,35,Won,4/5/2019
Akulyan,2829,ARMCOMPOSER,2872,Black,1|1,bullet,48,Lost,4/5/2019
Akulyan,2836,ARMCOMPOSER,2865,White,1|1,bullet,47,Lost,4/5/2019
Akulyan,2844,ARMCOMPOSER,2857,Black,1|1,bullet,187,Draw,4/5/2019
Akulyan,2844,ARMCOMPOSER,2857,White,1|1,bullet,81,Won,4/5/2019
Akulyan,2835,ARMCOMPOSER,2866,Black,1|1,bullet,44,Lost,4/5/2019
Akulyan,2843,ARMCOMPOSER,2858,White,1|1,bullet,46,Won,4/5/2019
Akulyan,2834,ARMCOMPOSER,2867,Black,1|1,bullet,17,Lost,4/5/2019
Akulyan,2842,ARMCOMPOSER,2859,White,1|1,bullet,33,Lost,4/5/2019
Akulyan,2825,GHANDEEVAM2003,2807,White,1 min,bullet,0,Lost,2/4/2019
Akulyan,2834,GHANDEEVAM2003,2798,Black,1 min,bullet,35,Lost,2/4/2019
Akulyan,2843,Davit_Tiraturyan,2854,Black,1 min,bullet,26,Lost,2/1/2019
Akulyan,2851,Grischuk,2945,Black,1 min,bullet,1,Lost,1/31/2019
Akulyan,2857,Davit_Tiraturyan,2712,White,30 sec,bullet,38,Lost,1/28/2019
Akulyan,2869,Davit_Tiraturyan,2700,Black,30 sec,bullet,29,Won,1/28/2019
Akulyan,2864,Davit_Tiraturyan,2705,White,30 sec,bullet,43,Won,1/28/2019
Akulyan,2859,Davit_Tiraturyan,2710,Black,30 sec,bullet,31,Won,1/28/2019
Akulyan,2854,Davit_Tiraturyan,2715,White,30 sec,bullet,22,Won,1/28/2019
Akulyan,2849,Davit_Tiraturyan,2720,Black,30 sec,bullet,20,Won,1/28/2019
Akulyan,2844,Davit_Tiraturyan,2725,White,30 sec,bullet,52,Won,1/28/2019
Akulyan,2838,Davit_Tiraturyan,2731,Black,30 sec,bullet,60,Won,1/28/2019
Akulyan,2832,Davit_Tiraturyan,2737,White,30 sec,bullet,38,Lost,1/28/2019
Akulyan,2843,Davit_Tiraturyan,2726,Black,30 sec,bullet,38,Won,1/28/2019
Akulyan,2837,Davit_Tiraturyan,2732,White,30 sec,bullet,16,Won,1/28/2019