player,player_rating,opponent,opponent_rating,side,time_control,time_category,moves,result,date
Akulyan,2726,Khcho84,2092,White,3 min,blitz,50,Won,11/3/2018
Akulyan,2725,Khcho84,2101,Black,3 min,blitz,23,Won,11/3/2018
Akulyan,2724,Khcho84,2111,White,3 min,blitz,22,Won,11/3/2018
Akulyan,2723,Khcho84,2123,White,3 min,blitz,34,Won,11/3/2018
Akulyan,2722,Khcho84,2136,Black,3 min,blitz,50,Draw,11/3/2018
Akulyan,2730,Khcho84,1925,White,3 min,blitz,19,Won,11/3/2018
Akulyan,2730,Khcho84,1929,Black,3 min,blitz,49,Won,11/3/2018
Akulyan,2729,Khcho84,1934,White,3 min,blitz,24,Won,11/3/2018
Akulyan,2728,bascheyaro,2746,White,3 min,blitz,37,Won,11/3/2018
Akulyan,2712,Bill_Crosbies,2791,Black,3 min,blitz,39,Lost,11/3/2018
Akulyan,2719,KBabazada,2724,White,3 min,blitz,65,Won,11/3/2018
Akulyan,2711,KBabazada,2732,Black,3 min,blitz,39,Lost,11/3/2018
Akulyan,2719,fireheart92,2853,White,3 min,blitz,34,Lost,11/3/2018
Akulyan,2724,fireheart92,2848,Black,3 min,blitz,9,Lost,11/3/2018
Akulyan,2730,Khcho84,1939,White,3 min,blitz,35,Won,11/3/2018
Akulyan,2729,Megazz66,2773,Black,3 min,blitz,36,Lost,11/3/2018
Akulyan,2736,ShahidKapoor97,2816,White,3 min,blitz,30,Lost,11/1/2018
Akulyan,2743,ShahidKapoor97,2809,Black,3 min,blitz,72,Lost,11/1/2018
Akulyan,2750,gena217,2789,White,3 min,blitz,58,Lost,11/1/2018
Akulyan,2757,gena217,2782,Black,3 min,blitz,38,Lost,11/1/2018
Akulyan,2765,tiredofdancing,2901,White,3 min,blitz,24,Won,11/1/2018
Akulyan,2754,tiredofdancing,2912,Black,3 min,blitz,59,Lost,11/1/2018
Akulyan,2759,tiredofdancing,2907,White,3 min,blitz,62,Lost,11/1/2018
Akulyan,2764,Farrukh_Amonatov,2803,White,3 min,blitz,56,Won,11/1/2018
Akulyan,2755,Manukyan_Artak,2427,Black,3 min,blitz,69,Won,11/1/2018
Akulyan,2753,Manukyan_Artak,2429,White,3 min,blitz,60,Won,11/1/2018
Akulyan,2751,Manukyan_Artak,2431,Black,3 min,blitz,64,Won,11/1/2018
Akulyan,2749,Manukyan_Artak,2433,White,3 min,blitz,40,Won,11/1/2018
Akulyan,2747,Manukyan_Artak,2435,Black,3 min,blitz,61,Won,11/1/2018
Akulyan,2745,Manukyan_Artak,2437,White,3 min,blitz,62,Won,11/1/2018
Akulyan,2743,Manukyan_Artak,2439,Black,3 min,blitz,87,Lost,11/1/2018
Akulyan,2752,GMGrisha2006,2126,Black,3 min,blitz,28,Won,10/30/2018
Akulyan,2752,georgii308,2593,Black,3 min,blitz,50,Won,10/30/2018
Akulyan,2747,georgii308,2598,White,3 min,blitz,61,Won,10/30/2018
Akulyan,2742,georgii308,2603,Black,3 min,blitz,35,Won,10/30/2018
Akulyan,2737,GMGrisha2006,2095,White,3 min,blitz,27,Won,10/30/2018
Akulyan,2737,GMGrisha2006,2095,Black,3 min,blitz,59,Won,10/30/2018
Akulyan,2737,GMGrisha2006,2095,White,3 min,blitz,41,Won,10/30/2018
Akulyan,2732,Manukyan_Artak,2380,White,3 min,blitz,35,Won,10/29/2018
Akulyan,2730,Manukyan_Artak,2382,Black,3 min,blitz,23,Won,10/29/2018
Akulyan,2728,Manukyan_Artak,2384,White,3 min,blitz,21,Won,10/29/2018
Akulyan,2726,Manukyan_Artak,2386,Black,3 min,blitz,67,Won,10/29/2018
Akulyan,2724,Manukyan_Artak,2388,White,3 min,blitz,52,Won,10/29/2018
Akulyan,2722,Manukyan_Artak,2390,Black,3 min,blitz,41,Won,10/29/2018
Akulyan,2720,Manukyan_Artak,2392,White,3 min,blitz,46,Draw,10/29/2018
Akulyan,2726,Manukyan_Artak,2386,Black,3 min,blitz,36,Won,10/29/2018
Akulyan,2724,Manukyan_Artak,2388,White,3 min,blitz,39,Won,10/29/2018
Akulyan,2722,Manukyan_Artak,2390,Black,3 min,blitz,52,Won,10/29/2018
Akulyan,2720,Manukyan_Artak,2392,White,3 min,blitz,53,Won,10/29/2018
Akulyan,2718,Manukyan_Artak,2394,Black,3 min,blitz,70,Won,10/29/2018