player,player_rating,opponent,opponent_rating,side,time_control,time_category,moves,result,date
Aleksey_Sorokin,2689,MatteurFOU,2539,Black,3 min,blitz,52,Won,3/4/2019
Aleksey_Sorokin,2684,bancsoo,2777,White,3 min,blitz,54,Draw,3/4/2019
Aleksey_Sorokin,2682,wsm5,2545,Black,3 min,blitz,33,Won,3/4/2019
Aleksey_Sorokin,2677,Leao11111,2632,White,3 min,blitz,38,Won,3/4/2019
Aleksey_Sorokin,2670,MehdiHosseinipour,2623,White,3 min,blitz,55,Won,3/4/2019
Aleksey_Sorokin,2663,Snowblind1985,2575,White,3 min,blitz,22,Lost,3/4/2019
Aleksey_Sorokin,2673,Msb2,2740,White,3 min,blitz,38,Won,3/4/2019
Aleksey_Sorokin,2663,Alexandr_Ulanov,2710,Black,3 min,blitz,20,Lost,3/4/2019
Aleksey_Sorokin,2670,Alexaarneo,2592,Black,3 min,blitz,55,Won,3/4/2019
Aleksey_Sorokin,2663,MehdiHosseinipour,2648,Black,3 min,blitz,54,Won,3/4/2019
Aleksey_Sorokin,2655,Ivanov,2739,White,3 min,blitz,40,Lost,3/1/2019
Aleksey_Sorokin,2661,24131733,2534,Black,3 min,blitz,56,Won,2/28/2019
Aleksey_Sorokin,2656,bobbyfusha,2670,White,3 min,blitz,24,Lost,2/28/2019
Aleksey_Sorokin,2664,leonardodavid83,2543,Black,3 min,blitz,16,Lost,2/28/2019
Aleksey_Sorokin,2675,leonardodavid83,2532,White,3 min,blitz,39,Won,2/28/2019
Aleksey_Sorokin,2670,renjiehuang,2697,White,3 min,blitz,36,Lost,2/26/2019
Aleksey_Sorokin,2678,Megamrd,2558,Black,3 min,blitz,52,Won,2/26/2019
Aleksey_Sorokin,2672,MonsterzUniversity,2555,Black,3 min,blitz,13,Lost,2/26/2019
Aleksey_Sorokin,2683,MonsterzUniversity,2544,White,3 min,blitz,24,Won,2/26/2019
Aleksey_Sorokin,2678,MonsterzUniversity,2549,Black,3 min,blitz,69,Won,2/26/2019
Aleksey_Sorokin,2673,Klisk,2599,Black,3 min,blitz,86,Lost,2/25/2019
Aleksey_Sorokin,2683,Klisk,2589,White,3 min,blitz,51,Won,2/25/2019
Aleksey_Sorokin,2677,relaxx87,2724,White,3 min,blitz,58,Lost,2/25/2019
Aleksey_Sorokin,2684,relaxx87,2717,Black,3 min,blitz,57,Won,2/25/2019
Aleksey_Sorokin,2675,NewBornNow,2708,White,3 min,blitz,52,Lost,2/24/2019
Aleksey_Sorokin,2683,BousmahaWassel,2694,Black,3 min,blitz,24,Lost,2/22/2019
Aleksey_Sorokin,2691,BousmahaWassel,2679,White,3 min,blitz,46,Won,2/22/2019
Aleksey_Sorokin,2683,3MusketeersXFrench,2683,Black,3 min,blitz,48,Lost,2/22/2019
Aleksey_Sorokin,2691,swimmerchess,2663,White,3 min,blitz,39,Lost,2/21/2019
Aleksey_Sorokin,2700,Erik_Obgolts,2670,Black,3 min,blitz,25,Won,2/21/2019
Aleksey_Sorokin,2692,Erik_Obgolts,2678,White,3 min,blitz,50,Won,2/21/2019
Aleksey_Sorokin,2684,Erik_Obgolts,2686,Black,3 min,blitz,48,Won,2/21/2019
Aleksey_Sorokin,2676,GnowReopard,2672,White,3 min,blitz,56,Lost,2/21/2019
Aleksey_Sorokin,2685,leonardodavid83,2540,Black,3 min,blitz,53,Won,2/21/2019
Aleksey_Sorokin,2680,FactorSNFS,2541,Black,3 min,blitz,33,Won,2/20/2019
Aleksey_Sorokin,2675,FactorSNFS,2546,White,3 min,blitz,15,Won,2/20/2019
Aleksey_Sorokin,2670,FactorSNFS,2551,Black,3 min,blitz,47,Draw,2/20/2019
Aleksey_Sorokin,2673,Aborigen_came,2631,Black,3 min,blitz,32,Lost,2/19/2019
Aleksey_Sorokin,2682,lioni26,2587,White,3 min,blitz,39,Draw,2/19/2019
Aleksey_Sorokin,2684,gmgamil,2653,Black,3 min,blitz,54,Draw,2/18/2019
Aleksey_Sorokin,2685,SteelSpider,2686,White,3 min,blitz,42,Lost,2/18/2019
Aleksey_Sorokin,2693,littleplotkin,2618,White,3 min,blitz,54,Lost,2/18/2019
Aleksey_Sorokin,2703,littleplotkin,2608,Black,3 min,blitz,34,Won,2/18/2019
Aleksey_Sorokin,2697,canonjamaicaella,2594,White,3 min,blitz,36,Won,2/18/2019
Aleksey_Sorokin,2691,canonjamaicaella,2600,Black,3 min,blitz,34,Won,2/18/2019
Aleksey_Sorokin,2685,canonjamaicaella,2606,White,3 min,blitz,23,Won,2/18/2019
Aleksey_Sorokin,2679,canonjamaicaella,2612,Black,3 min,blitz,23,Lost,2/18/2019
Aleksey_Sorokin,2689,JonahWillow,2583,White,3 min,blitz,71,Lost,2/18/2019
Aleksey_Sorokin,2700,GnowReopard,2619,Black,3 min,blitz,45,Lost,2/15/2019
Aleksey_Sorokin,2710,Shota_Azaladze,2753,White,3 min,blitz,39,Lost,2/14/2019