player,player_rating,opponent,opponent_rating,side,time_control,time_category,moves,result,date
Aleksey_Sorokin,2702,Soulless4Now,2692,White,3 min,blitz,75,Lost,1/5/2019
Aleksey_Sorokin,2711,Harutjunyan-Gevorg,2850,White,3 min,blitz,71,Won,1/5/2019
Aleksey_Sorokin,2691,Mischuk_D,2697,White,3 min,blitz,87,Lost,1/4/2019
Aleksey_Sorokin,2699,Mischuk_D,2689,Black,3 min,blitz,73,Lost,1/4/2019
Aleksey_Sorokin,2708,leonardodavid83,2584,Black,3 min,blitz,31,Won,1/4/2019
Aleksey_Sorokin,2703,c63_amg,2613,White,3 min,blitz,39,Lost,1/4/2019
Aleksey_Sorokin,2713,c63_amg,2603,Black,3 min,blitz,55,Won,1/4/2019
Aleksey_Sorokin,2707,c63_amg,2609,White,3 min,blitz,75,Draw,1/4/2019
Aleksey_Sorokin,2709,Bad_Genuis,2611,White,3 min,blitz,40,Won,1/4/2019
Aleksey_Sorokin,2703,gena217,2770,Black,3 min,blitz,48,Lost,1/3/2019
Aleksey_Sorokin,2710,Beastly99,2762,Black,3 min,blitz,47,Lost,1/3/2019
Aleksey_Sorokin,2717,aleksa74,2640,Black,3 min,blitz,54,Won,1/3/2019
Aleksey_Sorokin,2710,Alexander_Khlebovich,2697,White,3 min,blitz,72,Lost,1/3/2019
Aleksey_Sorokin,2719,JDBryant,2665,White,3 min,blitz,36,Won,1/3/2019
Aleksey_Sorokin,2712,JDBryant,2672,Black,3 min,blitz,33,Won,1/3/2019
Aleksey_Sorokin,2705,Edgar_Karagyozyan,2538,White,3 min,blitz,32,Won,1/2/2019
Aleksey_Sorokin,2700,Evandro_Barbosa,2567,White,3 min,blitz,44,Won,1/2/2019
Aleksey_Sorokin,2695,Sakkazelet7,2680,White,3 min,blitz,52,Lost,1/1/2019
Aleksey_Sorokin,2704,dangerousfish,2642,Black,3 min,blitz,60,Draw,1/1/2019
Aleksey_Sorokin,2705,honestgirl,2786,White,3 min,blitz,36,Lost,12/31/2018
Aleksey_Sorokin,2711,Philza,2691,Black,3 min,blitz,45,Lost,12/29/2018
Aleksey_Sorokin,2720,Witik,2612,White,3 min,blitz,25,Won,12/29/2018
Aleksey_Sorokin,2714,Fighterman91,2665,Black,3 min,blitz,28,Lost,12/29/2018
Aleksey_Sorokin,2724,Fighterman91,2655,White,3 min,blitz,45,Won,12/29/2018
Aleksey_Sorokin,2717,Alexander_Khlebovich,2687,Black,3 min,blitz,66,Draw,12/29/2018
Aleksey_Sorokin,2718,gmgamil,2767,White,3 min,blitz,46,Lost,12/28/2018
Aleksey_Sorokin,2725,gmgamil,2760,Black,3 min,blitz,61,Lost,12/28/2018
Aleksey_Sorokin,2733,ChubbyPandaEzebat,2679,Black,3 min,blitz,34,Won,12/28/2018
Aleksey_Sorokin,2726,aisiic,2573,White,3 min,blitz,56,Won,12/28/2018
Aleksey_Sorokin,2721,donotreadit,2633,White,3 min,blitz,43,Lost,12/27/2018
Aleksey_Sorokin,2731,EasyRating,2673,White,3 min,blitz,48,Won,12/27/2018
Aleksey_Sorokin,2724,mavuba,2675,White,3 min,blitz,43,Lost,12/26/2018
Aleksey_Sorokin,2734,Markov_Mikhail,2670,Black,3 min,blitz,59,Lost,12/26/2018
Aleksey_Sorokin,2744,SimantsevaM,2555,Black,3 min,blitz,42,Draw,12/26/2018
Aleksey_Sorokin,2748,Mischuk_D,2641,White,3 min,blitz,50,Draw,12/26/2018
Aleksey_Sorokin,2751,Mischuk_D,2645,Black,3 min,blitz,59,Lost,12/26/2018
Aleksey_Sorokin,2762,Dhaydon19,2697,Black,3 min,blitz,35,Lost,12/26/2018
Aleksey_Sorokin,2772,Volkovi,2710,White,3 min,blitz,33,Lost,12/24/2018
Aleksey_Sorokin,2782,Volkovi,2687,Black,3 min,blitz,71,Won,12/24/2018
Aleksey_Sorokin,2776,Volkovi,2696,White,3 min,blitz,22,Won,12/24/2018
Aleksey_Sorokin,2769,honestgirl,2786,Black,3 min,blitz,56,Won,12/24/2018
Aleksey_Sorokin,2760,Gvalch,2753,White,3 min,blitz,43,Lost,12/24/2018
Aleksey_Sorokin,2769,Beltsychess,2582,Black,3 min,blitz,72,Draw,12/24/2018
Aleksey_Sorokin,2773,ficorrales,2832,Black,3 min,blitz,74,Lost,12/23/2018
Aleksey_Sorokin,2780,Malgranda_Ludo,2624,White,3 min,blitz,64,Won,12/23/2018
Aleksey_Sorokin,2775,QDcoach,2603,Black,3 min,blitz,69,Draw,12/23/2018
Aleksey_Sorokin,2779,Malik02,2806,Black,3 min,blitz,55,Lost,12/22/2018
Aleksey_Sorokin,2787,Smirnov_Pavel,2763,Black,3 min,blitz,39,Lost,12/22/2018
Aleksey_Sorokin,2796,Illingworth,2779,White,3 min,blitz,35,Lost,12/22/2018
Aleksey_Sorokin,2805,Coldplace,2768,White,3 min,blitz,38,Won,12/22/2018