player,player_rating,opponent,opponent_rating,side,time_control,time_category,moves,result,date
Aleksey_Sorokin,2776,mishanick,2813,White,3 min,blitz,56,Won,9/30/2018
Aleksey_Sorokin,2767,manudavid,2628,Black,3 min,blitz,44,Won,9/30/2018
Aleksey_Sorokin,2762,resha1988,2691,White,3 min,blitz,27,Won,9/30/2018
Aleksey_Sorokin,2755,resha1988,2698,Black,3 min,blitz,52,Won,9/30/2018
Aleksey_Sorokin,2748,resha1988,2705,White,3 min,blitz,25,Won,9/30/2018
Aleksey_Sorokin,2741,manudavid,2628,White,3 min,blitz,56,Won,9/30/2018
Aleksey_Sorokin,2735,pultineviciuspaulius,2557,White,3 min,blitz,32,Won,9/30/2018
Aleksey_Sorokin,2731,INDIAN-ELEPHANT,2667,Black,3 min,blitz,65,Won,9/30/2018
Aleksey_Sorokin,2724,VectorAccel,2555,Black,3 min,blitz,28,Won,9/30/2018
Aleksey_Sorokin,2719,VectorAccel,2560,White,3 min,blitz,16,Won,9/30/2018
Aleksey_Sorokin,2714,VectorAccel,2565,Black,3 min,blitz,55,Won,9/30/2018
Aleksey_Sorokin,2709,dommachess06,2668,Black,3 min,blitz,56,Lost,9/30/2018
Aleksey_Sorokin,2718,manudavid,2639,Black,3 min,blitz,42,Lost,9/30/2018
Aleksey_Sorokin,2728,ProfesseurImed,2722,White,3 min,blitz,26,Lost,9/29/2018
Aleksey_Sorokin,2737,Keranke,2769,White,3 min,blitz,67,Draw,9/29/2018
Aleksey_Sorokin,2736,chesskingdreamer,2647,White,3 min,blitz,56,Won,9/29/2018
Aleksey_Sorokin,2730,abhijeetgupta1016,2771,White,3 min,blitz,66,Lost,9/29/2018
Aleksey_Sorokin,2737,IM_dmitrij,2741,White,3 min,blitz,27,Won,9/29/2018
Aleksey_Sorokin,2729,IM_dmitrij,2749,Black,3 min,blitz,27,Won,9/29/2018
Aleksey_Sorokin,2720,donotreadit,2626,Black,3 min,blitz,67,Lost,9/29/2018
Aleksey_Sorokin,2731,failplayer,2657,White,3 min,blitz,48,Won,9/29/2018
Aleksey_Sorokin,2724,failplayer,2664,Black,3 min,blitz,50,Won,9/29/2018
Aleksey_Sorokin,2717,mmmflatbread,2669,White,3 min,blitz,19,Won,9/29/2018
Aleksey_Sorokin,2710,sergoy,2789,Black,3 min,blitz,54,Lost,9/28/2018
Aleksey_Sorokin,2716,sergoy,2783,White,3 min,blitz,59,Won,9/28/2018
Aleksey_Sorokin,2706,freshmind1990,2529,Black,3 min,blitz,28,Lost,9/27/2018
Aleksey_Sorokin,2712,freshmind1990,2522,White,3 min,blitz,34,Won,9/27/2018
Aleksey_Sorokin,2710,sergoy,2816,Black,3 min,blitz,55,Lost,9/26/2018
Aleksey_Sorokin,2716,sergoy,2810,White,3 min,blitz,20,Won,9/26/2018
Aleksey_Sorokin,2705,sergoy,2821,Black,3 min,blitz,60,Lost,9/26/2018
Aleksey_Sorokin,2711,sergoy,2815,White,3 min,blitz,23,Lost,9/26/2018
Aleksey_Sorokin,2717,sergoy,2809,Black,3 min,blitz,40,Won,9/26/2018
Aleksey_Sorokin,2706,sergoy,2819,White,3 min,blitz,35,Lost,9/26/2018
Aleksey_Sorokin,2712,Gazi92,2588,Black,3 min,blitz,40,Won,9/26/2018
Aleksey_Sorokin,2707,kflorian98,2700,White,3 min,blitz,55,Lost,9/26/2018
Aleksey_Sorokin,2716,Father_Hacker,2577,White,3 min,blitz,26,Won,9/26/2018
Aleksey_Sorokin,2711,QDcoach,2674,White,3 min,blitz,40,Lost,9/26/2018
Aleksey_Sorokin,2720,bascheyaro,2628,Black,3 min,blitz,16,Lost,9/25/2018
Aleksey_Sorokin,2730,bascheyaro,2618,White,3 min,blitz,26,Won,9/25/2018
Aleksey_Sorokin,2724,Nakachuk,2743,White,3 min,blitz,68,Lost,9/24/2018
Aleksey_Sorokin,2732,fearless_guy,2664,White,3 min,blitz,28,Lost,9/24/2018
Aleksey_Sorokin,2742,MeoMem,2603,Black,3 min,blitz,82,Won,9/24/2018
Aleksey_Sorokin,2737,BogdanBelyakov,2579,Black,3 min,blitz,48,Won,9/24/2018
Aleksey_Sorokin,2732,Torosyan_Norayr,2646,Black,3 min,blitz,33,Won,9/24/2018
Aleksey_Sorokin,2726,Torosyan_Norayr,2652,White,3 min,blitz,29,Lost,9/24/2018
Aleksey_Sorokin,2736,omidnoroozi21,2663,Black,3 min,blitz,48,Lost,9/24/2018
Aleksey_Sorokin,2746,omidnoroozi21,2653,White,3 min,blitz,27,Won,9/24/2018
Aleksey_Sorokin,2740,ThePunisherxx,2674,White,3 min,blitz,52,Won,9/24/2018
Aleksey_Sorokin,2733,ThePunisherxx,2681,Black,3 min,blitz,37,Won,9/24/2018
Aleksey_Sorokin,2726,hapoel_kfs,2584,White,3 min,blitz,66,Lost,9/23/2018