player,player_rating,opponent,opponent_rating,side,time_control,time_category,moves,result,date
Aleksey_Sorokin,2717,Shota_Azaladze,2746,Black,3 min,blitz,27,Won,2/14/2019
Aleksey_Sorokin,2708,chessasuke,2627,White,3 min,blitz,66,Won,2/12/2019
Aleksey_Sorokin,2702,Edgar_Karagyozyan,2565,White,3 min,blitz,69,Draw,2/11/2019
Aleksey_Sorokin,2705,Lukianoo,2748,White,3 min,blitz,34,Lost,2/10/2019
Aleksey_Sorokin,2712,theredking89,2579,White,3 min,blitz,51,Won,2/10/2019
Aleksey_Sorokin,2707,Last7Samurai,2685,Black,3 min,blitz,49,Lost,2/10/2019
Aleksey_Sorokin,2716,beginner1903,2589,White,3 min,blitz,10,Lost,2/9/2019
Aleksey_Sorokin,2727,beginner1903,2578,Black,3 min,blitz,49,Won,2/9/2019
Aleksey_Sorokin,2722,beginner1903,2583,White,3 min,blitz,16,Won,2/9/2019
Aleksey_Sorokin,2717,Yaacovn,2742,Black,3 min,blitz,50,Lost,2/9/2019
Aleksey_Sorokin,2725,Kiborg95,2735,White,3 min,blitz,54,Lost,2/9/2019
Aleksey_Sorokin,2733,cekic12345678,2527,Black,3 min,blitz,57,Won,2/9/2019
Aleksey_Sorokin,2729,fmshawnrl123,2614,White,3 min,blitz,39,Won,2/9/2019
Aleksey_Sorokin,2723,morfius,2619,Black,3 min,blitz,25,Lost,2/9/2019
Aleksey_Sorokin,2734,o_mpampas_sas,2658,White,3 min,blitz,23,Won,2/8/2019
Aleksey_Sorokin,2727,o_mpampas_sas,2665,Black,3 min,blitz,35,Won,2/8/2019
Aleksey_Sorokin,2720,GelmanAlexander,2664,White,3 min,blitz,47,Won,2/7/2019
Aleksey_Sorokin,2713,GelmanAlexander,2671,Black,3 min,blitz,39,Won,2/7/2019
Aleksey_Sorokin,2706,anaak,2565,White,3 min,blitz,24,Won,2/7/2019
Aleksey_Sorokin,2701,Yaacovn,2689,White,3 min,blitz,38,Lost,2/6/2019
Aleksey_Sorokin,2710,Yaacovn,2680,Black,3 min,blitz,43,Won,2/6/2019
Aleksey_Sorokin,2702,Yaacovn,2688,White,3 min,blitz,55,Won,2/6/2019
Aleksey_Sorokin,2694,vpsetter,2614,White,3 min,blitz,45,Won,2/6/2019
Aleksey_Sorokin,2687,GameOverBro,2509,White,3|2,blitz,87,Lost,2/5/2019
Aleksey_Sorokin,2699,SCIM,2400,White,3|2,blitz,45,Won,2/5/2019
Aleksey_Sorokin,2697,Keaton87,2546,Black,3|2,blitz,45,Lost,2/5/2019
Aleksey_Sorokin,2709,dcremisi,2323,White,3|2,blitz,26,Won,2/5/2019
Aleksey_Sorokin,2707,Mischuk_D,2693,Black,3 min,blitz,51,Draw,2/5/2019
Aleksey_Sorokin,2707,dzhumagaliev,2723,White,3 min,blitz,67,Won,2/5/2019
Aleksey_Sorokin,2698,3MusketeersXFrench,2666,White,3 min,blitz,47,Lost,2/5/2019
Aleksey_Sorokin,2707,almatyonelove,2649,Black,3 min,blitz,46,Won,2/5/2019
Aleksey_Sorokin,2700,almatyonelove,2656,White,3 min,blitz,71,Won,2/5/2019
Aleksey_Sorokin,2693,almatyonelove,2663,Black,3 min,blitz,47,Won,2/5/2019
Aleksey_Sorokin,2685,almatyonelove,2671,White,3 min,blitz,16,Won,2/5/2019
Aleksey_Sorokin,2677,AMANTIO1984,2550,Black,3 min,blitz,10,Won,2/5/2019
Aleksey_Sorokin,2672,Witik,2631,White,3 min,blitz,57,Won,2/5/2019
Aleksey_Sorokin,2665,vladimirdamjanovic,2612,White,3 min,blitz,59,Lost,2/5/2019
Aleksey_Sorokin,2675,Deeper44,2531,Black,3 min,blitz,35,Won,2/5/2019
Aleksey_Sorokin,2670,GMG,2748,Black,3 min,blitz,52,Lost,2/4/2019
Aleksey_Sorokin,2676,leejunhyeok,2501,Black,3 min,blitz,53,Won,2/4/2019
Aleksey_Sorokin,2672,anaak,2632,Black,3 min,blitz,54,Draw,2/4/2019
Aleksey_Sorokin,2673,nailbeshirli,2665,Black,3 min,blitz,32,Lost,2/4/2019
Aleksey_Sorokin,2682,BlueWizzard,2559,White,3 min,blitz,43,Won,2/3/2019
Aleksey_Sorokin,2676,Joshukid,2655,Black,3 min,blitz,39,Won,2/3/2019
Aleksey_Sorokin,2668,Joshukid,2663,White,3 min,blitz,46,Won,2/3/2019
Aleksey_Sorokin,2660,SakisAsiatidis,2613,Black,3 min,blitz,59,Draw,2/3/2019
Aleksey_Sorokin,2661,sergeikim,2507,Black,3 min,blitz,46,Won,2/2/2019
Aleksey_Sorokin,2656,sergeikim,2512,White,3 min,blitz,34,Won,2/2/2019
Aleksey_Sorokin,2651,anaak,2523,White,3 min,blitz,75,Draw,2/2/2019
Aleksey_Sorokin,2654,matanzas1967,2575,White,3 min,blitz,54,Won,1/31/2019