player,player_rating,opponent,opponent_rating,side,time_control,time_category,moves,result,date
Aleksey_Sorokin,2648,vladimirdamjanovic,2601,Black,3 min,blitz,26,Lost,3/16/2019
Aleksey_Sorokin,2658,mvivf,2530,White,3 min,blitz,55,Lost,3/14/2019
Aleksey_Sorokin,2669,nilesh0070,2583,Black,3 min,blitz,43,Lost,3/14/2019
Aleksey_Sorokin,2679,GMPontusCarlsson,2658,Black,3 min,blitz,38,Lost,3/14/2019
Aleksey_Sorokin,2688,GMPontusCarlsson,2649,White,3 min,blitz,30,Won,3/14/2019
Aleksey_Sorokin,2681,GMPontusCarlsson,2656,Black,3 min,blitz,51,Won,3/14/2019
Aleksey_Sorokin,2673,Molton,2757,Black,3 min,blitz,56,Lost,3/14/2019
Aleksey_Sorokin,2679,poummba,2528,Black,3 min,blitz,42,Won,3/14/2019
Aleksey_Sorokin,2674,nilesh0070,2558,White,3 min,blitz,22,Lost,3/14/2019
Aleksey_Sorokin,2685,nilesh0070,2547,Black,3 min,blitz,39,Won,3/14/2019
Aleksey_Sorokin,2680,poummba,2524,White,3 min,blitz,32,Won,3/14/2019
Aleksey_Sorokin,2675,KazakhFighter04,2616,Black,3 min,blitz,29,Won,3/14/2019
Aleksey_Sorokin,2668,vpsetter,2653,Black,3 min,blitz,30,Lost,3/13/2019
Aleksey_Sorokin,2669,BlueWizzard,2744,White,3 min,blitz,35,Lost,3/13/2019
Aleksey_Sorokin,2676,sandropozo,2621,White,3 min,blitz,56,Won,3/13/2019
Aleksey_Sorokin,2669,FastChance,2767,White,3 min,blitz,29,Lost,3/13/2019
Aleksey_Sorokin,2675,muruganthiruchelvam,2496,White,3 min,blitz,20,Won,3/13/2019
Aleksey_Sorokin,2671,muruganthiruchelvam,2500,Black,3 min,blitz,24,Won,3/13/2019
Aleksey_Sorokin,2666,IM_dmitrij,2780,Black,3 min,blitz,34,Lost,3/13/2019
Aleksey_Sorokin,2672,wnstop,2693,Black,3 min,blitz,32,Lost,3/13/2019
Aleksey_Sorokin,2680,wnstop,2685,White,3 min,blitz,27,Won,3/13/2019
Aleksey_Sorokin,2671,nfds,2572,White,3 min,blitz,29,Won,3/13/2019
Aleksey_Sorokin,2665,o_mpampas_sas,2729,Black,3 min,blitz,26,Won,3/13/2019
Aleksey_Sorokin,2655,rovokopac,2584,White,3 min,blitz,51,Lost,3/13/2019
Aleksey_Sorokin,2665,MomchilPetkov2005,2577,Black,3 min,blitz,43,Won,3/12/2019
Aleksey_Sorokin,2659,BlueWizzard,2722,Black,3 min,blitz,45,Lost,3/9/2019
Aleksey_Sorokin,2666,BlueWizzard,2676,White,3 min,blitz,43,Lost,3/7/2019
Aleksey_Sorokin,2674,BlueWizzard,2660,Black,3 min,blitz,54,Draw,3/7/2019
Aleksey_Sorokin,2674,leonardodavid83,2569,White,3 min,blitz,34,Lost,3/7/2019
Aleksey_Sorokin,2685,TiltedLikeMe,2602,White,3 min,blitz,35,Lost,3/7/2019
Aleksey_Sorokin,2695,DavidMarkosyan,2583,Black,3 min,blitz,39,Lost,3/6/2019
Aleksey_Sorokin,2706,DeepMon5,2652,Black,3 min,blitz,34,Won,3/6/2019
Aleksey_Sorokin,2699,DeepMon5,2659,White,3 min,blitz,40,Won,3/6/2019
Aleksey_Sorokin,2692,relaxx87,2761,Black,3 min,blitz,53,Draw,3/6/2019
Aleksey_Sorokin,2690,igor592,2685,White,3 min,blitz,47,Lost,3/6/2019
Aleksey_Sorokin,2699,SahajGrover,2627,Black,3 min,blitz,29,Won,3/5/2019
Aleksey_Sorokin,2692,SahajGrover,2634,White,3 min,blitz,33,Won,3/5/2019
Aleksey_Sorokin,2685,vcs,2568,Black,3 min,blitz,18,Lost,3/5/2019
Aleksey_Sorokin,2696,vcs,2557,White,3 min,blitz,55,Won,3/5/2019
Aleksey_Sorokin,2691,vcs,2562,Black,3 min,blitz,57,Won,3/5/2019
Aleksey_Sorokin,2686,bobbyfusha,2667,Black,3 min,blitz,51,Lost,3/5/2019
Aleksey_Sorokin,2695,AlmasChampion1,2574,Black,3 min,blitz,80,Won,3/5/2019
Aleksey_Sorokin,2689,AlmasChampion1,2580,White,3 min,blitz,21,Won,3/5/2019
Aleksey_Sorokin,2683,druskacik,2592,Black,3 min,blitz,54,Draw,3/4/2019
Aleksey_Sorokin,2685,druskacik,2590,White,3 min,blitz,40,Won,3/4/2019
Aleksey_Sorokin,2679,druskacik,2596,Black,3 min,blitz,26,Lost,3/4/2019
Aleksey_Sorokin,2689,druskacik,2586,White,3 min,blitz,71,Won,3/4/2019
Aleksey_Sorokin,2683,druskacik,2592,Black,3 min,blitz,50,Lost,3/4/2019
Aleksey_Sorokin,2693,druskacik,2582,White,3 min,blitz,60,Won,3/4/2019
Aleksey_Sorokin,2687,druskacik,2588,Black,3 min,blitz,55,Draw,3/4/2019