player,player_rating,opponent,opponent_rating,side,time_control,time_category,moves,result,date
Aleksey_Sorokin,2694,Leonid_Starozhilov,2611,Black,1 min,bullet,57,Won,4/6/2019
Aleksey_Sorokin,2669,VerdeNotte,2855,Black,1 min,bullet,19,Lost,4/4/2019
Aleksey_Sorokin,2687,NguyenHlb,2296,White,1 min,bullet,38,Won,4/4/2019
Aleksey_Sorokin,2679,Badmatsyrenov_Oleg,2652,White,1 min,bullet,45,Lost,4/3/2019
Aleksey_Sorokin,2722,Sven_Tica,2528,Black,1 min,bullet,48,Won,8/5/2018
Aleksey_Sorokin,2714,FastChance,2697,Black,1 min,bullet,56,Lost,8/2/2018
Aleksey_Sorokin,2732,FastChance,2688,White,1 min,bullet,54,Won,8/2/2018
Aleksey_Sorokin,2717,FastChance,2695,Black,1 min,bullet,43,Won,8/2/2018
Aleksey_Sorokin,2700,manudavid,2547,White,1 min,bullet,21,Lost,8/1/2018
Aleksey_Sorokin,2727,vseloginyzanyaty,2599,Black,1 min,bullet,54,Lost,7/31/2018
Aleksey_Sorokin,2753,vseloginyzanyaty,2587,White,1 min,bullet,34,Won,7/31/2018
Aleksey_Sorokin,2741,manudavid,2594,Black,1 min,bullet,51,Won,2/19/2018
Aleksey_Sorokin,2736,manudavid,2599,White,1 min,bullet,32,Won,2/19/2018
Aleksey_Sorokin,2731,manudavid,2607,Black,1 min,bullet,39,Won,2/18/2018
Aleksey_Sorokin,2725,manudavid,2612,White,1 min,bullet,20,Won,2/18/2018
Aleksey_Sorokin,2719,manudavid,2618,Black,1 min,bullet,91,Lost,2/18/2018
Aleksey_Sorokin,2730,manudavid,2607,White,1 min,bullet,37,Won,2/18/2018
Aleksey_Sorokin,2724,OparinGrigoriy,2768,Black,1 min,bullet,51,Won,1/19/2018
Aleksey_Sorokin,2715,OparinGrigoriy,2777,White,1 min,bullet,31,Won,1/19/2018
Aleksey_Sorokin,2705,OparinGrigoriy,2787,Black,1 min,bullet,65,Lost,1/19/2018
Aleksey_Sorokin,2711,OparinGrigoriy,2775,White,1 min,bullet,33,Won,1/19/2018
Aleksey_Sorokin,2701,Firouzja2003,2881,Black,1 min,bullet,50,Lost,1/15/2018
Aleksey_Sorokin,2705,Firouzja2003,2877,White,1 min,bullet,34,Lost,1/15/2018
Aleksey_Sorokin,2709,Firouzja2003,2873,Black,1 min,bullet,22,Lost,1/15/2018
Aleksey_Sorokin,2714,Firouzja2003,2868,White,1 min,bullet,46,Lost,1/15/2018
Aleksey_Sorokin,2719,Firouzja2003,2863,Black,1 min,bullet,97,Lost,1/15/2018
Aleksey_Sorokin,2724,Firouzja2003,2858,White,1 min,bullet,30,Lost,1/15/2018
Aleksey_Sorokin,2729,Firouzja2003,2853,Black,1 min,bullet,37,Lost,1/15/2018
Aleksey_Sorokin,2735,Firouzja2003,2847,White,1 min,bullet,32,Lost,1/15/2018
Aleksey_Sorokin,2741,Firouzja2003,2841,Black,1 min,bullet,53,Draw,1/15/2018
Aleksey_Sorokin,2739,Firouzja2003,2843,White,1 min,bullet,43,Lost,1/15/2018
Aleksey_Sorokin,2745,Firouzja2003,2837,Black,1 min,bullet,29,Lost,1/15/2018
Aleksey_Sorokin,2751,NguyenXi,2705,White,1 min,bullet,1,Won,1/14/2018
Aleksey_Sorokin,2744,Kingofchess1311,2622,Black,1 min,bullet,22,Won,1/14/2018
Aleksey_Sorokin,2738,Kingofchess1311,2628,White,1 min,bullet,26,Won,1/14/2018
Aleksey_Sorokin,2732,Kingofchess1311,2634,Black,1 min,bullet,79,Won,1/14/2018
Aleksey_Sorokin,2726,NguyenXi,2712,Black,1 min,bullet,45,Won,1/14/2018
Aleksey_Sorokin,2718,NguyenXi,2720,White,1 min,bullet,31,Lost,1/14/2018
Aleksey_Sorokin,2726,NguyenXi,2712,Black,1 min,bullet,26,Won,1/14/2018
Aleksey_Sorokin,2718,NguyenXi,2720,White,1 min,bullet,56,Lost,1/14/2018
Aleksey_Sorokin,2726,johnathan113,2610,White,1 min,bullet,13,Won,1/14/2018
Aleksey_Sorokin,2720,johnathan113,2616,Black,1 min,bullet,62,Won,1/14/2018
Aleksey_Sorokin,2714,johnathan113,2622,White,1 min,bullet,66,Draw,1/14/2018
Aleksey_Sorokin,2716,johnathan113,2620,Black,1 min,bullet,69,Won,1/14/2018
Aleksey_Sorokin,2710,johnathan113,2626,White,1 min,bullet,36,Won,1/14/2018
Aleksey_Sorokin,2704,johnathan113,2632,Black,1 min,bullet,64,Won,1/14/2018
Aleksey_Sorokin,2697,johnathan113,2639,White,1 min,bullet,85,Lost,1/14/2018
Aleksey_Sorokin,2707,johnathan113,2629,Black,1 min,bullet,84,Won,1/14/2018
Aleksey_Sorokin,2700,johnathan113,2636,White,1 min,bullet,44,Draw,1/14/2018
Aleksey_Sorokin,2701,johnathan113,2635,Black,1 min,bullet,18,Won,1/14/2018