player,player_rating,opponent,opponent_rating,side,time_control,time_category,moves,result,date
Aleksey_Sorokin,2749,Kiborg95,2680,White,3 min,blitz,53,Draw,12/13/2018
Aleksey_Sorokin,2751,fireblader,2640,White,3 min,blitz,48,Won,12/13/2018
Aleksey_Sorokin,2745,SONOFHOLYGOD,2656,Black,3 min,blitz,61,Won,12/13/2018
Aleksey_Sorokin,2739,Bad_Genuis,2678,Black,3 min,blitz,88,Lost,12/13/2018
Aleksey_Sorokin,2749,Indianlad,2829,White,3 min,blitz,41,Lost,12/13/2018
Aleksey_Sorokin,2756,FuzzyDock,2557,White,3 min,blitz,34,Won,12/13/2018
Aleksey_Sorokin,2752,FuzzyDock,2565,Black,3 min,blitz,38,Won,12/13/2018
Aleksey_Sorokin,2748,igor592,2682,Black,3 min,blitz,66,Draw,12/13/2018
Aleksey_Sorokin,2742,qualifiedoptions,2778,Black,3 min,blitz,30,Lost,12/13/2018
Aleksey_Sorokin,2750,GrigorGrigorov,2761,White,3 min,blitz,35,Won,12/13/2018
Aleksey_Sorokin,2741,bangchess21,2621,Black,3 min,blitz,78,Lost,12/12/2018
Aleksey_Sorokin,2752,mikhaillushenkov,2682,Black,3 min,blitz,48,Won,12/11/2018
Aleksey_Sorokin,2745,manudavid,2664,White,3 min,blitz,60,Lost,12/11/2018
Aleksey_Sorokin,2755,internationalfight,2639,White,3 min,blitz,70,Won,12/11/2018
Aleksey_Sorokin,2749,13MiRacLe,2664,White,3 min,blitz,63,Won,12/11/2018
Aleksey_Sorokin,2743,GMG,2714,White,3 min,blitz,45,Won,12/11/2018
Aleksey_Sorokin,2735,GMG,2722,Black,3 min,blitz,37,Won,12/11/2018
Aleksey_Sorokin,2727,GMG,2730,White,3 min,blitz,76,Won,12/11/2018
Aleksey_Sorokin,2718,KazakhFighter2004,2670,Black,3 min,blitz,77,Draw,12/7/2018
Aleksey_Sorokin,2719,KazakhFighter2004,2669,White,3 min,blitz,42,Won,12/7/2018
Aleksey_Sorokin,2712,murmah2003,2605,Black,3 min,blitz,29,Lost,12/5/2018
Aleksey_Sorokin,2723,murmah2003,2594,White,3 min,blitz,36,Won,12/5/2018
Aleksey_Sorokin,2718,asiancheckmate,2586,White,3 min,blitz,36,Lost,12/4/2018
Aleksey_Sorokin,2729,resha1988,2704,Black,3 min,blitz,31,Won,12/4/2018
Aleksey_Sorokin,2721,gholamreza-anvari,2607,Black,3 min,blitz,64,Lost,12/4/2018
Aleksey_Sorokin,2732,LifeIsGoingOn,2655,Black,3 min,blitz,56,Won,12/4/2018
Aleksey_Sorokin,2725,Alex_32167,2605,White,3 min,blitz,69,Won,12/4/2018
Aleksey_Sorokin,2719,AZEWolf2005,2667,Black,3 min,blitz,30,Lost,12/4/2018
Aleksey_Sorokin,2729,Anahita_Gholami,2560,White,3 min,blitz,67,Won,12/4/2018
Aleksey_Sorokin,2724,LBUHITO,2657,White,3 min,blitz,26,Lost,12/4/2018
Aleksey_Sorokin,2734,jerom555888,2666,Black,3 min,blitz,71,Lost,12/3/2018
Aleksey_Sorokin,2744,jerom555888,2656,White,3 min,blitz,10,Won,12/3/2018
Aleksey_Sorokin,2738,jerom555888,2662,Black,3 min,blitz,19,Won,12/3/2018
Aleksey_Sorokin,2731,igorkovalenko,2823,White,3 min,blitz,61,Lost,12/3/2018
Aleksey_Sorokin,2737,Sharpchess22,2798,White,3 min,blitz,25,Won,12/2/2018
Aleksey_Sorokin,2727,MFBorn,2591,Black,3 min,blitz,48,Draw,12/2/2018
Aleksey_Sorokin,2730,Artur_Avalyan03,2616,Black,3 min,blitz,52,Won,12/2/2018
Aleksey_Sorokin,2724,LBUHITO,2635,Black,3 min,blitz,47,Won,12/2/2018
Aleksey_Sorokin,2718,Gummibear69,2625,White,3 min,blitz,22,Won,12/2/2018
Aleksey_Sorokin,2712,kflorian98,2535,Black,3 min,blitz,62,Lost,12/2/2018
Aleksey_Sorokin,2724,dangerousfish,2594,White,3 min,blitz,35,Won,12/2/2018
Aleksey_Sorokin,2719,Rain_Delay,2700,White,3 min,blitz,41,Lost,12/2/2018
Aleksey_Sorokin,2728,Rain_Delay,2691,Black,3 min,blitz,45,Won,12/2/2018
Aleksey_Sorokin,2721,Alex_32167,2609,Black,3 min,blitz,51,Won,12/2/2018
Aleksey_Sorokin,2715,gasdg,2594,White,3 min,blitz,32,Lost,12/2/2018
Aleksey_Sorokin,2726,jk13,2598,White,3 min,blitz,41,Won,12/2/2018
Aleksey_Sorokin,2721,jk13,2603,Black,3 min,blitz,77,Won,12/2/2018
Aleksey_Sorokin,2715,jk13,2609,White,3 min,blitz,23,Won,12/2/2018
Aleksey_Sorokin,2709,SinghTejpal,2638,Black,3 min,blitz,49,Lost,12/1/2018
Aleksey_Sorokin,2719,Tiqr777,2588,White,3 min,blitz,48,Draw,12/1/2018