player,player_rating,opponent,opponent_rating,side,time_control,time_category,moves,result,date
Aleksey_Sorokin,2770,QDcoach,2737,White,3 min,blitz,39,Draw,9/18/2018
Aleksey_Sorokin,2771,QDcoach,2736,Black,3 min,blitz,32,Draw,9/18/2018
Aleksey_Sorokin,2772,FanMWPChess,2682,White,3 min,blitz,20,Won,9/18/2018
Aleksey_Sorokin,2766,FanMWPChess,2688,Black,3 min,blitz,14,Won,9/18/2018
Aleksey_Sorokin,2759,Arash_Tahbaz,2744,Black,3 min,blitz,36,Won,9/18/2018
Aleksey_Sorokin,2751,Arash_Tahbaz,2752,White,3 min,blitz,32,Won,9/18/2018
Aleksey_Sorokin,2743,Arash_Tahbaz,2760,Black,3 min,blitz,65,Lost,9/18/2018
Aleksey_Sorokin,2751,Pasha_Technique,2760,White,3 min,blitz,19,Won,9/18/2018
Aleksey_Sorokin,2742,Muisback26,2666,Black,3 min,blitz,29,Won,9/18/2018
Aleksey_Sorokin,2735,just_a_prank,2626,Black,3 min,blitz,86,Lost,9/18/2018
Aleksey_Sorokin,2746,Arash_Tahbaz,2746,White,3 min,blitz,44,Lost,9/18/2018
Aleksey_Sorokin,2754,1stSecond,2768,White,3 min,blitz,41,Won,9/18/2018
Aleksey_Sorokin,2745,1stSecond,2777,Black,3 min,blitz,50,Draw,9/18/2018
Aleksey_Sorokin,2744,just_a_prank,2615,White,3 min,blitz,46,Lost,9/17/2018
Aleksey_Sorokin,2755,just_a_prank,2604,Black,3 min,blitz,30,Won,9/17/2018
Aleksey_Sorokin,2750,just_a_prank,2609,White,3 min,blitz,38,Won,9/17/2018
Aleksey_Sorokin,2745,josmito10,2740,White,3 min,blitz,61,Won,9/17/2018
Aleksey_Sorokin,2737,preeeethiga,2553,Black,3 min,blitz,42,Won,9/17/2018
Aleksey_Sorokin,2733,manudavid,2578,Black,3 min,blitz,26,Won,9/16/2018
Aleksey_Sorokin,2728,manudavid,2583,White,3 min,blitz,47,Won,9/16/2018
Aleksey_Sorokin,2723,GMKotsur,2609,White,3 min,blitz,49,Lost,9/16/2018
Aleksey_Sorokin,2734,omidnoroozi21,2553,Black,3 min,blitz,37,Lost,9/16/2018
Aleksey_Sorokin,2746,omidnoroozi21,2541,White,3 min,blitz,82,Won,9/16/2018
Aleksey_Sorokin,2742,fireheart92,2835,Black,3 min,blitz,82,Won,9/16/2018
Aleksey_Sorokin,2731,manudavid,2621,Black,3 min,blitz,30,Won,9/16/2018
Aleksey_Sorokin,2725,Rising_651,2597,Black,3 min,blitz,52,Won,9/16/2018
Aleksey_Sorokin,2720,QDcoach,2627,White,3 min,blitz,33,Won,9/16/2018
Aleksey_Sorokin,2714,S2PAc,2750,White,3 min,blitz,60,Lost,9/15/2018
Aleksey_Sorokin,2722,S2PAc,2742,Black,3 min,blitz,25,Won,9/15/2018
Aleksey_Sorokin,2713,S2PAc,2751,White,3 min,blitz,58,Lost,9/15/2018
Aleksey_Sorokin,2720,Mischuk_D,2583,White,3 min,blitz,111,Won,9/15/2018
Aleksey_Sorokin,2715,Alexander_Khlebovich,2675,White,3 min,blitz,73,Lost,9/14/2018
Aleksey_Sorokin,2724,Alexander_Khlebovich,2666,Black,3 min,blitz,33,Lost,9/14/2018
Aleksey_Sorokin,2734,Alexander_Khlebovich,2656,White,3 min,blitz,34,Won,9/14/2018
Aleksey_Sorokin,2727,fireblader,2744,Black,3 min,blitz,65,Lost,9/14/2018
Aleksey_Sorokin,2735,fireblader,2736,White,3 min,blitz,38,Won,9/14/2018
Aleksey_Sorokin,2727,warior1,2532,Black,3 min,blitz,67,Won,9/14/2018
Aleksey_Sorokin,2723,Schokojunkie,2715,White,3 min,blitz,81,Lost,9/13/2018
Aleksey_Sorokin,2732,Schokojunkie,2706,Black,3 min,blitz,56,Lost,9/13/2018
Aleksey_Sorokin,2741,Schokojunkie,2697,White,3 min,blitz,25,Won,9/13/2018
Aleksey_Sorokin,2734,Schokojunkie,2704,Black,3 min,blitz,40,Won,9/13/2018
Aleksey_Sorokin,2726,Alita_99,2576,Black,3 min,blitz,27,Won,9/13/2018
Aleksey_Sorokin,2721,comedy_of_errors,2632,White,3 min,blitz,62,Lost,9/12/2018
Aleksey_Sorokin,2731,comedy_of_errors,2622,Black,3 min,blitz,70,Won,9/12/2018
Aleksey_Sorokin,2725,comedy_of_errors,2628,White,3 min,blitz,62,Won,9/12/2018
Aleksey_Sorokin,2719,comedy_of_errors,2634,Black,3 min,blitz,26,Lost,9/12/2018
Aleksey_Sorokin,2729,comedy_of_errors,2624,White,3 min,blitz,24,Lost,9/12/2018
Aleksey_Sorokin,2740,comedy_of_errors,2613,Black,3 min,blitz,27,Won,9/12/2018
Aleksey_Sorokin,2735,comedy_of_errors,2618,White,3 min,blitz,23,Won,9/12/2018
Aleksey_Sorokin,2729,comedy_of_errors,2624,Black,3 min,blitz,71,Draw,9/12/2018