player,player_rating,opponent,opponent_rating,side,time_control,time_category,moves,result,date
Aleksey_Sorokin,2731,comedy_of_errors,2622,White,3 min,blitz,55,Won,9/12/2018
Aleksey_Sorokin,2725,comedy_of_errors,2628,Black,3 min,blitz,29,Won,9/12/2018
Aleksey_Sorokin,2719,comedy_of_errors,2634,White,3 min,blitz,20,Won,9/12/2018
Aleksey_Sorokin,2713,dangerousfish,2541,White,3 min,blitz,47,Won,9/12/2018
Aleksey_Sorokin,2708,Hemanthsankar,2616,White,3 min,blitz,41,Lost,9/12/2018
Aleksey_Sorokin,2718,russianhorse,2594,White,3 min,blitz,29,Won,9/12/2018
Aleksey_Sorokin,2712,mishanick,2868,Black,3 min,blitz,54,Lost,9/9/2018
Aleksey_Sorokin,2717,GrigorGrigorov,2733,Black,3 min,blitz,56,Lost,9/8/2018
Aleksey_Sorokin,2725,QDcoach,2709,Black,3 min,blitz,70,Lost,9/8/2018
Aleksey_Sorokin,2734,robertseo,2646,Black,3 min,blitz,48,Lost,9/8/2018
Aleksey_Sorokin,2744,justantan,2762,Black,3 min,blitz,36,Won,9/8/2018
Aleksey_Sorokin,2735,justantan,2771,White,3 min,blitz,36,Won,9/8/2018
Aleksey_Sorokin,2726,justantan,2780,Black,3 min,blitz,47,Lost,9/8/2018
Aleksey_Sorokin,2733,The_bird_of_peace,2722,White,3 min,blitz,61,Draw,9/8/2018
Aleksey_Sorokin,2733,The_bird_of_peace,2722,Black,3 min,blitz,29,Lost,9/8/2018
Aleksey_Sorokin,2742,The_bird_of_peace,2713,White,3 min,blitz,27,Won,9/8/2018
Aleksey_Sorokin,2734,The_bird_of_peace,2721,Black,3 min,blitz,59,Lost,9/8/2018
Aleksey_Sorokin,2743,Indianlad,2712,Black,3 min,blitz,73,Won,9/8/2018
Aleksey_Sorokin,2735,Indianlad,2720,White,3 min,blitz,38,Lost,9/8/2018
Aleksey_Sorokin,2744,Indianlad,2711,Black,3 min,blitz,101,Draw,9/8/2018
Aleksey_Sorokin,2745,Indianlad,2710,White,3 min,blitz,19,Won,9/8/2018
Aleksey_Sorokin,2737,Indianlad,2718,Black,3 min,blitz,42,Draw,9/8/2018
Aleksey_Sorokin,2737,Indianlad,2718,White,3 min,blitz,63,Won,9/8/2018
Aleksey_Sorokin,2729,vsuri97,2783,Black,3 min,blitz,77,Lost,9/7/2018
Aleksey_Sorokin,2736,IMTominho,2656,White,3 min,blitz,76,Won,9/7/2018
Aleksey_Sorokin,2730,bloodspatterthrill,2630,White,3 min,blitz,39,Lost,9/7/2018
Aleksey_Sorokin,2741,comedy_of_errors,2593,Black,3 min,blitz,54,Won,9/7/2018
Aleksey_Sorokin,2736,mishanick,2876,White,3 min,blitz,48,Lost,9/7/2018
Aleksey_Sorokin,2741,pultineviciuspaulius,2650,Black,3 min,blitz,93,Won,9/7/2018
Aleksey_Sorokin,2735,pultineviciuspaulius,2656,White,3 min,blitz,37,Won,9/7/2018
Aleksey_Sorokin,2729,pultineviciuspaulius,2662,Black,3 min,blitz,57,Lost,9/7/2018
Aleksey_Sorokin,2739,Radzio1987,2760,Black,3 min,blitz,64,Lost,9/7/2018
Aleksey_Sorokin,2747,Radzio1987,2752,White,3 min,blitz,48,Won,9/7/2018
Aleksey_Sorokin,2738,Radzio1987,2761,Black,3 min,blitz,41,Won,9/7/2018
Aleksey_Sorokin,2729,Tapuah,2754,White,3 min,blitz,58,Won,9/5/2018
Aleksey_Sorokin,2720,Nakachuk,2671,Black,3 min,blitz,55,Lost,9/5/2018
Aleksey_Sorokin,2730,Nakachuk,2661,White,3 min,blitz,39,Won,9/5/2018
Aleksey_Sorokin,2723,Pavel_Korolyov,2606,Black,3 min,blitz,44,Lost,9/5/2018
Aleksey_Sorokin,2734,Tapuah,2773,Black,3 min,blitz,28,Lost,9/5/2018
Aleksey_Sorokin,2741,Tapuah,2766,White,3 min,blitz,40,Won,9/5/2018
Aleksey_Sorokin,2732,Kingh_77,2612,Black,3 min,blitz,42,Won,9/5/2018
Aleksey_Sorokin,2726,Kingh_77,2606,White,3 min,blitz,76,Draw,9/5/2018
Aleksey_Sorokin,2729,Kingh_77,2603,Black,3 min,blitz,46,Won,9/5/2018
Aleksey_Sorokin,2724,WuchereriaBancroft,2820,White,3 min,blitz,33,Won,9/5/2018
Aleksey_Sorokin,2713,Nigmatov,2624,White,3 min,blitz,53,Draw,9/5/2018
Aleksey_Sorokin,2715,Nigmatov,2622,Black,3 min,blitz,30,Draw,9/5/2018
Aleksey_Sorokin,2717,Nigmatov,2620,White,3 min,blitz,21,Won,9/5/2018
Aleksey_Sorokin,2711,Nigmatov,2626,Black,3 min,blitz,42,Lost,9/5/2018
Aleksey_Sorokin,2721,Nigmatov,2616,White,3 min,blitz,39,Won,9/5/2018
Aleksey_Sorokin,2715,Nigmatov,2622,Black,3 min,blitz,60,Lost,9/5/2018