player,player_rating,opponent,opponent_rating,side,time_control,time_category,moves,result,date
Aleksey_Sorokin,2647,GMG,2694,White,3 min,blitz,42,Lost,1/31/2019
Aleksey_Sorokin,2654,GMG,2687,Black,3 min,blitz,55,Won,1/31/2019
Aleksey_Sorokin,2645,JonahWillow,2592,Black,3 min,blitz,57,Lost,1/29/2019
Aleksey_Sorokin,2655,TeamGlud,2592,White,3 min,blitz,57,Draw,1/29/2019
Aleksey_Sorokin,2657,Paparama_1917,2530,White,3 min,blitz,54,Draw,1/28/2019
Aleksey_Sorokin,2660,Joshukid,2628,Black,3 min,blitz,49,Draw,1/27/2019
Aleksey_Sorokin,2661,Muradore,2665,Black,3 min,blitz,38,Lost,1/27/2019
Aleksey_Sorokin,2669,Muradore,2657,White,3 min,blitz,58,Draw,1/27/2019
Aleksey_Sorokin,2669,TiltedLikeMe,2672,Black,3 min,blitz,41,Won,1/27/2019
Aleksey_Sorokin,2661,Verbekker,2541,Black,3 min,blitz,53,Won,1/27/2019
Aleksey_Sorokin,2655,larso,2638,Black,3 min,blitz,28,Won,1/27/2019
Aleksey_Sorokin,2647,mufiks,2575,White,3 min,blitz,55,Lost,1/27/2019
Aleksey_Sorokin,2657,MadDog94,2563,Black,3 min,blitz,66,Draw,1/27/2019
Aleksey_Sorokin,2659,burbur555,2572,Black,3 min,blitz,59,Draw,1/27/2019
Aleksey_Sorokin,2661,dmitrytatarinov,2613,White,3 min,blitz,67,Lost,1/26/2019
Aleksey_Sorokin,2671,Mischuk_D,2645,White,3 min,blitz,55,Won,1/26/2019
Aleksey_Sorokin,2656,TheCount,2614,White,3 min,blitz,54,Lost,1/26/2019
Aleksey_Sorokin,2665,TheCount,2605,Black,3 min,blitz,59,Lost,1/26/2019
Aleksey_Sorokin,2675,TheCount,2595,White,3 min,blitz,24,Won,1/26/2019
Aleksey_Sorokin,2669,asiancheckmate,2622,Black,3 min,blitz,27,Lost,1/26/2019
Aleksey_Sorokin,2679,Elgatillo7,2695,White,3 min,blitz,49,Lost,1/26/2019
Aleksey_Sorokin,2687,sevketpakel,2651,Black,3 min,blitz,36,Won,1/26/2019
Aleksey_Sorokin,2680,Vrolijk,2818,White,3 min,blitz,20,Lost,1/26/2019
Aleksey_Sorokin,2676,IMxzh,2759,Black,3 min,blitz,55,Lost,1/25/2019
Aleksey_Sorokin,2682,oddtheory,2744,Black,3 min,blitz,49,Lost,1/25/2019
Aleksey_Sorokin,2689,GMChessStar,2682,White,3 min,blitz,21,Lost,1/25/2019
Aleksey_Sorokin,2698,IMxzh,2730,White,3 min,blitz,29,Lost,1/25/2019
Aleksey_Sorokin,2706,tarquilnius,2527,Black,3 min,blitz,28,Won,1/24/2019
Aleksey_Sorokin,2702,OliverKromvel,2653,Black,3 min,blitz,20,Won,1/24/2019
Aleksey_Sorokin,2695,Erik_Obgolts,2669,White,3 min,blitz,32,Won,1/24/2019
Aleksey_Sorokin,2687,WhiteDemoN,2536,White,3 min,blitz,37,Won,1/24/2019
Aleksey_Sorokin,2682,mattin2806,2565,Black,3 min,blitz,55,Won,1/24/2019
Aleksey_Sorokin,2676,Lanshou,2580,Black,3 min,blitz,82,Draw,1/24/2019
Aleksey_Sorokin,2678,Divertissement,2631,White,3 min,blitz,74,Lost,1/20/2019
Aleksey_Sorokin,2687,Dyrewolf,2598,Black,3 min,blitz,50,Won,1/19/2019
Aleksey_Sorokin,2681,Dyrewolf,2604,White,3 min,blitz,72,Draw,1/19/2019
Aleksey_Sorokin,2683,Alexander_Khlebovich,2664,Black,3 min,blitz,15,Won,1/19/2019
Aleksey_Sorokin,2675,Doraemon7,2561,Black,3 min,blitz,42,Won,1/19/2019
Aleksey_Sorokin,2669,Doraemon7,2567,White,3 min,blitz,29,Won,1/19/2019
Aleksey_Sorokin,2663,Doraemon7,2573,Black,3 min,blitz,12,Won,1/19/2019
Aleksey_Sorokin,2657,Obito24,2671,White,3 min,blitz,66,Lost,1/18/2019
Aleksey_Sorokin,2665,maciek_92,2711,White,3 min,blitz,63,Lost,1/18/2019
Aleksey_Sorokin,2672,VSanduleac,2601,Black,3 min,blitz,25,Lost,1/18/2019
Aleksey_Sorokin,2682,Alex_32167,2739,Black,3 min,blitz,42,Lost,1/18/2019
Aleksey_Sorokin,2689,leonardodavid83,2581,White,3 min,blitz,26,Lost,1/18/2019
Aleksey_Sorokin,2700,Noukii,2812,Black,3 min,blitz,68,Lost,1/17/2019
Aleksey_Sorokin,2706,Noukii,2806,White,3 min,blitz,41,Won,1/17/2019
Aleksey_Sorokin,2695,Judas_Priest,2637,White,3 min,blitz,56,Won,1/17/2019
Aleksey_Sorokin,2688,David_Paravyan,2804,White,3 min,blitz,24,Lost,1/17/2019
Aleksey_Sorokin,2694,David_Paravyan,2798,Black,3 min,blitz,22,Lost,1/17/2019