player,player_rating,opponent,opponent_rating,side,time_control,time_category,moves,result,date
Aleksey_Sorokin,2726,Nigmatov,2611,White,3 min,blitz,45,Won,9/5/2018
Aleksey_Sorokin,2720,yildirim2018,2619,White,3 min,blitz,59,Lost,9/2/2018
Aleksey_Sorokin,2731,Keranke,2741,Black,3 min,blitz,34,Lost,9/2/2018
Aleksey_Sorokin,2739,Stouuf,2613,Black,3 min,blitz,66,Lost,9/2/2018
Aleksey_Sorokin,2750,Keranke,2725,White,3 min,blitz,72,Won,9/2/2018
Aleksey_Sorokin,2742,theredking89,2723,Black,3 min,blitz,59,Lost,9/2/2018
Aleksey_Sorokin,2751,manudavid,2633,White,3 min,blitz,34,Won,9/2/2018
Aleksey_Sorokin,2745,Arystanner23,2678,White,3 min,blitz,54,Draw,9/2/2018
Aleksey_Sorokin,2747,Arystanner23,2676,Black,3 min,blitz,79,Draw,9/2/2018
Aleksey_Sorokin,2749,Arystanner23,2674,White,3 min,blitz,82,Won,9/2/2018
Aleksey_Sorokin,2742,Keranke,2734,Black,3 min,blitz,27,Won,9/2/2018
Aleksey_Sorokin,2734,leos01,2644,White,3 min,blitz,56,Lost,9/2/2018
Aleksey_Sorokin,2744,leos01,2634,Black,3 min,blitz,47,Draw,9/2/2018
Aleksey_Sorokin,2747,leos01,2631,White,3 min,blitz,33,Won,9/2/2018
Aleksey_Sorokin,2741,leos01,2637,Black,3 min,blitz,44,Won,9/2/2018
Aleksey_Sorokin,2735,leos01,2643,White,3 min,blitz,33,Won,9/2/2018
Aleksey_Sorokin,2729,leos01,2649,Black,3 min,blitz,45,Lost,9/2/2018
Aleksey_Sorokin,2739,Dhaydon19,2601,White,3 min,blitz,15,Won,9/2/2018
Aleksey_Sorokin,2734,Dhaydon19,2606,Black,3 min,blitz,53,Won,9/2/2018
Aleksey_Sorokin,2729,Dhaydon19,2611,White,3 min,blitz,57,Won,9/2/2018
Aleksey_Sorokin,2723,Dhaydon19,2617,Black,3 min,blitz,40,Lost,9/2/2018
Aleksey_Sorokin,2734,Dhaydon19,2606,White,3 min,blitz,15,Won,9/2/2018
Aleksey_Sorokin,2729,Dhaydon19,2611,Black,3 min,blitz,37,Won,9/2/2018
Aleksey_Sorokin,2723,Dhaydon19,2617,White,3 min,blitz,44,Won,9/2/2018
Aleksey_Sorokin,2697,ProfImed,2632,Black,3 min,blitz,43,Lost,8/31/2018
Aleksey_Sorokin,2707,ProfImed,2622,White,3 min,blitz,55,Lost,8/31/2018
Aleksey_Sorokin,2717,Tapuah,2773,Black,3 min,blitz,37,Won,8/31/2018
Aleksey_Sorokin,2707,ayanakhmetov,2656,Black,3 min,blitz,56,Lost,8/31/2018
Aleksey_Sorokin,2717,whyme85,2523,Black,3 min,blitz,26,Won,8/31/2018
Aleksey_Sorokin,2713,ArnaudovP,2619,Black,3 min,blitz,57,Draw,8/31/2018
Aleksey_Sorokin,2715,ArnaudovP,2617,White,3 min,blitz,11,Won,8/31/2018
Aleksey_Sorokin,2709,ArnaudovP,2623,Black,3 min,blitz,54,Lost,8/31/2018
Aleksey_Sorokin,2719,ArnaudovP,2613,White,3 min,blitz,30,Won,8/31/2018
Aleksey_Sorokin,2713,ArnaudovP,2619,Black,3 min,blitz,22,Won,8/31/2018
Aleksey_Sorokin,2707,ArnaudovP,2625,White,3 min,blitz,62,Won,8/31/2018
Aleksey_Sorokin,2701,Msb2,2826,White,3 min,blitz,40,Lost,8/31/2018
Aleksey_Sorokin,2706,mmmflatbread,2647,Black,3 min,blitz,53,Won,8/31/2018
Aleksey_Sorokin,2699,Alex_32167,2576,White,3 min,blitz,33,Won,8/31/2018
Aleksey_Sorokin,2694,Gareth-Bale11,2561,White,3 min,blitz,38,Won,8/31/2018
Aleksey_Sorokin,2689,Lebron1111111,2579,Black,3 min,blitz,36,Won,8/31/2018
Aleksey_Sorokin,2683,Lebron1111111,2585,White,3 min,blitz,34,Won,8/31/2018
Aleksey_Sorokin,2677,ayanakhmetov,2638,White,3 min,blitz,31,Lost,8/31/2018
Aleksey_Sorokin,2686,s7mple,2647,Black,3 min,blitz,47,Lost,8/31/2018
Aleksey_Sorokin,2695,Zivano,2721,White,3 min,blitz,42,Lost,8/31/2018
Aleksey_Sorokin,2703,Zivano,2713,Black,3 min,blitz,37,Lost,8/31/2018
Aleksey_Sorokin,2711,Zivano,2705,White,3 min,blitz,21,Won,8/31/2018
Aleksey_Sorokin,2703,Zivano,2713,Black,3 min,blitz,17,Won,8/31/2018
Aleksey_Sorokin,2694,Tapuah,2786,White,3 min,blitz,32,Won,8/31/2018
Aleksey_Sorokin,2683,Tapuah,2797,Black,3 min,blitz,30,Draw,8/31/2018
Aleksey_Sorokin,2680,johnathan113,2597,White,3 min,blitz,61,Draw,8/31/2018