player,player_rating,opponent,opponent_rating,side,time_control,time_category,moves,result,date
Aleksey_Sorokin,2684,SONOFHOLYGOD,2544,Black,3 min,blitz,54,Won,10/9/2018
Aleksey_Sorokin,2679,SONOFHOLYGOD,2549,White,3 min,blitz,46,Won,10/9/2018
Aleksey_Sorokin,2674,SONOFHOLYGOD,2554,Black,3 min,blitz,85,Lost,10/9/2018
Aleksey_Sorokin,2685,Guriempire,2536,White,3 min,blitz,30,Lost,10/9/2018
Aleksey_Sorokin,2697,Guriempire,2524,Black,3 min,blitz,34,Won,10/9/2018
Aleksey_Sorokin,2692,Unicorn_Love,2614,White,3 min,blitz,25,Won,10/9/2018
Aleksey_Sorokin,2685,Unicorn_Love,2621,Black,3 min,blitz,54,Won,10/9/2018
Aleksey_Sorokin,2678,Leonid_Starozhilov,2559,White,3 min,blitz,12,Lost,10/7/2018
Aleksey_Sorokin,2689,whyme85,2508,White,3 min,blitz,26,Won,10/7/2018
Aleksey_Sorokin,2685,0zan0zdemir,2575,White,3 min,blitz,24,Lost,10/7/2018
Aleksey_Sorokin,2696,0zan0zdemir,2564,Black,3 min,blitz,22,Won,10/7/2018
Aleksey_Sorokin,2691,0zan0zdemir,2569,White,3 min,blitz,69,Lost,10/7/2018
Aleksey_Sorokin,2702,ProfesseurImed,2758,White,3 min,blitz,16,Draw,10/7/2018
Aleksey_Sorokin,2701,ProfesseurImed,2759,Black,3 min,blitz,20,Lost,10/7/2018
Aleksey_Sorokin,2708,Gazi92,2578,White,3 min,blitz,22,Lost,10/6/2018
Aleksey_Sorokin,2719,Gazi92,2567,Black,3 min,blitz,44,Won,10/6/2018
Aleksey_Sorokin,2714,Leon-Livaic,2666,Black,3 min,blitz,28,Lost,10/6/2018
Aleksey_Sorokin,2723,Leon-Livaic,2657,White,3 min,blitz,74,Lost,10/6/2018
Aleksey_Sorokin,2733,AlexBattey,2679,Black,3 min,blitz,64,Draw,10/5/2018
Aleksey_Sorokin,2734,Noukii,2712,Black,3 min,blitz,36,Won,10/5/2018
Aleksey_Sorokin,2726,Noukii,2720,White,3 min,blitz,11,Lost,10/5/2018
Aleksey_Sorokin,2735,Noukii,2711,Black,3 min,blitz,27,Lost,10/5/2018
Aleksey_Sorokin,2744,Noukii,2702,White,3 min,blitz,19,Lost,10/5/2018
Aleksey_Sorokin,2753,Noukii,2693,Black,3 min,blitz,30,Lost,10/5/2018
Aleksey_Sorokin,2763,Noukii,2683,White,3 min,blitz,72,Won,10/5/2018
Aleksey_Sorokin,2756,Noukii,2690,Black,3 min,blitz,60,Won,10/5/2018
Aleksey_Sorokin,2749,Noukii,2697,White,3 min,blitz,46,Lost,10/5/2018
Aleksey_Sorokin,2757,Gazi92,2603,White,3 min,blitz,23,Lost,10/1/2018
Aleksey_Sorokin,2769,Bryakin_Mikhail,2665,Black,3 min,blitz,43,Won,10/1/2018
Aleksey_Sorokin,2763,Bryakin_Mikhail,2671,White,3 min,blitz,72,Won,10/1/2018
Aleksey_Sorokin,2757,Bryakin_Mikhail,2677,Black,3 min,blitz,23,Won,10/1/2018
Aleksey_Sorokin,2742,caspiwins,2594,Black,3 min,blitz,50,Lost,9/30/2018
Aleksey_Sorokin,2754,caspiwins,2582,White,3 min,blitz,41,Won,9/30/2018
Aleksey_Sorokin,2749,Ustat,2581,White,3 min,blitz,21,Won,9/30/2018
Aleksey_Sorokin,2744,JeremyZazuki,2733,White,3 min,blitz,44,Lost,9/30/2018
Aleksey_Sorokin,2753,bascheyaro,2701,White,3 min,blitz,29,Lost,9/30/2018
Aleksey_Sorokin,2763,bascheyaro,2691,Black,3 min,blitz,62,Lost,9/30/2018
Aleksey_Sorokin,2773,bascheyaro,2681,White,3 min,blitz,61,Won,9/30/2018
Aleksey_Sorokin,2767,bascheyaro,2687,Black,3 min,blitz,46,Lost,9/30/2018
Aleksey_Sorokin,2777,bascheyaro,2677,White,3 min,blitz,35,Won,9/30/2018
Aleksey_Sorokin,2771,Ustat,2564,Black,3 min,blitz,52,Won,9/30/2018
Aleksey_Sorokin,2767,Ustat,2568,White,3 min,blitz,18,Won,9/30/2018
Aleksey_Sorokin,2763,BilodeauA,2888,White,3 min,blitz,36,Lost,9/30/2018
Aleksey_Sorokin,2768,PoorLittleGreenie,2701,Black,3 min,blitz,21,Lost,9/30/2018
Aleksey_Sorokin,2778,Gvalch,2615,Black,3 min,blitz,32,Won,9/30/2018
Aleksey_Sorokin,2773,Gvalch,2620,White,3 min,blitz,38,Won,9/30/2018
Aleksey_Sorokin,2768,Gvalch,2625,Black,3 min,blitz,64,Draw,9/30/2018
Aleksey_Sorokin,2771,mishanick,2818,Black,3 min,blitz,67,Lost,9/30/2018
Aleksey_Sorokin,2778,mishanick,2811,White,3 min,blitz,43,Won,9/30/2018
Aleksey_Sorokin,2769,mishanick,2820,Black,3 min,blitz,47,Lost,9/30/2018