player,player_rating,opponent,opponent_rating,side,time_control,time_category,moves,result,date
Aleksey_Sorokin,2641,SomePatzer,2605,White,1 min,bullet,36,Won,8/31/2017
Aleksey_Sorokin,2633,SomePatzer,2613,Black,1 min,bullet,27,Lost,8/31/2017
Aleksey_Sorokin,2642,criistiianzapata,2557,Black,1 min,bullet,53,Won,8/31/2017
Aleksey_Sorokin,2636,criistiianzapata,2563,White,1 min,bullet,49,Lost,8/31/2017
Aleksey_Sorokin,2646,criistiianzapata,2553,Black,1 min,bullet,52,Won,8/31/2017
Aleksey_Sorokin,2640,criistiianzapata,2559,White,1 min,bullet,62,Lost,8/31/2017
Aleksey_Sorokin,2650,criistiianzapata,2549,Black,1 min,bullet,55,Draw,8/31/2017
Aleksey_Sorokin,2652,criistiianzapata,2547,White,1 min,bullet,40,Won,8/31/2017
Aleksey_Sorokin,2646,criistiianzapata,2553,Black,1 min,bullet,64,Won,8/31/2017
Aleksey_Sorokin,2640,criistiianzapata,2559,White,1 min,bullet,51,Lost,8/31/2017
Aleksey_Sorokin,2650,criistiianzapata,2549,Black,1 min,bullet,32,Lost,8/31/2017
Aleksey_Sorokin,2661,criistiianzapata,2538,White,1 min,bullet,36,Won,8/31/2017
Aleksey_Sorokin,2655,criistiianzapata,2544,Black,1 min,bullet,6,Won,8/31/2017
Aleksey_Sorokin,2649,criistiianzapata,2550,White,1 min,bullet,43,Won,8/31/2017
Aleksey_Sorokin,2643,criistiianzapata,2556,Black,1 min,bullet,23,Lost,8/31/2017
Aleksey_Sorokin,2653,criistiianzapata,2546,White,1 min,bullet,37,Won,8/31/2017
Aleksey_Sorokin,2647,criistiianzapata,2552,Black,1 min,bullet,50,Won,8/31/2017
Aleksey_Sorokin,2641,IamSchrodingersCat,2525,White,1 min,bullet,27,Won,8/31/2017
Aleksey_Sorokin,2635,IamSchrodingersCat,2531,Black,1 min,bullet,25,Lost,8/31/2017
Aleksey_Sorokin,2646,Alexandr_Ulanov,2606,White,1 min,bullet,49,Won,8/31/2017
Aleksey_Sorokin,2639,Alexandr_Ulanov,2613,Black,1 min,bullet,49,Draw,8/31/2017
Aleksey_Sorokin,2640,Alexandr_Ulanov,2612,White,1 min,bullet,66,Draw,8/31/2017
Aleksey_Sorokin,2641,pultineviciuspaulius,2496,Black,1 min,bullet,63,Draw,8/31/2017
Aleksey_Sorokin,2644,pultineviciuspaulius,2493,White,1 min,bullet,74,Draw,8/31/2017
Aleksey_Sorokin,2647,pultineviciuspaulius,2490,Black,1 min,bullet,44,Won,8/31/2017
Aleksey_Sorokin,2642,pultineviciuspaulius,2495,White,1 min,bullet,38,Won,8/31/2017
Aleksey_Sorokin,2637,SomePatzer,2604,White,1 min,bullet,49,Won,8/31/2017
Aleksey_Sorokin,2629,pultineviciuspaulius,2493,Black,1 min,bullet,23,Won,8/31/2017
Aleksey_Sorokin,2624,pultineviciuspaulius,2498,White,1 min,bullet,46,Won,8/31/2017
Aleksey_Sorokin,2619,pultineviciuspaulius,2503,Black,1 min,bullet,44,Won,8/31/2017
Aleksey_Sorokin,2613,pultineviciuspaulius,2509,White,1 min,bullet,18,Won,8/31/2017
Aleksey_Sorokin,2607,pultineviciuspaulius,2515,Black,1 min,bullet,47,Won,8/31/2017
Aleksey_Sorokin,2601,pultineviciuspaulius,2521,White,1 min,bullet,34,Lost,8/31/2017
Aleksey_Sorokin,2611,Toyota_Land_Cruiser,2614,Black,1 min,bullet,54,Lost,8/31/2017
Aleksey_Sorokin,2619,Toyota_Land_Cruiser,2606,White,1 min,bullet,33,Won,8/31/2017
Aleksey_Sorokin,2611,Toyota_Land_Cruiser,2614,Black,1 min,bullet,61,Lost,8/31/2017
Aleksey_Sorokin,2619,Toyota_Land_Cruiser,2606,White,1 min,bullet,29,Won,8/31/2017
Aleksey_Sorokin,2611,SomePatzer,2612,Black,1 min,bullet,73,Won,8/31/2017
Aleksey_Sorokin,2603,SomePatzer,2620,White,1 min,bullet,42,Won,8/31/2017
Aleksey_Sorokin,2594,SomePatzer,2629,Black,1 min,bullet,80,Lost,8/31/2017
Aleksey_Sorokin,2602,Rekcul,2641,Black,1 min,bullet,46,Won,8/31/2017
Aleksey_Sorokin,2592,Kirill_Klyukin,2560,Black,1 min,bullet,51,Lost,8/31/2017
Aleksey_Sorokin,2601,Kirill_Klyukin,2551,White,1 min,bullet,80,Won,8/31/2017
Aleksey_Sorokin,2594,SomePatzer,2621,White,1 min,bullet,61,Won,8/31/2017
Aleksey_Sorokin,2585,Andreikka,2664,White,1 min,bullet,43,Lost,8/30/2017
Aleksey_Sorokin,2592,Niclox,2582,Black,1 min,bullet,12,Won,8/30/2017
Aleksey_Sorokin,2584,GMGokuSSJ3,2691,Black,1 min,bullet,36,Lost,8/29/2017
Aleksey_Sorokin,2590,GMGokuSSJ3,2676,White,1 min,bullet,16,Lost,8/29/2017
Aleksey_Sorokin,2597,pultineviciuspaulius,2596,Black,1 min,bullet,68,Lost,8/29/2017
Aleksey_Sorokin,2605,pultineviciuspaulius,2588,White,1 min,bullet,67,Lost,8/29/2017