player,player_rating,opponent,opponent_rating,side,time_control,time_category,moves,result,date
Aleksey_Sorokin,2734,UltraLordSpangeBob,2755,White,3 min,blitz,49,Lost,4/11/2019
Aleksey_Sorokin,2742,jk13,2686,Black,3 min,blitz,45,Lost,4/11/2019
Aleksey_Sorokin,2752,English_Chess,2637,White,3 min,blitz,31,Lost,4/10/2019
Aleksey_Sorokin,2763,OparinGrigoriy,2949,Black,3 min,blitz,38,Lost,4/9/2019
Aleksey_Sorokin,2767,GHANDEEVAM2003,2880,White,3 min,blitz,44,Lost,4/9/2019
Aleksey_Sorokin,2773,GHANDEEVAM2003,2874,Black,3 min,blitz,37,Won,4/9/2019
Aleksey_Sorokin,2762,beatles_22,2648,Black,3 min,blitz,39,Draw,4/9/2019
Aleksey_Sorokin,2765,beatles_22,2645,White,3 min,blitz,28,Won,4/9/2019
Aleksey_Sorokin,2759,Adham_Fawzy,2748,Black,3 min,blitz,52,Won,4/8/2019
Aleksey_Sorokin,2751,Adham_Fawzy,2756,White,3 min,blitz,45,Won,4/8/2019
Aleksey_Sorokin,2742,Bryakin_Mikhail,2694,White,3 min,blitz,24,Won,4/8/2019
Aleksey_Sorokin,2735,LikeWater,2680,Black,3 min,blitz,45,Lost,4/8/2019
Aleksey_Sorokin,2745,Black-Flash,2664,Black,3 min,blitz,87,Won,4/8/2019
Aleksey_Sorokin,2739,Black-Flash,2670,White,3 min,blitz,52,Won,4/8/2019
Aleksey_Sorokin,2732,Black-Flash,2677,Black,3 min,blitz,54,Won,4/8/2019
Aleksey_Sorokin,2725,want2lose,2737,White,3 min,blitz,68,Lost,4/7/2019
Aleksey_Sorokin,2733,DevInProd,2784,White,3 min,blitz,32,Won,4/7/2019
Aleksey_Sorokin,2723,SONOFHOLYGOD,2659,Black,3 min,blitz,66,Lost,4/6/2019
Aleksey_Sorokin,2733,SONOFHOLYGOD,2649,White,3 min,blitz,66,Lost,4/6/2019
Aleksey_Sorokin,2743,Bryakin_Mikhail,2742,Black,3 min,blitz,54,Lost,4/5/2019
Aleksey_Sorokin,2751,12teen,2677,White,3 min,blitz,62,Lost,4/5/2019
Aleksey_Sorokin,2761,rovokopac,2593,White,3 min,blitz,31,Won,4/5/2019
Aleksey_Sorokin,2756,rovokopac,2598,Black,3 min,blitz,30,Won,4/5/2019
Aleksey_Sorokin,2751,StanislavNovikov,2670,Black,3 min,blitz,36,Draw,4/5/2019
Aleksey_Sorokin,2753,GadimbayliA,2835,Black,3 min,blitz,46,Lost,4/5/2019
Aleksey_Sorokin,2759,Cruel_Yaro,2723,White,3 min,blitz,31,Lost,4/4/2019
Aleksey_Sorokin,2768,Cruel_Yaro,2714,Black,3 min,blitz,47,Lost,4/4/2019
Aleksey_Sorokin,2778,Alexander_Donchenko,2842,White,3 min,blitz,57,Draw,4/4/2019
Aleksey_Sorokin,2777,Farrukh_Amonatov,2769,Black,3 min,blitz,37,Won,4/4/2019
Aleksey_Sorokin,2769,Jospem,2773,White,3 min,blitz,38,Lost,4/3/2019
Aleksey_Sorokin,2777,Jospem,2765,Black,3 min,blitz,38,Won,4/3/2019
Aleksey_Sorokin,2769,Jospem,2764,White,3 min,blitz,71,Lost,4/3/2019
Aleksey_Sorokin,2777,littleplotkin,2713,Black,3 min,blitz,24,Won,4/3/2019
Aleksey_Sorokin,2770,irregularity,2637,White,3 min,blitz,29,Won,4/3/2019
Aleksey_Sorokin,2765,c63_amg,2737,Black,3 min,blitz,41,Lost,4/3/2019
Aleksey_Sorokin,2774,TMTor,2802,White,3 min,blitz,39,Lost,4/2/2019
Aleksey_Sorokin,2782,Artooooo,2748,Black,3 min,blitz,62,Draw,4/2/2019
Aleksey_Sorokin,2783,Artooooo,2747,White,3 min,blitz,78,Won,4/2/2019
Aleksey_Sorokin,2776,GnowReopard,2784,Black,3 min,blitz,60,Lost,4/2/2019
Aleksey_Sorokin,2784,beatles_22,2628,Black,3 min,blitz,34,Draw,4/1/2019
Aleksey_Sorokin,2787,Wizard456,2838,Black,3 min,blitz,43,Lost,4/1/2019
Aleksey_Sorokin,2794,Wizard456,2831,White,3 min,blitz,35,Draw,4/1/2019
Aleksey_Sorokin,2793,hurricane7791,2726,White,3 min,blitz,60,Won,4/1/2019
Aleksey_Sorokin,2786,hurricane7791,2725,Black,3 min,blitz,27,Won,4/1/2019
Aleksey_Sorokin,2779,leos01,2663,Black,3 min,blitz,49,Draw,4/1/2019
Aleksey_Sorokin,2782,leos01,2660,White,3 min,blitz,12,Won,4/1/2019
Aleksey_Sorokin,2776,leos01,2666,Black,3 min,blitz,30,Draw,4/1/2019
Aleksey_Sorokin,2779,Mesutgm,2608,White,3 min,blitz,52,Draw,4/1/2019
Aleksey_Sorokin,2783,Mesutgm,2604,Black,3 min,blitz,28,Won,4/1/2019
Aleksey_Sorokin,2779,LikeWater,2635,White,3 min,blitz,32,Won,4/1/2019