player,player_rating,opponent,opponent_rating,side,time_control,time_category,moves,result,date
Aleksey_Sorokin,2798,Rain_Delay,2751,White,3 min,blitz,31,Won,12/22/2018
Aleksey_Sorokin,2791,Rain_Delay,2758,Black,3 min,blitz,37,Draw,12/22/2018
Aleksey_Sorokin,2792,Aryangholami,2744,Black,3 min,blitz,54,Lost,12/22/2018
Aleksey_Sorokin,2801,Aryangholami,2735,White,3 min,blitz,28,Lost,12/22/2018
Aleksey_Sorokin,2811,HasekJr,2779,Black,3 min,blitz,63,Lost,12/21/2018
Aleksey_Sorokin,2820,gmgamil,2734,White,3 min,blitz,43,Draw,12/21/2018
Aleksey_Sorokin,2822,Kingh_77,2661,Black,3 min,blitz,37,Won,12/21/2018
Aleksey_Sorokin,2817,Timerkhanov,2673,White,3 min,blitz,38,Won,12/21/2018
Aleksey_Sorokin,2812,Timerkhanov,2678,Black,3 min,blitz,35,Won,12/21/2018
Aleksey_Sorokin,2807,Timerkhanov,2683,White,3 min,blitz,40,Won,12/21/2018
Aleksey_Sorokin,2801,KardashevskiyEvgeny,2622,White,3 min,blitz,48,Won,12/21/2018
Aleksey_Sorokin,2797,KardashevskiyEvgeny,2626,Black,3 min,blitz,62,Draw,12/21/2018
Aleksey_Sorokin,2801,Dilemma71,2630,Black,3 min,blitz,37,Won,12/21/2018
Aleksey_Sorokin,2796,goldenman79,2635,Black,3 min,blitz,88,Lost,12/21/2018
Aleksey_Sorokin,2808,QDcoach,2803,White,3 min,blitz,48,Lost,12/21/2018
Aleksey_Sorokin,2817,OliverKromvel,2662,White,3 min,blitz,65,Won,12/21/2018
Aleksey_Sorokin,2812,RussianChessCoach,2606,White,3 min,blitz,47,Won,12/21/2018
Aleksey_Sorokin,2808,ahmadzada13,2816,Black,3 min,blitz,27,Won,12/21/2018
Aleksey_Sorokin,2799,Rainmond,2779,White,3 min,blitz,65,Lost,12/21/2018
Aleksey_Sorokin,2808,Rainmond,2770,Black,3 min,blitz,75,Won,12/21/2018
Aleksey_Sorokin,2801,Rainmond,2777,White,3 min,blitz,29,Won,12/21/2018
Aleksey_Sorokin,2793,Rainmond,2785,Black,3 min,blitz,40,Won,12/21/2018
Aleksey_Sorokin,2785,honestgirl,2847,White,3 min,blitz,56,Won,12/21/2018
Aleksey_Sorokin,2775,BocharovD,2791,White,3 min,blitz,60,Lost,12/21/2018
Aleksey_Sorokin,2783,nrvisakh,2664,White,3 min,blitz,87,Draw,12/21/2018
Aleksey_Sorokin,2786,pranav_vip,2603,Black,3 min,blitz,58,Won,12/21/2018
Aleksey_Sorokin,2782,DrNykterstein2,2694,Black,3 min,blitz,51,Lost,12/18/2018
Aleksey_Sorokin,2793,Msb2,2772,Black,3 min,blitz,71,Lost,12/18/2018
Aleksey_Sorokin,2802,bubacik,2677,White,3 min,blitz,66,Draw,12/18/2018
Aleksey_Sorokin,2805,bubacik,2674,Black,3 min,blitz,12,Draw,12/18/2018
Aleksey_Sorokin,2808,bubacik,2671,White,3 min,blitz,24,Won,12/18/2018
Aleksey_Sorokin,2803,OliverKromvel,2659,Black,3 min,blitz,41,Won,12/16/2018
Aleksey_Sorokin,2798,transponster,2751,White,3 min,blitz,58,Draw,12/16/2018
Aleksey_Sorokin,2799,transponster,2750,Black,3 min,blitz,85,Won,12/16/2018
Aleksey_Sorokin,2792,Artur_Avalyan03,2669,Black,3 min,blitz,81,Won,12/14/2018
Aleksey_Sorokin,2787,Artur_Avalyan03,2674,White,3 min,blitz,42,Won,12/14/2018
Aleksey_Sorokin,2781,joppie2,2699,White,3 min,blitz,39,Won,12/14/2018
Aleksey_Sorokin,2775,HasekJr,2662,White,3 min,blitz,32,Won,12/14/2018
Aleksey_Sorokin,2769,GMKotsur,2633,White,3 min,blitz,54,Won,12/14/2018
Aleksey_Sorokin,2764,GMKotsur,2638,Black,3 min,blitz,33,Won,12/14/2018
Aleksey_Sorokin,2759,GrigorGrigorov,2749,Black,3 min,blitz,32,Won,12/14/2018
Aleksey_Sorokin,2751,Barbix1,2647,Black,3 min,blitz,25,Lost,12/14/2018
Aleksey_Sorokin,2762,LifeIsGoingOn,2724,White,3 min,blitz,29,Lost,12/13/2018
Aleksey_Sorokin,2771,LifeIsGoingOn,2715,Black,3 min,blitz,52,Won,12/13/2018
Aleksey_Sorokin,2764,LifeIsGoingOn,2722,White,3 min,blitz,64,Won,12/13/2018
Aleksey_Sorokin,2757,YOAJM,2623,Black,3 min,blitz,76,Won,12/13/2018
Aleksey_Sorokin,2752,michaelq2d5,2803,Black,3 min,blitz,20,Lost,12/13/2018
Aleksey_Sorokin,2759,justmig,2650,White,3 min,blitz,30,Won,12/13/2018
Aleksey_Sorokin,2753,justmig,2656,Black,3 min,blitz,70,Draw,12/13/2018
Aleksey_Sorokin,2755,Kiborg95,2674,Black,3 min,blitz,42,Won,12/13/2018