player,player_rating,opponent,opponent_rating,side,time_control,time_category,moves,result,date
Aleksey_Sorokin,2722,mukhin1,2700,Black,1 min,bullet,31,Lost,11/4/2017
Aleksey_Sorokin,2731,mukhin1,2691,White,1 min,bullet,69,Won,11/4/2017
Aleksey_Sorokin,2724,mukhin1,2698,Black,1 min,bullet,14,Lost,11/4/2017
Aleksey_Sorokin,2733,mukhin1,2689,White,1 min,bullet,68,Won,11/4/2017
Aleksey_Sorokin,2726,mukhin1,2696,Black,1 min,bullet,64,Lost,11/4/2017
Aleksey_Sorokin,2735,mukhin1,2687,White,1 min,bullet,73,Lost,11/4/2017
Aleksey_Sorokin,2744,mukhin1,2678,Black,1 min,bullet,76,Won,11/4/2017
Aleksey_Sorokin,2737,mukhin1,2685,White,1 min,bullet,59,Lost,11/4/2017
Aleksey_Sorokin,2747,mukhin1,2675,Black,1 min,bullet,28,Lost,11/4/2017
Aleksey_Sorokin,2757,mukhin1,2665,White,1 min,bullet,61,Won,11/4/2017
Aleksey_Sorokin,2751,mukhin1,2671,Black,1 min,bullet,64,Won,11/4/2017
Aleksey_Sorokin,2745,mukhin1,2677,White,1 min,bullet,58,Lost,11/4/2017
Aleksey_Sorokin,2755,mukhin1,2667,Black,1 min,bullet,72,Lost,11/4/2017
Aleksey_Sorokin,2765,Keranke,2729,Black,1 min,bullet,33,Won,11/3/2017
Aleksey_Sorokin,2757,Keranke,2737,White,1 min,bullet,49,Won,11/3/2017
Aleksey_Sorokin,2749,Keranke,2745,Black,1 min,bullet,40,Lost,11/3/2017
Aleksey_Sorokin,2757,Keranke,2737,White,1 min,bullet,31,Won,11/3/2017
Aleksey_Sorokin,2749,Keranke,2745,Black,1 min,bullet,32,Lost,11/3/2017
Aleksey_Sorokin,2757,Keranke,2737,White,1 min,bullet,33,Lost,11/3/2017
Aleksey_Sorokin,2766,Keranke,2728,Black,1 min,bullet,34,Won,11/3/2017
Aleksey_Sorokin,2759,Micki-taryan,2687,Black,1 min,bullet,36,Lost,11/3/2017
Aleksey_Sorokin,2769,Micki-taryan,2677,Black,1 min,bullet,49,Won,11/3/2017
Aleksey_Sorokin,2763,Micki-taryan,2683,White,1 min,bullet,69,Won,11/3/2017
Aleksey_Sorokin,2757,Micki-taryan,2689,Black,1 min,bullet,65,Lost,11/3/2017
Aleksey_Sorokin,2767,chizhik98,2622,Black,1 min,bullet,40,Won,11/2/2017
Aleksey_Sorokin,2762,chizhik98,2627,White,1 min,bullet,30,Won,11/2/2017
Aleksey_Sorokin,2757,chizhik98,2632,Black,1 min,bullet,33,Won,11/2/2017
Aleksey_Sorokin,2752,chizhik98,2637,White,1 min,bullet,20,Won,11/2/2017
Aleksey_Sorokin,2746,chizhik98,2643,Black,1 min,bullet,50,Won,11/2/2017
Aleksey_Sorokin,2740,chizhik98,2649,White,1 min,bullet,51,Won,11/2/2017
Aleksey_Sorokin,2734,chizhik98,2655,Black,1 min,bullet,28,Won,11/2/2017
Aleksey_Sorokin,2728,chizhik98,2661,White,1 min,bullet,33,Lost,11/2/2017
Aleksey_Sorokin,2738,chizhik98,2651,Black,1 min,bullet,34,Lost,11/2/2017
Aleksey_Sorokin,2748,chizhik98,2641,White,1 min,bullet,58,Draw,11/2/2017
Aleksey_Sorokin,2751,chizhik98,2638,Black,1 min,bullet,31,Won,11/2/2017
Aleksey_Sorokin,2745,mukhin1,2710,White,1 min,bullet,33,Won,11/2/2017
Aleksey_Sorokin,2737,mukhin1,2718,Black,1 min,bullet,48,Won,11/2/2017
Aleksey_Sorokin,2729,mukhin1,2726,White,1 min,bullet,26,Lost,11/2/2017
Aleksey_Sorokin,2737,mukhin1,2718,Black,1 min,bullet,21,Lost,11/2/2017
Aleksey_Sorokin,2746,mukhin1,2709,White,1 min,bullet,71,Won,11/2/2017
Aleksey_Sorokin,2738,mukhin1,2717,Black,1 min,bullet,69,Lost,11/2/2017
Aleksey_Sorokin,2747,mukhin1,2708,White,1 min,bullet,71,Won,11/2/2017
Aleksey_Sorokin,2740,mukhin1,2715,Black,1 min,bullet,23,Lost,11/2/2017
Aleksey_Sorokin,2749,erichansen,2850,White,1 min,bullet,41,Won,11/2/2017
Aleksey_Sorokin,2738,pKiLz5Rn9b,2663,Black,1 min,bullet,50,Lost,11/2/2017
Aleksey_Sorokin,2748,mukhin1,2687,White,1 min,bullet,26,Won,11/2/2017
Aleksey_Sorokin,2741,mukhin1,2694,Black,1 min,bullet,38,Lost,11/2/2017
Aleksey_Sorokin,2750,mukhin1,2685,White,1 min,bullet,78,Won,11/2/2017
Aleksey_Sorokin,2743,mukhin1,2692,Black,1 min,bullet,52,Won,11/2/2017
Aleksey_Sorokin,2736,mukhin1,2699,White,1 min,bullet,19,Won,11/2/2017