player,player_rating,opponent,opponent_rating,side,time_control,time_category,moves,result,date
Aleksey_Sorokin,2463,StfuPlz,2402,White,1 min,bullet,50,Draw,7/17/2017
Aleksey_Sorokin,2470,Tijdverdoening,2403,Black,1 min,bullet,25,Won,7/17/2017
Aleksey_Sorokin,2432,grandemas,2368,Black,1 min,bullet,22,Won,7/17/2017
Aleksey_Sorokin,2388,grandemas,2376,White,1 min,bullet,51,Lost,7/17/2017
Aleksey_Sorokin,2449,grandemas,2366,Black,1 min,bullet,77,Won,7/17/2017
Aleksey_Sorokin,2395,grandemas,2373,White,1 min,bullet,58,Draw,7/17/2017
Aleksey_Sorokin,2400,Tijdverdoening,2411,White,1 min,bullet,26,Won,7/17/2017
Aleksey_Sorokin,2302,darkwingGM,2164,Black,1 min,bullet,40,Won,7/17/2017
Aleksey_Sorokin,2225,cocojuli,2085,White,1 min,bullet,32,Won,7/17/2017
Aleksey_Sorokin,2127,Luis_Rey,2042,Black,1 min,bullet,34,Won,7/17/2017
Aleksey_Sorokin,1975,Dutertard,1831,Black,1 min,bullet,25,Won,7/17/2017