player,player_rating,opponent,opponent_rating,side,time_control,time_category,moves,result,date
Aleksey_Sorokin,2774,komandoras123,2719,White,3 min,blitz,55,Lost,4/1/2019
Aleksey_Sorokin,2784,komandoras123,2709,Black,3 min,blitz,34,Won,4/1/2019
Aleksey_Sorokin,2777,komandoras123,2716,White,3 min,blitz,32,Won,4/1/2019
Aleksey_Sorokin,2770,komandoras123,2723,Black,3 min,blitz,53,Won,4/1/2019
Aleksey_Sorokin,2763,Last7Samurai,2644,White,3 min,blitz,45,Lost,4/1/2019
Aleksey_Sorokin,2774,AlexBattey,2677,White,3 min,blitz,61,Lost,4/1/2019
Aleksey_Sorokin,2785,want2lose,2762,Black,3 min,blitz,38,Won,4/1/2019
Aleksey_Sorokin,2777,want2lose,2770,White,3 min,blitz,37,Won,4/1/2019
Aleksey_Sorokin,2769,David_Paravyan,2848,Black,3 min,blitz,24,Lost,4/1/2019
Aleksey_Sorokin,2776,Alexandr_Ulanov,2727,White,3 min,blitz,70,Won,4/1/2019
Aleksey_Sorokin,2769,tioloko,2609,White,3 min,blitz,29,Won,4/1/2019
Aleksey_Sorokin,2764,19283645,2741,White,3 min,blitz,37,Draw,4/1/2019
Aleksey_Sorokin,2765,Vrolijk,2844,Black,3 min,blitz,76,Lost,4/1/2019
Aleksey_Sorokin,2772,SteelSpider,2767,Black,3 min,blitz,51,Draw,4/1/2019
Aleksey_Sorokin,2772,NewBornNow,2778,Black,3 min,blitz,15,Won,4/1/2019
Aleksey_Sorokin,2763,Zablotsky,2659,White,3 min,blitz,42,Lost,3/31/2019
Aleksey_Sorokin,2774,Fabifanboi,2630,White,3 min,blitz,40,Won,3/31/2019
Aleksey_Sorokin,2769,Elgatillo7,2628,Black,3 min,blitz,26,Won,3/31/2019
Aleksey_Sorokin,2764,TiltedLikeMe,2616,Black,3 min,blitz,44,Won,3/31/2019
Aleksey_Sorokin,2759,want2lose,2793,Black,3 min,blitz,55,Lost,3/31/2019
Aleksey_Sorokin,2767,AFishbein,2638,Black,3 min,blitz,51,Draw,3/31/2019
Aleksey_Sorokin,2770,AFishbein,2635,White,3 min,blitz,17,Won,3/31/2019
Aleksey_Sorokin,2765,CaptainCasanova,2731,Black,3 min,blitz,97,Won,3/30/2019
Aleksey_Sorokin,2757,CaptainCasanova,2739,White,3 min,blitz,65,Won,3/30/2019
Aleksey_Sorokin,2749,CaptainCasanova,2747,Black,3 min,blitz,49,Won,3/30/2019
Aleksey_Sorokin,2741,CaptainCasanova,2755,White,3 min,blitz,61,Draw,3/30/2019
Aleksey_Sorokin,2741,FlorianHandke,2638,Black,3 min,blitz,36,Won,3/30/2019
Aleksey_Sorokin,2735,manudavid,2772,Black,3 min,blitz,74,Lost,3/30/2019
Aleksey_Sorokin,2743,SergSt,2651,White,3 min,blitz,60,Won,3/30/2019
Aleksey_Sorokin,2737,isaiahdaniel,2630,Black,3 min,blitz,39,Won,3/30/2019
Aleksey_Sorokin,2731,isaiahdaniel,2638,White,3 min,blitz,75,Draw,3/30/2019
Aleksey_Sorokin,2733,esapunov,2610,Black,3 min,blitz,49,Won,3/29/2019
Aleksey_Sorokin,2727,GigaQuparadze,2687,White,3 min,blitz,44,Lost,3/29/2019
Aleksey_Sorokin,2736,russian_gm,2571,White,3 min,blitz,27,Won,3/29/2019
Aleksey_Sorokin,2731,russian_gm,2576,Black,3 min,blitz,44,Won,3/29/2019
Aleksey_Sorokin,2726,Markov_Mikhail,2690,Black,3 min,blitz,70,Won,3/29/2019
Aleksey_Sorokin,2718,Markov_Mikhail,2698,White,3 min,blitz,26,Won,3/29/2019
Aleksey_Sorokin,2710,PE-TRO,2679,White,3 min,blitz,23,Won,3/29/2019
Aleksey_Sorokin,2702,Leonid_Starozhilov,2608,White,3 min,blitz,40,Won,3/29/2019
Aleksey_Sorokin,2696,Leonid_Starozhilov,2614,Black,3 min,blitz,46,Won,3/29/2019
Aleksey_Sorokin,2690,Obito24,2593,White,3 min,blitz,56,Lost,3/29/2019
Aleksey_Sorokin,2701,Obito24,2582,Black,3 min,blitz,41,Won,3/29/2019
Aleksey_Sorokin,2695,BocharovD,2856,Black,3 min,blitz,55,Lost,3/29/2019
Aleksey_Sorokin,2700,Raja3401,2593,Black,3 min,blitz,23,Won,3/29/2019
Aleksey_Sorokin,2694,Raja3401,2599,White,3 min,blitz,27,Won,3/29/2019
Aleksey_Sorokin,2688,Divertissement,2751,Black,3 min,blitz,37,Lost,3/29/2019
Aleksey_Sorokin,2695,Witik,2635,Black,3 min,blitz,41,Won,3/29/2019
Aleksey_Sorokin,2688,Mischuk_D,2561,White,3 min,blitz,63,Won,3/29/2019
Aleksey_Sorokin,2683,advantageLucy,2520,Black,3 min,blitz,35,Won,3/29/2019
Aleksey_Sorokin,2678,advantageLucy,2525,White,3 min,blitz,55,Won,3/29/2019