player,player_rating,opponent,opponent_rating,side,time_control,time_category,moves,result,date
Aleksey_Sorokin,2578,hitchtronic,2556,Black,1 min,bullet,53,Won,7/29/2017
Aleksey_Sorokin,2570,BULLETGOD1,2868,Black,1 min,bullet,29,Lost,7/29/2017
Aleksey_Sorokin,2573,Paladin61,2401,White,1 min,bullet,54,Won,7/24/2017
Aleksey_Sorokin,2568,aleks45,2510,White,1 min,bullet,50,Won,7/24/2017
Aleksey_Sorokin,2561,Jovencitos33,2456,Black,1 min,bullet,54,Lost,7/23/2017
Aleksey_Sorokin,2572,Lee_Yeon_Sung,2439,White,1 min,bullet,50,Lost,7/22/2017
Aleksey_Sorokin,2583,Lee_Yeon_Sung,2428,Black,1 min,bullet,42,Lost,7/22/2017
Aleksey_Sorokin,2595,Davit_Tiraturyan,2631,White,1 min,bullet,113,Lost,7/20/2017
Aleksey_Sorokin,2602,Gen-Gutman,2555,White,1 min,bullet,50,Lost,7/20/2017
Aleksey_Sorokin,2611,Gen-Gutman,2546,Black,1 min,bullet,29,Won,7/20/2017
Aleksey_Sorokin,2604,Gen-Gutman,2553,White,1 min,bullet,40,Won,7/20/2017
Aleksey_Sorokin,2597,Gen-Gutman,2560,Black,1 min,bullet,42,Won,7/20/2017
Aleksey_Sorokin,2590,Gen-Gutman,2567,White,1 min,bullet,34,Lost,7/20/2017
Aleksey_Sorokin,2599,Gen-Gutman,2558,Black,1 min,bullet,56,Lost,7/20/2017
Aleksey_Sorokin,2608,Gen-Gutman,2549,White,1 min,bullet,18,Won,7/20/2017
Aleksey_Sorokin,2601,Gen-Gutman,2556,Black,1 min,bullet,54,Lost,7/20/2017
Aleksey_Sorokin,2610,Gen-Gutman,2547,White,1 min,bullet,71,Won,7/20/2017
Aleksey_Sorokin,2603,Gen-Gutman,2554,Black,1 min,bullet,55,Won,7/20/2017
Aleksey_Sorokin,2596,Gen-Gutman,2561,White,1 min,bullet,24,Lost,7/20/2017
Aleksey_Sorokin,2605,Gen-Gutman,2552,Black,1 min,bullet,58,Won,7/20/2017
Aleksey_Sorokin,2598,Gen-Gutman,2559,White,1 min,bullet,67,Lost,7/20/2017
Aleksey_Sorokin,2607,Georgescu_Tiberiu,2549,Black,1 min,bullet,24,Won,7/20/2017
Aleksey_Sorokin,2600,Georgescu_Tiberiu,2556,White,1 min,bullet,68,Lost,7/20/2017
Aleksey_Sorokin,2609,Georgescu_Tiberiu,2547,Black,1 min,bullet,85,Draw,7/20/2017
Aleksey_Sorokin,2610,Georgescu_Tiberiu,2546,White,1 min,bullet,42,Won,7/20/2017
Aleksey_Sorokin,2603,Georgescu_Tiberiu,2553,Black,1 min,bullet,53,Won,7/20/2017
Aleksey_Sorokin,2596,Georgescu_Tiberiu,2560,White,1 min,bullet,52,Won,7/20/2017
Aleksey_Sorokin,2589,Georgescu_Tiberiu,2567,Black,1 min,bullet,62,Lost,7/20/2017
Aleksey_Sorokin,2598,Georgescu_Tiberiu,2558,White,1 min,bullet,52,Won,7/20/2017
Aleksey_Sorokin,2591,Georgescu_Tiberiu,2565,Black,1 min,bullet,49,Won,7/20/2017
Aleksey_Sorokin,2583,Georgescu_Tiberiu,2573,White,1 min,bullet,43,Lost,7/20/2017
Aleksey_Sorokin,2592,Georgescu_Tiberiu,2564,Black,1 min,bullet,64,Lost,7/20/2017
Aleksey_Sorokin,2601,Georgescu_Tiberiu,2555,White,1 min,bullet,49,Lost,7/20/2017
Aleksey_Sorokin,2610,Davit_Tiraturyan,2652,Black,1 min,bullet,82,Lost,7/20/2017
Aleksey_Sorokin,2617,Davit_Tiraturyan,2645,White,1 min,bullet,74,Lost,7/20/2017
Aleksey_Sorokin,2625,Davit_Tiraturyan,2637,Black,1 min,bullet,40,Lost,7/20/2017
Aleksey_Sorokin,2633,Davit_Tiraturyan,2629,White,1 min,bullet,62,Won,7/20/2017
Aleksey_Sorokin,2625,Davit_Tiraturyan,2637,Black,1 min,bullet,56,Won,7/20/2017
Aleksey_Sorokin,2616,Davit_Tiraturyan,2646,White,1 min,bullet,21,Lost,7/20/2017
Aleksey_Sorokin,2624,ironeater,2530,Black,1 min,bullet,69,Draw,7/19/2017
Aleksey_Sorokin,2626,ironeater,2528,White,1 min,bullet,65,Won,7/19/2017
Aleksey_Sorokin,2620,ironeater,2534,Black,1 min,bullet,75,Won,7/19/2017
Aleksey_Sorokin,2614,ironeater,2540,White,1 min,bullet,38,Draw,7/19/2017
Aleksey_Sorokin,2616,ironeater,2538,Black,1 min,bullet,70,Won,7/19/2017
Aleksey_Sorokin,2609,ironeater,2545,White,1 min,bullet,75,Won,7/19/2017
Aleksey_Sorokin,2602,ironeater,2552,Black,1 min,bullet,59,Lost,7/19/2017
Aleksey_Sorokin,2612,ironeater,2542,Black,1 min,bullet,36,Lost,7/19/2017
Aleksey_Sorokin,2622,ironeater,2531,White,1 min,bullet,55,Lost,7/19/2017
Aleksey_Sorokin,2633,ironeater,2520,Black,1 min,bullet,95,Lost,7/19/2017
Aleksey_Sorokin,2644,ironeater,2508,White,1 min,bullet,26,Lost,7/19/2017