player,player_rating,opponent,opponent_rating,side,time_control,time_category,moves,result,date
Aleksey_Sorokin,2655,Asocialgadfly,2662,White,1 min,bullet,28,Won,7/19/2017
Aleksey_Sorokin,2646,Asocialgadfly,2671,Black,1 min,bullet,53,Won,7/19/2017
Aleksey_Sorokin,2637,Asocialgadfly,2680,White,1 min,bullet,77,Draw,7/19/2017
Aleksey_Sorokin,2636,Asocialgadfly,2681,Black,1 min,bullet,36,Won,7/19/2017
Aleksey_Sorokin,2627,DincerTasdogen,2627,White,1 min,bullet,27,Won,7/19/2017
Aleksey_Sorokin,2619,Asocialgadfly,2690,White,1 min,bullet,49,Won,7/19/2017
Aleksey_Sorokin,2609,samuray1990,2505,Black,1 min,bullet,64,Won,7/19/2017
Aleksey_Sorokin,2603,fianchettoer,2452,Black,1 min,bullet,65,Won,7/19/2017
Aleksey_Sorokin,2598,fianchettoer,2457,White,1 min,bullet,85,Draw,7/19/2017
Aleksey_Sorokin,2601,aleks45,2486,Black,1 min,bullet,26,Won,7/19/2017
Aleksey_Sorokin,2595,NTBT_DHS,2653,White,1 min,bullet,40,Lost,7/19/2017
Aleksey_Sorokin,2602,NTBT_DHS,2646,Black,1 min,bullet,44,Won,7/19/2017
Aleksey_Sorokin,2593,NTBT_DHS,2655,White,1 min,bullet,28,Lost,7/19/2017
Aleksey_Sorokin,2600,NTBT_DHS,2648,Black,1 min,bullet,60,Lost,7/19/2017
Aleksey_Sorokin,2607,NTBT_DHS,2641,White,1 min,bullet,25,Lost,7/19/2017
Aleksey_Sorokin,2615,NTBT_DHS,2633,Black,1 min,bullet,74,Draw,7/19/2017
Aleksey_Sorokin,2615,NTBT_DHS,2633,White,1 min,bullet,16,Won,7/19/2017
Aleksey_Sorokin,2606,NTBT_DHS,2642,Black,1 min,bullet,55,Won,7/19/2017
Aleksey_Sorokin,2597,NTBT_DHS,2651,White,1 min,bullet,33,Won,7/19/2017
Aleksey_Sorokin,2587,NTBT_DHS,2661,Black,1 min,bullet,14,Lost,7/19/2017
Aleksey_Sorokin,2594,NTBT_DHS,2654,White,1 min,bullet,71,Draw,7/19/2017
Aleksey_Sorokin,2593,NTBT_DHS,2655,Black,1 min,bullet,28,Won,7/19/2017
Aleksey_Sorokin,2583,NTBT_DHS,2665,White,1 min,bullet,60,Lost,7/19/2017
Aleksey_Sorokin,2589,NTBT_DHS,2659,Black,1 min,bullet,23,Lost,7/19/2017
Aleksey_Sorokin,2596,NTBT_DHS,2652,White,1 min,bullet,38,Won,7/19/2017
Aleksey_Sorokin,2586,NTBT_DHS,2662,Black,1 min,bullet,34,Lost,7/19/2017
Aleksey_Sorokin,2593,NTBT_DHS,2655,White,1 min,bullet,19,Lost,7/19/2017
Aleksey_Sorokin,2600,NTBT_DHS,2648,Black,1 min,bullet,76,Lost,7/19/2017
Aleksey_Sorokin,2607,NTBT_DHS,2641,White,1 min,bullet,41,Lost,7/19/2017
Aleksey_Sorokin,2615,NTBT_DHS,2633,Black,1 min,bullet,62,Draw,7/19/2017
Aleksey_Sorokin,2615,NTBT_DHS,2633,White,1 min,bullet,22,Lost,7/19/2017
Aleksey_Sorokin,2623,NTBT_DHS,2625,Black,1 min,bullet,40,Lost,7/19/2017
Aleksey_Sorokin,2631,NTBT_DHS,2617,White,1 min,bullet,34,Won,7/19/2017
Aleksey_Sorokin,2623,NTBT_DHS,2625,Black,1 min,bullet,47,Won,7/19/2017
Aleksey_Sorokin,2615,NTBT_DHS,2633,White,1 min,bullet,69,Draw,7/19/2017
Aleksey_Sorokin,2615,NTBT_DHS,2633,Black,1 min,bullet,17,Won,7/19/2017
Aleksey_Sorokin,2606,NTBT_DHS,2642,White,1 min,bullet,38,Lost,7/19/2017
Aleksey_Sorokin,2614,Shant_Sargsyan,2591,Black,1 min,bullet,81,Won,7/19/2017
Aleksey_Sorokin,2606,Shant_Sargsyan,2599,White,1 min,bullet,61,Won,7/19/2017
Aleksey_Sorokin,2598,Shant_Sargsyan,2607,Black,1 min,bullet,67,Lost,7/19/2017
Aleksey_Sorokin,2606,samuray1990,2496,Black,1 min,bullet,20,Won,7/19/2017
Aleksey_Sorokin,2600,samuray1990,2502,White,1 min,bullet,18,Won,7/19/2017
Aleksey_Sorokin,2594,samuray1990,2508,Black,1 min,bullet,29,Won,7/19/2017
Aleksey_Sorokin,2588,samuray1990,2514,White,1 min,bullet,31,Won,7/19/2017
Aleksey_Sorokin,2581,samuray1990,2521,Black,1 min,bullet,60,Won,7/19/2017
Aleksey_Sorokin,2574,samuray1990,2528,White,1 min,bullet,32,Lost,7/19/2017
Aleksey_Sorokin,2583,samuray1990,2519,Black,1 min,bullet,27,Lost,7/19/2017
Aleksey_Sorokin,2593,samuray1990,2509,White,1 min,bullet,34,Won,7/19/2017
Aleksey_Sorokin,2587,samuray1990,2515,Black,1 min,bullet,74,Lost,7/19/2017
Aleksey_Sorokin,2597,samuray1990,2505,White,1 min,bullet,73,Lost,7/19/2017