player,player_rating,opponent,opponent_rating,side,time_control,time_category,moves,result,date
Aleksey_Sorokin,2629,khvicha_gogava,2764,Black,1 min,bullet,26,Lost,7/30/2017
Aleksey_Sorokin,2634,khvicha_gogava,2759,White,1 min,bullet,38,Lost,7/30/2017
Aleksey_Sorokin,2639,khvicha_gogava,2754,Black,1 min,bullet,32,Lost,7/30/2017
Aleksey_Sorokin,2645,NguyenXi,2710,White,1 min,bullet,16,Lost,7/30/2017
Aleksey_Sorokin,2652,NguyenXi,2703,Black,1 min,bullet,37,Lost,7/30/2017
Aleksey_Sorokin,2659,gaasten,2523,Black,1 min,bullet,40,Won,7/30/2017
Aleksey_Sorokin,2654,gaasten,2529,White,1 min,bullet,48,Won,7/30/2017
Aleksey_Sorokin,2649,gaasten,2536,Black,1 min,bullet,61,Won,7/30/2017
Aleksey_Sorokin,2643,Jovencitos33,2476,White,1 min,bullet,23,Won,7/30/2017
Aleksey_Sorokin,2638,TapeWorthyMoves,2618,White,1 min,bullet,61,Won,7/30/2017
Aleksey_Sorokin,2630,TapeWorthyMoves,2626,Black,1 min,bullet,68,Lost,7/30/2017
Aleksey_Sorokin,2638,TapeWorthyMoves,2618,White,1 min,bullet,37,Won,7/30/2017
Aleksey_Sorokin,2630,TapeWorthyMoves,2626,Black,1 min,bullet,37,Lost,7/30/2017
Aleksey_Sorokin,2639,TapeWorthyMoves,2617,White,1 min,bullet,31,Lost,7/30/2017
Aleksey_Sorokin,2648,TapeWorthyMoves,2608,Black,1 min,bullet,48,Won,7/30/2017
Aleksey_Sorokin,2641,TapeWorthyMoves,2615,White,1 min,bullet,39,Lost,7/30/2017
Aleksey_Sorokin,2650,TapeWorthyMoves,2606,Black,1 min,bullet,37,Lost,7/30/2017
Aleksey_Sorokin,2659,TapeWorthyMoves,2597,White,1 min,bullet,52,Draw,7/30/2017
Aleksey_Sorokin,2660,TapeWorthyMoves,2596,Black,1 min,bullet,37,Won,7/30/2017
Aleksey_Sorokin,2653,TapeWorthyMoves,2603,White,1 min,bullet,70,Won,7/30/2017
Aleksey_Sorokin,2646,TapeWorthyMoves,2610,Black,1 min,bullet,50,Draw,7/30/2017
Aleksey_Sorokin,2647,TapeWorthyMoves,2609,White,1 min,bullet,76,Lost,7/30/2017
Aleksey_Sorokin,2656,TapeWorthyMoves,2600,Black,1 min,bullet,77,Won,7/30/2017
Aleksey_Sorokin,2649,TapeWorthyMoves,2607,White,1 min,bullet,40,Draw,7/30/2017
Aleksey_Sorokin,2650,TapeWorthyMoves,2606,Black,1 min,bullet,36,Won,7/30/2017
Aleksey_Sorokin,2643,TapeWorthyMoves,2613,White,1 min,bullet,40,Lost,7/30/2017
Aleksey_Sorokin,2652,TapeWorthyMoves,2613,Black,1 min,bullet,25,Draw,7/30/2017
Aleksey_Sorokin,2653,TapeWorthyMoves,2612,White,1 min,bullet,81,Won,7/30/2017
Aleksey_Sorokin,2646,TapeWorthyMoves,2619,Black,1 min,bullet,46,Won,7/30/2017
Aleksey_Sorokin,2638,TapeWorthyMoves,2627,White,1 min,bullet,42,Draw,7/30/2017
Aleksey_Sorokin,2638,TapeWorthyMoves,2627,Black,1 min,bullet,31,Won,7/30/2017
Aleksey_Sorokin,2630,TapeWorthyMoves,2635,White,1 min,bullet,64,Draw,7/30/2017
Aleksey_Sorokin,2630,TapeWorthyMoves,2635,Black,1 min,bullet,33,Lost,7/30/2017
Aleksey_Sorokin,2638,TapeWorthyMoves,2627,White,1 min,bullet,22,Won,7/30/2017
Aleksey_Sorokin,2630,TapeWorthyMoves,2635,Black,1 min,bullet,60,Won,7/30/2017
Aleksey_Sorokin,2622,TapeWorthyMoves,2643,White,1 min,bullet,76,Draw,7/30/2017
Aleksey_Sorokin,2621,Davit_Tiraturyan,2577,White,1 min,bullet,66,Won,7/30/2017
Aleksey_Sorokin,2614,Davit_Tiraturyan,2584,Black,1 min,bullet,50,Won,7/30/2017
Aleksey_Sorokin,2606,GM_Borisych,2687,White,1 min,bullet,57,Lost,7/30/2017
Aleksey_Sorokin,2612,GM_Borisych,2681,Black,1 min,bullet,43,Won,7/30/2017
Aleksey_Sorokin,2602,GM_Borisych,2691,White,1 min,bullet,45,Lost,7/30/2017
Aleksey_Sorokin,2608,GM_Borisych,2685,Black,1 min,bullet,40,Lost,7/30/2017
Aleksey_Sorokin,2615,GM_Borisych,2678,White,1 min,bullet,71,Won,7/30/2017
Aleksey_Sorokin,2605,GM_Borisych,2688,Black,1 min,bullet,38,Lost,7/30/2017
Aleksey_Sorokin,2611,Goran-Boy,2498,Black,1 min,bullet,66,Won,7/30/2017
Aleksey_Sorokin,2605,marafonec,2451,Black,1 min,bullet,37,Won,7/30/2017
Aleksey_Sorokin,2600,marafonec,2456,White,1 min,bullet,29,Won,7/30/2017
Aleksey_Sorokin,2595,Ghost-Brigade,2460,White,1 min,bullet,39,Won,7/29/2017
Aleksey_Sorokin,2590,Ghost-Brigade,2465,Black,1 min,bullet,43,Won,7/29/2017
Aleksey_Sorokin,2585,hitchtronic,2549,White,1 min,bullet,20,Won,7/29/2017