player,player_rating,opponent,opponent_rating,side,time_control,time_category,moves,result,date
Aleksey_Sorokin,2658,nihalsarin,2588,White,1 min,bullet,72,Won,10/18/2017
Aleksey_Sorokin,2651,nihalsarin,2595,Black,1 min,bullet,93,Lost,10/18/2017
Aleksey_Sorokin,2661,Rsnr,2608,White,1 min,bullet,81,Lost,10/17/2017
Aleksey_Sorokin,2671,Rsnr,2598,Black,1 min,bullet,64,Lost,10/17/2017
Aleksey_Sorokin,2681,Rsnr,2588,White,1 min,bullet,17,Won,10/17/2017
Aleksey_Sorokin,2675,Rsnr,2594,Black,1 min,bullet,68,Draw,10/17/2017
Aleksey_Sorokin,2677,Rsnr,2592,White,1 min,bullet,45,Won,10/17/2017
Aleksey_Sorokin,2671,Rsnr,2598,Black,1 min,bullet,52,Won,10/17/2017
Aleksey_Sorokin,2664,Rsnr,2605,White,1 min,bullet,32,Lost,10/17/2017
Aleksey_Sorokin,2674,Rsnr,2595,Black,1 min,bullet,28,Won,10/17/2017
Aleksey_Sorokin,2668,Rsnr,2601,White,1 min,bullet,37,Won,10/17/2017
Aleksey_Sorokin,2661,Rsnr,2608,Black,1 min,bullet,29,Lost,10/17/2017
Aleksey_Sorokin,2671,Rsnr,2598,White,1 min,bullet,69,Lost,10/17/2017
Aleksey_Sorokin,2681,Rsnr,2588,Black,1 min,bullet,30,Lost,10/17/2017
Aleksey_Sorokin,2692,Rsnr,2577,White,1 min,bullet,9,Won,10/17/2017
Aleksey_Sorokin,2686,Rsnr,2583,Black,1 min,bullet,19,Won,10/17/2017
Aleksey_Sorokin,2680,Rsnr,2589,White,1 min,bullet,74,Draw,10/17/2017
Aleksey_Sorokin,2682,NguyenXi,2628,Black,1 min,bullet,45,Won,10/17/2017
Aleksey_Sorokin,2675,Alexander_Kachko,2544,Black,1 min,bullet,0,Won,10/16/2017
Aleksey_Sorokin,2670,nihalsarin,2663,White,1 min,bullet,77,Won,10/15/2017
Aleksey_Sorokin,2662,nihalsarin,2671,Black,1 min,bullet,71,Won,10/15/2017
Aleksey_Sorokin,2653,manudavid,2545,Black,1 min,bullet,75,Draw,10/8/2017
Aleksey_Sorokin,2656,manudavid,2542,White,1 min,bullet,63,Lost,10/8/2017
Aleksey_Sorokin,2667,manudavid,2531,Black,1 min,bullet,59,Draw,10/8/2017
Aleksey_Sorokin,2670,manudavid,2528,White,1 min,bullet,26,Won,10/8/2017
Aleksey_Sorokin,2665,manudavid,2533,Black,1 min,bullet,27,Won,10/8/2017
Aleksey_Sorokin,2660,manudavid,2538,White,1 min,bullet,26,Won,10/8/2017
Aleksey_Sorokin,2654,manudavid,2544,Black,1 min,bullet,78,Lost,10/8/2017
Aleksey_Sorokin,2665,manudavid,2533,White,1 min,bullet,86,Won,10/8/2017
Aleksey_Sorokin,2660,Boryboy,2648,White,1 min,bullet,45,Lost,10/7/2017
Aleksey_Sorokin,2669,Boryboy,2639,Black,1 min,bullet,31,Lost,10/7/2017
Aleksey_Sorokin,2678,Boryboy,2630,White,1 min,bullet,66,Lost,10/7/2017
Aleksey_Sorokin,2687,Boryboy,2621,Black,1 min,bullet,77,Lost,10/7/2017
Aleksey_Sorokin,2697,Boryboy,2611,White,1 min,bullet,76,Lost,10/7/2017
Aleksey_Sorokin,2707,Boryboy,2601,Black,1 min,bullet,72,Won,10/7/2017
Aleksey_Sorokin,2701,Micki-taryan,2622,Black,1 min,bullet,29,Won,10/7/2017
Aleksey_Sorokin,2695,Micki-taryan,2628,White,1 min,bullet,45,Won,10/7/2017
Aleksey_Sorokin,2688,Micki-taryan,2635,Black,1 min,bullet,109,Won,10/7/2017
Aleksey_Sorokin,2681,Micki-taryan,2642,White,1 min,bullet,44,Lost,10/7/2017
Aleksey_Sorokin,2690,seppecena,2534,White,1 min,bullet,29,Won,10/7/2017
Aleksey_Sorokin,2685,seppecena,2539,Black,1 min,bullet,35,Won,10/7/2017
Aleksey_Sorokin,2680,seppecena,2544,White,1 min,bullet,41,Won,10/7/2017
Aleksey_Sorokin,2675,GMharikrishna,2702,Black,1 min,bullet,42,Won,9/25/2017
Aleksey_Sorokin,2666,GMharikrishna,2711,White,1 min,bullet,25,Won,9/25/2017
Aleksey_Sorokin,2657,GMharikrishna,2720,Black,1 min,bullet,51,Won,9/25/2017
Aleksey_Sorokin,2647,GMharikrishna,2730,White,1 min,bullet,60,Lost,9/25/2017
Aleksey_Sorokin,2653,NguyenXi,2577,White,1 min,bullet,32,Lost,9/18/2017
Aleksey_Sorokin,2663,NguyenXi,2567,Black,1 min,bullet,41,Won,9/18/2017
Aleksey_Sorokin,2657,NguyenXi,2573,White,1 min,bullet,19,Lost,9/18/2017
Aleksey_Sorokin,2667,NguyenXi,2563,Black,1 min,bullet,30,Won,9/18/2017