player,player_rating,opponent,opponent_rating,side,time_control,time_category,moves,result,date
Aleksey_Sorokin,2700,Edgar_Karagyozyan,2591,Black,3 min,blitz,41,Won,1/17/2019
Aleksey_Sorokin,2694,Badmatsyrenov_Oleg,2724,Black,3 min,blitz,35,Won,1/17/2019
Aleksey_Sorokin,2685,Witik,2652,Black,3 min,blitz,20,Lost,1/16/2019
Aleksey_Sorokin,2694,3MusketeersXFrench,2731,Black,3 min,blitz,30,Lost,1/15/2019
Aleksey_Sorokin,2702,MGF99,2596,Black,3 min,blitz,31,Lost,1/15/2019
Aleksey_Sorokin,2713,beatles_22,2631,White,3 min,blitz,51,Lost,1/15/2019
Aleksey_Sorokin,2723,dyziotomi99,2664,White,3 min,blitz,23,Won,1/15/2019
Aleksey_Sorokin,2716,VitaliyBernadskiy,2792,White,3 min,blitz,51,Draw,1/15/2019
Aleksey_Sorokin,2714,NTBT_DHS,2796,Black,3 min,blitz,73,Lost,1/13/2019
Aleksey_Sorokin,2720,Bubi6,2614,White,3 min,blitz,40,Draw,1/13/2019
Aleksey_Sorokin,2722,vlad_Sid,2578,White,3 min,blitz,61,Won,1/13/2019
Aleksey_Sorokin,2717,vlad_Sid,2583,Black,3 min,blitz,40,Won,1/13/2019
Aleksey_Sorokin,2712,vlad_Sid,2588,White,3 min,blitz,16,Won,1/13/2019
Aleksey_Sorokin,2706,Bubi6,2597,Black,3 min,blitz,41,Won,1/13/2019
Aleksey_Sorokin,2700,Guriempire,2586,Black,3 min,blitz,22,Won,1/13/2019
Aleksey_Sorokin,2694,renjiehuang,2612,Black,3 min,blitz,35,Won,1/13/2019
Aleksey_Sorokin,2688,renjiehuang,2618,White,3 min,blitz,66,Won,1/13/2019
Aleksey_Sorokin,2681,Dainamon,2675,Black,3 min,blitz,28,Lost,1/13/2019
Aleksey_Sorokin,2690,Dainamon,2666,White,3 min,blitz,51,Draw,1/13/2019
Aleksey_Sorokin,2691,TrimitziosP7,2653,Black,3 min,blitz,30,Lost,1/13/2019
Aleksey_Sorokin,2700,sword1956,2562,Black,3 min,blitz,58,Draw,1/13/2019
Aleksey_Sorokin,2703,sword1956,2559,White,3 min,blitz,38,Won,1/13/2019
Aleksey_Sorokin,2698,wonderfulllife,2748,White,3 min,blitz,38,Lost,1/13/2019
Aleksey_Sorokin,2705,lavr92,2582,Black,3 min,blitz,39,Won,1/13/2019
Aleksey_Sorokin,2684,SteelSpider,2725,Black,3 min,blitz,39,Lost,1/7/2019
Aleksey_Sorokin,2691,Buzhizhebuguai,2595,White,3 min,blitz,21,Won,1/7/2019
Aleksey_Sorokin,2685,Alanar73,2704,White,3 min,blitz,22,Lost,1/7/2019
Aleksey_Sorokin,2693,Alanar73,2696,Black,3 min,blitz,35,Lost,1/7/2019
Aleksey_Sorokin,2701,Alanar73,2688,White,3 min,blitz,33,Won,1/7/2019
Aleksey_Sorokin,2693,Alanar73,2696,Black,3 min,blitz,24,Lost,1/7/2019
Aleksey_Sorokin,2701,Sethu0025,2797,White,3 min,blitz,28,Lost,1/7/2019
Aleksey_Sorokin,2707,Bianche,2573,Black,3 min,blitz,68,Won,1/7/2019
Aleksey_Sorokin,2693,DavidMarkosyan,2523,White,3 min,blitz,49,Won,1/7/2019
Aleksey_Sorokin,2688,DavidMarkosyan,2528,Black,3 min,blitz,48,Won,1/7/2019
Aleksey_Sorokin,2683,DavidMarkosyan,2533,White,3 min,blitz,47,Won,1/7/2019
Aleksey_Sorokin,2678,CapitanFindus,2635,Black,3 min,blitz,51,Lost,1/7/2019
Aleksey_Sorokin,2687,CapitanFindus,2626,White,3 min,blitz,23,Won,1/7/2019
Aleksey_Sorokin,2680,agimoto,2765,White,3 min,blitz,32,Lost,1/6/2019
Aleksey_Sorokin,2686,IMprof1,2645,Black,3 min,blitz,26,Lost,1/6/2019
Aleksey_Sorokin,2695,Max_Schachmann,2733,White,3 min,blitz,69,Lost,1/6/2019
Aleksey_Sorokin,2702,CapitanFindus,2637,Black,3 min,blitz,26,Lost,1/6/2019
Aleksey_Sorokin,2712,Mischuk_D,2645,Black,3 min,blitz,41,Won,1/6/2019
Aleksey_Sorokin,2705,Yaacovn,2821,Black,3 min,blitz,70,Draw,1/6/2019
Aleksey_Sorokin,2702,want2lose,2744,White,3 min,blitz,59,Lost,1/6/2019
Aleksey_Sorokin,2709,Torosyan_Norayr,2656,White,3 min,blitz,41,Lost,1/5/2019
Aleksey_Sorokin,2719,Torosyan_Norayr,2646,Black,3 min,blitz,51,Won,1/5/2019
Aleksey_Sorokin,2712,Torosyan_Norayr,2653,White,3 min,blitz,33,Won,1/5/2019
Aleksey_Sorokin,2705,Torosyan_Norayr,2660,Black,3 min,blitz,33,Lost,1/5/2019
Aleksey_Sorokin,2714,Torosyan_Norayr,2651,White,3 min,blitz,44,Won,1/5/2019
Aleksey_Sorokin,2707,Jeremy_Wyatt,2558,Black,3 min,blitz,28,Won,1/5/2019