player,player_rating,opponent,opponent_rating,side,time_control,time_category,moves,result,date
Aleksey_Sorokin,2694,johnathan113,2642,White,1 min,bullet,82,Won,1/14/2018
Aleksey_Sorokin,2687,chizhik98,2575,White,1 min,bullet,59,Lost,1/14/2018
Aleksey_Sorokin,2698,chizhik98,2564,Black,1 min,bullet,20,Won,1/14/2018
Aleksey_Sorokin,2693,chizhik98,2569,White,1 min,bullet,18,Won,1/14/2018
Aleksey_Sorokin,2687,chizhik98,2575,Black,1 min,bullet,63,Draw,1/14/2018
Aleksey_Sorokin,2690,chizhik98,2572,White,1 min,bullet,44,Draw,1/14/2018
Aleksey_Sorokin,2693,chizhik98,2569,Black,1 min,bullet,32,Lost,1/14/2018
Aleksey_Sorokin,2704,chizhik98,2558,White,1 min,bullet,40,Won,1/14/2018
Aleksey_Sorokin,2699,chizhik98,2563,Black,1 min,bullet,24,Won,1/14/2018
Aleksey_Sorokin,2694,chizhik98,2568,White,1 min,bullet,24,Won,1/14/2018
Aleksey_Sorokin,2689,chizhik98,2573,Black,1 min,bullet,49,Won,1/14/2018
Aleksey_Sorokin,2683,chizhik98,2579,White,1 min,bullet,20,Won,1/14/2018
Aleksey_Sorokin,2677,chizhik98,2585,Black,1 min,bullet,58,Won,1/14/2018
Aleksey_Sorokin,2671,chizhik98,2591,White,1 min,bullet,61,Won,1/14/2018
Aleksey_Sorokin,2665,chizhik98,2597,Black,1 min,bullet,53,Draw,1/14/2018
Aleksey_Sorokin,2667,chizhik98,2595,White,1 min,bullet,34,Won,1/14/2018
Aleksey_Sorokin,2660,chizhik98,2602,Black,1 min,bullet,31,Won,1/14/2018
Aleksey_Sorokin,2653,chizhik98,2609,White,1 min,bullet,66,Draw,1/14/2018
Aleksey_Sorokin,2654,chizhik98,2608,Black,1 min,bullet,65,Won,1/14/2018
Aleksey_Sorokin,2647,chizhik98,2615,White,1 min,bullet,57,Lost,1/14/2018
Aleksey_Sorokin,2656,1Stepan1,2657,White,1 min,bullet,21,Lost,1/14/2018
Aleksey_Sorokin,2664,1Stepan1,2649,Black,1 min,bullet,95,Draw,1/14/2018
Aleksey_Sorokin,2664,1Stepan1,2649,White,1 min,bullet,37,Won,1/14/2018
Aleksey_Sorokin,2656,1Stepan1,2657,Black,1 min,bullet,81,Lost,1/14/2018
Aleksey_Sorokin,2664,1Stepan1,2649,White,1 min,bullet,58,Lost,1/14/2018
Aleksey_Sorokin,2673,1Stepan1,2640,Black,1 min,bullet,46,Won,1/14/2018
Aleksey_Sorokin,2665,1Stepan1,2648,White,1 min,bullet,52,Lost,1/14/2018
Aleksey_Sorokin,2674,1Stepan1,2639,Black,1 min,bullet,54,Lost,1/14/2018
Aleksey_Sorokin,2683,1Stepan1,2630,White,1 min,bullet,40,Lost,1/14/2018
Aleksey_Sorokin,2693,1Stepan1,2620,Black,1 min,bullet,53,Lost,1/14/2018
Aleksey_Sorokin,2703,1Stepan1,2610,White,1 min,bullet,31,Won,1/14/2018
Aleksey_Sorokin,2697,1Stepan1,2616,Black,1 min,bullet,23,Won,1/14/2018
Aleksey_Sorokin,2691,1Stepan1,2622,White,1 min,bullet,23,Won,1/14/2018
Aleksey_Sorokin,2684,1Stepan1,2629,Black,1 min,bullet,62,Won,1/14/2018
Aleksey_Sorokin,2677,1Stepan1,2636,White,1 min,bullet,62,Draw,1/14/2018
Aleksey_Sorokin,2678,1Stepan1,2635,Black,1 min,bullet,60,Lost,1/14/2018
Aleksey_Sorokin,2687,1Stepan1,2626,White,1 min,bullet,27,Lost,1/14/2018
Aleksey_Sorokin,2697,1Stepan1,2616,Black,1 min,bullet,34,Won,1/14/2018
Aleksey_Sorokin,2691,1Stepan1,2622,White,1 min,bullet,41,Won,1/14/2018
Aleksey_Sorokin,2684,1Stepan1,2629,Black,1 min,bullet,58,Won,1/14/2018
Aleksey_Sorokin,2677,Angry_Serb,2480,White,1 min,bullet,40,Won,1/13/2018
Aleksey_Sorokin,2673,Angry_Serb,2484,Black,1 min,bullet,42,Won,1/13/2018
Aleksey_Sorokin,2669,Angry_Serb,2488,White,1 min,bullet,29,Won,1/13/2018
Aleksey_Sorokin,2665,Angry_Serb,2492,Black,1 min,bullet,37,Won,1/13/2018
Aleksey_Sorokin,2661,Angry_Serb,2496,White,1 min,bullet,54,Won,1/13/2018
Aleksey_Sorokin,2656,Angry_Serb,2501,Black,1 min,bullet,30,Won,1/13/2018
Aleksey_Sorokin,2651,Angry_Serb,2506,White,1 min,bullet,41,Won,1/13/2018
Aleksey_Sorokin,2646,Angry_Serb,2511,Black,1 min,bullet,33,Lost,1/13/2018
Aleksey_Sorokin,2657,Angry_Serb,2500,White,1 min,bullet,27,Won,1/13/2018
Aleksey_Sorokin,2652,Angry_Serb,2505,Black,1 min,bullet,56,Won,1/13/2018