player,player_rating,opponent,opponent_rating,side,time_control,time_category,moves,result,date
Aleksey_Sorokin,2728,mukhin1,2707,Black,1 min,bullet,71,Won,11/2/2017
Aleksey_Sorokin,2720,AlexTriapishko,2641,Black,1 min,bullet,75,Lost,11/2/2017
Aleksey_Sorokin,2730,mukhin1,2715,White,1 min,bullet,50,Lost,11/2/2017
Aleksey_Sorokin,2739,NguyenXi,2605,White,1 min,bullet,15,Won,11/2/2017
Aleksey_Sorokin,2734,NguyenXi,2610,Black,1 min,bullet,56,Won,11/2/2017
Aleksey_Sorokin,2728,NguyenXi,2615,White,1 min,bullet,19,Won,11/2/2017
Aleksey_Sorokin,2722,NguyenXi,2621,Black,1 min,bullet,54,Won,11/2/2017
Aleksey_Sorokin,2716,pKiLz5Rn9b,2668,White,1 min,bullet,29,Won,10/27/2017
Aleksey_Sorokin,2709,pKiLz5Rn9b,2675,Black,1 min,bullet,59,Won,10/27/2017
Aleksey_Sorokin,2701,pKiLz5Rn9b,2683,White,1 min,bullet,50,Lost,10/27/2017
Aleksey_Sorokin,2710,Shant_Sargsyan,2705,Black,1 min,bullet,68,Won,10/27/2017
Aleksey_Sorokin,2702,Micki-taryan,2732,White,1 min,bullet,70,Won,10/26/2017
Aleksey_Sorokin,2693,Micki-taryan,2741,Black,1 min,bullet,57,Lost,10/26/2017
Aleksey_Sorokin,2700,Micki-taryan,2734,White,1 min,bullet,54,Lost,10/26/2017
Aleksey_Sorokin,2708,Micki-taryan,2726,Black,1 min,bullet,71,Lost,10/26/2017
Aleksey_Sorokin,2716,Micki-taryan,2718,White,1 min,bullet,61,Won,10/26/2017
Aleksey_Sorokin,2708,johnathan113,2587,Black,1 min,bullet,44,Won,10/26/2017
Aleksey_Sorokin,2702,johnathan113,2593,White,1 min,bullet,63,Lost,10/26/2017
Aleksey_Sorokin,2713,johnathan113,2582,Black,1 min,bullet,41,Won,10/26/2017
Aleksey_Sorokin,2708,johnathan113,2587,White,1 min,bullet,36,Draw,10/26/2017
Aleksey_Sorokin,2711,Byniolus,2603,Black,1 min,bullet,65,Draw,10/26/2017
Aleksey_Sorokin,2713,Byniolus,2600,White,1 min,bullet,27,Won,10/26/2017
Aleksey_Sorokin,2707,Byniolus,2606,Black,1 min,bullet,29,Won,10/26/2017
Aleksey_Sorokin,2701,Shant_Sargsyan,2710,White,1 min,bullet,68,Lost,10/26/2017
Aleksey_Sorokin,2709,Shant_Sargsyan,2702,Black,1 min,bullet,40,Won,10/26/2017
Aleksey_Sorokin,2701,Shant_Sargsyan,2710,White,1 min,bullet,29,Won,10/26/2017
Aleksey_Sorokin,2692,hurricane7791,2633,White,1 min,bullet,29,Won,10/24/2017
Aleksey_Sorokin,2685,hurricane7791,2640,Black,1 min,bullet,61,Won,10/24/2017
Aleksey_Sorokin,2678,hurricane7791,2647,White,1 min,bullet,62,Lost,10/24/2017
Aleksey_Sorokin,2687,hurricane7791,2638,Black,1 min,bullet,32,Won,10/24/2017
Aleksey_Sorokin,2680,hurricane7791,2645,White,1 min,bullet,34,Won,10/24/2017
Aleksey_Sorokin,2672,hurricane7791,2653,Black,1 min,bullet,47,Lost,10/24/2017
Aleksey_Sorokin,2681,hurricane7791,2644,White,1 min,bullet,11,Won,10/24/2017
Aleksey_Sorokin,2673,hurricane7791,2652,Black,1 min,bullet,24,Won,10/24/2017
Aleksey_Sorokin,2665,hurricane7791,2660,White,1 min,bullet,67,Lost,10/24/2017
Aleksey_Sorokin,2673,TampaChess,2572,White,1 min,bullet,43,Lost,10/24/2017
Aleksey_Sorokin,2684,TampaChess,2561,Black,1 min,bullet,62,Lost,10/24/2017
Aleksey_Sorokin,2695,TampaChess,2550,White,1 min,bullet,69,Draw,10/24/2017
Aleksey_Sorokin,2698,TampaChess,2547,Black,1 min,bullet,54,Won,10/24/2017
Aleksey_Sorokin,2693,SaraciNderim,2561,White,1 min,bullet,40,Won,10/24/2017
Aleksey_Sorokin,2688,SaraciNderim,2566,Black,1 min,bullet,75,Draw,10/24/2017
Aleksey_Sorokin,2691,SaraciNderim,2563,White,1 min,bullet,56,Won,10/24/2017
Aleksey_Sorokin,2686,SaraciNderim,2568,Black,1 min,bullet,17,Won,10/24/2017
Aleksey_Sorokin,2680,Shant_Sargsyan,2658,White,1 min,bullet,75,Won,10/18/2017
Aleksey_Sorokin,2672,Shant_Sargsyan,2666,Black,1 min,bullet,35,Won,10/18/2017
Aleksey_Sorokin,2664,Shant_Sargsyan,2674,White,1 min,bullet,33,Won,10/18/2017
Aleksey_Sorokin,2655,realmadridfc123,2536,White,1 min,bullet,58,Lost,10/18/2017
Aleksey_Sorokin,2666,garcho08,2747,Black,1 min,bullet,56,Won,10/18/2017
Aleksey_Sorokin,2656,NguyenXi,2641,White,1 min,bullet,28,Won,10/18/2017
Aleksey_Sorokin,2648,nihalsarin,2598,Black,1 min,bullet,23,Lost,10/18/2017