player,player_rating,opponent,opponent_rating,side,time_control,time_category,moves,result,date
Aleksey_Sorokin,2661,NguyenXi,2569,White,1 min,bullet,13,Won,9/18/2017
Aleksey_Sorokin,2655,NguyenXi,2575,Black,1 min,bullet,41,Draw,9/18/2017
Aleksey_Sorokin,2657,Jovencitos33,2498,White,1 min,bullet,55,Won,9/18/2017
Aleksey_Sorokin,2652,Jovencitos33,2495,Black,1 min,bullet,21,Won,9/18/2017
Aleksey_Sorokin,2647,Jovencitos33,2500,White,1 min,bullet,54,Won,9/18/2017
Aleksey_Sorokin,2642,sergoy,2671,White,1 min,bullet,44,Won,9/9/2017
Aleksey_Sorokin,2633,sergoy,2680,Black,1 min,bullet,51,Lost,9/9/2017
Aleksey_Sorokin,2640,No_Limit96,2509,Black,1 min,bullet,56,Lost,9/9/2017
Aleksey_Sorokin,2651,jergus,2616,White,1 min,bullet,37,Won,9/1/2017
Aleksey_Sorokin,2643,jergus,2624,Black,1 min,bullet,43,Lost,9/1/2017
Aleksey_Sorokin,2652,jergus,2615,White,1 min,bullet,33,Won,9/1/2017
Aleksey_Sorokin,2644,jergus,2623,Black,1 min,bullet,62,Won,9/1/2017
Aleksey_Sorokin,2636,pultineviciuspaulius,2540,White,1 min,bullet,24,Lost,9/1/2017
Aleksey_Sorokin,2647,aleks45,2582,Black,1 min,bullet,48,Won,9/1/2017
Aleksey_Sorokin,2640,B-Destroyer,2510,White,1 min,bullet,52,Won,9/1/2017
Aleksey_Sorokin,2635,B-Destroyer,2515,Black,1 min,bullet,54,Draw,9/1/2017
Aleksey_Sorokin,2638,B-Destroyer,2512,White,1 min,bullet,30,Won,9/1/2017
Aleksey_Sorokin,2633,JSPrepz,2752,Black,1 min,bullet,25,Lost,9/1/2017
Aleksey_Sorokin,2639,JSPrepz,2746,White,1 min,bullet,74,Draw,9/1/2017
Aleksey_Sorokin,2637,johnathan113,2509,Black,1 min,bullet,24,Lost,9/1/2017
Aleksey_Sorokin,2648,pKiLz5Rn9b,2666,White,1 min,bullet,35,Won,9/1/2017
Aleksey_Sorokin,2639,Federtiu,2490,White,1 min,bullet,38,Won,9/1/2017
Aleksey_Sorokin,2634,Andreikka,2669,Black,1 min,bullet,61,Draw,9/1/2017
Aleksey_Sorokin,2633,Davit_Tiraturyan,2567,White,1 min,bullet,39,Won,9/1/2017
Aleksey_Sorokin,2626,Davit_Tiraturyan,2574,Black,1 min,bullet,41,Won,9/1/2017
Aleksey_Sorokin,2619,Davit_Tiraturyan,2581,White,1 min,bullet,66,Won,9/1/2017
Aleksey_Sorokin,2612,Davit_Tiraturyan,2588,Black,1 min,bullet,69,Won,9/1/2017
Aleksey_Sorokin,2604,Davit_Tiraturyan,2596,White,1 min,bullet,54,Won,9/1/2017
Aleksey_Sorokin,2596,Davit_Tiraturyan,2604,Black,1 min,bullet,50,Lost,9/1/2017
Aleksey_Sorokin,2604,Davit_Tiraturyan,2596,White,1 min,bullet,38,Lost,9/1/2017
Aleksey_Sorokin,2613,Davit_Tiraturyan,2587,Black,1 min,bullet,93,Lost,9/1/2017
Aleksey_Sorokin,2622,Davit_Tiraturyan,2578,White,1 min,bullet,71,Won,9/1/2017
Aleksey_Sorokin,2615,Davit_Tiraturyan,2585,Black,1 min,bullet,30,Lost,9/1/2017
Aleksey_Sorokin,2624,Davit_Tiraturyan,2576,White,1 min,bullet,70,Lost,9/1/2017
Aleksey_Sorokin,2633,Davit_Tiraturyan,2567,Black,1 min,bullet,25,Won,9/1/2017
Aleksey_Sorokin,2626,Davit_Tiraturyan,2574,White,1 min,bullet,54,Draw,9/1/2017
Aleksey_Sorokin,2627,DeadBeforeDawn,2561,White,1 min,bullet,29,Won,9/1/2017
Aleksey_Sorokin,2620,DeadBeforeDawn,2568,Black,1 min,bullet,30,Lost,9/1/2017
Aleksey_Sorokin,2630,DeadBeforeDawn,2558,White,1 min,bullet,55,Lost,9/1/2017
Aleksey_Sorokin,2640,7hanat,2556,White,1 min,bullet,41,Won,8/31/2017
Aleksey_Sorokin,2634,7hanat,2562,Black,1 min,bullet,86,Won,8/31/2017
Aleksey_Sorokin,2627,7hanat,2569,White,1 min,bullet,84,Won,8/31/2017
Aleksey_Sorokin,2620,SomePatzer,2614,Black,1 min,bullet,26,Won,8/31/2017
Aleksey_Sorokin,2612,SomePatzer,2622,White,1 min,bullet,33,Lost,8/31/2017
Aleksey_Sorokin,2620,SomePatzer,2614,Black,1 min,bullet,23,Lost,8/31/2017
Aleksey_Sorokin,2629,IMTominho,2593,Black,1 min,bullet,59,Won,8/31/2017
Aleksey_Sorokin,2621,IMTominho,2601,White,1 min,bullet,67,Lost,8/31/2017
Aleksey_Sorokin,2630,IMTominho,2592,Black,1 min,bullet,44,Lost,8/31/2017
Aleksey_Sorokin,2639,IMTominho,2583,White,1 min,bullet,46,Won,8/31/2017
Aleksey_Sorokin,2632,IMTominho,2590,Black,1 min,bullet,78,Lost,8/31/2017