player,player_rating,opponent,opponent_rating,side,time_control,time_category,moves,result,date
Aleksey_Sorokin,2658,MeoMem,2576,White,3 min,blitz,58,Lost,10/21/2018
Aleksey_Sorokin,2668,WhiteDemoN,2522,White,3 min,blitz,17,Won,10/20/2018
Aleksey_Sorokin,2663,Bad_left_hook,2528,White,3 min,blitz,27,Lost,10/20/2018
Aleksey_Sorokin,2674,Bad_left_hook,2517,Black,3 min,blitz,64,Draw,10/20/2018
Aleksey_Sorokin,2678,Bad_left_hook,2513,White,3 min,blitz,77,Won,10/20/2018
Aleksey_Sorokin,2673,LordAtreides,2728,Black,3 min,blitz,22,Lost,10/20/2018
Aleksey_Sorokin,2680,LordAtreides,2739,White,3 min,blitz,25,Won,10/20/2018
Aleksey_Sorokin,2670,QDcoach,2659,Black,3 min,blitz,24,Lost,10/20/2018
Aleksey_Sorokin,2679,QDcoach,2650,White,3 min,blitz,25,Won,10/20/2018
Aleksey_Sorokin,2671,QDcoach,2658,Black,3 min,blitz,28,Won,10/20/2018
Aleksey_Sorokin,2663,LordAtreides,2743,Black,3 min,blitz,37,Lost,10/20/2018
Aleksey_Sorokin,2670,liuyuanzhanfu,2778,White,3 min,blitz,57,Lost,10/20/2018
Aleksey_Sorokin,2676,transponster,2798,White,3 min,blitz,31,Lost,10/19/2018
Aleksey_Sorokin,2682,Boorchess,2568,Black,3 min,blitz,56,Lost,10/19/2018
Aleksey_Sorokin,2693,TheFourthMigo,2571,White,3 min,blitz,23,Won,10/19/2018
Aleksey_Sorokin,2687,cstevens1,2629,Black,3 min,blitz,44,Lost,10/16/2018
Aleksey_Sorokin,2697,cstevens1,2619,White,3 min,blitz,41,Won,10/16/2018
Aleksey_Sorokin,2690,Pepperment_kisses,2637,Black,3 min,blitz,10,Won,10/14/2018
Aleksey_Sorokin,2683,DoctorSocrates,2543,White,3 min,blitz,1,Won,10/14/2018
Aleksey_Sorokin,2678,abhijeetgupta1016,2764,Black,3 min,blitz,17,Lost,10/14/2018
Aleksey_Sorokin,2684,thalaiva,2549,Black,3 min,blitz,52,Won,10/14/2018
Aleksey_Sorokin,2679,thalaiva,2554,White,3 min,blitz,46,Won,10/14/2018
Aleksey_Sorokin,2674,Perfeccionista,2628,Black,3 min,blitz,53,Won,10/13/2018
Aleksey_Sorokin,2667,Perfeccionista,2635,White,3 min,blitz,56,Lost,10/13/2018
Aleksey_Sorokin,2676,dangerousfish,2590,White,3 min,blitz,30,Won,10/13/2018
Aleksey_Sorokin,2670,dangerousfish,2596,Black,3 min,blitz,40,Won,10/13/2018
Aleksey_Sorokin,2663,RDG36,2734,Black,3 min,blitz,43,Draw,10/13/2018
Aleksey_Sorokin,2661,cstevens1,2565,Black,3 min,blitz,40,Lost,10/12/2018
Aleksey_Sorokin,2672,cstevens1,2554,White,3 min,blitz,44,Won,10/12/2018
Aleksey_Sorokin,2666,INDIAN-ELEPHANT,2705,White,3 min,blitz,23,Won,10/12/2018
Aleksey_Sorokin,2657,AkibaRubi,2523,Black,3 min,blitz,39,Won,10/12/2018
Aleksey_Sorokin,2652,agapov771,2456,White,3 min,blitz,34,Won,10/12/2018
Aleksey_Sorokin,2648,TheFourthMigo,2513,Black,3 min,blitz,41,Lost,10/11/2018
Aleksey_Sorokin,2659,ficorrales,2680,White,3 min,blitz,70,Lost,10/10/2018
Aleksey_Sorokin,2667,ficorrales,2672,Black,3 min,blitz,67,Lost,10/10/2018
Aleksey_Sorokin,2675,ficorrales,2664,White,3 min,blitz,38,Won,10/10/2018
Aleksey_Sorokin,2667,ficorrales,2672,Black,3 min,blitz,18,Lost,10/10/2018
Aleksey_Sorokin,2675,ficorrales,2649,White,3 min,blitz,17,Lost,10/10/2018
Aleksey_Sorokin,2684,ficorrales,2640,Black,3 min,blitz,87,Lost,10/10/2018
Aleksey_Sorokin,2693,ficorrales,2631,White,3 min,blitz,67,Won,10/10/2018
Aleksey_Sorokin,2686,ficorrales,2638,Black,3 min,blitz,42,Won,10/10/2018
Aleksey_Sorokin,2679,ZiggyStardust64,2664,Black,3 min,blitz,70,Lost,10/10/2018
Aleksey_Sorokin,2688,ZiggyStardust64,2655,White,3 min,blitz,25,Won,10/10/2018
Aleksey_Sorokin,2680,GeorgiosSouleidis,2600,White,3 min,blitz,82,Won,10/10/2018
Aleksey_Sorokin,2674,GeorgiosSouleidis,2606,Black,3 min,blitz,22,Lost,10/10/2018
Aleksey_Sorokin,2684,SONOFHOLYGOD,2544,White,3 min,blitz,74,Lost,10/9/2018
Aleksey_Sorokin,2696,SONOFHOLYGOD,2532,Black,3 min,blitz,46,Won,10/9/2018
Aleksey_Sorokin,2691,SONOFHOLYGOD,2537,White,3 min,blitz,61,Won,10/9/2018
Aleksey_Sorokin,2686,SONOFHOLYGOD,2542,Black,3 min,blitz,27,Won,10/9/2018
Aleksey_Sorokin,2681,SONOFHOLYGOD,2547,White,3 min,blitz,65,Draw,10/9/2018