player,player_rating,opponent,opponent_rating,side,time_control,time_category,moves,result,date
Aleksey_Sorokin,2673,advantageLucy,2530,Black,3 min,blitz,48,Won,3/29/2019
Aleksey_Sorokin,2668,advantageLucy,2535,White,3 min,blitz,44,Won,3/29/2019
Aleksey_Sorokin,2663,FritzWalterSchach,2537,White,3 min,blitz,30,Won,3/29/2019
Aleksey_Sorokin,2658,nrvisakh,2709,White,3 min,blitz,60,Draw,3/29/2019
Aleksey_Sorokin,2657,nrvisakh,2710,Black,3 min,blitz,44,Lost,3/29/2019
Aleksey_Sorokin,2664,Arkady_Gitelson,2523,White,3 min,blitz,55,Lost,3/28/2019
Aleksey_Sorokin,2675,stuwdrey,2519,Black,3 min,blitz,63,Won,3/28/2019
Aleksey_Sorokin,2670,KardashevskiyEvgeny,2619,White,3 min,blitz,35,Lost,3/28/2019
Aleksey_Sorokin,2680,KardashevskiyEvgeny,2609,Black,3 min,blitz,29,Won,3/28/2019
Aleksey_Sorokin,2673,Szczor,2488,Black,3 min,blitz,61,Won,3/28/2019
Aleksey_Sorokin,2669,joshdaruca,2815,White,3 min,blitz,41,Lost,3/28/2019
Aleksey_Sorokin,2674,joshdaruca,2810,Black,3 min,blitz,70,Won,3/28/2019
Aleksey_Sorokin,2663,nrvisakh,2691,White,3 min,blitz,28,Lost,3/28/2019
Aleksey_Sorokin,2671,nrvisakh,2683,Black,3 min,blitz,55,Won,3/28/2019
Aleksey_Sorokin,2662,irregularity,2546,Black,3 min,blitz,22,Won,3/28/2019
Aleksey_Sorokin,2656,Fabifanboi,2693,Black,3 min,blitz,54,Lost,3/28/2019
Aleksey_Sorokin,2663,GSWHoops,2476,White,3 min,blitz,70,Won,3/27/2019
Aleksey_Sorokin,2659,jhonnyuribe,2618,White,3 min,blitz,39,Lost,3/26/2019
Aleksey_Sorokin,2668,KeithArkell,2641,Black,3 min,blitz,23,Lost,3/25/2019
Aleksey_Sorokin,2677,KeithArkell,2632,White,3 min,blitz,44,Lost,3/25/2019
Aleksey_Sorokin,2686,KeithArkell,2623,Black,3 min,blitz,27,Won,3/25/2019
Aleksey_Sorokin,2679,KeithArkell,2630,White,3 min,blitz,45,Lost,3/25/2019
Aleksey_Sorokin,2689,Fabifanboi,2639,White,3 min,blitz,58,Lost,3/25/2019
Aleksey_Sorokin,2699,Alexander_Khlebovich,2632,Black,3 min,blitz,42,Won,3/25/2019
Aleksey_Sorokin,2692,German_Bazeev,2652,Black,3 min,blitz,54,Won,3/25/2019
Aleksey_Sorokin,2685,Kornelone99,2571,Black,3 min,blitz,26,Won,3/25/2019
Aleksey_Sorokin,2679,FilipCukrowski,2550,White,3 min,blitz,14,Won,3/25/2019
Aleksey_Sorokin,2674,FilipCukrowski,2555,Black,3 min,blitz,60,Won,3/25/2019
Aleksey_Sorokin,2668,Alexander_Khlebovich,2631,White,3 min,blitz,78,Lost,3/25/2019
Aleksey_Sorokin,2677,IGROK1111,2658,White,3 min,blitz,38,Won,3/24/2019
Aleksey_Sorokin,2669,GMG,2599,White,3 min,blitz,44,Lost,3/24/2019
Aleksey_Sorokin,2679,GMG,2589,Black,3 min,blitz,43,Won,3/24/2019
Aleksey_Sorokin,2673,GMG,2595,White,3 min,blitz,61,Won,3/24/2019
Aleksey_Sorokin,2666,almostright,2522,White,3 min,blitz,41,Draw,3/23/2019
Aleksey_Sorokin,2669,anaak,2637,Black,3 min,blitz,53,Lost,3/23/2019
Aleksey_Sorokin,2678,anaak,2628,White,3 min,blitz,49,Won,3/23/2019
Aleksey_Sorokin,2671,anaak,2635,Black,3 min,blitz,51,Won,3/23/2019
Aleksey_Sorokin,2655,nfds,2573,Black,3 min,blitz,58,Draw,3/20/2019
Aleksey_Sorokin,2646,ChessMan2win,2545,Black,3 min,blitz,32,Lost,3/19/2019
Aleksey_Sorokin,2657,RabbiAshi,2636,White,3 min,blitz,43,Lost,3/18/2019
Aleksey_Sorokin,2666,QDcoach,2723,White,3 min,blitz,20,Lost,3/18/2019
Aleksey_Sorokin,2673,TenisMaster,2832,Black,3 min,blitz,56,Lost,3/18/2019
Aleksey_Sorokin,2678,sadoileM,2477,Black,3 min,blitz,42,Won,3/18/2019
Aleksey_Sorokin,2674,3MusketeersXFrench,2671,Black,3 min,blitz,34,Lost,3/18/2019
Aleksey_Sorokin,2682,3MusketeersXFrench,2663,White,3 min,blitz,89,Draw,3/18/2019
Aleksey_Sorokin,2682,Sekar24,2580,Black,3 min,blitz,26,Won,3/17/2019
Aleksey_Sorokin,2676,KelvinSanchez,2503,White,3 min,blitz,35,Lost,3/17/2019
Aleksey_Sorokin,2688,Chebure,2535,Black,3 min,blitz,50,Won,3/16/2019
Aleksey_Sorokin,2683,Chebure,2541,White,3 min,blitz,36,Won,3/16/2019
Aleksey_Sorokin,2678,Bryakin_Mikhail,2716,White,3 min,blitz,34,Won,3/16/2019