player,player_rating,opponent,opponent_rating,side,time_control,time_category,moves,result,date
Aleksey_Sorokin,2633,swayamsm,2586,White,1 min,bullet,35,Lost,11/5/2017
Aleksey_Sorokin,2643,swayamsm,2576,Black,1 min,bullet,55,Lost,11/5/2017
Aleksey_Sorokin,2653,swayamsm,2566,White,1 min,bullet,29,Won,11/5/2017
Aleksey_Sorokin,2647,swayamsm,2572,Black,1 min,bullet,67,Draw,11/5/2017
Aleksey_Sorokin,2649,Rikikits,2706,Black,1 min,bullet,46,Lost,11/5/2017
Aleksey_Sorokin,2656,Rikikits,2699,White,1 min,bullet,69,Won,11/5/2017
Aleksey_Sorokin,2647,Rikikits,2708,Black,1 min,bullet,56,Lost,11/5/2017
Aleksey_Sorokin,2654,Rikikits,2701,White,1 min,bullet,39,Won,11/5/2017
Aleksey_Sorokin,2645,Rikikits,2710,Black,1 min,bullet,30,Lost,11/5/2017
Aleksey_Sorokin,2652,Rikikits,2703,White,1 min,bullet,63,Lost,11/5/2017
Aleksey_Sorokin,2659,Rikikits,2696,Black,1 min,bullet,54,Lost,11/5/2017
Aleksey_Sorokin,2666,Rikikits,2689,White,1 min,bullet,73,Lost,11/5/2017
Aleksey_Sorokin,2674,OldweakGM,2556,White,1 min,bullet,46,Won,11/5/2017
Aleksey_Sorokin,2668,OldweakGM,2583,Black,1 min,bullet,41,Draw,11/5/2017
Aleksey_Sorokin,2670,TheLancer,2598,White,1 min,bullet,21,Lost,11/5/2017
Aleksey_Sorokin,2680,TheLancer,2588,Black,1 min,bullet,90,Lost,11/5/2017
Aleksey_Sorokin,2691,TheLancer,2577,White,1 min,bullet,55,Lost,11/5/2017
Aleksey_Sorokin,2702,TheLancer,2566,Black,1 min,bullet,47,Won,11/5/2017
Aleksey_Sorokin,2697,TheLancer,2571,White,1 min,bullet,30,Lost,11/5/2017
Aleksey_Sorokin,2708,TheLancer,2560,Black,1 min,bullet,80,Won,11/5/2017
Aleksey_Sorokin,2703,TheLancer,2565,White,1 min,bullet,50,Won,11/5/2017
Aleksey_Sorokin,2698,TheLancer,2570,Black,1 min,bullet,44,Lost,11/5/2017
Aleksey_Sorokin,2709,TheLancer,2559,White,1 min,bullet,46,Won,11/5/2017
Aleksey_Sorokin,2704,TheLancer,2564,Black,1 min,bullet,42,Draw,11/5/2017
Aleksey_Sorokin,2707,TheLancer,2561,White,1 min,bullet,82,Draw,11/5/2017
Aleksey_Sorokin,2710,TheLancer,2558,Black,1 min,bullet,93,Lost,11/5/2017
Aleksey_Sorokin,2722,TheLancer,2546,White,1 min,bullet,34,Won,11/5/2017
Aleksey_Sorokin,2718,TheLancer,2550,Black,1 min,bullet,37,Won,11/5/2017
Aleksey_Sorokin,2713,TheLancer,2555,White,1 min,bullet,22,Won,11/5/2017
Aleksey_Sorokin,2708,TheLancer,2560,Black,1 min,bullet,39,Won,11/5/2017
Aleksey_Sorokin,2703,pultineviciuspaulius,2664,Black,1 min,bullet,31,Won,11/4/2017
Aleksey_Sorokin,2696,pultineviciuspaulius,2671,White,1 min,bullet,33,Lost,11/4/2017
Aleksey_Sorokin,2705,pultineviciuspaulius,2662,Black,1 min,bullet,43,Lost,11/4/2017
Aleksey_Sorokin,2714,pultineviciuspaulius,2653,White,1 min,bullet,74,Won,11/4/2017
Aleksey_Sorokin,2707,pultineviciuspaulius,2660,Black,1 min,bullet,79,Lost,11/4/2017
Aleksey_Sorokin,2716,pultineviciuspaulius,2651,White,1 min,bullet,65,Won,11/4/2017
Aleksey_Sorokin,2709,pultineviciuspaulius,2658,Black,1 min,bullet,61,Won,11/4/2017
Aleksey_Sorokin,2702,pultineviciuspaulius,2665,White,1 min,bullet,25,Lost,11/4/2017
Aleksey_Sorokin,2711,pultineviciuspaulius,2656,Black,1 min,bullet,80,Won,11/4/2017
Aleksey_Sorokin,2704,pultineviciuspaulius,2663,White,1 min,bullet,55,Lost,11/4/2017
Aleksey_Sorokin,2713,pultineviciuspaulius,2654,Black,1 min,bullet,76,Draw,11/4/2017
Aleksey_Sorokin,2714,mukhin1,2708,White,1 min,bullet,64,Lost,11/4/2017
Aleksey_Sorokin,2723,mukhin1,2699,Black,1 min,bullet,64,Lost,11/4/2017
Aleksey_Sorokin,2732,mukhin1,2690,White,1 min,bullet,42,Won,11/4/2017
Aleksey_Sorokin,2725,mukhin1,2697,Black,1 min,bullet,66,Lost,11/4/2017
Aleksey_Sorokin,2734,mukhin1,2688,White,1 min,bullet,53,Draw,11/4/2017
Aleksey_Sorokin,2735,mukhin1,2687,Black,1 min,bullet,52,Draw,11/4/2017
Aleksey_Sorokin,2736,mukhin1,2686,White,1 min,bullet,42,Won,11/4/2017
Aleksey_Sorokin,2729,mukhin1,2693,Black,1 min,bullet,20,Won,11/4/2017
Aleksey_Sorokin,2721,mukhin1,2701,White,1 min,bullet,63,Draw,11/4/2017