player,player_rating,opponent,opponent_rating,side,time_control,time_category,moves,result,date
Aleksey_Sorokin,2599,Fablibi,2520,White,1 min,bullet,37,Draw,8/28/2017
Aleksey_Sorokin,2601,aoetnhiudgcroekjxdcnoeubu,2673,Black,1 min,bullet,68,Lost,8/28/2017
Aleksey_Sorokin,2608,aoetnhiudgcroekjxdcnoeubu,2666,White,1 min,bullet,77,Draw,8/28/2017
Aleksey_Sorokin,2607,xberli,2552,Black,1 min,bullet,78,Lost,8/28/2017
Aleksey_Sorokin,2617,xberli,2542,White,1 min,bullet,63,Lost,8/28/2017
Aleksey_Sorokin,2627,xberli,2532,Black,1 min,bullet,55,Lost,8/28/2017
Aleksey_Sorokin,2638,xberli,2521,White,1 min,bullet,25,Won,8/28/2017
Aleksey_Sorokin,2632,xberli,2527,Black,1 min,bullet,18,Lost,8/28/2017
Aleksey_Sorokin,2643,xberli,2516,White,1 min,bullet,68,Won,8/28/2017
Aleksey_Sorokin,2638,xberli,2521,Black,1 min,bullet,48,Lost,8/28/2017
Aleksey_Sorokin,2649,xberli,2510,White,1 min,bullet,81,Draw,8/28/2017
Aleksey_Sorokin,2652,Jovencitos33,2523,Black,1 min,bullet,43,Won,8/28/2017
Aleksey_Sorokin,2647,Jovencitos33,2528,White,1 min,bullet,62,Won,8/28/2017
Aleksey_Sorokin,2641,Jovencitos33,2534,Black,1 min,bullet,46,Won,8/28/2017
Aleksey_Sorokin,2635,Jovencitos33,2540,White,1 min,bullet,58,Won,8/28/2017
Aleksey_Sorokin,2629,HumbleBullet,2728,White,1 min,bullet,24,Lost,8/28/2017
Aleksey_Sorokin,2635,HumbleBullet,2722,Black,1 min,bullet,24,Lost,8/28/2017
Aleksey_Sorokin,2641,HumbleBullet,2716,White,1 min,bullet,27,Lost,8/28/2017
Aleksey_Sorokin,2648,Keranke,2829,White,1 min,bullet,61,Lost,8/26/2017
Aleksey_Sorokin,2652,Keranke,2825,Black,1 min,bullet,51,Lost,8/26/2017
Aleksey_Sorokin,2657,Keranke,2820,White,1 min,bullet,30,Lost,8/26/2017
Aleksey_Sorokin,2662,Keranke,2815,Black,1 min,bullet,45,Lost,8/26/2017
Aleksey_Sorokin,2667,aoetnhiudgcroekjxdcnoeubu,2636,Black,1 min,bullet,26,Won,8/26/2017
Aleksey_Sorokin,2659,aoetnhiudgcroekjxdcnoeubu,2644,White,1 min,bullet,42,Won,8/26/2017
Aleksey_Sorokin,2651,aoetnhiudgcroekjxdcnoeubu,2652,Black,1 min,bullet,32,Won,8/26/2017
Aleksey_Sorokin,2643,aoetnhiudgcroekjxdcnoeubu,2660,White,1 min,bullet,35,Lost,8/26/2017
Aleksey_Sorokin,2651,aoetnhiudgcroekjxdcnoeubu,2652,Black,1 min,bullet,50,Won,8/26/2017
Aleksey_Sorokin,2643,aoetnhiudgcroekjxdcnoeubu,2660,White,1 min,bullet,59,Lost,8/26/2017
Aleksey_Sorokin,2651,aoetnhiudgcroekjxdcnoeubu,2652,Black,1 min,bullet,19,Won,8/26/2017
Aleksey_Sorokin,2643,bestblitz,2661,Black,1 min,bullet,37,Won,8/26/2017
Aleksey_Sorokin,2634,bestblitz,2670,White,1 min,bullet,52,Lost,8/26/2017
Aleksey_Sorokin,2641,bestblitz,2663,Black,1 min,bullet,64,Lost,8/26/2017
Aleksey_Sorokin,2649,bestblitz,2655,White,1 min,bullet,42,Won,8/26/2017
Aleksey_Sorokin,2640,bestblitz,2664,Black,1 min,bullet,50,Lost,8/26/2017
Aleksey_Sorokin,2648,bestblitz,2656,White,1 min,bullet,40,Lost,8/26/2017
Aleksey_Sorokin,2656,YDhouse,2540,White,1 min,bullet,62,Won,8/26/2017
Aleksey_Sorokin,2650,YDhouse,2546,Black,1 min,bullet,20,Won,8/26/2017
Aleksey_Sorokin,2644,YDhouse,2552,White,1 min,bullet,67,Lost,8/26/2017
Aleksey_Sorokin,2654,YDhouse,2542,Black,1 min,bullet,54,Won,8/26/2017
Aleksey_Sorokin,2648,YDhouse,2548,White,1 min,bullet,35,Won,8/26/2017
Aleksey_Sorokin,2642,YDhouse,2554,Black,1 min,bullet,20,Won,8/26/2017
Aleksey_Sorokin,2636,YDhouse,2560,White,1 min,bullet,63,Won,8/26/2017
Aleksey_Sorokin,2629,YDhouse,2567,Black,1 min,bullet,50,Won,8/26/2017
Aleksey_Sorokin,2622,YDhouse,2574,White,1 min,bullet,76,Lost,8/26/2017
Aleksey_Sorokin,2632,YDhouse,2564,Black,1 min,bullet,59,Draw,8/26/2017
Aleksey_Sorokin,2634,YDhouse,2562,White,1 min,bullet,48,Lost,8/26/2017
Aleksey_Sorokin,2644,lachesisQ,2801,White,1 min,bullet,21,Lost,8/26/2017
Aleksey_Sorokin,2649,lachesisQ,2787,Black,1 min,bullet,22,Lost,8/26/2017
Aleksey_Sorokin,2654,aleks45,2549,Black,1 min,bullet,34,Lost,8/25/2017
Aleksey_Sorokin,2665,kreutzer1632,2560,Black,1 min,bullet,61,Draw,8/18/2017