player,player_rating,opponent,opponent_rating,side,time_control,time_category,moves,result,date
Aleksey_Sorokin,2722,AFishbein,2647,Black,3 min,blitz,41,Won,12/1/2018
Aleksey_Sorokin,2715,Artur_Avalyan03,2684,White,3 min,blitz,75,Lost,11/30/2018
Aleksey_Sorokin,2724,Artur_Avalyan03,2675,Black,3 min,blitz,15,Won,11/30/2018
Aleksey_Sorokin,2717,Artur_Avalyan03,2682,White,3 min,blitz,44,Lost,11/30/2018
Aleksey_Sorokin,2726,Artur_Avalyan03,2673,Black,3 min,blitz,26,Won,11/30/2018
Aleksey_Sorokin,2719,Artur_Avalyan03,2680,White,3 min,blitz,32,Won,11/30/2018
Aleksey_Sorokin,2712,Artur_Avalyan03,2687,Black,3 min,blitz,23,Won,11/30/2018
Aleksey_Sorokin,2704,MrTattaglia,2651,Black,3 min,blitz,56,Draw,11/30/2018
Aleksey_Sorokin,2705,Korum65,2501,Black,3 min,blitz,29,Won,11/30/2018
Aleksey_Sorokin,2701,cn_ua,2614,Black,3 min,blitz,17,Won,11/30/2018
Aleksey_Sorokin,2695,ToivoK3,2721,White,3 min,blitz,40,Lost,11/30/2018
Aleksey_Sorokin,2703,ZiggyStardust64,2552,Black,3 min,blitz,47,Draw,11/30/2018
Aleksey_Sorokin,2706,ZiggyStardust64,2549,White,3 min,blitz,25,Won,11/30/2018
Aleksey_Sorokin,2701,Alexander_Khlebovich,2681,White,3 min,blitz,59,Draw,11/30/2018
Aleksey_Sorokin,2701,zim0ne,2659,Black,3 min,blitz,46,Lost,11/29/2018
Aleksey_Sorokin,2710,Mischuk_D,2576,White,3 min,blitz,38,Draw,11/29/2018
Aleksey_Sorokin,2713,VSawaF,2532,Black,3 min,blitz,64,Won,11/29/2018
Aleksey_Sorokin,2709,Ginzburg_Yakov,2581,White,3 min,blitz,22,Won,11/29/2018
Aleksey_Sorokin,2704,thatsallshewrote,2835,Black,3 min,blitz,79,Won,11/29/2018
Aleksey_Sorokin,2693,thatsallshewrote,2846,White,3 min,blitz,51,Lost,11/29/2018
Aleksey_Sorokin,2698,pep123,2498,Black,3 min,blitz,38,Won,11/29/2018
Aleksey_Sorokin,2694,marcods,2487,White,3 min,blitz,47,Won,11/29/2018
Aleksey_Sorokin,2690,louis198,2544,Black,3 min,blitz,57,Lost,11/28/2018
Aleksey_Sorokin,2702,Kingh_77,2711,White,3 min,blitz,48,Lost,11/28/2018
Aleksey_Sorokin,2710,Superactive,2622,Black,3 min,blitz,51,Draw,11/28/2018
Aleksey_Sorokin,2712,pKiLz5Rn9b,2788,White,3 min,blitz,45,Won,11/28/2018
Aleksey_Sorokin,2702,pepeflautas,2745,Black,3 min,blitz,69,Lost,11/27/2018
Aleksey_Sorokin,2709,Axves,2614,White,3 min,blitz,25,Won,11/27/2018
Aleksey_Sorokin,2703,mishanick,2866,White,3 min,blitz,70,Draw,11/27/2018
Aleksey_Sorokin,2699,Black-Flash,2672,White,3 min,blitz,74,Draw,11/27/2018
Aleksey_Sorokin,2700,GrigorGrigorov,2740,Black,3 min,blitz,32,Won,11/27/2018
Aleksey_Sorokin,2691,GrigorGrigorov,2749,White,3 min,blitz,25,Won,11/27/2018
Aleksey_Sorokin,2681,SinghTejpal,2628,White,3 min,blitz,61,Won,11/27/2018
Aleksey_Sorokin,2674,mavuba,2638,Black,3 min,blitz,36,Lost,11/27/2018
Aleksey_Sorokin,2683,mavuba,2629,White,3 min,blitz,29,Won,11/27/2018
Aleksey_Sorokin,2676,PawelCzarnota,2719,Black,3 min,blitz,39,Lost,11/21/2018
Aleksey_Sorokin,2683,PawelCzarnota,2707,White,3 min,blitz,60,Won,11/21/2018
Aleksey_Sorokin,2674,MeoMem,2594,Black,3 min,blitz,46,Won,11/21/2018
Aleksey_Sorokin,2667,honestgirl,2741,Black,3 min,blitz,19,Lost,11/21/2018
Aleksey_Sorokin,2674,mmmflatbread,2632,Black,3 min,blitz,48,Draw,11/21/2018
Aleksey_Sorokin,2675,Charlespaulmorphy,2637,White,3 min,blitz,55,Won,11/21/2018
Aleksey_Sorokin,2668,JustAnything,2537,Black,3 min,blitz,48,Won,11/21/2018
Aleksey_Sorokin,2663,Kira170,2602,White,3 min,blitz,37,Draw,11/20/2018
Aleksey_Sorokin,2664,Pal2855,2550,Black,3 min,blitz,54,Lost,11/18/2018
Aleksey_Sorokin,2675,Pal2855,2539,White,3 min,blitz,7,Won,11/18/2018
Aleksey_Sorokin,2670,Rus_Steel,2704,Black,3 min,blitz,55,Lost,11/18/2018
Aleksey_Sorokin,2678,tarquilnius,2542,White,3 min,blitz,35,Won,11/18/2018
Aleksey_Sorokin,2673,Ginzburg_Yakov,2551,Black,3 min,blitz,50,Won,11/18/2018
Aleksey_Sorokin,2667,Raja3401,2639,Black,3 min,blitz,45,Lost,11/18/2018
Aleksey_Sorokin,2676,Raja3401,2630,White,3 min,blitz,78,Won,11/18/2018