player,player_rating,opponent,opponent_rating,side,time_control,time_category,moves,result,date
Aleksey_Sorokin,2607,samuray1990,2494,Black,1 min,bullet,47,Won,7/19/2017
Aleksey_Sorokin,2601,samuray1990,2500,White,1 min,bullet,61,Draw,7/19/2017
Aleksey_Sorokin,2603,Paladin61,2491,Black,1 min,bullet,33,Won,7/18/2017
Aleksey_Sorokin,2597,Paladin61,2497,White,1 min,bullet,38,Won,7/18/2017
Aleksey_Sorokin,2591,Paladin61,2503,Black,1 min,bullet,20,Won,7/18/2017
Aleksey_Sorokin,2585,Paladin61,2509,White,1 min,bullet,65,Draw,7/18/2017
Aleksey_Sorokin,2587,Paladin61,2507,Black,1 min,bullet,51,Won,7/18/2017
Aleksey_Sorokin,2580,Paladin61,2514,White,1 min,bullet,44,Won,7/18/2017
Aleksey_Sorokin,2573,Paladin61,2521,Black,1 min,bullet,50,Won,7/18/2017
Aleksey_Sorokin,2566,Paladin61,2528,White,1 min,bullet,66,Draw,7/18/2017
Aleksey_Sorokin,2567,Paladin61,2527,Black,1 min,bullet,34,Lost,7/18/2017
Aleksey_Sorokin,2576,Paladin61,2518,White,1 min,bullet,46,Won,7/18/2017
Aleksey_Sorokin,2569,Paladin61,2525,Black,1 min,bullet,25,Lost,7/18/2017
Aleksey_Sorokin,2578,Paladin61,2516,White,1 min,bullet,56,Won,7/18/2017
Aleksey_Sorokin,2571,Paladin61,2523,Black,1 min,bullet,58,Won,7/18/2017
Aleksey_Sorokin,2563,Paladin61,2530,White,1 min,bullet,28,Draw,7/18/2017
Aleksey_Sorokin,2564,Davit_Tiraturyan,2575,Black,1 min,bullet,39,Lost,7/18/2017
Aleksey_Sorokin,2573,Davit_Tiraturyan,2567,White,1 min,bullet,31,Lost,7/18/2017
Aleksey_Sorokin,2583,Davit_Tiraturyan,2558,Black,1 min,bullet,78,Won,7/18/2017
Aleksey_Sorokin,2574,Davit_Tiraturyan,2566,White,1 min,bullet,73,Lost,7/18/2017
Aleksey_Sorokin,2584,Davit_Tiraturyan,2557,Black,1 min,bullet,65,Draw,7/18/2017
Aleksey_Sorokin,2585,Paladin61,2535,Black,1 min,bullet,51,Won,7/18/2017
Aleksey_Sorokin,2576,Paladin61,2542,White,1 min,bullet,58,Won,7/18/2017
Aleksey_Sorokin,2566,Paladin61,2550,Black,1 min,bullet,67,Draw,7/18/2017
Aleksey_Sorokin,2566,Paladin61,2550,White,1 min,bullet,61,Lost,7/18/2017
Aleksey_Sorokin,2578,Paladin61,2541,Black,1 min,bullet,32,Won,7/18/2017
Aleksey_Sorokin,2567,Paladin61,2549,White,1 min,bullet,48,Lost,7/18/2017
Aleksey_Sorokin,2580,Paladin61,2540,Black,1 min,bullet,32,Draw,7/18/2017
Aleksey_Sorokin,2581,Paladin61,2539,White,1 min,bullet,41,Won,7/18/2017
Aleksey_Sorokin,2569,Paladin61,2546,Black,1 min,bullet,18,Won,7/18/2017
Aleksey_Sorokin,2556,Paladin61,2554,White,1 min,bullet,59,Won,7/18/2017
Aleksey_Sorokin,2542,Cosmoshyrick,2333,Black,1 min,bullet,58,Won,7/18/2017
Aleksey_Sorokin,2535,chesslife,2396,Black,1 min,bullet,33,Won,7/18/2017
Aleksey_Sorokin,2526,chesslife,2401,White,1 min,bullet,67,Won,7/18/2017
Aleksey_Sorokin,2516,megacabby1,2387,White,1 min,bullet,40,Won,7/17/2017
Aleksey_Sorokin,2506,sauledramolac,2295,White,1 min,bullet,36,Won,7/17/2017
Aleksey_Sorokin,2498,pultineviciuspaulius,2400,White,1 min,bullet,46,Won,7/17/2017
Aleksey_Sorokin,2485,DincerTasdogen,2570,Black,1 min,bullet,41,Lost,7/17/2017
Aleksey_Sorokin,2499,StfuPlz,2446,White,1 min,bullet,24,Won,7/17/2017
Aleksey_Sorokin,2483,DincerTasdogen,2563,White,1 min,bullet,37,Lost,7/17/2017
Aleksey_Sorokin,2498,DincerTasdogen,2556,Black,1 min,bullet,54,Lost,7/17/2017
Aleksey_Sorokin,2516,DincerTasdogen,2549,White,1 min,bullet,74,Lost,7/17/2017
Aleksey_Sorokin,2536,tartaros80,2452,Black,1 min,bullet,62,Won,7/17/2017
Aleksey_Sorokin,2518,tartaros80,2459,White,1 min,bullet,73,Lost,7/17/2017
Aleksey_Sorokin,2547,tartaros80,2449,Black,1 min,bullet,32,Won,7/17/2017
Aleksey_Sorokin,2528,vietnamesewarrior,2317,Black,1 min,bullet,37,Won,7/17/2017
Aleksey_Sorokin,2515,pultineviciuspaulius,2395,Black,1 min,bullet,35,Won,7/17/2017
Aleksey_Sorokin,2495,Davit_Tiraturyan,2627,White,1 min,bullet,32,Lost,7/17/2017
Aleksey_Sorokin,2516,StfuPlz,2394,Black,1 min,bullet,14,Won,7/17/2017
Aleksey_Sorokin,2492,StfuPlz,2400,Black,1 min,bullet,51,Won,7/17/2017