player,player_rating,opponent,opponent_rating,side,time_control,time_category,moves,result,date
Aleksey_Sorokin,2647,Angry_Serb,2510,White,1 min,bullet,32,Won,1/13/2018
Aleksey_Sorokin,2642,Anwesh9792,2663,Black,1 min,bullet,99,Lost,1/13/2018
Aleksey_Sorokin,2650,Anwesh9792,2655,White,1 min,bullet,50,Won,1/13/2018
Aleksey_Sorokin,2641,Anwesh9792,2664,Black,1 min,bullet,30,Lost,1/13/2018
Aleksey_Sorokin,2649,Anwesh9792,2656,White,1 min,bullet,73,Won,1/13/2018
Aleksey_Sorokin,2640,johnathan113,2619,Black,1 min,bullet,57,Won,1/13/2018
Aleksey_Sorokin,2632,johnathan113,2627,White,1 min,bullet,32,Won,1/13/2018
Aleksey_Sorokin,2624,johnathan113,2635,Black,1 min,bullet,66,Won,1/13/2018
Aleksey_Sorokin,2615,johnathan113,2644,White,1 min,bullet,23,Lost,1/13/2018
Aleksey_Sorokin,2623,johnathan113,2636,Black,1 min,bullet,33,Lost,1/13/2018
Aleksey_Sorokin,2631,johnathan113,2628,White,1 min,bullet,62,Lost,1/13/2018
Aleksey_Sorokin,2639,kirillshevchenko,2592,Black,1 min,bullet,71,Won,1/12/2018
Aleksey_Sorokin,2632,kirillshevchenko,2599,White,1 min,bullet,46,Lost,1/12/2018
Aleksey_Sorokin,2641,kirillshevchenko,2590,Black,1 min,bullet,55,Lost,1/12/2018
Aleksey_Sorokin,2651,kirillshevchenko,2580,White,1 min,bullet,29,Won,1/12/2018
Aleksey_Sorokin,2644,kirillshevchenko,2587,Black,1 min,bullet,34,Won,1/12/2018
Aleksey_Sorokin,2637,kirillshevchenko,2594,White,1 min,bullet,71,Draw,1/12/2018
Aleksey_Sorokin,2638,d404040,2513,Black,1 min,bullet,48,Lost,1/9/2018
Aleksey_Sorokin,2649,Summer-Paradise,2620,Black,1 min,bullet,32,Won,1/9/2018
Aleksey_Sorokin,2641,Summer-Paradise,2628,White,1 min,bullet,57,Won,1/9/2018
Aleksey_Sorokin,2633,Summer-Paradise,2636,Black,1 min,bullet,63,Lost,1/9/2018
Aleksey_Sorokin,2641,Summer-Paradise,2628,White,1 min,bullet,35,Lost,1/9/2018
Aleksey_Sorokin,2650,Markov_Mikhail,2581,White,1 min,bullet,48,Won,1/9/2018
Aleksey_Sorokin,2643,Markov_Mikhail,2588,Black,1 min,bullet,51,Won,1/9/2018
Aleksey_Sorokin,2636,Markov_Mikhail,2595,White,1 min,bullet,57,Won,1/9/2018
Aleksey_Sorokin,2629,Markov_Mikhail,2602,Black,1 min,bullet,31,Won,1/9/2018
Aleksey_Sorokin,2621,SoggyCheese12,2522,Black,1 min,bullet,28,Lost,12/14/2017
Aleksey_Sorokin,2632,SoggyCheese12,2511,White,1 min,bullet,32,Won,12/14/2017
Aleksey_Sorokin,2626,SoggyCheese12,2517,Black,1 min,bullet,39,Won,12/14/2017
Aleksey_Sorokin,2620,Ar4uha,2587,White,1 min,bullet,26,Won,12/14/2017
Aleksey_Sorokin,2612,BrilliantPenguin,2608,White,1 min,bullet,70,Draw,12/13/2017
Aleksey_Sorokin,2612,seppecena,2657,White,1 min,bullet,26,Lost,11/10/2017
Aleksey_Sorokin,2619,seppecena,2650,Black,1 min,bullet,50,Lost,11/10/2017
Aleksey_Sorokin,2627,NguyenXi,2626,Black,1 min,bullet,41,Lost,11/9/2017
Aleksey_Sorokin,2635,NguyenXi,2618,White,1 min,bullet,35,Won,11/9/2017
Aleksey_Sorokin,2627,NguyenXi,2626,Black,1 min,bullet,59,Won,11/9/2017
Aleksey_Sorokin,2619,NguyenXi,2634,White,1 min,bullet,35,Won,11/9/2017
Aleksey_Sorokin,2610,Parciful_cceKonski,2482,White,1 min,bullet,25,Won,11/9/2017
Aleksey_Sorokin,2604,Parciful_cceKonski,2493,Black,1 min,bullet,7,Won,11/9/2017
Aleksey_Sorokin,2598,NguyenXi,2709,Black,1 min,bullet,79,Lost,11/8/2017
Aleksey_Sorokin,2604,NguyenXi,2703,White,1 min,bullet,61,Lost,11/8/2017
Aleksey_Sorokin,2610,NguyenXi,2697,Black,1 min,bullet,41,Lost,11/8/2017
Aleksey_Sorokin,2616,NguyenXi,2691,White,1 min,bullet,40,Won,11/8/2017
Aleksey_Sorokin,2606,NguyenXi,2701,Black,1 min,bullet,50,Won,11/8/2017
Aleksey_Sorokin,2595,NguyenXi,2712,White,1 min,bullet,33,Lost,11/8/2017
Aleksey_Sorokin,2601,NguyenXi,2706,Black,1 min,bullet,54,Lost,11/8/2017
Aleksey_Sorokin,2607,NguyenXi,2700,White,1 min,bullet,31,Lost,11/8/2017
Aleksey_Sorokin,2613,NguyenXi,2694,Black,1 min,bullet,38,Lost,11/8/2017
Aleksey_Sorokin,2619,NguyenXi,2688,White,1 min,bullet,66,Lost,11/8/2017
Aleksey_Sorokin,2626,NguyenXi,2681,Black,1 min,bullet,13,Lost,11/8/2017