player,player_rating,opponent,opponent_rating,side,time_control,time_category,moves,result,date
Aleksey_Sorokin,2614,igorkovalenko,2738,White,1 min,bullet,58,Lost,8/29/2017
Aleksey_Sorokin,2619,igorkovalenko,2733,Black,1 min,bullet,80,Lost,8/29/2017
Aleksey_Sorokin,2625,igorkovalenko,2727,White,1 min,bullet,72,Lost,8/29/2017
Aleksey_Sorokin,2631,igorkovalenko,2721,Black,1 min,bullet,41,Lost,8/29/2017
Aleksey_Sorokin,2637,igorkovalenko,2715,White,1 min,bullet,21,Won,8/29/2017
Aleksey_Sorokin,2627,igorkovalenko,2725,Black,1 min,bullet,56,Won,8/29/2017
Aleksey_Sorokin,2616,7hanat,2448,Black,1 min,bullet,68,Lost,8/29/2017
Aleksey_Sorokin,2628,7hanat,2436,White,1 min,bullet,35,Won,8/29/2017
Aleksey_Sorokin,2624,7hanat,2440,Black,1 min,bullet,18,Won,8/29/2017
Aleksey_Sorokin,2620,pKiLz5Rn9b,2682,Black,1 min,bullet,73,Won,8/29/2017
Aleksey_Sorokin,2610,Novak_Pezelj,2502,Black,1 min,bullet,15,Won,8/29/2017
Aleksey_Sorokin,2604,Novak_Pezelj,2508,White,1 min,bullet,45,Won,8/29/2017
Aleksey_Sorokin,2598,chidori_boruto,2565,Black,1 min,bullet,66,Lost,8/29/2017
Aleksey_Sorokin,2607,chidori_boruto,2556,White,1 min,bullet,28,Lost,8/29/2017
Aleksey_Sorokin,2617,chidori_boruto,2546,Black,1 min,bullet,40,Lost,8/29/2017
Aleksey_Sorokin,2627,pultineviciuspaulius,2638,Black,1 min,bullet,59,Lost,8/29/2017
Aleksey_Sorokin,2635,pKiLz5Rn9b,2714,White,1 min,bullet,33,Lost,8/29/2017
Aleksey_Sorokin,2641,pKiLz5Rn9b,2708,Black,1 min,bullet,56,Won,8/29/2017
Aleksey_Sorokin,2631,pKiLz5Rn9b,2718,White,1 min,bullet,48,Lost,8/29/2017
Aleksey_Sorokin,2637,pKiLz5Rn9b,2712,Black,1 min,bullet,76,Draw,8/29/2017
Aleksey_Sorokin,2635,pKiLz5Rn9b,2714,White,1 min,bullet,24,Won,8/29/2017
Aleksey_Sorokin,2625,pKiLz5Rn9b,2724,Black,1 min,bullet,41,Lost,8/29/2017
Aleksey_Sorokin,2631,pKiLz5Rn9b,2718,White,1 min,bullet,47,Won,8/29/2017
Aleksey_Sorokin,2621,pKiLz5Rn9b,2728,Black,1 min,bullet,28,Lost,8/29/2017
Aleksey_Sorokin,2627,pKiLz5Rn9b,2722,White,1 min,bullet,76,Lost,8/29/2017
Aleksey_Sorokin,2633,pKiLz5Rn9b,2716,Black,1 min,bullet,26,Lost,8/29/2017
Aleksey_Sorokin,2639,pKiLz5Rn9b,2710,White,1 min,bullet,39,Won,8/29/2017
Aleksey_Sorokin,2629,Lxiaoxiao,2586,White,1 min,bullet,42,Draw,8/29/2017
Aleksey_Sorokin,2630,kleinebeer98,2601,Black,1 min,bullet,53,Won,8/29/2017
Aleksey_Sorokin,2622,aleks45,2538,White,1 min,bullet,18,Won,8/29/2017
Aleksey_Sorokin,2616,Lxiaoxiao,2584,White,1 min,bullet,42,Won,8/29/2017
Aleksey_Sorokin,2608,Lxiaoxiao,2600,Black,1 min,bullet,64,Lost,8/29/2017
Aleksey_Sorokin,2617,Lxiaoxiao,2582,White,1 min,bullet,58,Won,8/29/2017
Aleksey_Sorokin,2609,Lxiaoxiao,2599,Black,1 min,bullet,48,Lost,8/29/2017
Aleksey_Sorokin,2618,Lxiaoxiao,2579,White,1 min,bullet,31,Won,8/29/2017
Aleksey_Sorokin,2610,Lxiaoxiao,2598,Black,1 min,bullet,46,Lost,8/29/2017
Aleksey_Sorokin,2619,boris1491,2446,White,1 min,bullet,19,Won,8/28/2017
Aleksey_Sorokin,2615,boris1491,2450,Black,1 min,bullet,41,Draw,8/28/2017
Aleksey_Sorokin,2619,boris1491,2446,White,1 min,bullet,62,Won,8/28/2017
Aleksey_Sorokin,2614,boris1491,2451,Black,1 min,bullet,58,Won,8/28/2017
Aleksey_Sorokin,2609,boris1491,2456,White,1 min,bullet,45,Won,8/28/2017
Aleksey_Sorokin,2604,boris1491,2461,Black,1 min,bullet,74,Won,8/28/2017
Aleksey_Sorokin,2599,boris1491,2466,White,1 min,bullet,65,Won,8/28/2017
Aleksey_Sorokin,2594,Fablibi,2525,Black,1 min,bullet,58,Won,8/28/2017
Aleksey_Sorokin,2587,Fablibi,2532,White,1 min,bullet,28,Lost,8/28/2017
Aleksey_Sorokin,2597,Fablibi,2522,Black,1 min,bullet,35,Lost,8/28/2017
Aleksey_Sorokin,2607,Fablibi,2512,White,1 min,bullet,75,Won,8/28/2017
Aleksey_Sorokin,2601,Fablibi,2518,Black,1 min,bullet,64,Lost,8/28/2017
Aleksey_Sorokin,2611,Fablibi,2508,White,1 min,bullet,37,Won,8/28/2017
Aleksey_Sorokin,2605,Fablibi,2514,Black,1 min,bullet,23,Won,8/28/2017