player,player_rating,opponent,opponent_rating,side,time_control,time_category,moves,result,date
Aleksey_Sorokin,2738,wonderfultime,2843,White,3 min,blitz,46,Lost,9/23/2018
Aleksey_Sorokin,2744,wonderfultime,2837,Black,3 min,blitz,32,Draw,9/23/2018
Aleksey_Sorokin,2742,wonderfultime,2839,White,3 min,blitz,67,Lost,9/23/2018
Aleksey_Sorokin,2748,The_bird_of_peace,2716,Black,3 min,blitz,84,Won,9/23/2018
Aleksey_Sorokin,2740,Blackmind96,2615,Black,3 min,blitz,85,Draw,9/22/2018
Aleksey_Sorokin,2743,Blackmind96,2612,White,3 min,blitz,58,Lost,9/22/2018
Aleksey_Sorokin,2754,Blackmind96,2601,Black,3 min,blitz,78,Draw,9/22/2018
Aleksey_Sorokin,2757,manudavid,2605,White,3 min,blitz,64,Lost,9/22/2018
Aleksey_Sorokin,2769,Mischuk_D,2686,Black,3 min,blitz,72,Lost,9/22/2018
Aleksey_Sorokin,2779,Erik_Obgolts,2587,Black,3 min,blitz,39,Won,9/22/2018
Aleksey_Sorokin,2775,Erik_Obgolts,2591,White,3 min,blitz,19,Won,9/22/2018
Aleksey_Sorokin,2771,Erik_Obgolts,2595,Black,3 min,blitz,43,Won,9/22/2018
Aleksey_Sorokin,2767,Erik_Obgolts,2599,White,3 min,blitz,38,Won,9/22/2018
Aleksey_Sorokin,2762,Erik_Obgolts,2604,Black,3 min,blitz,78,Draw,9/22/2018
Aleksey_Sorokin,2766,Erik_Obgolts,2600,White,3 min,blitz,64,Won,9/22/2018
Aleksey_Sorokin,2761,QuintilianoR,2628,White,3 min,blitz,21,Won,9/22/2018
Aleksey_Sorokin,2756,penguingm1,2861,White,3 min,blitz,52,Lost,9/21/2018
Aleksey_Sorokin,2762,penguingm1,2855,Black,3 min,blitz,29,Lost,9/21/2018
Aleksey_Sorokin,2768,Moskvaa,2696,Black,3 min,blitz,58,Lost,9/21/2018
Aleksey_Sorokin,2778,Moskvaa,2686,White,3 min,blitz,30,Won,9/21/2018
Aleksey_Sorokin,2772,Moskvaa,2692,Black,3 min,blitz,88,Won,9/21/2018
Aleksey_Sorokin,2766,Alexander_Khlebovich,2631,Black,3 min,blitz,49,Won,9/21/2018
Aleksey_Sorokin,2761,Alexander_Khlebovich,2636,White,3 min,blitz,58,Won,9/21/2018
Aleksey_Sorokin,2756,Muradore,2588,Black,3 min,blitz,39,Won,9/21/2018
Aleksey_Sorokin,2751,PulpanJ,2604,Black,3 min,blitz,53,Draw,9/21/2018
Aleksey_Sorokin,2754,esapunov,2637,White,3 min,blitz,52,Won,9/21/2018
Aleksey_Sorokin,2748,mattin2806,2548,White,3 min,blitz,49,Won,9/21/2018
Aleksey_Sorokin,2744,champ2005,2741,White,3 min,blitz,42,Lost,9/20/2018
Aleksey_Sorokin,2752,TampaChess,2809,Black,3 min,blitz,59,Lost,9/20/2018
Aleksey_Sorokin,2759,Kiskader,2608,White,3 min,blitz,29,Won,9/20/2018
Aleksey_Sorokin,2754,Alexander_Khlebovich,2653,Black,3 min,blitz,37,Won,9/19/2018
Aleksey_Sorokin,2748,QDcoach,2724,Black,3 min,blitz,50,Won,9/19/2018
Aleksey_Sorokin,2740,QDcoach,2732,White,3 min,blitz,24,Won,9/19/2018
Aleksey_Sorokin,2732,QDcoach,2740,Black,3 min,blitz,31,Won,9/19/2018
Aleksey_Sorokin,2723,ChessShop,2586,Black,3 min,blitz,51,Draw,9/19/2018
Aleksey_Sorokin,2726,Gannikus21,2565,White,3 min,blitz,42,Draw,9/19/2018
Aleksey_Sorokin,2730,Noukii,2691,Black,3 min,blitz,52,Lost,9/18/2018
Aleksey_Sorokin,2739,Noukii,2682,White,3 min,blitz,79,Lost,9/18/2018
Aleksey_Sorokin,2749,Noukii,2672,Black,3 min,blitz,67,Lost,9/18/2018
Aleksey_Sorokin,2759,Zivano,2778,Black,3 min,blitz,18,Lost,9/18/2018
Aleksey_Sorokin,2767,Dragon1377,2706,White,3 min,blitz,77,Lost,9/18/2018
Aleksey_Sorokin,2777,esapunov,2642,Black,3 min,blitz,25,Won,9/18/2018
Aleksey_Sorokin,2772,RDG36,2699,White,3 min,blitz,67,Won,9/18/2018
Aleksey_Sorokin,2765,RDG36,2706,Black,3 min,blitz,55,Draw,9/18/2018
Aleksey_Sorokin,2766,RDG36,2705,White,3 min,blitz,48,Won,9/18/2018
Aleksey_Sorokin,2759,RDG36,2712,Black,3 min,blitz,75,Lost,9/18/2018
Aleksey_Sorokin,2769,BilodeauA,2823,Black,3 min,blitz,41,Lost,9/18/2018
Aleksey_Sorokin,2776,BilodeauA,2816,White,3 min,blitz,52,Draw,9/18/2018
Aleksey_Sorokin,2775,preeeethiga,2766,White,3 min,blitz,67,Draw,9/18/2018
Aleksey_Sorokin,2775,mufiks,2638,Black,3 min,blitz,33,Won,9/18/2018