player,player_rating,opponent,opponent_rating,side,time_control,time_category,moves,result,date
Aleksey_Sorokin,2667,JelenaKarleusa-SO-18,2670,White,1 min,bullet,62,Won,8/3/2017
Aleksey_Sorokin,2659,JelenaKarleusa-SO-18,2678,Black,1 min,bullet,29,Lost,8/3/2017
Aleksey_Sorokin,2667,zoranp,2561,White,1 min,bullet,25,Lost,8/2/2017
Aleksey_Sorokin,2678,Marat_Denishev,2529,White,1 min,bullet,45,Lost,7/31/2017
Aleksey_Sorokin,2690,Marat_Denishev,2517,Black,1 min,bullet,37,Won,7/31/2017
Aleksey_Sorokin,2685,Marat_Denishev,2522,White,1 min,bullet,26,Won,7/31/2017
Aleksey_Sorokin,2680,Marat_Denishev,2527,Black,1 min,bullet,35,Won,7/31/2017
Aleksey_Sorokin,2675,Marat_Denishev,2532,White,1 min,bullet,61,Draw,7/31/2017
Aleksey_Sorokin,2678,Marat_Denishev,2529,Black,1 min,bullet,26,Won,7/31/2017
Aleksey_Sorokin,2673,Marat_Denishev,2534,White,1 min,bullet,34,Won,7/31/2017
Aleksey_Sorokin,2668,Marat_Denishev,2539,Black,1 min,bullet,65,Won,7/31/2017
Aleksey_Sorokin,2663,Marat_Denishev,2544,White,1 min,bullet,52,Won,7/31/2017
Aleksey_Sorokin,2657,Marat_Denishev,2550,Black,1 min,bullet,68,Lost,7/31/2017
Aleksey_Sorokin,2668,Marat_Denishev,2539,White,1 min,bullet,31,Won,7/31/2017
Aleksey_Sorokin,2663,Marat_Denishev,2544,Black,1 min,bullet,58,Lost,7/31/2017
Aleksey_Sorokin,2674,Marat_Denishev,2533,White,1 min,bullet,55,Won,7/31/2017
Aleksey_Sorokin,2669,Marat_Denishev,2538,Black,1 min,bullet,42,Won,7/31/2017
Aleksey_Sorokin,2664,Marat_Denishev,2543,White,1 min,bullet,50,Lost,7/31/2017
Aleksey_Sorokin,2675,Marat_Denishev,2532,Black,1 min,bullet,60,Won,7/31/2017
Aleksey_Sorokin,2670,IamSchrodingersCat,2496,White,1 min,bullet,54,Lost,7/31/2017
Aleksey_Sorokin,2682,Hunninn,2540,White,1 min,bullet,80,Lost,7/31/2017
Aleksey_Sorokin,2694,Hunninn,2524,Black,1 min,bullet,51,Won,7/31/2017
Aleksey_Sorokin,2689,Timeslice,2516,Black,1 min,bullet,54,Won,7/31/2017
Aleksey_Sorokin,2685,Timeslice,2520,White,1 min,bullet,60,Won,7/31/2017
Aleksey_Sorokin,2680,Timeslice,2525,Black,1 min,bullet,29,Won,7/31/2017
Aleksey_Sorokin,2675,nihalsarin,2472,White,1 min,bullet,53,Won,7/31/2017
Aleksey_Sorokin,2671,AlconJohnDatu,2497,Black,1 min,bullet,79,Won,7/31/2017
Aleksey_Sorokin,2667,AlconJohnDatu,2501,White,1 min,bullet,40,Lost,7/31/2017
Aleksey_Sorokin,2679,AlconJohnDatu,2489,Black,1 min,bullet,36,Won,7/31/2017
Aleksey_Sorokin,2675,AlconJohnDatu,2493,White,1 min,bullet,40,Won,7/31/2017
Aleksey_Sorokin,2671,khvicha_gogava,2832,Black,1 min,bullet,9,Won,7/31/2017
Aleksey_Sorokin,2659,Yura8134,2531,White,1 min,bullet,53,Draw,7/31/2017
Aleksey_Sorokin,2662,AlconJohnDatu,2479,Black,1 min,bullet,64,Won,7/31/2017
Aleksey_Sorokin,2658,AlconJohnDatu,2483,White,1 min,bullet,83,Won,7/31/2017
Aleksey_Sorokin,2654,Davit_Tiraturyan,2611,Black,1 min,bullet,26,Won,7/31/2017
Aleksey_Sorokin,2647,Davit_Tiraturyan,2618,White,1 min,bullet,60,Won,7/31/2017
Aleksey_Sorokin,2639,Davit_Tiraturyan,2626,Black,1 min,bullet,85,Draw,7/31/2017
Aleksey_Sorokin,2639,Davit_Tiraturyan,2626,White,1 min,bullet,94,Lost,7/31/2017
Aleksey_Sorokin,2648,Davit_Tiraturyan,2617,Black,1 min,bullet,63,Draw,7/31/2017
Aleksey_Sorokin,2649,marafonec,2461,White,1 min,bullet,62,Won,7/30/2017
Aleksey_Sorokin,2645,Jovencitos33,2475,Black,1 min,bullet,53,Won,7/30/2017
Aleksey_Sorokin,2640,Jovencitos33,2480,White,1 min,bullet,10,Won,7/30/2017
Aleksey_Sorokin,2635,Jovencitos33,2485,Black,1 min,bullet,47,Won,7/30/2017
Aleksey_Sorokin,2630,Jovencitos33,2490,White,1 min,bullet,19,Won,7/30/2017
Aleksey_Sorokin,2625,Jovencitos33,2495,Black,1 min,bullet,64,Won,7/30/2017
Aleksey_Sorokin,2620,khvicha_gogava,2774,White,1 min,bullet,15,Lost,7/30/2017
Aleksey_Sorokin,2625,khvicha_gogava,2769,Black,1 min,bullet,23,Lost,7/30/2017
Aleksey_Sorokin,2630,khvicha_gogava,2764,White,1 min,bullet,29,Lost,7/30/2017
Aleksey_Sorokin,2635,khvicha_gogava,2759,Black,1 min,bullet,30,Lost,7/30/2017
Aleksey_Sorokin,2640,khvicha_gogava,2753,White,1 min,bullet,11,Won,7/30/2017