player,player_rating,opponent,opponent_rating,side,time_control,time_category,moves,result,date
Aleksey_Sorokin,2669,Raja3401,2637,Black,3 min,blitz,19,Lost,11/18/2018
Aleksey_Sorokin,2678,Raja3401,2628,White,3 min,blitz,25,Won,11/18/2018
Aleksey_Sorokin,2671,Raja3401,2635,Black,3 min,blitz,20,Lost,11/18/2018
Aleksey_Sorokin,2680,dangerousfish,2643,Black,3 min,blitz,39,Lost,11/15/2018
Aleksey_Sorokin,2689,Rus_Steel,2646,White,3 min,blitz,18,Won,11/15/2018
Aleksey_Sorokin,2682,Stree,2648,White,3 min,blitz,40,Lost,11/14/2018
Aleksey_Sorokin,2691,Nat74,2590,White,3 min,blitz,33,Lost,11/10/2018
Aleksey_Sorokin,2702,tiredofdancing,2816,White,3 min,blitz,60,Lost,11/10/2018
Aleksey_Sorokin,2708,Adham_Fawzy,2638,Black,3 min,blitz,25,Lost,11/10/2018
Aleksey_Sorokin,2718,KBabazada,2712,Black,3 min,blitz,48,Won,11/10/2018
Aleksey_Sorokin,2710,fearless_guy,2628,Black,3 min,blitz,57,Won,11/10/2018
Aleksey_Sorokin,2704,manudavid,2737,Black,3 min,blitz,19,Lost,11/10/2018
Aleksey_Sorokin,2712,Stree,2625,Black,3 min,blitz,49,Won,11/10/2018
Aleksey_Sorokin,2706,manudavid,2721,White,3 min,blitz,96,Lost,11/10/2018
Aleksey_Sorokin,2714,kasparik_garik,2678,White,3 min,blitz,38,Won,11/10/2018
Aleksey_Sorokin,2706,kasparik_garik,2686,Black,3 min,blitz,27,Won,11/10/2018
Aleksey_Sorokin,2698,kasparik_garik,2694,White,3 min,blitz,39,Won,11/10/2018
Aleksey_Sorokin,2690,HustleTime,2635,White,3 min,blitz,19,Won,11/10/2018
Aleksey_Sorokin,2683,Jeremy_Biggs,2567,Black,3 min,blitz,56,Won,11/8/2018
Aleksey_Sorokin,2677,vpsetter,2679,Black,3 min,blitz,15,Lost,11/8/2018
Aleksey_Sorokin,2685,Alexander_Khlebovich,2665,Black,3 min,blitz,64,Lost,11/8/2018
Aleksey_Sorokin,2694,Alexander_Khlebovich,2656,White,3 min,blitz,46,Won,11/8/2018
Aleksey_Sorokin,2680,Tsoi_Dima,2634,White,3 min,blitz,74,Lost,10/25/2018
Aleksey_Sorokin,2689,Buffy7,2687,White,3 min,blitz,39,Lost,10/25/2018
Aleksey_Sorokin,2697,JustAnything,2556,White,3 min,blitz,51,Won,10/25/2018
Aleksey_Sorokin,2692,JustAnything,2561,Black,3 min,blitz,48,Draw,10/25/2018
Aleksey_Sorokin,2695,afgano29,2609,Black,3 min,blitz,20,Won,10/24/2018
Aleksey_Sorokin,2689,Doreality,2643,White,3 min,blitz,29,Lost,10/23/2018
Aleksey_Sorokin,2698,13MiRacLe,2730,Black,3 min,blitz,28,Lost,10/23/2018
Aleksey_Sorokin,2706,Aleksandr_Kholin,2546,White,3 min,blitz,38,Won,10/23/2018
Aleksey_Sorokin,2701,WhiteDemoN,2538,Black,3 min,blitz,53,Lost,10/23/2018
Aleksey_Sorokin,2713,amintabatabaei,2776,White,3 min,blitz,44,Lost,10/23/2018
Aleksey_Sorokin,2720,ElHelvetico,2600,Black,3 min,blitz,52,Won,10/23/2018
Aleksey_Sorokin,2714,Rickyzhou,2744,White,3 min,blitz,72,Lost,10/23/2018
Aleksey_Sorokin,2722,Yanvar,2630,White,3 min,blitz,44,Won,10/22/2018
Aleksey_Sorokin,2716,dondimi,2614,Black,3 min,blitz,38,Won,10/22/2018
Aleksey_Sorokin,2710,dondimi,2620,White,3 min,blitz,45,Won,10/22/2018
Aleksey_Sorokin,2704,dondimi,2626,Black,3 min,blitz,37,Won,10/22/2018
Aleksey_Sorokin,2697,dondimi,2633,White,3 min,blitz,51,Won,10/22/2018
Aleksey_Sorokin,2690,dondimi,2640,Black,3 min,blitz,26,Won,10/22/2018
Aleksey_Sorokin,2683,in_the_fire,2633,White,3 min,blitz,88,Lost,10/22/2018
Aleksey_Sorokin,2693,DoctorSocrates,2504,White,3 min,blitz,69,Won,10/22/2018
Aleksey_Sorokin,2689,DoctorSocrates,2508,Black,3 min,blitz,24,Won,10/22/2018
Aleksey_Sorokin,2685,in_the_fire,2623,Black,3 min,blitz,30,Won,10/22/2018
Aleksey_Sorokin,2678,in_the_fire,2630,White,3 min,blitz,38,Won,10/22/2018
Aleksey_Sorokin,2671,babadroga92,2612,White,3 min,blitz,60,Lost,10/22/2018
Aleksey_Sorokin,2681,babadroga92,2602,Black,3 min,blitz,32,Won,10/22/2018
Aleksey_Sorokin,2674,want2lose,2658,Black,3 min,blitz,89,Draw,10/21/2018
Aleksey_Sorokin,2674,want2lose,2658,White,3 min,blitz,48,Won,10/21/2018
Aleksey_Sorokin,2666,want2lose,2666,Black,3 min,blitz,65,Won,10/21/2018