player,player_rating,opponent,opponent_rating,side,time_control,time_category,moves,result,date
Alexander_Donchenko,2520,ScientifiChess,2374,White,3 min,blitz,31,Won,2/6/2017
Alexander_Donchenko,2514,ScientifiChess,2379,Black,3 min,blitz,35,Won,2/6/2017
Alexander_Donchenko,2508,VladimirSmirnov,2482,Black,3 min,blitz,57,Lost,2/6/2017
Alexander_Donchenko,2519,VladimirSmirnov,2473,White,3 min,blitz,68,Won,2/6/2017
Alexander_Donchenko,2510,VladimirSmirnov,2480,Black,3 min,blitz,38,Lost,2/6/2017
Alexander_Donchenko,2521,VladimirSmirnov,2471,White,3 min,blitz,54,Lost,2/6/2017
Alexander_Donchenko,2533,VladimirSmirnov,2461,Black,3 min,blitz,54,Won,2/6/2017
Alexander_Donchenko,2524,VladimirSmirnov,2468,White,3 min,blitz,32,Won,2/6/2017
Alexander_Donchenko,2514,VladimirSmirnov,2475,Black,3 min,blitz,69,Won,2/6/2017
Alexander_Donchenko,2504,VladimirSmirnov,2482,White,3 min,blitz,92,Lost,2/6/2017
Alexander_Donchenko,2517,Maitreia,2489,White,3 min,blitz,66,Won,2/6/2017
Alexander_Donchenko,2505,Larsemans1,2442,White,3 min,blitz,48,Draw,1/24/2017
Alexander_Donchenko,2507,HenrikSK,2347,Black,3 min,blitz,35,Won,1/22/2017
Alexander_Donchenko,2500,sportler90,2344,Black,3 min,blitz,54,Won,1/22/2017
Alexander_Donchenko,2493,sportler90,2349,White,3 min,blitz,20,Won,1/22/2017
Alexander_Donchenko,2485,rydlj,2378,White,3 min,blitz,54,Won,1/22/2017
Alexander_Donchenko,2476,ALeks_Ivlev,2411,Black,3 min,blitz,57,Lost,1/18/2017
Alexander_Donchenko,2491,KD64,2437,Black,3 min,blitz,38,Lost,1/12/2017
Alexander_Donchenko,2506,Noukii,2560,Black,3 min,blitz,25,Draw,12/20/2016
Alexander_Donchenko,2504,GreenRanger87,2495,Black,3 min,blitz,26,Lost,12/20/2016
Alexander_Donchenko,2516,GreenRanger87,2486,White,3 min,blitz,41,Lost,12/20/2016
Alexander_Donchenko,2529,Shtembuliak,2505,White,3 min,blitz,49,Won,12/20/2016
Alexander_Donchenko,2518,Shtembuliak,2518,Black,3 min,blitz,79,Draw,12/20/2016
Alexander_Donchenko,2518,Shtembuliak,2518,White,3 min,blitz,64,Draw,12/20/2016
Alexander_Donchenko,2518,Shtembuliak,2518,Black,3 min,blitz,26,Lost,12/20/2016
Alexander_Donchenko,2532,QuintilianoR,2480,White,3 min,blitz,39,Won,12/19/2016
Alexander_Donchenko,2520,WalterRamiro,1353,White,3 min,blitz,20,Won,12/19/2016
Alexander_Donchenko,2520,KIBORG79,2489,Black,3 min,blitz,31,Lost,12/18/2016
Alexander_Donchenko,2535,Om_Patil,1261,Black,3 min,blitz,14,Won,12/11/2016
Alexander_Donchenko,2535,Sethu0025,2584,White,3 min,blitz,36,Won,11/30/2016
Alexander_Donchenko,2520,Sethu0025,2594,Black,3 min,blitz,34,Won,11/30/2016
Alexander_Donchenko,2504,harper1986,919),White,5 min,blitz,16,Won,11/15/2016
Alexander_Donchenko,2504,harper1986,919),Black,5 min,blitz,29,Won,11/15/2016
Alexander_Donchenko,2504,harper1986,919),White,5 min,blitz,34,Won,11/15/2016
Alexander_Donchenko,2504,AntonSmirnov,2602,White,3 min,blitz,50,Lost,9/20/2016
Alexander_Donchenko,2510,AntonSmirnov,2596,Black,3 min,blitz,60,Lost,9/20/2016
Alexander_Donchenko,2516,AntonSmirnov,2590,White,3 min,blitz,36,Won,9/20/2016
Alexander_Donchenko,2506,AntonSmirnov,2600,Black,3 min,blitz,31,Won,9/20/2016
Alexander_Donchenko,2495,AntonSmirnov,2611,White,3 min,blitz,50,Lost,9/20/2016
Alexander_Donchenko,2501,Arseny01,2319,Black,3 min,blitz,49,Won,9/19/2016
Alexander_Donchenko,2497,Arseny01,2323,White,3 min,blitz,65,Won,9/19/2016
Alexander_Donchenko,2492,dogolruki,2332,Black,3 min,blitz,23,Lost,9/12/2016
Alexander_Donchenko,2504,LeoPecnik,2293,White,3 min,blitz,26,Won,9/10/2016
Alexander_Donchenko,2500,LeoPecnik,2297,Black,3 min,blitz,21,Won,9/10/2016
Alexander_Donchenko,2496,Lapitch,2550,White,3|2,blitz,26,Lost,9/6/2016
Alexander_Donchenko,2503,DeviatkinAndrey,2617,Black,3|2,blitz,48,Lost,9/6/2016
Alexander_Donchenko,2509,Keranke,2540,White,3|2,blitz,62,Won,9/6/2016
Alexander_Donchenko,2500,DanielNaroditsky,2765,White,3|2,blitz,37,Lost,9/6/2016
Alexander_Donchenko,2503,OparinGrigoriy,2597,Black,3|2,blitz,73,Won,9/6/2016
Alexander_Donchenko,2492,Jahonas,2179,White,3|2,blitz,24,Won,9/6/2016