player,player_rating,opponent,opponent_rating,side,time_control,time_category,moves,result,date
AlexanderBogatyr,2810,Kingofchess1311,2672,Black,1 min,bullet,29,Won,5/23/2018
AlexanderBogatyr,2805,Kingofchess1311,2677,White,1 min,bullet,46,Draw,5/23/2018
AlexanderBogatyr,2808,Kingofchess1311,2674,Black,1 min,bullet,29,Lost,5/23/2018
AlexanderBogatyr,2819,NguyenXi,2695,Black,1 min,bullet,43,Won,5/22/2018
AlexanderBogatyr,2813,Muisback26,2647,White,1 min,bullet,5,Lost,5/20/2018
AlexanderBogatyr,2825,Muisback26,2622,Black,1 min,bullet,38,Won,5/20/2018
AlexanderBogatyr,2821,TigranLPetrosyan,2861,Black,1 min,bullet,58,Lost,5/19/2018
AlexanderBogatyr,2828,TigranLPetrosyan,2854,White,1 min,bullet,34,Won,5/19/2018
AlexanderBogatyr,2819,TigranLPetrosyan,2863,Black,1 min,bullet,40,Lost,5/19/2018
AlexanderBogatyr,2826,NguyenXi,2623,White,1 min,bullet,25,Won,5/12/2018
AlexanderBogatyr,2822,Positionaltactics270,2719,White,1 min,bullet,63,Lost,5/12/2018
AlexanderBogatyr,2833,ameetghasi100,2729,Black,1 min,bullet,13,Won,5/12/2018
AlexanderBogatyr,2827,ameetghasi100,2735,White,1 min,bullet,52,Lost,5/12/2018
AlexanderBogatyr,2837,ameetghasi100,2724,Black,1 min,bullet,29,Won,5/12/2018
AlexanderBogatyr,2831,ameetghasi100,2730,White,1 min,bullet,46,Won,5/12/2018
AlexanderBogatyr,2825,NguyenXi,2647,Black,1 min,bullet,29,Won,5/12/2018
AlexanderBogatyr,2821,MichaelPolanyi,2803,Black,1 min,bullet,28,Lost,5/12/2018
AlexanderBogatyr,2830,NguyenXi,2651,White,1 min,bullet,34,Won,5/12/2018
AlexanderBogatyr,2826,AnthonyAtanasov,2026,Black,10 sec,bullet,16,Lost,4/23/2018
AlexanderBogatyr,2829,qdxds,2680,Black,1 min,bullet,67,Won,4/23/2018
AlexanderBogatyr,2824,Davit_Tiraturyan,2615,White,1 min,bullet,55,Lost,4/23/2018
AlexanderBogatyr,2837,manudavid,2680,White,1 min,bullet,54,Won,4/22/2018
AlexanderBogatyr,2832,DanielNaroditsky,2906,White,1 min,bullet,53,Won,4/21/2018
AlexanderBogatyr,2822,DanielNaroditsky,2916,Black,1 min,bullet,41,Won,4/21/2018
AlexanderBogatyr,2811,DanielNaroditsky,2927,White,1 min,bullet,35,Lost,4/21/2018
AlexanderBogatyr,2817,sergoy,2773,Black,1 min,bullet,29,Lost,4/17/2018
AlexanderBogatyr,2826,sergoy,2764,White,1 min,bullet,35,Won,4/17/2018
AlexanderBogatyr,2819,sergoy,2771,Black,1 min,bullet,48,Won,4/17/2018
AlexanderBogatyr,2812,Alexander_Moskalenko,2747,White,1 min,bullet,40,Lost,4/17/2018
AlexanderBogatyr,2822,Alexander_Moskalenko,2737,Black,1 min,bullet,45,Lost,4/17/2018
AlexanderBogatyr,2832,Alexander_Moskalenko,2727,White,1 min,bullet,46,Won,4/17/2018
AlexanderBogatyr,2826,Alexander_Moskalenko,2733,Black,1 min,bullet,38,Won,4/17/2018
AlexanderBogatyr,2820,HomayoonTofighi,2834,White,1 min,bullet,23,Won,4/17/2018
AlexanderBogatyr,2811,Micki-taryan,2889,Black,1 min,bullet,31,Lost,4/17/2018
AlexanderBogatyr,2818,Micki-taryan,2882,White,1 min,bullet,31,Lost,4/17/2018
AlexanderBogatyr,2825,GMharikrishna,2850,White,1 min,bullet,64,Lost,4/17/2018
AlexanderBogatyr,2833,Micki-taryan,2867,Black,1 min,bullet,37,Won,4/15/2018
AlexanderBogatyr,2824,Micki-taryan,2876,White,1 min,bullet,27,Lost,4/15/2018
AlexanderBogatyr,2831,Micki-taryan,2869,Black,1 min,bullet,58,Won,4/15/2018
AlexanderBogatyr,2822,NguyenXi,2740,Black,1 min,bullet,44,Lost,4/15/2018
AlexanderBogatyr,2832,NguyenXi,2730,White,1 min,bullet,44,Won,4/15/2018
AlexanderBogatyr,2826,NguyenXi,2736,Black,1 min,bullet,42,Won,4/15/2018
AlexanderBogatyr,2820,JSPrepz,2758,Black,1 min,bullet,15,Lost,4/14/2018
AlexanderBogatyr,2830,JSPrepz,2748,White,1 min,bullet,25,Won,4/14/2018
AlexanderBogatyr,2824,JSPrepz,2754,Black,1 min,bullet,26,Lost,4/14/2018
AlexanderBogatyr,2834,JSPrepz,2744,White,1 min,bullet,23,Won,4/14/2018
AlexanderBogatyr,2828,JSPrepz,2750,Black,1 min,bullet,43,Draw,4/14/2018
AlexanderBogatyr,2830,JSPrepz,2748,White,1 min,bullet,17,Lost,4/14/2018
AlexanderBogatyr,2840,JSPrepz,2738,Black,1 min,bullet,69,Draw,4/14/2018
AlexanderBogatyr,2842,JSPrepz,2736,White,1 min,bullet,35,Won,4/14/2018