player,player_rating,opponent,opponent_rating,side,time_control,time_category,moves,result,date
AlexanderBogatyr,2695,Triumphmate,2402,Black,1 min,bullet,33,Won,4/11/2018
AlexanderBogatyr,2692,rubhani,2513,Black,1 min,bullet,21,Won,4/11/2018
AlexanderBogatyr,2688,rubhani,2517,White,1 min,bullet,42,Won,4/11/2018
AlexanderBogatyr,2683,rubhani,2522,Black,1 min,bullet,22,Won,4/11/2018
AlexanderBogatyr,2678,rubhani,2527,White,1 min,bullet,10,Won,4/11/2018
AlexanderBogatyr,2673,rubhani,2532,Black,1 min,bullet,45,Lost,4/11/2018
AlexanderBogatyr,2684,rubhani,2520,White,1 min,bullet,90,Won,4/11/2018
AlexanderBogatyr,2679,rubhani,2525,Black,1 min,bullet,22,Won,4/11/2018
AlexanderBogatyr,2674,rubhani,2530,White,1 min,bullet,16,Won,4/11/2018
AlexanderBogatyr,2669,rubhani,2535,Black,1 min,bullet,37,Won,4/11/2018
AlexanderBogatyr,2664,rubhani,2540,White,1 min,bullet,23,Won,4/11/2018
AlexanderBogatyr,2658,KBabazada,2536,Black,1 min,bullet,19,Lost,4/11/2018
AlexanderBogatyr,2669,Byniolus,2632,Black,1 min,bullet,45,Won,4/11/2018
AlexanderBogatyr,2661,Byniolus,2640,White,1 min,bullet,64,Won,4/11/2018
AlexanderBogatyr,2653,Federtiu,2627,Black,1 min,bullet,44,Won,4/11/2018
AlexanderBogatyr,2645,Federtiu,2635,White,1 min,bullet,36,Won,4/11/2018
AlexanderBogatyr,2637,Federtiu,2643,Black,1 min,bullet,35,Won,4/11/2018
AlexanderBogatyr,2628,Federtiu,2652,White,1 min,bullet,26,Lost,4/11/2018
AlexanderBogatyr,2636,Rodrigazo,2699,Black,1 min,bullet,44,Lost,4/11/2018
AlexanderBogatyr,2643,Rodrigazo,2692,White,1 min,bullet,59,Won,4/11/2018
AlexanderBogatyr,2633,Rodrigazo,2702,Black,1 min,bullet,34,Won,4/11/2018
AlexanderBogatyr,2623,Rodrigazo,2712,White,1 min,bullet,56,Lost,4/11/2018
AlexanderBogatyr,2629,Rodrigazo,2706,Black,1 min,bullet,29,Won,4/11/2018
AlexanderBogatyr,2619,Rodrigazo,2716,White,1 min,bullet,62,Lost,4/11/2018
AlexanderBogatyr,2625,MadDog94,2506,Black,1 min,bullet,63,Won,4/11/2018
AlexanderBogatyr,2619,MadDog94,2512,White,1 min,bullet,69,Won,4/11/2018
AlexanderBogatyr,2613,MadDog94,2518,Black,1 min,bullet,25,Won,4/11/2018
AlexanderBogatyr,2607,PaulfromSPb,2531,White,1 min,bullet,69,Draw,4/11/2018
AlexanderBogatyr,2609,PaulfromSPb,2529,Black,1 min,bullet,45,Won,4/11/2018
AlexanderBogatyr,2603,PaulfromSPb,2535,White,1 min,bullet,31,Lost,4/11/2018
AlexanderBogatyr,2613,pultineviciuspaulius,2607,Black,1 min,bullet,42,Lost,4/11/2018
AlexanderBogatyr,2622,pultineviciuspaulius,2598,White,1 min,bullet,21,Won,4/11/2018
AlexanderBogatyr,2614,djamir,2595,Black,1 min,bullet,57,Won,4/10/2018
AlexanderBogatyr,2605,djamir,2603,White,1 min,bullet,33,Won,4/10/2018
AlexanderBogatyr,2596,Artur0208,2606,White,1 min,bullet,43,Won,4/10/2018
AlexanderBogatyr,2586,Artur0208,2615,Black,1 min,bullet,64,Lost,4/10/2018
AlexanderBogatyr,2595,Artur0208,2607,White,1 min,bullet,42,Won,4/10/2018
AlexanderBogatyr,2585,Davit_Tiraturyan,2619,Black,1 min,bullet,48,Won,4/10/2018
AlexanderBogatyr,2574,Davit_Tiraturyan,2628,White,1 min,bullet,38,Won,4/10/2018
AlexanderBogatyr,2562,Nyx6,2523,White,1 min,bullet,59,Won,4/10/2018
AlexanderBogatyr,2552,Gracejo,2530,Black,1 min,bullet,23,Lost,3/9/2018
AlexanderBogatyr,2561,Davit_Tiraturyan,2590,Black,1 min,bullet,46,Won,3/9/2018
AlexanderBogatyr,2552,realmadridfc123,2485,White,1 min,bullet,16,Won,3/9/2018
AlexanderBogatyr,2545,realmadridfc123,2492,Black,1 min,bullet,59,Lost,3/9/2018
AlexanderBogatyr,2555,just_a_prank,2534,Black,1 min,bullet,41,Lost,3/9/2018
AlexanderBogatyr,2564,Toyota_Land_Cruiser,2558,White,1 min,bullet,47,Won,3/9/2018
AlexanderBogatyr,2555,Toyota_Land_Cruiser,2566,Black,1 min,bullet,44,Won,3/9/2018
AlexanderBogatyr,2545,Doreality,2548,White,1 min,bullet,31,Won,3/9/2018
AlexanderBogatyr,2535,Doreality,2556,Black,1 min,bullet,38,Won,3/9/2018
AlexanderBogatyr,2525,MrKusaka,2358,White,1 min,bullet,51,Lost,3/9/2018