player,player_rating,opponent,opponent_rating,side,time_control,time_category,moves,result,date
Alexander_Donchenko,2561,underdogchss,2422,Black,3 min,blitz,31,Won,10/5/2017
Alexander_Donchenko,2556,Buffy7,2475,White,3|2,blitz,70,Lost,10/4/2017
Alexander_Donchenko,2566,Rodalquilar,2510,Black,3|2,blitz,43,Lost,10/4/2017
Alexander_Donchenko,2576,Nefedov_Sergey,2416,White,3|2,blitz,52,Won,10/4/2017
Alexander_Donchenko,2571,ZapataCharlesS,2570,White,3|2,blitz,40,Lost,10/4/2017
Alexander_Donchenko,2579,Openyagami,2646,Black,3|2,blitz,63,Lost,10/3/2017
Alexander_Donchenko,2586,GeorgMeier,2786,Black,3|2,blitz,30,Draw,10/3/2017
Alexander_Donchenko,2582,eldur16,2472,White,3|2,blitz,24,Won,10/3/2017
Alexander_Donchenko,2576,chess2matters,2303,Black,3|2,blitz,54,Won,10/3/2017
Alexander_Donchenko,2573,RokiBol,2613,Black,3 min,blitz,20,Lost,10/3/2017
Alexander_Donchenko,2580,aleksa74,2577,White,3 min,blitz,52,Lost,10/3/2017
Alexander_Donchenko,2588,aleksa74,2569,Black,3 min,blitz,73,Won,10/3/2017
Alexander_Donchenko,2580,Kopylov_Alex,2501,White,3 min,blitz,37,Lost,10/2/2017
Alexander_Donchenko,2590,AkshatChandra,2579,White,3 min,blitz,80,Lost,9/17/2017
Alexander_Donchenko,2599,AkshatChandra,2570,Black,3 min,blitz,46,Lost,9/17/2017
Alexander_Donchenko,2608,AkshatChandra,2561,White,3 min,blitz,48,Won,9/17/2017
Alexander_Donchenko,2601,AkshatChandra,2568,Black,3 min,blitz,44,Draw,9/17/2017
Alexander_Donchenko,2602,TheFlaminGM,2587,White,3 min,blitz,107,Lost,9/17/2017
Alexander_Donchenko,2611,TheFlaminGM,2578,Black,3 min,blitz,62,Won,9/17/2017
Alexander_Donchenko,2603,dangerousfish,2462,White,3 min,blitz,33,Draw,9/13/2017
Alexander_Donchenko,2606,MichaelRoiz,2779,Black,3 min,blitz,49,Lost,9/13/2017
Alexander_Donchenko,2611,MichaelRoiz,2774,White,3 min,blitz,45,Won,9/13/2017
Alexander_Donchenko,2599,LikossPL,2614,Black,3 min,blitz,42,Lost,9/13/2017
Alexander_Donchenko,2607,Witcher_Wild_Hunt,2466,White,3 min,blitz,64,Lost,9/10/2017
Alexander_Donchenko,2619,Witcher_Wild_Hunt,2454,Black,3 min,blitz,36,Draw,9/10/2017
Alexander_Donchenko,2623,Witcher_Wild_Hunt,2450,White,3 min,blitz,31,Won,9/10/2017
Alexander_Donchenko,2618,Witcher_Wild_Hunt,2455,Black,3 min,blitz,32,Won,9/10/2017
Alexander_Donchenko,2613,Witcher_Wild_Hunt,2460,White,3 min,blitz,45,Won,9/10/2017
Alexander_Donchenko,2608,Witcher_Wild_Hunt,2465,Black,3 min,blitz,31,Won,9/10/2017
Alexander_Donchenko,2603,zdavaisa,2496,White,3 min,blitz,26,Won,9/9/2017
Alexander_Donchenko,2597,zdavaisa,2502,Black,3 min,blitz,72,Lost,9/9/2017
Alexander_Donchenko,2608,Ginger_GM,2544,White,3 min,blitz,59,Won,9/8/2017
Alexander_Donchenko,2601,Ginger_GM,2551,Black,3 min,blitz,37,Won,9/8/2017
Alexander_Donchenko,2594,Ginger_GM,2558,White,3 min,blitz,30,Lost,9/8/2017
Alexander_Donchenko,2603,bunnymeister1,2527,White,3 min,blitz,34,Lost,9/8/2017
Alexander_Donchenko,2613,bunnymeister1,2517,Black,3 min,blitz,24,Won,9/8/2017
Alexander_Donchenko,2607,bunnymeister1,2523,White,3 min,blitz,41,Won,9/8/2017
Alexander_Donchenko,2600,bunnymeister1,2529,Black,3 min,blitz,39,Won,9/8/2017
Alexander_Donchenko,2593,bunnymeister1,2536,White,3 min,blitz,29,Won,9/8/2017
Alexander_Donchenko,2585,Russian_opposition,2473,Black,3 min,blitz,69,Lost,9/6/2017
Alexander_Donchenko,2597,Russian_opposition,2462,White,3 min,blitz,54,Lost,9/6/2017
Alexander_Donchenko,2610,Russian_opposition,2451,Black,3 min,blitz,55,Won,9/6/2017
Alexander_Donchenko,2605,MrCorleone92,2587,White,3 min,blitz,37,Lost,9/2/2017
Alexander_Donchenko,2615,MrCorleone92,2575,Black,3 min,blitz,58,Draw,9/2/2017
Alexander_Donchenko,2616,MrCorleone92,2574,White,3 min,blitz,100,Lost,9/2/2017
Alexander_Donchenko,2627,DavorinKuljasevic,2479,White,3 min,blitz,25,Won,8/17/2017
Alexander_Donchenko,2622,igorkovalenko,2654,White,3 min,blitz,40,Draw,8/15/2017
Alexander_Donchenko,2621,igorkovalenko,2655,Black,3 min,blitz,25,Won,8/15/2017
Alexander_Donchenko,2612,ChesscoachAndras,2527,Black,3 min,blitz,34,Won,8/12/2017
Alexander_Donchenko,2606,OparinGrigoriy,2717,White,3 min,blitz,16,Won,7/28/2017