player,player_rating,opponent,opponent_rating,side,time_control,time_category,moves,result,date
Alexander_Zubov,2694,Shant_Sargsyan,2626,Black,3 min,blitz,30,Lost,7/27/2017
Alexander_Zubov,2704,Shant_Sargsyan,2616,White,3 min,blitz,35,Won,7/27/2017
Alexander_Zubov,2698,AlphaRatel,2630,Black,3 min,blitz,39,Lost,7/27/2017
Alexander_Zubov,2708,AlphaRatel,2620,White,3 min,blitz,41,Won,7/27/2017
Alexander_Zubov,2702,Shant_Sargsyan,2622,Black,3 min,blitz,53,Draw,7/27/2017
Alexander_Zubov,2704,Shant_Sargsyan,2620,White,3 min,blitz,37,Won,7/27/2017
Alexander_Zubov,2698,FilipoInzaghi,2567,Black,3 min,blitz,30,Won,7/27/2017
Alexander_Zubov,2693,thatsallshewrote,2698,White,3 min,blitz,21,Won,7/27/2017
Alexander_Zubov,2684,thatsallshewrote,2707,Black,3 min,blitz,65,Lost,7/27/2017
Alexander_Zubov,2692,thatsallshewrote,2699,White,3 min,blitz,65,Lost,7/27/2017
Alexander_Zubov,2700,thatsallshewrote,2691,Black,3 min,blitz,37,Won,7/27/2017
Alexander_Zubov,2692,thatsallshewrote,2699,White,3 min,blitz,28,Won,7/27/2017
Alexander_Zubov,2683,thatsallshewrote,2708,Black,3 min,blitz,66,Lost,7/27/2017
Alexander_Zubov,2691,thatsallshewrote,2700,White,3 min,blitz,37,Won,7/27/2017
Alexander_Zubov,2682,thatsallshewrote,2709,Black,3 min,blitz,38,Won,7/27/2017
Alexander_Zubov,2673,MichaelRoiz,2678,Black,3 min,blitz,48,Won,7/25/2017
Alexander_Zubov,2665,MichaelRoiz,2686,White,3 min,blitz,39,Won,7/25/2017
Alexander_Zubov,2656,MichaelRoiz,2695,Black,3 min,blitz,20,Won,7/25/2017
Alexander_Zubov,2647,MichaelRoiz,2704,White,3 min,blitz,36,Draw,7/25/2017
Alexander_Zubov,2646,MichaelRoiz,2705,Black,3 min,blitz,49,Lost,7/25/2017
Alexander_Zubov,2653,MichaelRoiz,2698,White,3 min,blitz,52,Draw,7/25/2017
Alexander_Zubov,2652,Hrant_ChessMood,2768,Black,3 min,blitz,69,Lost,7/14/2017
Alexander_Zubov,2658,Hrant_ChessMood,2762,White,3 min,blitz,53,Lost,7/14/2017
Alexander_Zubov,2664,Hrant_ChessMood,2756,Black,3 min,blitz,44,Won,7/14/2017
Alexander_Zubov,2653,Hrant_ChessMood,2767,White,3 min,blitz,55,Lost,7/14/2017
Alexander_Zubov,2659,Hrant_ChessMood,2761,Black,3 min,blitz,51,Lost,7/14/2017
Alexander_Zubov,2665,Hrant_ChessMood,2755,White,3 min,blitz,47,Won,7/14/2017
Alexander_Zubov,2655,Hrant_ChessMood,2765,Black,3 min,blitz,69,Lost,7/14/2017
Alexander_Zubov,2661,Hrant_ChessMood,2759,White,3 min,blitz,51,Lost,7/14/2017
Alexander_Zubov,2667,Hrant_ChessMood,2753,Black,3 min,blitz,30,Won,7/14/2017
Alexander_Zubov,2657,Hrant_ChessMood,2763,White,3 min,blitz,63,Lost,7/14/2017
Alexander_Zubov,2663,wonderfultime,2662,Black,3 min,blitz,47,Lost,7/14/2017
Alexander_Zubov,2671,wonderfultime,2654,White,3 min,blitz,29,Won,7/14/2017
Alexander_Zubov,2663,wonderfultime,2662,Black,3 min,blitz,26,Lost,7/14/2017
Alexander_Zubov,2671,pKiLz5Rn9b,2599,Black,3 min,blitz,29,Won,7/14/2017
Alexander_Zubov,2664,pKiLz5Rn9b,2606,White,3 min,blitz,40,Won,7/14/2017
Alexander_Zubov,2657,pKiLz5Rn9b,2613,Black,3 min,blitz,65,Won,7/14/2017
Alexander_Zubov,2650,pKiLz5Rn9b,2620,White,3 min,blitz,44,Won,7/14/2017
Alexander_Zubov,2642,pKiLz5Rn9b,2628,Black,3 min,blitz,25,Lost,7/14/2017
Alexander_Zubov,2651,pKiLz5Rn9b,2619,White,3 min,blitz,31,Lost,7/14/2017
Alexander_Zubov,2660,pKiLz5Rn9b,2610,Black,3 min,blitz,38,Lost,7/14/2017
Alexander_Zubov,2670,pKiLz5Rn9b,2600,White,3 min,blitz,50,Won,7/14/2017
Alexander_Zubov,2663,pKiLz5Rn9b,2607,Black,3 min,blitz,83,Draw,7/14/2017
Alexander_Zubov,2664,pKiLz5Rn9b,2606,White,3 min,blitz,28,Won,7/14/2017
Alexander_Zubov,2657,pKiLz5Rn9b,2613,Black,3 min,blitz,35,Draw,7/14/2017
Alexander_Zubov,2658,pKiLz5Rn9b,2612,White,3 min,blitz,90,Lost,7/14/2017
Alexander_Zubov,2667,pKiLz5Rn9b,2603,Black,3 min,blitz,27,Won,7/14/2017
Alexander_Zubov,2660,pKiLz5Rn9b,2610,White,3 min,blitz,65,Lost,7/14/2017
Alexander_Zubov,2670,KIBORG79,2777,Black,3 min,blitz,25,Lost,7/13/2017
Alexander_Zubov,2676,KIBORG79,2771,White,3 min,blitz,42,Lost,7/13/2017