player,player_rating,opponent,opponent_rating,side,time_control,time_category,moves,result,date
Alexander_Donchenko,2429,pawel9421,2431,Black,1 min,bullet,74,Won,4/6/2014
Alexander_Donchenko,2413,pawel9421,2440,White,1 min,bullet,42,Won,4/6/2014
Alexander_Donchenko,2395,ImaginaryDunker,2220,White,1 min,bullet,30,Lost,1/26/2014
Alexander_Donchenko,2410,ImaginaryDunker,2208,Black,1 min,bullet,76,Draw,1/26/2014
Alexander_Donchenko,2415,ImaginaryDunker,2204,White,1 min,bullet,37,Won,1/26/2014
Alexander_Donchenko,2410,ImaginaryDunker,2208,Black,1 min,bullet,63,Lost,1/26/2014
Alexander_Donchenko,2426,ImaginaryDunker,2195,White,1 min,bullet,29,Won,1/26/2014
Alexander_Donchenko,2421,ImaginaryDunker,2199,Black,1 min,bullet,28,Won,1/26/2014
Alexander_Donchenko,2416,ImaginaryDunker,2203,White,1 min,bullet,34,Won,1/26/2014
Alexander_Donchenko,2411,ImaginaryDunker,2207,Black,1 min,bullet,55,Draw,1/26/2014
Alexander_Donchenko,2417,ImaginaryDunker,2203,White,1 min,bullet,18,Won,1/26/2014
Alexander_Donchenko,2412,ImaginaryDunker,2207,Black,1 min,bullet,52,Won,1/26/2014
Alexander_Donchenko,2406,ImaginaryDunker,2211,White,1 min,bullet,38,Won,1/26/2014
Alexander_Donchenko,2400,Yaacovn,2469,White,1 min,bullet,27,Lost,12/10/2013
Alexander_Donchenko,2407,Yaacovn,2462,Black,1 min,bullet,18,Lost,12/10/2013
Alexander_Donchenko,2414,Computer4-IMPOSSIBLE,2220,White,2|1,bullet,39,Lost,12/10/2013
Alexander_Donchenko,2427,Computer4-IMPOSSIBLE,2212,Black,2|1,bullet,37,Lost,12/10/2013
Alexander_Donchenko,2440,grandemas,2250,White,1 min,bullet,22,Won,12/5/2013
Alexander_Donchenko,2436,grandemas,2254,Black,1 min,bullet,31,Won,12/5/2013
Alexander_Donchenko,2432,Latvia2013,2265,White,1 min,bullet,26,Won,12/5/2013
Alexander_Donchenko,2427,Latvia2013,2270,Black,1 min,bullet,59,Won,12/5/2013
Alexander_Donchenko,2422,grandemas,2226,White,1 min,bullet,25,Won,11/29/2013
Alexander_Donchenko,2418,grandemas,2230,Black,1 min,bullet,53,Won,11/29/2013
Alexander_Donchenko,2414,plywoodkid,2119,Black,1 min,bullet,17,Won,11/6/2013
Alexander_Donchenko,2411,alina-D,2208,Black,1 min,bullet,57,Won,10/26/2013
Alexander_Donchenko,2407,alina-D,2212,White,1 min,bullet,40,Won,10/26/2013
Alexander_Donchenko,2403,alina-D,2216,Black,1 min,bullet,23,Won,10/26/2013
Alexander_Donchenko,2399,alina-D,2220,White,1 min,bullet,50,Lost,10/26/2013
Alexander_Donchenko,2411,Rumpelstiltskin8,2213,White,1 min,bullet,14,Won,10/26/2013
Alexander_Donchenko,2407,Rumpelstiltskin8,2217,Black,1 min,bullet,79,Won,10/26/2013
Alexander_Donchenko,2403,Pozu17,2201,White,1 min,bullet,57,Won,10/24/2013
Alexander_Donchenko,2399,Pozu17,2205,Black,1 min,bullet,53,Won,10/24/2013
Alexander_Donchenko,2395,Pozu17,2209,White,1 min,bullet,37,Draw,10/24/2013
Alexander_Donchenko,2399,ddnos,2360,White,1 min,bullet,65,Won,10/21/2013
Alexander_Donchenko,2392,ddnos,2367,Black,1 min,bullet,52,Lost,10/21/2013
Alexander_Donchenko,2401,ddnos,2358,White,1 min,bullet,46,Won,10/21/2013
Alexander_Donchenko,2394,ddnos,2365,Black,1 min,bullet,57,Lost,10/21/2013
Alexander_Donchenko,2403,ddnos,2356,White,1 min,bullet,40,Lost,10/21/2013
Alexander_Donchenko,2412,ddnos,2347,Black,1 min,bullet,18,Won,10/21/2013
Alexander_Donchenko,2405,ddnos,2354,White,1 min,bullet,41,Won,10/21/2013
Alexander_Donchenko,2398,ddnos,2361,Black,1 min,bullet,29,Lost,10/21/2013
Alexander_Donchenko,2407,ddnos,2352,White,1 min,bullet,69,Draw,10/21/2013
Alexander_Donchenko,2408,ddnos,2351,Black,1 min,bullet,36,Won,10/21/2013
Alexander_Donchenko,2401,ddnos,2358,White,1 min,bullet,52,Won,10/21/2013
Alexander_Donchenko,2394,ddnos,2365,Black,1 min,bullet,38,Won,10/21/2013
Alexander_Donchenko,2386,ddnos,2373,White,1 min,bullet,43,Won,10/21/2013
Alexander_Donchenko,2378,ddnos,2381,Black,1 min,bullet,46,Lost,10/21/2013
Alexander_Donchenko,2386,ddnos,2373,White,1 min,bullet,60,Lost,10/21/2013
Alexander_Donchenko,2395,ddnos,2364,Black,1 min,bullet,39,Won,10/21/2013
Alexander_Donchenko,2387,ddnos,2372,White,1 min,bullet,69,Lost,10/21/2013