player,player_rating,opponent,opponent_rating,side,time_control,time_category,moves,result,date
Alexander_Donchenko,2677,JetBrain32,2876,White,1 min,bullet,26,Lost,2/16/2019
Alexander_Donchenko,2681,JetBrain32,2872,Black,1 min,bullet,57,Won,2/16/2019
Alexander_Donchenko,2667,JetBrain32,2884,White,1 min,bullet,43,Lost,2/16/2019
Alexander_Donchenko,2671,JetBrain32,2880,Black,1 min,bullet,18,Lost,2/16/2019
Alexander_Donchenko,2676,JetBrain32,2876,White,1 min,bullet,28,Lost,2/16/2019
Alexander_Donchenko,2681,JetBrain32,2872,Black,1 min,bullet,27,Lost,2/16/2019
Alexander_Donchenko,2686,JetBrain32,2868,White,1 min,bullet,37,Lost,2/16/2019
Alexander_Donchenko,2691,JetBrain32,2864,Black,1 min,bullet,32,Lost,2/16/2019
Alexander_Donchenko,2697,JetBrain32,2859,White,1 min,bullet,31,Won,2/16/2019
Alexander_Donchenko,2681,JetBrain32,2871,Black,1 min,bullet,41,Lost,2/16/2019
Alexander_Donchenko,2687,JetBrain32,2867,White,1 min,bullet,36,Lost,2/16/2019
Alexander_Donchenko,2693,JetBrain32,2863,Black,1 min,bullet,21,Lost,2/16/2019
Alexander_Donchenko,2699,JetBrain32,2858,White,1 min,bullet,16,Lost,2/16/2019
Alexander_Donchenko,2706,IM_dmitrij,2644,Black,1 min,bullet,13,Draw,2/16/2019
Alexander_Donchenko,2708,IM_dmitrij,2643,White,1 min,bullet,31,Lost,2/16/2019
Alexander_Donchenko,2723,IM_dmitrij,2633,Black,1 min,bullet,27,Lost,2/16/2019
Alexander_Donchenko,2740,IM_dmitrij,2622,White,1 min,bullet,66,Won,2/16/2019
Alexander_Donchenko,2731,IM_dmitrij,2628,Black,1 min,bullet,72,Lost,2/16/2019
Alexander_Donchenko,2750,gmgamil,2746,White,1 min,bullet,42,Won,2/15/2019
Alexander_Donchenko,2735,Vazabanga,2631,White,1 min,bullet,37,Lost,2/15/2019
Alexander_Donchenko,2755,Vazabanga,2620,Black,1 min,bullet,64,Lost,2/15/2019
Alexander_Donchenko,2777,Vazabanga,2608,White,1 min,bullet,59,Won,2/15/2019
Alexander_Donchenko,2768,Vazabanga,2613,Black,1 min,bullet,42,Won,2/15/2019
Alexander_Donchenko,2758,Vazabanga,2618,White,1 min,bullet,37,Lost,2/15/2019
Alexander_Donchenko,2783,Vazabanga,2606,Black,1 min,bullet,43,Won,2/15/2019
Alexander_Donchenko,2773,Vazabanga,2611,White,1 min,bullet,28,Won,2/15/2019
Alexander_Donchenko,2762,Vazabanga,2616,Black,1 min,bullet,57,Won,2/15/2019
Alexander_Donchenko,2749,davidarenas1224,2460,Black,1 min,bullet,36,Won,2/15/2019
Alexander_Donchenko,2742,davidarenas1224,2463,White,1 min,bullet,47,Won,2/15/2019
Alexander_Donchenko,2734,MismoNivel,2436,Black,1 min,bullet,27,Won,2/15/2019
Alexander_Donchenko,2727,MismoNivel,2439,White,1 min,bullet,50,Won,2/15/2019
Alexander_Donchenko,2719,MismoNivel,2442,Black,1 min,bullet,48,Won,2/15/2019
Alexander_Donchenko,2711,MismoNivel,2445,White,1 min,bullet,53,Won,2/15/2019
Alexander_Donchenko,2702,MismoNivel,2448,Black,1 min,bullet,36,Won,2/15/2019
Alexander_Donchenko,2692,nailbeshirli,2546,White,1 min,bullet,44,Won,2/15/2019
Alexander_Donchenko,2674,superchess02,2565,Black,1 min,bullet,28,Lost,2/15/2019
Alexander_Donchenko,2716,superchess02,2554,White,1 min,bullet,56,Lost,2/15/2019
Alexander_Donchenko,2765,superchess02,2542,Black,1 min,bullet,34,Won,2/15/2019
Alexander_Donchenko,2749,superchess02,2546,White,1 min,bullet,33,Won,2/15/2019
Alexander_Donchenko,2730,Mykola-Bortnyk,2784,White,1 min,bullet,35,Lost,8/16/2018
Alexander_Donchenko,2749,Mykola-Bortnyk,2777,Black,1 min,bullet,49,Lost,8/16/2018
Alexander_Donchenko,2771,Mykola-Bortnyk,2769,White,1 min,bullet,59,Won,8/16/2018
Alexander_Donchenko,2746,Mykola-Bortnyk,2778,Black,1 min,bullet,42,Lost,8/16/2018
Alexander_Donchenko,2771,manudavid,2687,White,1 min,bullet,63,Lost,4/1/2018
Alexander_Donchenko,2789,manudavid,2676,Black,1 min,bullet,33,Won,4/1/2018
Alexander_Donchenko,2778,manudavid,2682,White,1 min,bullet,35,Lost,4/1/2018
Alexander_Donchenko,2798,manudavid,2671,Black,1 min,bullet,64,Draw,4/1/2018
Alexander_Donchenko,2804,Micki-taryan,2750,Black,1 min,bullet,60,Won,4/1/2018
Alexander_Donchenko,2789,Micki-taryan,2757,White,1 min,bullet,24,Won,4/1/2018
Alexander_Donchenko,2772,Destiny,2038,White,30 sec,bullet,58,Won,3/7/2018