player,player_rating,opponent,opponent_rating,side,time_control,time_category,moves,result,date
Alexander_Zubov,2959,Rafa-Nadal,2891,Black,5|2,blitz,51,Won,1/20/2019
Alexander_Zubov,2952,Rafa-Nadal,2898,White,5|2,blitz,45,Won,1/20/2019
Alexander_Zubov,2944,Hikaru,3083,White,3 min,blitz,79,Draw,1/19/2019
Alexander_Zubov,2940,Hikaru,3086,Black,3 min,blitz,72,Lost,1/19/2019
Alexander_Zubov,2946,Hikaru,3081,White,3 min,blitz,72,Lost,1/19/2019
Alexander_Zubov,2952,Hikaru,3076,Black,3 min,blitz,48,Won,1/19/2019
Alexander_Zubov,2938,Hikaru,3087,White,3 min,blitz,48,Won,1/19/2019
Alexander_Zubov,2923,Hikaru,3099,Black,3 min,blitz,31,Lost,1/19/2019
Alexander_Zubov,2929,Hikaru,3095,White,3 min,blitz,29,Draw,1/19/2019
Alexander_Zubov,2924,Hikaru,3099,Black,3 min,blitz,62,Lost,1/19/2019
Alexander_Zubov,2930,Hikaru,3094,White,3 min,blitz,54,Lost,1/19/2019
Alexander_Zubov,2936,Duhless,2981,Black,3 min,blitz,48,Won,1/15/2019
Alexander_Zubov,2923,Duhless,2991,White,3 min,blitz,49,Won,1/15/2019
Alexander_Zubov,2909,Duhless,3001,Black,3 min,blitz,34,Lost,1/15/2019
Alexander_Zubov,2918,Duhless,2995,White,3 min,blitz,44,Won,1/15/2019
Alexander_Zubov,2903,Duhless,3005,Black,3 min,blitz,52,Won,1/15/2019
Alexander_Zubov,2886,Duhless,3016,White,3 min,blitz,37,Lost,1/15/2019
Alexander_Zubov,2895,Duhless,3011,Black,3 min,blitz,32,Lost,1/15/2019
Alexander_Zubov,2905,Duhless,3005,White,3 min,blitz,21,Lost,1/15/2019
Alexander_Zubov,2915,Duhless,2999,Black,3 min,blitz,47,Won,1/15/2019
Alexander_Zubov,2896,Duhless,3009,White,3 min,blitz,27,Lost,1/15/2019
Alexander_Zubov,2907,Duhless,3003,Black,3 min,blitz,61,Draw,1/15/2019
Alexander_Zubov,2903,Duhless,3005,White,3 min,blitz,27,Lost,1/15/2019
Alexander_Zubov,2915,Duhless,2999,Black,3 min,blitz,73,Won,1/15/2019
Alexander_Zubov,2893,Duhless,3010,White,3 min,blitz,52,Lost,1/15/2019
Alexander_Zubov,2906,Duhless,3004,Black,3 min,blitz,31,Lost,1/15/2019
Alexander_Zubov,2920,Duhless,2998,White,3 min,blitz,59,Draw,1/15/2019
Alexander_Zubov,2915,Hunninn,2638,White,5|2,blitz,38,Won,1/13/2019
Alexander_Zubov,2908,Hunninn,2641,Black,5|2,blitz,55,Draw,1/13/2019
Alexander_Zubov,2922,lestri,2680,Black,5|2,blitz,66,Won,11/25/2018
Alexander_Zubov,2915,lestri,2686,White,5|2,blitz,68,Won,11/25/2018
Alexander_Zubov,2907,platy3,2760,Black,5|2,blitz,35,Won,11/18/2018
Alexander_Zubov,2896,platy3,2765,White,5|2,blitz,97,Won,11/18/2018
Alexander_Zubov,2884,eldur16,2585,Black,5|2,blitz,48,Won,10/28/2018
Alexander_Zubov,2878,eldur16,2593,White,5|2,blitz,25,Won,10/28/2018
Alexander_Zubov,2872,Coldplace,2732,White,3 min,blitz,29,Won,8/19/2018
Alexander_Zubov,2865,Hikaru,3024,Black,3 min,blitz,84,Lost,7/15/2018
Alexander_Zubov,2870,Hikaru,3019,White,3 min,blitz,47,Lost,7/15/2018
Alexander_Zubov,2875,Hikaru,3014,Black,3 min,blitz,49,Lost,7/15/2018
Alexander_Zubov,2881,buenamor,2266,Black,5|2,blitz,37,Won,6/17/2018
Alexander_Zubov,2881,buenamor,2266,White,5|2,blitz,60,Won,6/17/2018
Alexander_Zubov,2881,Amirreza_p,2760,Black,3 min,blitz,20,Won,6/14/2018
Alexander_Zubov,2875,Amirreza_p,2766,White,3 min,blitz,71,Won,6/14/2018
Alexander_Zubov,2869,Amirreza_p,2772,Black,3 min,blitz,19,Won,6/14/2018
Alexander_Zubov,2863,Amirreza_p,2778,White,3 min,blitz,55,Won,6/14/2018
Alexander_Zubov,2857,Amirreza_p,2784,Black,3 min,blitz,41,Lost,6/14/2018
Alexander_Zubov,2867,Amirreza_p,2774,White,3 min,blitz,44,Won,6/14/2018
Alexander_Zubov,2861,Amirreza_p,2780,Black,3 min,blitz,20,Won,6/14/2018
Alexander_Zubov,2855,Firouzja2003,2859,Black,3 min,blitz,36,Won,6/8/2018
Alexander_Zubov,2847,Firouzja2003,2867,White,3 min,blitz,76,Lost,6/8/2018