player,player_rating,opponent,opponent_rating,side,time_control,time_category,moves,result,date
Alexander_Donchenko,2672,vuqarrasulov,2655,White,1 min,bullet,21,Lost,4/4/2019
Alexander_Donchenko,2681,Witik,2642,White,1 min,bullet,82,Draw,4/4/2019
Alexander_Donchenko,2682,mishanick,2799,Black,1 min,bullet,87,Lost,4/4/2019
Alexander_Donchenko,2688,RayRobson,2725,White,1 min,bullet,64,Won,4/4/2019
Alexander_Donchenko,2679,12teen,2733,Black,1 min,bullet,52,Lost,4/4/2019
Alexander_Donchenko,2686,VerdeNotte,2842,White,1 min,bullet,65,Lost,4/4/2019
Alexander_Donchenko,2691,slackadaisacal,2519,Black,1 min,bullet,34,Won,4/4/2019
Alexander_Donchenko,2686,IM_dmitrij,2734,White,1 min,bullet,57,Won,4/4/2019
Alexander_Donchenko,2676,tokhich_67,2417,White,1 min,bullet,40,Won,4/4/2019
Alexander_Donchenko,2673,nihalsarin,2905,Black,1 min,bullet,55,Lost,4/4/2019
Alexander_Donchenko,2676,1stSecond,2723,White,1 min,bullet,57,Won,4/4/2019
Alexander_Donchenko,2666,LawrenceTrent,2456,White,1 min,bullet,68,Won,4/4/2019
Alexander_Donchenko,2662,Zaven_ChessMood,2744,Black,1 min,bullet,26,Lost,4/4/2019
Alexander_Donchenko,2668,jlucasvf,2539,White,1 min,bullet,2,Won,4/4/2019
Alexander_Donchenko,2662,DenishevM,2523,Black,1 min,bullet,47,Won,4/4/2019
Alexander_Donchenko,2657,Grieve72,2446,White,1 min,bullet,47,Won,4/4/2019
Alexander_Donchenko,2653,PchelkinVK,2519,Black,1 min,bullet,17,Lost,4/4/2019
Alexander_Donchenko,2664,KNVB,2703,White,1 min,bullet,73,Lost,4/4/2019
Alexander_Donchenko,2671,gmjlh,2910,White,1 min,bullet,70,Lost,4/4/2019
Alexander_Donchenko,2674,OparinGrigoriy,2722,Black,1 min,bullet,67,Won,4/4/2019
Alexander_Donchenko,2664,hellokostya,2468,Black,1 min,bullet,47,Won,4/4/2019
Alexander_Donchenko,2660,Tjktiger,2803,White,1 min,bullet,56,Lost,4/4/2019
Alexander_Donchenko,2665,Chopper1905,2904,Black,1 min,bullet,35,Lost,4/4/2019
Alexander_Donchenko,2668,penguingm1,3043,White,1 min,bullet,84,Won,4/4/2019
Alexander_Donchenko,2653,Mr_Sinigami,2275,White,1 min,bullet,54,Won,4/4/2019
Alexander_Donchenko,2651,fiostone,2494,White,1 min,bullet,81,Lost,4/4/2019
Alexander_Donchenko,2663,fiostone,2482,Black,1 min,bullet,32,Won,4/4/2019
Alexander_Donchenko,2659,fiostone,2486,White,1 min,bullet,25,Won,4/4/2019
Alexander_Donchenko,2654,fiostone,2491,Black,1 min,bullet,72,Won,4/4/2019
Alexander_Donchenko,2649,irregularity,2590,White,1 min,bullet,73,Lost,4/4/2019
Alexander_Donchenko,2659,irregularity,2580,Black,1 min,bullet,28,Won,4/4/2019
Alexander_Donchenko,2652,irregularity,2587,White,1 min,bullet,38,Draw,4/4/2019
Alexander_Donchenko,2654,irregularity,2585,Black,1 min,bullet,50,Draw,4/4/2019
Alexander_Donchenko,2656,irregularity,2583,White,1 min,bullet,77,Draw,4/4/2019
Alexander_Donchenko,2658,dudna1989,2565,Black,1 min,bullet,32,Won,4/4/2019
Alexander_Donchenko,2652,Nakachuk,2628,White,1 min,bullet,77,Won,4/4/2019
Alexander_Donchenko,2644,Nakachuk,2636,Black,1 min,bullet,40,Won,4/4/2019
Alexander_Donchenko,2636,Nakachuk,2644,White,1 min,bullet,53,Lost,4/4/2019
Alexander_Donchenko,2644,chloearia,2601,White,1 min,bullet,60,Lost,4/4/2019
Alexander_Donchenko,2653,chloearia,2592,Black,1 min,bullet,36,Lost,4/4/2019
Alexander_Donchenko,2663,chloearia,2582,White,1 min,bullet,45,Won,4/4/2019
Alexander_Donchenko,2657,chloearia,2588,Black,1 min,bullet,34,Lost,4/4/2019
Alexander_Donchenko,2667,chloearia,2578,White,1 min,bullet,54,Won,4/4/2019
Alexander_Donchenko,2661,chloearia,2584,Black,1 min,bullet,26,Lost,4/4/2019
Alexander_Donchenko,2671,Davit_Tiraturyan,2755,Black,1 min,bullet,52,Won,4/4/2019
Alexander_Donchenko,2661,titan013,2566,Black,1 min,bullet,46,Lost,4/4/2019
Alexander_Donchenko,2672,titan013,2555,White,1 min,bullet,48,Won,4/4/2019
Alexander_Donchenko,2666,titan013,2561,Black,1 min,bullet,41,Lost,4/4/2019
Alexander_Donchenko,2677,Davit_Tiraturyan,2765,White,1 min,bullet,35,Lost,4/4/2019
Alexander_Donchenko,2683,Davit_Tiraturyan,2759,Black,1 min,bullet,34,Lost,4/4/2019