player,player_rating,opponent,opponent_rating,side,time_control,time_category,moves,result,date
Alexander_Moskalenko,2816,Parhamov,2904,White,30 sec,bullet,27,Won,1/3/2019
Alexander_Moskalenko,2803,Parhamov,2914,Black,30 sec,bullet,30,Won,1/3/2019
Alexander_Moskalenko,2789,Parhamov,2925,White,30 sec,bullet,57,Won,1/3/2019
Alexander_Moskalenko,2774,Parhamov,2936,Black,30 sec,bullet,70,Draw,1/3/2019
Alexander_Moskalenko,2769,Parhamov,2940,White,30 sec,bullet,27,Lost,1/3/2019
Alexander_Moskalenko,2775,Parhamov,2935,Black,30 sec,bullet,48,Won,1/3/2019
Alexander_Moskalenko,2758,Parhamov,2947,White,30 sec,bullet,46,Lost,1/3/2019
Alexander_Moskalenko,2764,Parhamov,2943,Black,30 sec,bullet,51,Lost,1/3/2019
Alexander_Moskalenko,2771,Parhamov,2939,White,30 sec,bullet,54,Lost,1/3/2019
Alexander_Moskalenko,2778,Parhamov,2934,Black,30 sec,bullet,35,Lost,1/3/2019
Alexander_Moskalenko,2786,Parhamov,2929,White,30 sec,bullet,59,Lost,1/3/2019
Alexander_Moskalenko,2795,nihalsarin,2919,Black,1 min,bullet,29,Lost,12/11/2018
Alexander_Moskalenko,2803,elm2007,2903,Black,10 sec,bullet,43,Lost,12/4/2018
Alexander_Moskalenko,2804,1random,2926,Black,30 sec,bullet,46,Won,11/5/2018
Alexander_Moskalenko,2792,1random,2937,White,30 sec,bullet,47,Won,11/5/2018
Alexander_Moskalenko,2779,Obito24,2625,White,1 min,bullet,30,Won,10/28/2018
Alexander_Moskalenko,2774,Obito24,2637,Black,1 min,bullet,62,Lost,10/28/2018
Alexander_Moskalenko,2786,Obito24,2608,White,1 min,bullet,41,Won,10/28/2018
Alexander_Moskalenko,2781,Illingworth,2824,White,1 min,bullet,75,Won,10/13/2018
Alexander_Moskalenko,2772,Illingworth,2833,Black,1 min,bullet,44,Lost,10/13/2018
Alexander_Moskalenko,2779,numberonefan,2746,Black,1 min,bullet,49,Won,10/12/2018
Alexander_Moskalenko,2771,numberonefan,2754,White,1 min,bullet,40,Lost,10/12/2018
Alexander_Moskalenko,2780,nihalsarin,2801,White,1 min,bullet,62,Won,9/6/2018
Alexander_Moskalenko,2771,nihalsarin,2810,Black,1 min,bullet,28,Won,9/6/2018
Alexander_Moskalenko,2762,nihalsarin,2819,White,1 min,bullet,19,Lost,9/6/2018
Alexander_Moskalenko,2769,Aleksey17,1460,White,1 min,bullet,50,Won,8/18/2018
Alexander_Moskalenko,2769,AlternativFacts,2645,White,1 min,bullet,43,Won,8/18/2018
Alexander_Moskalenko,2763,AlternativFacts,2651,Black,1 min,bullet,67,Won,8/18/2018
Alexander_Moskalenko,2757,AlternativFacts,2657,White,1 min,bullet,38,Lost,8/18/2018
Alexander_Moskalenko,2768,AlternativFacts,2646,Black,1 min,bullet,42,Won,8/18/2018
Alexander_Moskalenko,2762,Lordillidan,2862,White,1 min,bullet,0,Lost,8/17/2018
Alexander_Moskalenko,2768,KenanGarayev,2650,White,1 min,bullet,57,Won,8/17/2018
Alexander_Moskalenko,2762,KenanGarayev,2656,Black,1 min,bullet,29,Won,8/17/2018
Alexander_Moskalenko,2756,Denis_Makhnyov,2742,Black,1 min,bullet,46,Lost,8/17/2018
Alexander_Moskalenko,2765,Denis_Makhnyov,2724,White,1 min,bullet,41,Won,8/17/2018
Alexander_Moskalenko,2757,Denis_Makhnyov,2740,Black,1 min,bullet,65,Lost,8/17/2018
Alexander_Moskalenko,2766,Denis_Makhnyov,2720,White,1 min,bullet,46,Won,8/17/2018
Alexander_Moskalenko,2758,Denis_Makhnyov,2738,Black,1 min,bullet,74,Won,8/17/2018
Alexander_Moskalenko,2750,Denis_Makhnyov,2759,White,1 min,bullet,37,Lost,8/17/2018
Alexander_Moskalenko,2758,Denis_Makhnyov,2737,Black,1 min,bullet,58,Lost,8/17/2018
Alexander_Moskalenko,2767,Denis_Makhnyov,2711,White,1 min,bullet,34,Won,8/17/2018
Alexander_Moskalenko,2760,Eltaj_Safarli,2841,White,1 min,bullet,95,Won,8/17/2018
Alexander_Moskalenko,2750,Eltaj_Safarli,2851,Black,1 min,bullet,37,Lost,8/17/2018
Alexander_Moskalenko,2756,Eltaj_Safarli,2845,White,1 min,bullet,23,Lost,8/17/2018
Alexander_Moskalenko,2762,KenanGarayev,2727,White,1 min,bullet,73,Won,8/17/2018
Alexander_Moskalenko,2754,KenanGarayev,2708,Black,1|1,bullet,66,Draw,8/16/2018
Alexander_Moskalenko,2755,KenanGarayev,2707,White,1|1,bullet,27,Lost,8/16/2018
Alexander_Moskalenko,2765,Eltaj_Safarli,2861,Black,1 min,bullet,61,Won,8/16/2018
Alexander_Moskalenko,2754,Eltaj_Safarli,2872,White,1 min,bullet,44,Won,8/16/2018
Alexander_Moskalenko,2743,Jospem,2776,Black,1 min,bullet,83,Draw,8/16/2018