player,player_rating,opponent,opponent_rating,side,time_control,time_category,moves,result,date
Alexander_Donchenko,2396,ddnos,2363,Black,1 min,bullet,58,Lost,10/21/2013
Alexander_Donchenko,2405,ddnos,2354,White,1 min,bullet,31,Won,10/21/2013
Alexander_Donchenko,2398,ddnos,2361,Black,1 min,bullet,28,Won,10/21/2013
Alexander_Donchenko,2391,ddnos,2368,White,1 min,bullet,78,Lost,10/21/2013
Alexander_Donchenko,2400,ddnos,2359,Black,1 min,bullet,39,Won,10/21/2013
Alexander_Donchenko,2393,ddnos,2366,White,1 min,bullet,66,Lost,10/21/2013
Alexander_Donchenko,2402,ddnos,2357,Black,1 min,bullet,41,Won,10/21/2013
Alexander_Donchenko,2394,ddnos,2364,White,1 min,bullet,32,Won,10/21/2013
Alexander_Donchenko,2386,ddnos,2372,Black,1 min,bullet,34,Lost,10/21/2013
Alexander_Donchenko,2396,ddnos,2363,White,1 min,bullet,43,Won,10/21/2013
Alexander_Donchenko,2387,ddnos,2371,Black,1 min,bullet,47,Lost,10/21/2013
Alexander_Donchenko,2397,ddnos,2362,White,1 min,bullet,78,Draw,10/21/2013
Alexander_Donchenko,2398,ddnos,2361,Black,1 min,bullet,53,Won,10/21/2013
Alexander_Donchenko,2389,grandemas,2201,White,1 min,bullet,40,Won,10/21/2013
Alexander_Donchenko,2384,grandemas,2205,Black,1 min,bullet,42,Won,10/21/2013
Alexander_Donchenko,2378,Rumpelstiltskin8,2162,White,1 min,bullet,61,Won,10/5/2013
Alexander_Donchenko,2374,2011KING,2158,White,1 min,bullet,48,Won,10/5/2013
Alexander_Donchenko,2370,2011KING,2162,Black,1 min,bullet,23,Won,10/5/2013
Alexander_Donchenko,2365,PhysioTherapist,2406,Black,1 min,bullet,53,Lost,9/21/2013
Alexander_Donchenko,2372,PhysioTherapist,2399,White,1 min,bullet,61,Lost,9/21/2013
Alexander_Donchenko,2380,vgorbonosov,2524,Black,1 min,bullet,51,Lost,8/16/2013
Alexander_Donchenko,2385,vgorbonosov,2519,White,1 min,bullet,36,Lost,8/16/2013
Alexander_Donchenko,2390,Yuwono,2439,White,1 min,bullet,24,Lost,8/7/2013
Alexander_Donchenko,2397,Yuwono,2432,Black,1 min,bullet,27,Lost,8/7/2013
Alexander_Donchenko,2405,gmjoey1,2436,White,1 min,bullet,51,Won,7/29/2013
Alexander_Donchenko,2396,gmjoey1,2445,Black,1 min,bullet,32,Draw,7/29/2013
Alexander_Donchenko,2395,gmjoey1,2446,White,1 min,bullet,25,Lost,7/29/2013
Alexander_Donchenko,2402,gmjoey1,2439,Black,1 min,bullet,44,Lost,7/29/2013
Alexander_Donchenko,2410,gmjoey1,2431,White,1 min,bullet,25,Draw,7/29/2013
Alexander_Donchenko,2409,gmjoey1,2432,Black,1 min,bullet,39,Lost,7/29/2013
Alexander_Donchenko,2417,gmjoey1,2424,White,1 min,bullet,55,Won,7/29/2013
Alexander_Donchenko,2408,gmjoey1,2433,Black,1 min,bullet,24,Won,7/29/2013
Alexander_Donchenko,2399,gmjoey1,2442,White,1 min,bullet,38,Lost,7/29/2013
Alexander_Donchenko,2406,gmjoey1,2435,Black,1 min,bullet,47,Won,7/29/2013
Alexander_Donchenko,2397,gmjoey1,2444,White,1 min,bullet,44,Won,7/29/2013
Alexander_Donchenko,2387,gmjoey1,2454,Black,1 min,bullet,25,Lost,7/29/2013
Alexander_Donchenko,2394,gmjoey1,2447,White,1 min,bullet,28,Lost,7/29/2013
Alexander_Donchenko,2401,gmjoey1,2440,Black,1 min,bullet,29,Lost,7/29/2013
Alexander_Donchenko,2408,I_Am_Rude,2181,White,1 min,bullet,25,Won,7/29/2013
Alexander_Donchenko,2404,I_Am_Rude,2185,Black,1 min,bullet,73,Won,7/29/2013
Alexander_Donchenko,2400,cuukmens,2264,White,1 min,bullet,65,Won,7/28/2013
Alexander_Donchenko,2395,cuukmens,2269,Black,1 min,bullet,57,Won,7/28/2013
Alexander_Donchenko,2390,Amyrlin,2151,Black,1 min,bullet,32,Won,7/28/2013
Alexander_Donchenko,2387,omar_kj,2106,White,1 min,bullet,47,Won,7/28/2013
Alexander_Donchenko,2384,omar_kj,2109,Black,1 min,bullet,72,Won,7/28/2013
Alexander_Donchenko,2381,SomePatzer,2546,White,1 min,bullet,51,Won,7/21/2013
Alexander_Donchenko,2369,SomePatzer,2558,Black,1 min,bullet,57,Lost,7/21/2013
Alexander_Donchenko,2373,SomePatzer,2554,White,1 min,bullet,40,Lost,7/21/2013
Alexander_Donchenko,2377,SomePatzer,2550,Black,1 min,bullet,43,Lost,7/21/2013
Alexander_Donchenko,2381,SomePatzer,2546,White,1 min,bullet,39,Lost,7/21/2013