player,player_rating,opponent,opponent_rating,side,time_control,time_category,moves,result,date
Alexander_Donchenko,2651,Maili15,2303,Black,3|2,blitz,41,Won,1/1/2019
Alexander_Donchenko,2649,Tsoi_Dima,2662,Black,3 min,blitz,65,Lost,12/25/2018
Alexander_Donchenko,2657,Tsoi_Dima,2654,White,3 min,blitz,67,Lost,12/25/2018
Alexander_Donchenko,2665,YOAJM,2646,Black,3 min,blitz,18,Lost,12/24/2018
Alexander_Donchenko,2674,YOAJM,2637,White,3 min,blitz,34,Won,12/24/2018
Alexander_Donchenko,2667,MasterMYN,2511,White,3 min,blitz,38,Won,12/24/2018
Alexander_Donchenko,2662,MasterMYN,2516,Black,3 min,blitz,56,Won,12/24/2018
Alexander_Donchenko,2657,Gundavaa,2572,White,3 min,blitz,29,Won,12/24/2018
Alexander_Donchenko,2651,Gundavaa,2578,Black,3 min,blitz,64,Lost,12/24/2018
Alexander_Donchenko,2661,Gundavaa,2568,White,3 min,blitz,51,Lost,12/24/2018
Alexander_Donchenko,2672,LaSuerte,2565,Black,3 min,blitz,39,Lost,12/23/2018
Alexander_Donchenko,2683,Kiborg95,2689,White,3 min,blitz,52,Won,12/6/2018
Alexander_Donchenko,2674,Kiborg95,2698,Black,3 min,blitz,31,Lost,12/6/2018
Alexander_Donchenko,2682,Kiborg95,2690,White,3 min,blitz,54,Draw,12/6/2018
Alexander_Donchenko,2682,AZEWolf2005,2695,Black,3|2,blitz,40,Lost,12/5/2018
Alexander_Donchenko,2690,SantoBlue,2728,White,3|2,blitz,100,Draw,12/5/2018
Alexander_Donchenko,2689,Alopekos,2493,White,3|2,blitz,82,Won,12/5/2018
Alexander_Donchenko,2685,Keaton87,2549,Black,3|2,blitz,59,Draw,12/5/2018
Alexander_Donchenko,2688,jefferyx,2752,White,3|2,blitz,80,Draw,12/5/2018
Alexander_Donchenko,2687,DenisQ,2600,Black,3|2,blitz,35,Won,12/5/2018
Alexander_Donchenko,2681,Durarbayli,2714,Black,3|2,blitz,33,Lost,12/4/2018
Alexander_Donchenko,2689,Parhamov,2847,White,3|2,blitz,91,Draw,12/4/2018
Alexander_Donchenko,2686,Chessialist,2532,White,3|2,blitz,43,Won,12/4/2018
Alexander_Donchenko,2681,staz_staz,2359,Black,3|2,blitz,33,Won,12/4/2018
Alexander_Donchenko,2679,Vivilica,2655,Black,3 min,blitz,70,Lost,12/1/2018
Alexander_Donchenko,2688,Vivilica,2646,White,3 min,blitz,43,Won,12/1/2018
Alexander_Donchenko,2681,IGROK1111,2610,Black,3 min,blitz,27,Lost,12/1/2018
Alexander_Donchenko,2691,afgano29,2600,Black,3 min,blitz,25,Lost,11/27/2018
Alexander_Donchenko,2701,EasyRating,2585,Black,3 min,blitz,61,Lost,11/26/2018
Alexander_Donchenko,2712,pultineviciuspaulius,2649,White,3 min,blitz,29,Won,11/21/2018
Alexander_Donchenko,2705,Alexei_Shalin,2604,Black,3 min,blitz,41,Won,11/14/2018
Alexander_Donchenko,2699,Alexander_Khlebovich,2660,White,3 min,blitz,53,Won,11/11/2018
Alexander_Donchenko,2692,Edegem,2518,Black,3 min,blitz,40,Lost,11/11/2018
Alexander_Donchenko,2704,pKiLz5Rn9b,2723,White,3 min,blitz,56,Lost,11/10/2018
Alexander_Donchenko,2712,chesscemil,2694,Black,3 min,blitz,18,Lost,11/10/2018
Alexander_Donchenko,2721,MSH2004,2528,White,3 min,blitz,75,Won,11/10/2018
Alexander_Donchenko,2716,Hemanthsankar,2607,White,3 min,blitz,22,Won,11/9/2018
Alexander_Donchenko,2710,Hemanthsankar,2613,Black,3 min,blitz,67,Lost,11/9/2018
Alexander_Donchenko,2721,Crusher25,2709,White,3 min,blitz,60,Lost,11/9/2018
Alexander_Donchenko,2730,Black-Flash,2722,Black,3 min,blitz,23,Lost,11/8/2018
Alexander_Donchenko,2739,dangerousfish,2608,White,3 min,blitz,47,Won,11/8/2018
Alexander_Donchenko,2734,dangerousfish,2613,Black,3 min,blitz,23,Won,11/8/2018
Alexander_Donchenko,2715,ViktorMatviishen,2462,White,3|2,blitz,39,Lost,11/7/2018
Alexander_Donchenko,2728,chessdjw,2600,Black,3|2,blitz,32,Lost,11/6/2018
Alexander_Donchenko,2739,eljanov,2819,White,3|2,blitz,52,Lost,11/6/2018
Alexander_Donchenko,2746,jcibarra,2630,Black,3|2,blitz,40,Won,11/6/2018
Alexander_Donchenko,2740,Godzillator,2380,White,3|2,blitz,39,Won,11/6/2018
Alexander_Donchenko,2738,KiteZZ,2657,Black,3 min,blitz,85,Won,11/6/2018
Alexander_Donchenko,2732,KiteZZ,2663,White,3 min,blitz,34,Won,11/6/2018
Alexander_Donchenko,2725,DmitryMaximov,2660,White,3 min,blitz,49,Lost,11/5/2018