player,player_rating,opponent,opponent_rating,side,time_control,time_category,moves,result,date
Alexander_Donchenko,2579,dangerousfish,2473,Black,3 min,blitz,29,Lost,10/20/2017
Alexander_Donchenko,2590,Rogacenko,2584,Black,3 min,blitz,35,Won,10/20/2017
Alexander_Donchenko,2582,Incognito_Knight,2524,Black,3 min,blitz,39,Lost,10/20/2017
Alexander_Donchenko,2592,BM_on_ICC,2399,White,3 min,blitz,68,Won,10/20/2017
Alexander_Donchenko,2588,BM_on_ICC,2403,Black,3 min,blitz,46,Won,10/20/2017
Alexander_Donchenko,2584,tarquilnius,2455,White,3 min,blitz,52,Won,10/20/2017
Alexander_Donchenko,2579,dzhumagaliev,2600,White,3 min,blitz,53,Lost,10/20/2017
Alexander_Donchenko,2587,ficorrales,2638,Black,3 min,blitz,32,Lost,10/19/2017
Alexander_Donchenko,2594,ficorrales,2631,White,3 min,blitz,78,Lost,10/19/2017
Alexander_Donchenko,2601,ficorrales,2624,Black,3 min,blitz,44,Lost,10/19/2017
Alexander_Donchenko,2609,ficorrales,2616,White,3 min,blitz,34,Won,10/19/2017
Alexander_Donchenko,2600,denizozen,2538,Black,3 min,blitz,50,Won,10/19/2017
Alexander_Donchenko,2593,denizozen,2545,White,3 min,blitz,97,Draw,10/19/2017
Alexander_Donchenko,2594,denizozen,2544,Black,3 min,blitz,86,Lost,10/19/2017
Alexander_Donchenko,2604,denizozen,2534,White,3 min,blitz,28,Won,10/19/2017
Alexander_Donchenko,2597,ficorrales,2621,Black,3 min,blitz,32,Lost,10/19/2017
Alexander_Donchenko,2605,ficorrales,2613,White,3 min,blitz,44,Won,10/19/2017
Alexander_Donchenko,2596,stuwdrey,2560,White,3 min,blitz,60,Lost,10/18/2017
Alexander_Donchenko,2605,stuwdrey,2551,Black,3 min,blitz,49,Won,10/18/2017
Alexander_Donchenko,2598,Juwen,2578,Black,3 min,blitz,48,Won,10/16/2017
Alexander_Donchenko,2590,Juwen,2589,White,3 min,blitz,51,Draw,10/16/2017
Alexander_Donchenko,2590,ChessShop,2387,Black,3 min,blitz,58,Won,10/16/2017
Alexander_Donchenko,2586,ChessShop,2386,White,3 min,blitz,57,Won,10/15/2017
Alexander_Donchenko,2582,scrapnel,2485,Black,3 min,blitz,59,Lost,10/15/2017
Alexander_Donchenko,2593,nbsoft,2489,Black,3 min,blitz,33,Won,10/15/2017
Alexander_Donchenko,2587,nbsoft,2495,White,3 min,blitz,36,Draw,10/15/2017
Alexander_Donchenko,2589,WildlifeSanctuary,2474,Black,3 min,blitz,35,Won,10/15/2017
Alexander_Donchenko,2583,WildlifeSanctuary,2480,White,3 min,blitz,35,Won,10/15/2017
Alexander_Donchenko,2577,XXXdeadmanXXX,2497,Black,3 min,blitz,25,Won,10/15/2017
Alexander_Donchenko,2571,Duhless,2713,Black,3 min,blitz,36,Lost,10/13/2017
Alexander_Donchenko,2576,Duhless,2708,White,3 min,blitz,35,Draw,10/13/2017
Alexander_Donchenko,2573,Arrubarena,2444,Black,3 min,blitz,62,Draw,10/13/2017
Alexander_Donchenko,2576,DESTROYER7777777,2493,Black,3 min,blitz,37,Lost,10/9/2017
Alexander_Donchenko,2586,DESTROYER7777777,2483,White,3 min,blitz,68,Lost,10/9/2017
Alexander_Donchenko,2597,Lunaticx,2669,Black,3 min,blitz,57,Won,10/7/2017
Alexander_Donchenko,2587,mikolka1985,2422,White,3 min,blitz,55,Won,10/7/2017
Alexander_Donchenko,2582,pKiLz5Rn9b,2610,White,3 min,blitz,70,Won,10/7/2017
Alexander_Donchenko,2573,Diwi89,2666,Black,3 min,blitz,39,Lost,10/7/2017
Alexander_Donchenko,2579,maverick_nyc,2382,White,3 min,blitz,28,Won,10/6/2017
Alexander_Donchenko,2575,BakaPG,2475,Black,3 min,blitz,57,Won,10/6/2017
Alexander_Donchenko,2569,Ramzai440,2524,Black,3 min,blitz,41,Won,10/6/2017
Alexander_Donchenko,2562,Ar4uha,2408,White,3 min,blitz,26,Won,10/6/2017
Alexander_Donchenko,2557,mikolka1985,2478,Black,3 min,blitz,37,Lost,10/6/2017
Alexander_Donchenko,2567,FlorianHandke,2473,Black,3 min,blitz,77,Won,10/5/2017
Alexander_Donchenko,2561,Fantozzi86,2442,White,3 min,blitz,36,Draw,10/5/2017
Alexander_Donchenko,2564,Fantozzi86,2439,Black,3 min,blitz,29,Draw,10/5/2017
Alexander_Donchenko,2567,Alexander_Khlebovich,2509,White,3 min,blitz,39,Won,10/5/2017
Alexander_Donchenko,2560,underdogchss,2423,White,3 min,blitz,51,Won,10/5/2017
Alexander_Donchenko,2555,underdogchss,2428,Black,3 min,blitz,55,Won,10/5/2017
Alexander_Donchenko,2550,underdogchss,2433,White,3 min,blitz,48,Lost,10/5/2017