player,player_rating,opponent,opponent_rating,side,time_control,time_category,moves,result,date
Alexander_Moskalenko,2762,Novak_Pezelj,2610,White,3 min,blitz,20,Won,6/13/2018
Alexander_Moskalenko,2757,Novak_Pezelj,2615,Black,3 min,blitz,64,Lost,6/13/2018
Alexander_Moskalenko,2769,vuqarrasulov,2816,White,3 min,blitz,35,Lost,6/13/2018
Alexander_Moskalenko,2776,vuqarrasulov,2809,Black,3 min,blitz,42,Lost,6/13/2018
Alexander_Moskalenko,2784,vuqarrasulov,2801,White,3 min,blitz,28,Draw,6/13/2018
Alexander_Moskalenko,2784,vuqarrasulov,2801,Black,3 min,blitz,49,Lost,6/13/2018
Alexander_Moskalenko,2792,DanielNaroditsky,2857,White,3 min,blitz,52,Won,6/13/2018
Alexander_Moskalenko,2782,DanielNaroditsky,2867,Black,3 min,blitz,14,Lost,6/13/2018
Alexander_Moskalenko,2788,DanielNaroditsky,2861,White,3 min,blitz,101,Draw,6/13/2018
Alexander_Moskalenko,2786,GMharikrishna,2782,Black,3|2,blitz,93,Draw,6/12/2018
Alexander_Moskalenko,2786,GMharikrishna,2782,White,3|2,blitz,17,Won,6/12/2018
Alexander_Moskalenko,2778,Durarbayli,2733,Black,3 min,blitz,77,Lost,6/12/2018
Alexander_Moskalenko,2787,Durarbayli,2724,White,3 min,blitz,58,Draw,6/12/2018
Alexander_Moskalenko,2789,Durarbayli,2722,Black,3 min,blitz,72,Won,6/12/2018
Alexander_Moskalenko,2782,Durarbayli,2729,White,3 min,blitz,73,Won,6/12/2018
Alexander_Moskalenko,2775,Kingh_77,2714,White,3 min,blitz,42,Won,6/12/2018
Alexander_Moskalenko,2768,igorkovalenko,2847,Black,3 min,blitz,21,Lost,6/6/2018
Alexander_Moskalenko,2774,igorkovalenko,2841,White,3 min,blitz,25,Lost,6/6/2018
Alexander_Moskalenko,2781,Dr_Mortimer,2808,Black,3 min,blitz,84,Draw,6/6/2018
Alexander_Moskalenko,2780,Dr_Mortimer,2809,White,3 min,blitz,52,Draw,6/6/2018
Alexander_Moskalenko,2779,Dr_Mortimer,2810,Black,3 min,blitz,55,Lost,6/6/2018
Alexander_Moskalenko,2787,Dr_Mortimer,2802,White,3 min,blitz,87,Lost,6/6/2018
Alexander_Moskalenko,2795,Dr_Mortimer,2794,Black,3 min,blitz,53,Won,6/6/2018
Alexander_Moskalenko,2787,Dr_Mortimer,2802,White,3 min,blitz,26,Lost,6/6/2018
Alexander_Moskalenko,2795,Dr_Mortimer,2794,Black,3 min,blitz,68,Won,6/6/2018
Alexander_Moskalenko,2787,Dr_Mortimer,2802,White,3 min,blitz,40,Won,6/6/2018
Alexander_Moskalenko,2778,Dr_Mortimer,2811,Black,3 min,blitz,71,Draw,6/6/2018
Alexander_Moskalenko,2777,Dr_Mortimer,2812,White,3 min,blitz,41,Lost,6/6/2018
Alexander_Moskalenko,2785,Dr_Mortimer,2804,Black,3 min,blitz,28,Lost,6/6/2018
Alexander_Moskalenko,2793,Dr_Mortimer,2796,White,3 min,blitz,72,Won,6/6/2018
Alexander_Moskalenko,2785,Dr_Mortimer,2804,Black,3 min,blitz,63,Won,6/6/2018
Alexander_Moskalenko,2776,Dr_Mortimer,2813,White,3 min,blitz,55,Draw,6/6/2018
Alexander_Moskalenko,2775,Dr_Mortimer,2814,Black,3 min,blitz,55,Won,6/6/2018
Alexander_Moskalenko,2766,Dr_Mortimer,2823,White,3 min,blitz,44,Lost,6/6/2018
Alexander_Moskalenko,2773,BartoszSocko,2633,White,3|2,blitz,125,Draw,6/6/2018
Alexander_Moskalenko,2776,erichansen,2788,Black,3|2,blitz,32,Lost,6/6/2018
Alexander_Moskalenko,2784,nihalsarin,2745,White,3|2,blitz,68,Won,6/6/2018
Alexander_Moskalenko,2777,JaimeSantosLatasa,2652,Black,3|2,blitz,58,Won,6/6/2018
Alexander_Moskalenko,2772,PetrosyanManuel,2617,White,3|2,blitz,60,Won,6/6/2018
Alexander_Moskalenko,2767,enriquetejedor,2524,Black,3|2,blitz,69,Won,6/5/2018
Alexander_Moskalenko,2763,PaulfromSPb,2424,White,3|2,blitz,66,Won,6/5/2018
Alexander_Moskalenko,2761,champ2005,2562,Black,3|2,blitz,58,Lost,6/5/2018
Alexander_Moskalenko,2774,GameOverBro,2401,White,3|2,blitz,80,Won,6/5/2018
Alexander_Moskalenko,2772,DraganSolak,2774,Black,3 min,blitz,54,Lost,6/4/2018
Alexander_Moskalenko,2780,DraganSolak,2766,White,3 min,blitz,35,Won,6/4/2018
Alexander_Moskalenko,2772,Kriari,2782,Black,3 min,blitz,36,Lost,6/4/2018
Alexander_Moskalenko,2780,Kriari,2774,White,3 min,blitz,61,Draw,6/4/2018
Alexander_Moskalenko,2780,dancingqueen83,2831,White,3 min,blitz,44,Won,6/3/2018
Alexander_Moskalenko,2770,dancingqueen83,2841,Black,3 min,blitz,28,Lost,6/3/2018
Alexander_Moskalenko,2777,dancingqueen83,2834,White,3 min,blitz,46,Lost,6/3/2018