player,player_rating,opponent,opponent_rating,side,time_control,time_category,moves,result,date
Alexander_Zubov,2049,ciprimorar,1971,Black,3 min,blitz,31,Won,5/14/2016
Alexander_Zubov,1958,kesemek,1804,White,3 min,blitz,39,Won,12/29/2015
Alexander_Zubov,1923,kinseadm2299,1767,Black,3 min,blitz,0,Won,12/29/2015
Alexander_Zubov,1884,crispincastillo,1796,White,3 min,blitz,44,Won,12/29/2015
Alexander_Zubov,1826,GreatBuffalo,2062,White,3 min,blitz,1,Won,11/27/2015
Alexander_Zubov,1706,hakkliha,1906,Black,3 min,blitz,17,Lost,11/26/2015
Alexander_Zubov,1754,babaudle,1512,Black,3 min,blitz,50,Won,4/24/2015
Alexander_Zubov,1716,babaudle,1516,White,3 min,blitz,17,Won,4/24/2015
Alexander_Zubov,1662,babaudle,1521,Black,3 min,blitz,28,Won,4/24/2015
Alexander_Zubov,1580,Ghostjet,1199,Black,3 min,blitz,32,Won,4/24/2015
Alexander_Zubov,1529,Ghostjet,1249,White,3 min,blitz,11,Won,4/24/2015
Alexander_Zubov,1409,boxdoctor99,1327,White,3 min,blitz,32,Won,4/24/2015