player,player_rating,opponent,opponent_rating,side,time_control,time_category,moves,result,date
Alexander_Donchenko,2649,CheekyChessTV,1823,White,3 min,blitz,15,Won,5/6/2018
Alexander_Donchenko,2649,Abrito99,2522,Black,3|2,blitz,37,Lost,5/2/2018
Alexander_Donchenko,2660,LawrenceTrent,2463,Black,3|2,blitz,59,Won,5/2/2018
Alexander_Donchenko,2656,Flawless2018,2491,White,3|2,blitz,102,Draw,5/2/2018
Alexander_Donchenko,2660,Sven_Tica,2647,Black,3|2,blitz,33,Lost,5/2/2018
Alexander_Donchenko,2669,djano,2458,White,3|2,blitz,48,Draw,5/2/2018
Alexander_Donchenko,2673,GMMatamoros,2507,Black,3|2,blitz,35,Won,5/1/2018
Alexander_Donchenko,2668,Korchmar_Vasiliy,2722,White,3|2,blitz,65,Lost,5/1/2018
Alexander_Donchenko,2675,Blitzstream,2486,Black,3|2,blitz,31,Won,5/1/2018
Alexander_Donchenko,2671,SniperEnglandCoach,2350,White,3|2,blitz,27,Won,5/1/2018
Alexander_Donchenko,2669,ShimanovAlex,2666,White,3 min,blitz,68,Won,4/13/2018
Alexander_Donchenko,2661,ShimanovAlex,2674,Black,3 min,blitz,56,Lost,4/13/2018
Alexander_Donchenko,2669,ShimanovAlex,2666,White,3 min,blitz,59,Won,4/13/2018
Alexander_Donchenko,2661,ShimanovAlex,2674,Black,3 min,blitz,39,Lost,4/13/2018
Alexander_Donchenko,2669,ShimanovAlex,2666,White,3 min,blitz,75,Draw,4/13/2018
Alexander_Donchenko,2669,ShimanovAlex,2666,Black,3 min,blitz,52,Won,4/13/2018
Alexander_Donchenko,2661,ShimanovAlex,2674,White,3 min,blitz,43,Lost,4/13/2018
Alexander_Donchenko,2669,ShimanovAlex,2666,Black,3 min,blitz,55,Lost,4/13/2018
Alexander_Donchenko,2677,Unlucky10,2673,Black,3 min,blitz,73,Lost,4/13/2018
Alexander_Donchenko,2685,Unlucky10,2665,White,3 min,blitz,16,Won,4/13/2018
Alexander_Donchenko,2677,mishanick,2778,Black,3 min,blitz,59,Won,4/13/2018
Alexander_Donchenko,2666,mishanick,2789,White,3 min,blitz,53,Lost,4/13/2018
Alexander_Donchenko,2672,eljanov,2715,White,3 min,blitz,43,Lost,4/2/2018
Alexander_Donchenko,2679,eljanov,2708,Black,3 min,blitz,46,Draw,4/2/2018
Alexander_Donchenko,2678,eljanov,2709,White,3 min,blitz,62,Draw,4/2/2018
Alexander_Donchenko,2677,eljanov,2710,Black,3 min,blitz,60,Lost,4/2/2018
Alexander_Donchenko,2685,eljanov,2702,White,3 min,blitz,28,Lost,4/2/2018
Alexander_Donchenko,2693,RobertoJBM,2658,White,3 min,blitz,38,Won,4/2/2018
Alexander_Donchenko,2685,RobertoJBM,2666,Black,3 min,blitz,87,Won,4/2/2018
Alexander_Donchenko,2677,Aryangholami,2522,White,3 min,blitz,17,Won,4/1/2018
Alexander_Donchenko,2672,Alexander_Khlebovich,2594,Black,3 min,blitz,82,Won,3/31/2018
Alexander_Donchenko,2665,Khuyagtsogt,2492,White,3 min,blitz,18,Won,3/27/2018
Alexander_Donchenko,2660,Khuyagtsogt,2496,Black,3 min,blitz,25,Won,3/27/2018
Alexander_Donchenko,2655,rustev,2448,Black,3 min,blitz,23,Won,3/21/2018
Alexander_Donchenko,2651,wnstop,2600,Black,3 min,blitz,59,Lost,3/21/2018
Alexander_Donchenko,2661,chizhik98,2571,White,3 min,blitz,49,Won,3/21/2018
Alexander_Donchenko,2655,chizhik98,2577,Black,3 min,blitz,66,Won,3/21/2018
Alexander_Donchenko,2648,Mistango,2596,White,3 min,blitz,21,Lost,3/15/2018
Alexander_Donchenko,2658,Mistango,2586,Black,3 min,blitz,22,Lost,3/15/2018
Alexander_Donchenko,2668,Ackimirko,2709,White,3 min,blitz,38,Lost,3/13/2018
Alexander_Donchenko,2675,nihalsarin,2722,Black,3 min,blitz,21,Lost,3/9/2018
Alexander_Donchenko,2682,nihalsarin,2715,White,3 min,blitz,28,Won,3/9/2018
Alexander_Donchenko,2673,nihalsarin,2724,Black,3 min,blitz,32,Lost,3/9/2018
Alexander_Donchenko,2680,manudavid,2554,White,3 min,blitz,49,Draw,3/9/2018
Alexander_Donchenko,2683,manudavid,2551,Black,3 min,blitz,88,Won,3/9/2018
Alexander_Donchenko,2678,gmgamil,2613,White,3 min,blitz,56,Won,3/9/2018
Alexander_Donchenko,2671,gmgamil,2620,Black,3 min,blitz,44,Won,3/9/2018
Alexander_Donchenko,2664,Keranke,2692,White,3 min,blitz,26,Won,3/8/2018
Alexander_Donchenko,2655,Keranke,2701,Black,3 min,blitz,64,Lost,3/8/2018
Alexander_Donchenko,2662,JynxMaze_LoL,2683,Black,3 min,blitz,41,Lost,3/8/2018