player,player_rating,opponent,opponent_rating,side,time_control,time_category,moves,result,date
Alexander_Moskalenko,2798,GMG,2793,White,3 min,blitz,57,Lost,2/7/2019
Alexander_Moskalenko,2806,GMG,2785,Black,3 min,blitz,46,Lost,2/7/2019
Alexander_Moskalenko,2815,GMG,2776,White,3 min,blitz,31,Lost,2/7/2019
Alexander_Moskalenko,2824,GMG,2767,Black,3 min,blitz,59,Won,2/7/2019
Alexander_Moskalenko,2817,Hikaru,3121,White,3 min,blitz,25,Lost,2/2/2019
Alexander_Moskalenko,2819,Hikaru,3119,Black,3 min,blitz,59,Lost,2/2/2019
Alexander_Moskalenko,2822,Hikaru,3116,White,3 min,blitz,48,Lost,2/2/2019
Alexander_Moskalenko,2825,Hikaru,3113,Black,3 min,blitz,32,Lost,2/2/2019
Alexander_Moskalenko,2828,Hikaru,3110,White,3 min,blitz,106,Lost,2/2/2019
Alexander_Moskalenko,2831,Hikaru,3107,Black,3 min,blitz,55,Draw,2/2/2019
Alexander_Moskalenko,2826,Hikaru,3112,White,3 min,blitz,95,Draw,2/2/2019
Alexander_Moskalenko,2820,Hikaru,3118,Black,3 min,blitz,4,Lost,2/2/2019
Alexander_Moskalenko,2823,Yaacovn,2795,Black,3 min,blitz,77,Lost,2/1/2019
Alexander_Moskalenko,2832,Yaacovn,2786,White,3 min,blitz,25,Lost,2/1/2019
Alexander_Moskalenko,2841,Yaacovn,2777,Black,3 min,blitz,21,Won,2/1/2019
Alexander_Moskalenko,2834,Yaacovn,2784,White,3 min,blitz,66,Draw,2/1/2019
Alexander_Moskalenko,2835,Yaacovn,2783,Black,3 min,blitz,31,Lost,2/1/2019
Alexander_Moskalenko,2845,Yaacovn,2773,White,3 min,blitz,70,Draw,2/1/2019
Alexander_Moskalenko,2847,Kriari,2872,White,3 min,blitz,92,Won,1/30/2019
Alexander_Moskalenko,2838,Kriari,2881,Black,3 min,blitz,108,Draw,1/30/2019
Alexander_Moskalenko,2837,Kriari,2882,White,3 min,blitz,35,Won,1/30/2019
Alexander_Moskalenko,2828,Kriari,2891,Black,3 min,blitz,43,Draw,1/30/2019
Alexander_Moskalenko,2827,Kriari,2892,White,3 min,blitz,23,Lost,1/30/2019
Alexander_Moskalenko,2834,Kriari,2885,Black,3 min,blitz,66,Lost,1/30/2019
Alexander_Moskalenko,2841,Kriari,2878,White,3 min,blitz,77,Won,1/30/2019
Alexander_Moskalenko,2832,Kriari,2887,Black,3 min,blitz,90,Lost,1/30/2019
Alexander_Moskalenko,2839,Kriari,2880,White,3 min,blitz,49,Draw,1/30/2019
Alexander_Moskalenko,2838,Kriari,2881,Black,3 min,blitz,41,Lost,1/30/2019
Alexander_Moskalenko,2845,kuli4ik,2813,White,3 min,blitz,37,Lost,1/26/2019
Alexander_Moskalenko,2854,kuli4ik,2804,Black,3 min,blitz,29,Draw,1/26/2019
Alexander_Moskalenko,2855,Indianlad,2836,Black,3 min,blitz,28,Won,1/22/2019
Alexander_Moskalenko,2847,Indianlad,2844,White,3 min,blitz,24,Lost,1/22/2019
Alexander_Moskalenko,2855,Malik02,2830,Black,3 min,blitz,4,Won,1/20/2019
Alexander_Moskalenko,2847,Malik02,2838,White,3 min,blitz,43,Draw,1/20/2019
Alexander_Moskalenko,2847,Malik02,2838,Black,3 min,blitz,46,Draw,1/20/2019
Alexander_Moskalenko,2847,Malik02,2838,White,3 min,blitz,44,Draw,1/20/2019
Alexander_Moskalenko,2820,CaptainCasanova,2729,White,3 min,blitz,61,Won,1/11/2019
Alexander_Moskalenko,2814,CaptainCasanova,2735,Black,3 min,blitz,29,Lost,1/11/2019
Alexander_Moskalenko,2824,CaptainCasanova,2725,White,3 min,blitz,79,Won,1/11/2019
Alexander_Moskalenko,2818,CaptainCasanova,2731,Black,3 min,blitz,81,Draw,1/11/2019
Alexander_Moskalenko,2820,CaptainCasanova,2729,White,3 min,blitz,61,Won,1/11/2019
Alexander_Moskalenko,2814,CaptainCasanova,2735,Black,3 min,blitz,14,Won,1/11/2019
Alexander_Moskalenko,2807,CaptainCasanova,2742,White,3 min,blitz,39,Won,1/11/2019
Alexander_Moskalenko,2800,CaptainCasanova,2749,Black,3 min,blitz,34,Won,1/11/2019
Alexander_Moskalenko,2793,CaptainCasanova,2756,White,3 min,blitz,28,Draw,1/11/2019
Alexander_Moskalenko,2794,ahmadzada13,2826,Black,3 min,blitz,83,Lost,1/10/2019
Alexander_Moskalenko,2802,Noukii,2799,White,3 min,blitz,73,Lost,1/10/2019
Alexander_Moskalenko,2810,Noukii,2791,Black,3 min,blitz,35,Won,1/10/2019
Alexander_Moskalenko,2802,Noukii,2799,White,3 min,blitz,27,Won,1/10/2019
Alexander_Moskalenko,2794,Msb2,2816,Black,3 min,blitz,31,Won,1/10/2019