player,player_rating,opponent,opponent_rating,side,time_control,time_category,moves,result,date
Alexander_Moskalenko,2678,smallelephant,2619,Black,1 min,bullet,78,Won,4/6/2019
Alexander_Moskalenko,2671,Amincheraghi99,2680,White,1 min,bullet,40,Won,4/6/2019
Alexander_Moskalenko,2662,Amincheraghi99,2689,Black,1 min,bullet,74,Draw,4/6/2019
Alexander_Moskalenko,2661,Amincheraghi99,2690,White,1 min,bullet,55,Won,4/6/2019
Alexander_Moskalenko,2652,Amincheraghi99,2699,Black,1 min,bullet,51,Won,4/6/2019
Alexander_Moskalenko,2643,Amincheraghi99,2708,White,1 min,bullet,29,Lost,4/6/2019
Alexander_Moskalenko,2650,Amincheraghi99,2701,Black,1 min,bullet,49,Lost,4/6/2019
Alexander_Moskalenko,2657,Amincheraghi99,2694,White,1 min,bullet,70,Won,4/6/2019
Alexander_Moskalenko,2648,Amincheraghi99,2703,Black,1 min,bullet,66,Lost,4/6/2019
Alexander_Moskalenko,2655,Amincheraghi99,2696,White,1 min,bullet,59,Won,4/6/2019
Alexander_Moskalenko,2646,smallelephant,2630,White,1 min,bullet,49,Won,4/5/2019
Alexander_Moskalenko,2638,smallelephant,2638,Black,1 min,bullet,72,Draw,4/5/2019
Alexander_Moskalenko,2638,smallelephant,2638,White,1 min,bullet,27,Won,4/5/2019
Alexander_Moskalenko,2630,smallelephant,2646,Black,1 min,bullet,59,Lost,4/5/2019
Alexander_Moskalenko,2638,smallelephant,2638,White,1 min,bullet,65,Won,4/5/2019
Alexander_Moskalenko,2629,smallelephant,2646,Black,1 min,bullet,53,Won,4/5/2019
Alexander_Moskalenko,2620,Artooooo,2770,White,1 min,bullet,44,Lost,4/5/2019
Alexander_Moskalenko,2625,Gabix_94,2734,White,1 min,bullet,36,Lost,4/5/2019
Alexander_Moskalenko,2632,Rsnr,2600,White,1 min,bullet,98,Won,4/5/2019
Alexander_Moskalenko,2623,Rsnr,2608,Black,1 min,bullet,47,Lost,4/5/2019
Alexander_Moskalenko,2633,smallelephant,2660,White,1 min,bullet,43,Lost,4/5/2019
Alexander_Moskalenko,2643,smallelephant,2652,Black,1 min,bullet,47,Lost,4/5/2019
Alexander_Moskalenko,2653,ASVZ,2476,White,1 min,bullet,64,Draw,4/4/2019
Alexander_Moskalenko,2658,Rakesh,2396,Black,1 min,bullet,24,Won,4/4/2019
Alexander_Moskalenko,2654,LawrenceTrent,2484,Black,1 min,bullet,46,Won,4/4/2019
Alexander_Moskalenko,2648,MadDog94,2434,White,1 min,bullet,33,Won,4/4/2019
Alexander_Moskalenko,2643,GameOverBro,2352,Black,1 min,bullet,36,Won,4/4/2019
Alexander_Moskalenko,2639,stepanosinovsky,2217,White,1 min,bullet,43,Won,4/4/2019
Alexander_Moskalenko,2637,Richarzard69,2109,Black,1 min,bullet,44,Won,4/4/2019
Alexander_Moskalenko,2636,vinniethepooh,2459,White,1 min,bullet,78,Lost,4/4/2019
Alexander_Moskalenko,2654,baslyabaslya,2108,Black,1 min,bullet,38,Lost,4/4/2019
Alexander_Moskalenko,2677,Grieve72,2464,White,1 min,bullet,20,Won,4/4/2019
Alexander_Moskalenko,2671,Raja3401,2524,Black,1 min,bullet,29,Lost,4/4/2019
Alexander_Moskalenko,2689,hellokostya,2472,Black,1 min,bullet,47,Won,4/4/2019
Alexander_Moskalenko,2683,DenishevM,2540,White,1 min,bullet,17,Lost,4/4/2019
Alexander_Moskalenko,2702,zabivol_mc,2016,Black,1 min,bullet,39,Won,4/4/2019
Alexander_Moskalenko,2701,murmah2003,2572,Black,1 min,bullet,64,Lost,4/4/2019
Alexander_Moskalenko,2720,fidetrainerNET,2026,White,1 min,bullet,48,Won,4/4/2019
Alexander_Moskalenko,2719,BlackBoarder,2560,White,1 min,bullet,45,Lost,4/4/2019
Alexander_Moskalenko,2740,MishkaFighter,2652,Black,1 min,bullet,63,Lost,4/4/2019
Alexander_Moskalenko,2759,Gareth-Bale11,2589,White,1 min,bullet,52,Won,4/4/2019
Alexander_Moskalenko,2750,shnitez,2089,Black,1 min,bullet,39,Won,4/4/2019
Alexander_Moskalenko,2749,ulises2013,2588,White,1 min,bullet,43,Lost,4/4/2019
Alexander_Moskalenko,2772,Daxasy,2606,Black,1 min,bullet,60,Lost,4/4/2019
Alexander_Moskalenko,2796,moro182,2616,White,1 min,bullet,35,Lost,4/4/2019
Alexander_Moskalenko,2821,rpragchess,2685,Black,1 min,bullet,59,Won,4/4/2019
Alexander_Moskalenko,2810,tokhich_67,2408,White,1 min,bullet,72,Won,4/4/2019
Alexander_Moskalenko,2807,GABUZYAN_CHESSMOOD,2831,Black,1 min,bullet,43,Lost,1/10/2019
Alexander_Moskalenko,2817,GABUZYAN_CHESSMOOD,2823,White,1 min,bullet,70,Lost,1/10/2019
Alexander_Moskalenko,2827,GABUZYAN_CHESSMOOD,2815,Black,1 min,bullet,24,Won,1/10/2019