player,player_rating,opponent,opponent_rating,side,time_control,time_category,moves,result,date
Alexander_Zubov,2869,spectralsoul,2710,White,1 min,bullet,50,Won,12/10/2018
Alexander_Zubov,2864,spectralsoul,2715,Black,1 min,bullet,39,Won,12/10/2018
Alexander_Zubov,2859,spectralsoul,2720,White,1 min,bullet,49,Won,12/10/2018
Alexander_Zubov,2854,spectralsoul,2725,Black,1 min,bullet,34,Won,12/10/2018
Alexander_Zubov,2849,spectralsoul,2730,White,1 min,bullet,52,Lost,12/10/2018
Alexander_Zubov,2860,spectralsoul,2719,Black,1 min,bullet,25,Won,12/10/2018
Alexander_Zubov,2855,spectralsoul,2724,White,1 min,bullet,19,Won,12/10/2018
Alexander_Zubov,2850,pKiLz5Rn9b,2809,White,1 min,bullet,43,Won,12/10/2018
Alexander_Zubov,2843,Sunrise777,2636,Black,1 min,bullet,44,Won,12/2/2018
Alexander_Zubov,2839,Sunrise777,2640,White,1 min,bullet,20,Won,12/2/2018
Alexander_Zubov,2835,Sunrise777,2644,Black,1 min,bullet,26,Won,12/2/2018
Alexander_Zubov,2831,Sunrise777,2648,White,1 min,bullet,36,Won,12/2/2018
Alexander_Zubov,2827,Sunrise777,2652,Black,1 min,bullet,19,Won,12/2/2018
Alexander_Zubov,2823,Sunrise777,2656,White,1 min,bullet,25,Won,12/2/2018
Alexander_Zubov,2818,Sunrise777,2661,Black,1 min,bullet,26,Lost,12/2/2018
Alexander_Zubov,2830,Sunrise777,2649,White,1 min,bullet,35,Won,12/2/2018
Alexander_Zubov,2826,Sunrise777,2653,Black,1 min,bullet,25,Won,12/2/2018
Alexander_Zubov,2821,Sunrise777,2658,White,1 min,bullet,32,Won,12/2/2018
Alexander_Zubov,2816,Sunrise777,2663,Black,1 min,bullet,22,Won,12/2/2018
Alexander_Zubov,2811,Sunrise777,2668,White,1 min,bullet,36,Won,12/2/2018
Alexander_Zubov,2805,TheButcher,2439,Black,1|1,bullet,27,Won,11/25/2018
Alexander_Zubov,2803,TheButcher,2441,White,1|1,bullet,40,Draw,11/25/2018
Alexander_Zubov,2810,Tesla37,2697,White,1 min,bullet,35,Won,11/21/2018
Alexander_Zubov,2804,Tesla37,2703,Black,1 min,bullet,24,Won,11/21/2018
Alexander_Zubov,2798,Tesla37,2709,White,1 min,bullet,54,Won,11/21/2018
Alexander_Zubov,2791,Tesla37,2715,Black,1 min,bullet,41,Won,11/21/2018
Alexander_Zubov,2784,Tesla37,2722,White,1 min,bullet,49,Draw,11/21/2018
Alexander_Zubov,2786,Tesla37,2721,Black,1 min,bullet,34,Won,11/21/2018
Alexander_Zubov,2778,Tesla37,2728,White,1 min,bullet,17,Won,11/21/2018
Alexander_Zubov,2769,Tesla37,2735,Black,1 min,bullet,58,Draw,11/21/2018
Alexander_Zubov,2770,Tesla37,2734,White,1 min,bullet,32,Lost,11/21/2018
Alexander_Zubov,2782,Tesla37,2725,Black,1 min,bullet,40,Won,11/21/2018
Alexander_Zubov,2773,Tesla37,2732,White,1 min,bullet,32,Won,11/21/2018
Alexander_Zubov,2763,Tesla37,2739,Black,1 min,bullet,43,Lost,11/21/2018
Alexander_Zubov,2775,Davit_Tiraturyan,2690,White,1 min,bullet,41,Won,11/21/2018
Alexander_Zubov,2766,Davit_Tiraturyan,2696,Black,1 min,bullet,34,Won,11/21/2018
Alexander_Zubov,2756,Davit_Tiraturyan,2703,White,1 min,bullet,34,Lost,11/21/2018
Alexander_Zubov,2771,Davit_Tiraturyan,2693,Black,1 min,bullet,41,Lost,11/21/2018
Alexander_Zubov,2787,Andreikka,2712,White,1 min,bullet,21,Won,11/21/2018
Alexander_Zubov,2776,Andreikka,2719,Black,1 min,bullet,47,Won,11/21/2018
Alexander_Zubov,2764,Andreikka,2726,White,1 min,bullet,57,Won,11/21/2018
Alexander_Zubov,2751,Andreikka,2734,Black,1 min,bullet,43,Won,11/21/2018
Alexander_Zubov,2736,Andreikka,2742,White,1 min,bullet,59,Won,11/21/2018
Alexander_Zubov,2719,pultineviciuspaulius,2713,White,1 min,bullet,43,Lost,11/21/2018
Alexander_Zubov,2736,chessmachine2018,2609,White,1 min,bullet,63,Draw,11/21/2018
Alexander_Zubov,2742,chessmachine2018,2606,Black,1 min,bullet,53,Draw,11/21/2018
Alexander_Zubov,2749,Ooo00o,2440,Black,1 min,bullet,43,Won,11/21/2018
Alexander_Zubov,2744,Ooo00o,2443,White,1 min,bullet,37,Won,11/21/2018
Alexander_Zubov,2738,Ooo00o,2446,Black,1 min,bullet,34,Won,11/21/2018
Alexander_Zubov,2732,Ooo00o,2449,White,1 min,bullet,13,Won,11/21/2018