player,player_rating,opponent,opponent_rating,side,time_control,time_category,moves,result,date
Alexander_Moskalenko,2761,AnishGiri,2874,Black,3|2,blitz,50,Lost,5/2/2018
Alexander_Moskalenko,2767,ficorrales,2745,Black,3|2,blitz,46,Won,5/2/2018
Alexander_Moskalenko,2759,FastChance,2663,White,3|2,blitz,45,Won,5/2/2018
Alexander_Moskalenko,2753,TigranLPetrosyan,2714,Black,3|2,blitz,84,Lost,5/2/2018
Alexander_Moskalenko,2762,HarutyunianTigranK,2727,White,3|2,blitz,51,Won,5/2/2018
Alexander_Moskalenko,2754,renatoterrylujan,2678,Black,3|2,blitz,40,Won,5/2/2018
Alexander_Moskalenko,2747,Fins0905,2566,White,3|2,blitz,25,Won,5/1/2018
Alexander_Moskalenko,2743,swayamsm,2530,Black,3|2,blitz,51,Draw,5/1/2018
Alexander_Moskalenko,2748,Incognito_Knight,2505,White,3|2,blitz,26,Won,5/1/2018
Alexander_Moskalenko,2745,Nick4130,2381,Black,3|2,blitz,64,Won,5/1/2018
Alexander_Moskalenko,2743,Kriari,2735,White,3 min,blitz,30,Draw,5/1/2018
Alexander_Moskalenko,2743,Kriari,2735,Black,3 min,blitz,36,Won,5/1/2018
Alexander_Moskalenko,2735,Mykola-Bortnyk,2742,White,3 min,blitz,90,Draw,4/25/2018
Alexander_Moskalenko,2735,sergoy,2696,Black,3 min,blitz,66,Won,4/22/2018
Alexander_Moskalenko,2728,sergoy,2703,White,3 min,blitz,47,Won,4/22/2018
Alexander_Moskalenko,2720,Vertetics-Attila,2675,Black,3 min,blitz,45,Lost,4/21/2018
Alexander_Moskalenko,2729,Vertetics-Attila,2666,White,3 min,blitz,48,Won,4/21/2018
Alexander_Moskalenko,2722,Vertetics-Attila,2673,Black,3 min,blitz,19,Lost,4/21/2018
Alexander_Moskalenko,2732,Vertetics-Attila,2663,White,3 min,blitz,41,Draw,4/21/2018
Alexander_Moskalenko,2734,DanielNaroditsky,2846,Black,3 min,blitz,28,Lost,4/21/2018
Alexander_Moskalenko,2740,GMSrinath,2755,White,3 min,blitz,23,Lost,4/20/2018
Alexander_Moskalenko,2748,GMSrinath,2747,Black,3 min,blitz,47,Won,4/20/2018
Alexander_Moskalenko,2740,GMSrinath,2755,White,3 min,blitz,56,Lost,4/20/2018
Alexander_Moskalenko,2748,GMSrinath,2747,Black,3 min,blitz,43,Lost,4/20/2018
Alexander_Moskalenko,2756,Resentiment18,2755,White,3 min,blitz,34,Lost,4/18/2018
Alexander_Moskalenko,2764,Resentiment18,2747,Black,3 min,blitz,58,Won,4/18/2018
Alexander_Moskalenko,2756,Resentiment18,2743,White,3 min,blitz,57,Lost,4/18/2018
Alexander_Moskalenko,2765,Resentiment18,2734,Black,3 min,blitz,47,Won,4/18/2018
Alexander_Moskalenko,2757,mishanick,2760,White,3 min,blitz,49,Won,4/18/2018
Alexander_Moskalenko,2749,2Vladimirovich90,2874,Black,3|2,blitz,84,Won,4/18/2018
Alexander_Moskalenko,2738,Fandorine,2706,White,3|2,blitz,44,Won,4/18/2018
Alexander_Moskalenko,2730,ShimanovAlex,2733,Black,3|2,blitz,44,Draw,4/18/2018
Alexander_Moskalenko,2730,Tesla37,2611,White,3|2,blitz,30,Won,4/18/2018
Alexander_Moskalenko,2724,OparinGrigoriy,2869,Black,3|2,blitz,64,Lost,4/18/2018
Alexander_Moskalenko,2729,SabinoBrunello,2696,White,3|2,blitz,44,Won,4/18/2018
Alexander_Moskalenko,2721,Indianlad,2694,Black,3|2,blitz,24,Won,4/17/2018
Alexander_Moskalenko,2713,Rafa-Nadal,2727,White,3|2,blitz,69,Draw,4/17/2018
Alexander_Moskalenko,2713,Vahe_Dan1,2508,Black,3|2,blitz,64,Won,4/17/2018
Alexander_Moskalenko,2709,BrilliantPenguin,2374,White,3|2,blitz,21,Won,4/17/2018
Alexander_Moskalenko,2707,Sanan_Sjugirov,2789,White,3 min,blitz,48,Draw,4/17/2018
Alexander_Moskalenko,2705,Sanan_Sjugirov,2791,Black,3 min,blitz,65,Lost,4/17/2018
Alexander_Moskalenko,2711,Sanan_Sjugirov,2785,White,3 min,blitz,50,Won,4/17/2018
Alexander_Moskalenko,2701,Sanan_Sjugirov,2795,Black,3 min,blitz,44,Won,4/17/2018
Alexander_Moskalenko,2690,Sanan_Sjugirov,2806,White,3 min,blitz,67,Lost,4/17/2018
Alexander_Moskalenko,2696,Sanan_Sjugirov,2800,Black,3 min,blitz,54,Lost,4/17/2018
Alexander_Moskalenko,2702,SantoBlue,2675,White,3 min,blitz,26,Won,4/17/2018
Alexander_Moskalenko,2694,ViIIagra,2747,White,3 min,blitz,50,Lost,4/17/2018
Alexander_Moskalenko,2701,ViIIagra,2740,Black,3 min,blitz,19,Lost,4/17/2018
Alexander_Moskalenko,2708,mmufqi,2640,White,3 min,blitz,56,Won,4/5/2018
Alexander_Moskalenko,2701,mmufqi,2647,Black,3 min,blitz,48,Won,4/5/2018