player,player_rating,opponent,opponent_rating,side,time_control,time_category,moves,result,date
Alexander_Moskalenko,2785,Msb2,2825,White,3 min,blitz,23,Lost,1/10/2019
Alexander_Moskalenko,2792,Msb2,2818,Black,3 min,blitz,35,Lost,1/10/2019
Alexander_Moskalenko,2800,Perfeccionista,2709,Black,3 min,blitz,38,Won,1/10/2019
Alexander_Moskalenko,2794,Perfeccionista,2715,White,3 min,blitz,35,Won,1/10/2019
Alexander_Moskalenko,2787,Perfeccionista,2722,Black,3 min,blitz,54,Won,1/10/2019
Alexander_Moskalenko,2780,Perfeccionista,2729,White,3 min,blitz,41,Won,1/10/2019
Alexander_Moskalenko,2773,Unknown0104,2734,White,3 min,blitz,15,Lost,1/10/2019
Alexander_Moskalenko,2782,Unknown0104,2725,Black,3 min,blitz,48,Won,1/10/2019
Alexander_Moskalenko,2775,ChadaevNikolay,2802,Black,3 min,blitz,10,Lost,1/10/2019
Alexander_Moskalenko,2783,Resentiment18,2796,Black,3 min,blitz,69,Lost,1/10/2019
Alexander_Moskalenko,2791,Resentiment18,2788,White,3 min,blitz,78,Won,1/10/2019
Alexander_Moskalenko,2783,Resentiment18,2796,Black,3 min,blitz,36,Lost,1/10/2019
Alexander_Moskalenko,2791,Rsnr,2836,White,3 min,blitz,31,Won,1/10/2019
Alexander_Moskalenko,2782,GMG,2706,White,3 min,blitz,30,Won,1/9/2019
Alexander_Moskalenko,2775,GMG,2713,Black,3 min,blitz,47,Draw,1/9/2019
Alexander_Moskalenko,2776,GMG,2712,White,3 min,blitz,50,Won,1/9/2019
Alexander_Moskalenko,2769,ProfImedBejaoui,2851,Black,3 min,blitz,38,Lost,1/4/2019
Alexander_Moskalenko,2775,ProfImedBejaoui,2845,White,3 min,blitz,45,Won,1/4/2019
Alexander_Moskalenko,2765,ProfImedBejaoui,2855,Black,3 min,blitz,44,Lost,1/4/2019
Alexander_Moskalenko,2771,ProfImedBejaoui,2849,White,3 min,blitz,52,Draw,1/4/2019
Alexander_Moskalenko,2769,arturchix,2769,White,3 min,blitz,35,Won,1/3/2019
Alexander_Moskalenko,2761,arturchix,2777,Black,3 min,blitz,23,Lost,1/3/2019
Alexander_Moskalenko,2769,arturchix,2769,White,3 min,blitz,17,Lost,1/3/2019
Alexander_Moskalenko,2777,arturchix,2761,Black,3 min,blitz,25,Won,1/3/2019
Alexander_Moskalenko,2769,ProfImedBejaoui,2814,Black,3 min,blitz,40,Lost,1/3/2019
Alexander_Moskalenko,2776,ProfImedBejaoui,2807,White,3 min,blitz,69,Draw,1/3/2019
Alexander_Moskalenko,2775,ProfImedBejaoui,2808,Black,3 min,blitz,19,Lost,1/3/2019
Alexander_Moskalenko,2783,Matibar,2770,Black,3 min,blitz,78,Draw,1/3/2019
Alexander_Moskalenko,2783,Matibar,2770,White,3 min,blitz,38,Lost,1/3/2019
Alexander_Moskalenko,2792,Hikaru,3050,White,3 min,blitz,73,Lost,1/2/2019
Alexander_Moskalenko,2795,Hikaru,3047,Black,3 min,blitz,28,Lost,1/2/2019
Alexander_Moskalenko,2798,Hikaru,3044,White,3 min,blitz,37,Lost,1/2/2019
Alexander_Moskalenko,2801,Hikaru,3041,Black,3 min,blitz,16,Lost,1/2/2019
Alexander_Moskalenko,2804,Hikaru,3038,White,3 min,blitz,36,Draw,1/2/2019
Alexander_Moskalenko,2799,Hikaru,3043,Black,3 min,blitz,24,Lost,1/2/2019
Alexander_Moskalenko,2802,Chessialist,2549,Black,3|2,blitz,58,Lost,1/2/2019
Alexander_Moskalenko,2815,ramses135,2474,White,3|2,blitz,51,Won,1/2/2019
Alexander_Moskalenko,2813,Kallatroh,2554,Black,3|2,blitz,69,Lost,1/1/2019
Alexander_Moskalenko,2826,AleksandarSavanovic,2513,White,3|2,blitz,49,Draw,1/1/2019
Alexander_Moskalenko,2832,blackdog30,2407,White,3|2,blitz,48,Won,1/1/2019
Alexander_Moskalenko,2831,IamSchrodingersCat,2447,Black,3|2,blitz,17,Draw,1/1/2019
Alexander_Moskalenko,2837,1stSecond,2803,Black,3 min,blitz,53,Draw,1/1/2019
Alexander_Moskalenko,2838,1stSecond,2802,White,3 min,blitz,39,Won,1/1/2019
Alexander_Moskalenko,2830,1stSecond,2810,Black,3 min,blitz,29,Lost,1/1/2019
Alexander_Moskalenko,2839,1stSecond,2801,White,3 min,blitz,61,Won,1/1/2019
Alexander_Moskalenko,2832,Indianlad,2800,Black,3 min,blitz,61,Draw,12/31/2018
Alexander_Moskalenko,2833,Indianlad,2799,White,3 min,blitz,29,Won,12/31/2018
Alexander_Moskalenko,2825,Indianlad,2807,Black,3 min,blitz,24,Won,12/31/2018
Alexander_Moskalenko,2817,Indianlad,2815,White,3 min,blitz,49,Lost,12/31/2018
Alexander_Moskalenko,2825,gmgamil,2796,White,3 min,blitz,41,Lost,12/31/2018