player,player_rating,opponent,opponent_rating,side,time_control,time_category,moves,result,date
Alexander_Zubov,2549,TampaChess,2512,Black,3 min,blitz,48,Won,5/16/2016
Alexander_Zubov,2542,TampaChess,2519,White,3 min,blitz,55,Lost,5/16/2016
Alexander_Zubov,2551,TampaChess,2510,Black,3 min,blitz,36,Won,5/16/2016
Alexander_Zubov,2544,TampaChess,2517,White,3 min,blitz,37,Won,5/16/2016
Alexander_Zubov,2536,TampaChess,2525,Black,3 min,blitz,35,Won,5/16/2016
Alexander_Zubov,2528,TampaChess,2533,White,3 min,blitz,76,Won,5/16/2016
Alexander_Zubov,2520,Mischuk_D,2417,Black,3 min,blitz,30,Won,5/16/2016
Alexander_Zubov,2514,Napo18,2450,White,3 min,blitz,66,Lost,5/15/2016
Alexander_Zubov,2524,Napo18,2440,Black,3 min,blitz,49,Won,5/15/2016
Alexander_Zubov,2517,ZivkovicN,2370,Black,3 min,blitz,29,Won,5/15/2016
Alexander_Zubov,2512,ZivkovicN,2375,White,3 min,blitz,49,Won,5/15/2016
Alexander_Zubov,2506,hugospangenberg,2450,Black,3 min,blitz,43,Won,5/15/2016
Alexander_Zubov,2498,hugospangenberg,2457,White,3 min,blitz,25,Won,5/15/2016
Alexander_Zubov,2490,hugospangenberg,2464,Black,3 min,blitz,31,Won,5/15/2016
Alexander_Zubov,2481,hugospangenberg,2472,White,3 min,blitz,25,Won,5/15/2016
Alexander_Zubov,2471,hugospangenberg,2480,Black,3 min,blitz,38,Won,5/15/2016
Alexander_Zubov,2460,hugospangenberg,2489,White,3 min,blitz,47,Won,5/15/2016
Alexander_Zubov,2449,volodja49,2442,White,3 min,blitz,52,Won,5/15/2016
Alexander_Zubov,2438,workhard91,2347,Black,3 min,blitz,51,Won,5/15/2016
Alexander_Zubov,2430,workhard91,2353,White,3 min,blitz,44,Won,5/15/2016
Alexander_Zubov,2421,workhard91,2360,Black,3 min,blitz,20,Won,5/15/2016
Alexander_Zubov,2411,workhard91,2367,White,3 min,blitz,35,Won,5/15/2016
Alexander_Zubov,2400,workhard91,2374,Black,3 min,blitz,59,Lost,5/15/2016
Alexander_Zubov,2414,workhard91,2365,White,3 min,blitz,48,Won,5/15/2016
Alexander_Zubov,2403,Mischuk_D,2409,White,3 min,blitz,21,Won,5/15/2016
Alexander_Zubov,2389,tac49,2432,Black,3 min,blitz,76,Lost,5/15/2016
Alexander_Zubov,2401,kingfisherx44,2231,White,3 min,blitz,16,Won,5/15/2016
Alexander_Zubov,2393,kingfisherx44,2236,Black,3 min,blitz,17,Won,5/15/2016
Alexander_Zubov,2384,sion2200,2308,Black,3 min,blitz,54,Won,5/15/2016
Alexander_Zubov,2372,sion2200,2315,White,3 min,blitz,41,Won,5/15/2016
Alexander_Zubov,2358,sion2200,2322,Black,3 min,blitz,32,Won,5/15/2016
Alexander_Zubov,2343,SmashTimeFools,2305,Black,3 min,blitz,28,Won,5/15/2016
Alexander_Zubov,2327,SmashTimeFools,2313,White,3 min,blitz,24,Won,5/15/2016
Alexander_Zubov,2309,Szczor,2315,White,3 min,blitz,31,Won,5/15/2016
Alexander_Zubov,2289,petardrenchev,2395,White,3 min,blitz,28,Lost,5/14/2016
Alexander_Zubov,2304,TheExpatriot,2618,White,3 min,blitz,34,Lost,5/14/2016
Alexander_Zubov,2310,Vadim_Pak,2150,Black,3 min,blitz,34,Won,5/14/2016
Alexander_Zubov,2297,zegovernata,2024,Black,3 min,blitz,25,Won,5/14/2016
Alexander_Zubov,2289,zegovernata,2027,White,3 min,blitz,11,Won,5/14/2016
Alexander_Zubov,2280,zegovernata,2030,Black,3 min,blitz,26,Won,5/14/2016
Alexander_Zubov,2270,zegovernata,2033,White,3 min,blitz,32,Won,5/14/2016
Alexander_Zubov,2259,zegovernata,2036,Black,3 min,blitz,40,Won,5/14/2016
Alexander_Zubov,2246,zegovernata,2040,White,3 min,blitz,37,Won,5/14/2016
Alexander_Zubov,2232,zegovernata,2044,Black,3 min,blitz,24,Won,5/14/2016
Alexander_Zubov,2216,zegovernata,2048,White,3 min,blitz,12,Won,5/14/2016
Alexander_Zubov,2197,zegovernata,2053,Black,3 min,blitz,44,Won,5/14/2016
Alexander_Zubov,2174,Sirhamiltonzim1st,2136,Black,3 min,blitz,26,Won,5/14/2016
Alexander_Zubov,2138,ciprimorar,1955,White,3 min,blitz,26,Won,5/14/2016
Alexander_Zubov,2115,ciprimorar,1960,Black,3 min,blitz,19,Won,5/14/2016
Alexander_Zubov,2086,ciprimorar,1965,White,3 min,blitz,34,Won,5/14/2016