player,player_rating,opponent,opponent_rating,side,time_control,time_category,moves,result,date
AlexanderBogatyr,2810,Lestofante90,2859,White,1 min,bullet,38,Lost,7/30/2018
AlexanderBogatyr,2817,Lestofante90,2847,Black,1 min,bullet,33,Won,7/30/2018
AlexanderBogatyr,2808,AlternativFacts,2700,Black,1 min,bullet,28,Won,7/30/2018
AlexanderBogatyr,2802,AlternativFacts,2706,White,1 min,bullet,57,Won,7/30/2018
AlexanderBogatyr,2796,AlternativFacts,2712,Black,1 min,bullet,53,Lost,7/30/2018
AlexanderBogatyr,2806,AlternativFacts,2702,White,1 min,bullet,51,Lost,7/30/2018
AlexanderBogatyr,2817,NguyenXi,2705,White,1 min,bullet,23,Lost,7/30/2018
AlexanderBogatyr,2828,MrTattaglia,2654,White,1 min,bullet,58,Won,7/30/2018
AlexanderBogatyr,2824,MrTattaglia,2658,Black,1 min,bullet,15,Won,7/30/2018
AlexanderBogatyr,2819,MrTattaglia,2663,White,1 min,bullet,43,Won,7/30/2018
AlexanderBogatyr,2814,MrTattaglia,2668,Black,1 min,bullet,34,Won,7/30/2018
AlexanderBogatyr,2809,MrTattaglia,2673,White,1 min,bullet,58,Won,7/30/2018
AlexanderBogatyr,2804,igorkovalenko,2645,Black,1 min,bullet,37,Won,7/30/2018
AlexanderBogatyr,2799,igorkovalenko,2650,White,1 min,bullet,52,Won,7/30/2018
AlexanderBogatyr,2794,igorkovalenko,2655,Black,1 min,bullet,35,Won,7/30/2018
AlexanderBogatyr,2789,TigranLPetrosyan,2778,White,1 min,bullet,10,Draw,7/29/2018
AlexanderBogatyr,2789,Gazi92,2443,Black,1 min,bullet,40,Lost,7/29/2018
AlexanderBogatyr,2803,lupitarodas,2585,Black,1 min,bullet,40,Won,7/29/2018
AlexanderBogatyr,2799,lupitarodas,2589,White,1 min,bullet,31,Won,7/29/2018
AlexanderBogatyr,2795,lupitarodas,2593,Black,1 min,bullet,47,Won,7/29/2018
AlexanderBogatyr,2791,dzhumagaliev,2795,White,1 min,bullet,43,Won,7/27/2018
AlexanderBogatyr,2782,yuriy88,2708,Black,1 min,bullet,27,Won,7/27/2018
AlexanderBogatyr,2775,yuriy88,2715,White,1 min,bullet,44,Won,7/27/2018
AlexanderBogatyr,2768,bahodistruction,2602,White,1 min,bullet,36,Won,7/27/2018
AlexanderBogatyr,2763,bahodistruction,2607,Black,1 min,bullet,37,Won,7/27/2018
AlexanderBogatyr,2758,Uvarov_Andrey,2276,White,1|1,bullet,0,Lost,6/25/2018
AlexanderBogatyr,2773,Petrov_Aleksandr,2635,Black,1|1,bullet,15,Lost,6/25/2018
AlexanderBogatyr,2787,vanyogtip,2408,White,1|1,bullet,31,Won,6/25/2018
AlexanderBogatyr,2785,Mamyan_Manuk,2327,White,1|1,bullet,29,Won,6/25/2018
AlexanderBogatyr,2784,Alexandr_Gorokhov,2317,Black,1|1,bullet,29,Won,6/25/2018
AlexanderBogatyr,2783,MakarianRudik,2245,Black,1|1,bullet,69,Won,6/25/2018
AlexanderBogatyr,2782,Aswer_Bulleter,2197,White,1|1,bullet,24,Won,6/25/2018
AlexanderBogatyr,2781,AFetisov,1882,Black,1|1,bullet,28,Won,6/25/2018
AlexanderBogatyr,2781,Rnhs,2778,Black,1 min,bullet,43,Won,6/25/2018
AlexanderBogatyr,2773,Andreikka,2748,White,1 min,bullet,31,Won,6/25/2018
AlexanderBogatyr,2765,Andreikka,2756,Black,1 min,bullet,21,Won,6/25/2018
AlexanderBogatyr,2757,Andreikka,2764,White,1 min,bullet,38,Won,6/25/2018
AlexanderBogatyr,2748,Andreikka,2773,Black,1 min,bullet,29,Won,6/25/2018
AlexanderBogatyr,2739,Andreikka,2782,White,1 min,bullet,62,Lost,6/25/2018
AlexanderBogatyr,2746,manudavid,2665,Black,1 min,bullet,19,Won,6/25/2018
AlexanderBogatyr,2740,Last7Samurai,2728,White,1 min,bullet,19,Lost,6/6/2018
AlexanderBogatyr,2749,Last7Samurai,2719,Black,1 min,bullet,39,Lost,6/6/2018
AlexanderBogatyr,2758,shaaaaaaar,2698,White,1 min,bullet,50,Lost,6/6/2018
AlexanderBogatyr,2768,michaelq2d5,2683,White,1 min,bullet,51,Lost,6/6/2018
AlexanderBogatyr,2778,michaelq2d5,2673,Black,1 min,bullet,30,Lost,6/6/2018
AlexanderBogatyr,2789,Kingofchess1311,2693,White,1 min,bullet,50,Lost,5/23/2018
AlexanderBogatyr,2800,Kingofchess1311,2682,Black,1 min,bullet,40,Won,5/23/2018
AlexanderBogatyr,2794,Kingofchess1311,2688,White,1 min,bullet,71,Draw,5/23/2018
AlexanderBogatyr,2796,Kingofchess1311,2686,Black,1 min,bullet,54,Draw,5/23/2018
AlexanderBogatyr,2799,Kingofchess1311,2683,White,1 min,bullet,55,Lost,5/23/2018