player,player_rating,opponent,opponent_rating,side,time_control,time_category,moves,result,date
Alexander_Moskalenko,2747,AlexanderBogatyr,2812,Black,1 min,bullet,40,Won,4/17/2018
Alexander_Moskalenko,2737,AlexanderBogatyr,2822,White,1 min,bullet,45,Won,4/17/2018
Alexander_Moskalenko,2727,AlexanderBogatyr,2832,Black,1 min,bullet,46,Lost,4/17/2018
Alexander_Moskalenko,2733,AlexanderBogatyr,2826,White,1 min,bullet,38,Lost,4/17/2018
Alexander_Moskalenko,2739,siciliannaga,2720,Black,1 min,bullet,33,Lost,3/18/2018
Alexander_Moskalenko,2748,siciliannaga,2711,White,1 min,bullet,25,Won,3/18/2018
Alexander_Moskalenko,2741,siciliannaga,2719,Black,1 min,bullet,25,Lost,3/18/2018
Alexander_Moskalenko,2750,siciliannaga,2710,White,1 min,bullet,80,Draw,3/18/2018
Alexander_Moskalenko,2751,siciliannaga,2709,Black,1 min,bullet,40,Won,3/18/2018
Alexander_Moskalenko,2744,siciliannaga,2717,White,1 min,bullet,42,Won,3/18/2018
Alexander_Moskalenko,2736,siciliannaga,2725,Black,1 min,bullet,58,Won,3/18/2018
Alexander_Moskalenko,2728,siciliannaga,2734,White,1 min,bullet,25,Lost,3/18/2018
Alexander_Moskalenko,2736,siciliannaga,2725,Black,1 min,bullet,32,Won,3/18/2018
Alexander_Moskalenko,2728,siciliannaga,2735,White,1 min,bullet,67,Lost,3/18/2018
Alexander_Moskalenko,2736,gmgamil,2699,Black,1 min,bullet,28,Won,3/18/2018
Alexander_Moskalenko,2728,valger,2709,Black,1 min,bullet,43,Lost,3/18/2018
Alexander_Moskalenko,2737,valger,2700,White,1 min,bullet,59,Lost,3/18/2018
Alexander_Moskalenko,2746,valger,2691,Black,1 min,bullet,41,Draw,3/18/2018
Alexander_Moskalenko,2747,valger,2690,White,1 min,bullet,69,Won,3/18/2018
Alexander_Moskalenko,2740,valger,2697,Black,1 min,bullet,72,Won,3/18/2018
Alexander_Moskalenko,2733,kuli4ik,2665,White,1 min,bullet,68,Draw,3/17/2018
Alexander_Moskalenko,2735,kuli4ik,2663,Black,1 min,bullet,46,Won,3/17/2018
Alexander_Moskalenko,2728,manudavid,2648,Black,1 min,bullet,25,Won,3/17/2018
Alexander_Moskalenko,2721,manudavid,2655,White,1 min,bullet,35,Won,3/17/2018
Alexander_Moskalenko,2714,manudavid,2662,Black,1 min,bullet,31,Lost,3/17/2018
Alexander_Moskalenko,2724,manudavid,2652,White,1 min,bullet,26,Won,3/17/2018
Alexander_Moskalenko,2717,manudavid,2659,Black,1 min,bullet,66,Won,3/17/2018
Alexander_Moskalenko,2710,manudavid,2666,White,1 min,bullet,50,Lost,3/17/2018
Alexander_Moskalenko,2719,manudavid,2657,Black,1 min,bullet,27,Lost,3/17/2018
Alexander_Moskalenko,2729,manudavid,2647,White,1 min,bullet,31,Won,3/17/2018
Alexander_Moskalenko,2723,manudavid,2653,Black,1 min,bullet,17,Lost,3/17/2018
Alexander_Moskalenko,2733,manudavid,2643,White,1 min,bullet,1,Won,3/17/2018
Alexander_Moskalenko,2727,mukhin1,2746,Black,1 min,bullet,31,Lost,3/6/2018
Alexander_Moskalenko,2735,mukhin1,2738,White,1 min,bullet,37,Lost,3/6/2018
Alexander_Moskalenko,2743,mukhin1,2730,Black,1 min,bullet,91,Draw,3/6/2018
Alexander_Moskalenko,2743,mukhin1,2730,White,1 min,bullet,67,Lost,3/6/2018
Alexander_Moskalenko,2752,mukhin1,2721,Black,1 min,bullet,27,Lost,3/6/2018
Alexander_Moskalenko,2761,mukhin1,2712,White,1 min,bullet,70,Won,3/6/2018
Alexander_Moskalenko,2754,mukhin1,2719,Black,1 min,bullet,35,Lost,3/6/2018
Alexander_Moskalenko,2763,mukhin1,2710,White,1 min,bullet,62,Lost,3/6/2018
Alexander_Moskalenko,2773,mukhin1,2700,Black,1 min,bullet,44,Lost,3/6/2018
Alexander_Moskalenko,2783,manudavid,2602,Black,1 min,bullet,25,Won,3/1/2018
Alexander_Moskalenko,2779,manudavid,2606,White,1 min,bullet,55,Lost,3/1/2018
Alexander_Moskalenko,2791,manudavid,2594,Black,1 min,bullet,23,Won,3/1/2018
Alexander_Moskalenko,2787,manudavid,2598,White,1 min,bullet,20,Won,3/1/2018
Alexander_Moskalenko,2783,Byniolus,2659,Black,1 min,bullet,78,Won,2/27/2018
Alexander_Moskalenko,2777,Byniolus,2665,White,1 min,bullet,29,Won,2/27/2018
Alexander_Moskalenko,2771,Byniolus,2671,Black,1 min,bullet,61,Won,2/27/2018
Alexander_Moskalenko,2765,Byniolus,2677,White,1 min,bullet,68,Won,2/27/2018
Alexander_Moskalenko,2759,Byniolus,2683,Black,1 min,bullet,47,Draw,2/27/2018