player,player_rating,opponent,opponent_rating,side,time_control,time_category,moves,result,date
Alexander_Donchenko,2644,louis198,2532,White,3 min,blitz,48,Won,7/10/2018
Alexander_Donchenko,2638,louis198,2538,Black,3 min,blitz,18,Won,7/10/2018
Alexander_Donchenko,2632,louis198,2544,White,3 min,blitz,84,Draw,7/10/2018
Alexander_Donchenko,2634,louis198,2542,Black,3 min,blitz,35,Draw,7/10/2018
Alexander_Donchenko,2636,louis198,2540,White,3 min,blitz,18,Won,7/10/2018
Alexander_Donchenko,2630,MarianPetrov,2538,White,3 min,blitz,42,Lost,6/27/2018
Alexander_Donchenko,2640,MarianPetrov,2528,Black,3 min,blitz,48,Lost,6/27/2018
Alexander_Donchenko,2651,Yanvar,2600,White,3 min,blitz,60,Won,6/25/2018
Alexander_Donchenko,2644,H1ppopotamus,2493,Black,3 min,blitz,39,Won,6/22/2018
Alexander_Donchenko,2639,H1ppopotamus,2498,White,3 min,blitz,57,Won,6/22/2018
Alexander_Donchenko,2634,Malik02,2645,Black,3 min,blitz,34,Draw,6/22/2018
Alexander_Donchenko,2634,Malik02,2645,White,3 min,blitz,16,Won,6/22/2018
Alexander_Donchenko,2625,Raja3401,2686,Black,3 min,blitz,36,Lost,6/22/2018
Alexander_Donchenko,2632,Raja3401,2679,White,3 min,blitz,37,Won,6/22/2018
Alexander_Donchenko,2622,Alexander_Khlebovich,2580,Black,3 min,blitz,32,Won,6/22/2018
Alexander_Donchenko,2615,Kirill_Klyukin,2617,Black,3 min,blitz,47,Draw,6/22/2018
Alexander_Donchenko,2615,Alexander_Khlebovich,2587,White,3 min,blitz,36,Won,6/22/2018
Alexander_Donchenko,2607,Alexander_Khlebovich,2595,Black,3 min,blitz,67,Won,6/22/2018
Alexander_Donchenko,2599,Alexander_Khlebovich,2603,White,3 min,blitz,17,Won,6/22/2018
Alexander_Donchenko,2591,maloy07,2623,White,3 min,blitz,41,Lost,6/21/2018
Alexander_Donchenko,2599,Nursultan1990,2437,White,3 min,blitz,28,Won,6/21/2018
Alexander_Donchenko,2594,Nursultan1990,2442,Black,3 min,blitz,40,Lost,6/21/2018
Alexander_Donchenko,2606,MarianPetrov,2494,White,3 min,blitz,59,Won,6/18/2018
Alexander_Donchenko,2600,MarianPetrov,2500,Black,3 min,blitz,42,Won,6/18/2018
Alexander_Donchenko,2594,chito89,2610,Black,3 min,blitz,48,Lost,6/18/2018
Alexander_Donchenko,2602,Sattarov_Bobur,2614,White,3 min,blitz,32,Won,6/15/2018
Alexander_Donchenko,2593,Sattarov_Bobur,2623,Black,3 min,blitz,28,Won,6/15/2018
Alexander_Donchenko,2584,Sattarov_Bobur,2632,White,3 min,blitz,38,Lost,6/15/2018
Alexander_Donchenko,2591,Milber,2457,White,3 min,blitz,23,Won,6/14/2018
Alexander_Donchenko,2586,Milber,2462,Black,3 min,blitz,20,Won,6/14/2018
Alexander_Donchenko,2580,Milber,2468,White,3 min,blitz,28,Won,6/14/2018
Alexander_Donchenko,2574,Ovcarija,2548,Black,3 min,blitz,72,Lost,6/13/2018
Alexander_Donchenko,2583,comedy_of_errors,2621,Black,3 min,blitz,38,Lost,6/13/2018
Alexander_Donchenko,2590,comedy_of_errors,2614,White,3 min,blitz,65,Lost,6/13/2018
Alexander_Donchenko,2598,Doreality,2537,Black,3 min,blitz,40,Won,6/13/2018
Alexander_Donchenko,2591,Doreality,2544,White,3 min,blitz,61,Won,6/12/2018
Alexander_Donchenko,2584,Doreality,2551,Black,3 min,blitz,34,Lost,6/12/2018
Alexander_Donchenko,2594,Uvarov_Andrey,2434,White,3 min,blitz,48,Lost,6/12/2018
Alexander_Donchenko,2607,nihalsarin,2742,White,3 min,blitz,20,Lost,6/12/2018
Alexander_Donchenko,2613,Farrukh_Amonatov,2698,White,3 min,blitz,28,Lost,5/22/2018
Alexander_Donchenko,2619,Farrukh_Amonatov,2692,Black,3 min,blitz,37,Lost,5/22/2018
Alexander_Donchenko,2626,Kaffarchik,2421,White,3 min,blitz,58,Won,5/18/2018
Alexander_Donchenko,2622,Kaffarchik,2425,Black,3 min,blitz,42,Won,5/18/2018
Alexander_Donchenko,2618,SantoBlue,2685,Black,3 min,blitz,36,Lost,5/14/2018
Alexander_Donchenko,2625,SantoBlue,2678,White,3 min,blitz,55,Lost,5/14/2018
Alexander_Donchenko,2632,stuwdrey,2609,White,3 min,blitz,33,Lost,5/8/2018
Alexander_Donchenko,2641,stuwdrey,2600,Black,3 min,blitz,37,Won,5/8/2018
Alexander_Donchenko,2634,sun_flower_chess,2508,White,3 min,blitz,30,Lost,5/8/2018
Alexander_Donchenko,2645,manudavid,2562,White,3 min,blitz,96,Lost,5/7/2018
Alexander_Donchenko,2655,manudavid,2552,Black,3 min,blitz,47,Won,5/7/2018