player,player_rating,opponent,opponent_rating,side,time_control,time_category,moves,result,date
Alexander_Moskalenko,2767,Yaacovn,2813,Black,3 min,blitz,71,Lost,7/10/2018
Alexander_Moskalenko,2774,Yaacovn,2806,White,3 min,blitz,64,Won,7/10/2018
Alexander_Moskalenko,2765,Yaacovn,2815,Black,3 min,blitz,23,Lost,7/10/2018
Alexander_Moskalenko,2772,Yaacovn,2808,White,3 min,blitz,34,Lost,7/10/2018
Alexander_Moskalenko,2780,Yaacovn,2800,Black,3 min,blitz,48,Lost,7/10/2018
Alexander_Moskalenko,2788,Yaacovn,2792,White,3 min,blitz,57,Won,7/10/2018
Alexander_Moskalenko,2779,Muisback26,2793,Black,3 min,blitz,21,Lost,7/10/2018
Alexander_Moskalenko,2787,nihalsarin,2843,Black,3 min,blitz,36,Won,7/10/2018
Alexander_Moskalenko,2777,nihalsarin,2853,White,3 min,blitz,82,Draw,7/10/2018
Alexander_Moskalenko,2775,nihalsarin,2855,Black,3 min,blitz,73,Won,7/10/2018
Alexander_Moskalenko,2765,nihalsarin,2853,White,3 min,blitz,54,Lost,7/10/2018
Alexander_Moskalenko,2771,Andreikka,2800,White,3 min,blitz,64,Draw,7/9/2018
Alexander_Moskalenko,2770,Andreikka,2801,Black,3 min,blitz,9,Lost,7/9/2018
Alexander_Moskalenko,2778,Andreikka,2793,White,3 min,blitz,46,Lost,7/9/2018
Alexander_Moskalenko,2786,mishanick,2801,White,3 min,blitz,31,Lost,7/9/2018
Alexander_Moskalenko,2794,mishanick,2793,Black,3 min,blitz,51,Draw,7/9/2018
Alexander_Moskalenko,2794,Keranke,2735,White,3 min,blitz,39,Won,7/9/2018
Alexander_Moskalenko,2787,Keranke,2742,Black,3 min,blitz,53,Won,7/9/2018
Alexander_Moskalenko,2780,Keranke,2749,White,3 min,blitz,23,Lost,7/9/2018
Alexander_Moskalenko,2789,GOGIEFF,2872,White,3 min,blitz,44,Lost,7/9/2018
Alexander_Moskalenko,2795,GOGIEFF,2864,Black,3 min,blitz,33,Lost,7/9/2018
Alexander_Moskalenko,2802,BilodeauA,2698,Black,3 min,blitz,53,Won,7/9/2018
Alexander_Moskalenko,2796,BilodeauA,2704,White,3 min,blitz,41,Won,7/9/2018
Alexander_Moskalenko,2790,BilodeauA,2710,Black,3 min,blitz,40,Won,7/9/2018
Alexander_Moskalenko,2784,Dr_Mortimer,2752,White,3 min,blitz,72,Lost,7/9/2018
Alexander_Moskalenko,2793,Dr_Mortimer,2743,Black,3 min,blitz,61,Won,7/9/2018
Alexander_Moskalenko,2786,Dr_Mortimer,2750,White,3 min,blitz,83,Won,7/9/2018
Alexander_Moskalenko,2778,Dr_Mortimer,2758,Black,3 min,blitz,68,Won,7/9/2018
Alexander_Moskalenko,2770,Dr_Mortimer,2766,White,3 min,blitz,45,Won,7/9/2018
Alexander_Moskalenko,2762,Dr_Mortimer,2774,Black,3 min,blitz,33,Won,7/9/2018
Alexander_Moskalenko,2753,Dr_Mortimer,2783,White,3 min,blitz,69,Won,7/9/2018
Alexander_Moskalenko,2744,Dr_Mortimer,2792,Black,3 min,blitz,68,Won,7/9/2018
Alexander_Moskalenko,2735,Dr_Mortimer,2801,White,3 min,blitz,66,Lost,7/9/2018
Alexander_Moskalenko,2742,Dr_Mortimer,2794,Black,3 min,blitz,27,Lost,7/9/2018
Alexander_Moskalenko,2749,Dr_Mortimer,2787,White,3 min,blitz,47,Won,7/9/2018
Alexander_Moskalenko,2740,Chesslock17,2744,White,3 min,blitz,54,Lost,7/8/2018
Alexander_Moskalenko,2748,Chesslock17,2736,Black,3 min,blitz,24,Lost,7/8/2018
Alexander_Moskalenko,2757,Chesslock17,2727,White,3 min,blitz,44,Lost,7/8/2018
Alexander_Moskalenko,2766,Chesslock17,2718,Black,3 min,blitz,21,Won,7/8/2018
Alexander_Moskalenko,2759,abykhovsky,2705,White,3 min,blitz,53,Draw,7/8/2018
Alexander_Moskalenko,2760,abykhovsky,2704,Black,3 min,blitz,74,Won,7/8/2018
Alexander_Moskalenko,2753,abykhovsky,2711,White,3 min,blitz,30,Won,7/8/2018
Alexander_Moskalenko,2746,abykhovsky,2718,Black,3 min,blitz,32,Won,7/8/2018
Alexander_Moskalenko,2738,abykhovsky,2726,White,3 min,blitz,70,Draw,7/8/2018
Alexander_Moskalenko,2738,abykhovsky,2726,Black,3 min,blitz,13,Won,7/8/2018
Alexander_Moskalenko,2730,abykhovsky,2734,White,3 min,blitz,38,Lost,7/8/2018
Alexander_Moskalenko,2738,abykhovsky,2726,Black,3 min,blitz,64,Lost,7/8/2018
Alexander_Moskalenko,2747,abykhovsky,2717,White,3 min,blitz,39,Lost,7/8/2018
Alexander_Moskalenko,2756,abykhovsky,2708,Black,3 min,blitz,65,Won,7/8/2018
Alexander_Moskalenko,2749,abykhovsky,2715,White,3 min,blitz,37,Won,7/8/2018