player,player_rating,opponent,opponent_rating,side,time_control,time_category,moves,result,date
Alexander_Moskalenko,2696,Firouzja2003,2923,Black,30 sec,bullet,45,Lost,8/4/2018
Alexander_Moskalenko,2700,Firouzja2003,2919,White,30 sec,bullet,32,Lost,8/4/2018
Alexander_Moskalenko,2704,Firouzja2003,2915,Black,30 sec,bullet,57,Lost,8/4/2018
Alexander_Moskalenko,2708,Firouzja2003,2911,White,30 sec,bullet,25,Lost,8/4/2018
Alexander_Moskalenko,2712,Firouzja2003,2907,Black,30 sec,bullet,68,Lost,8/4/2018
Alexander_Moskalenko,2716,Firouzja2003,2903,White,30 sec,bullet,45,Lost,8/4/2018
Alexander_Moskalenko,2720,Firouzja2003,2899,Black,30 sec,bullet,60,Lost,8/4/2018
Alexander_Moskalenko,2724,Firouzja2003,2895,White,30 sec,bullet,31,Lost,8/4/2018
Alexander_Moskalenko,2729,Firouzja2003,2890,Black,30 sec,bullet,31,Lost,8/4/2018
Alexander_Moskalenko,2734,Firouzja2003,2885,White,30 sec,bullet,33,Draw,8/4/2018
Alexander_Moskalenko,2731,Firouzja2003,2888,Black,30 sec,bullet,26,Lost,8/4/2018
Alexander_Moskalenko,2736,Firouzja2003,2883,White,30 sec,bullet,34,Won,8/4/2018
Alexander_Moskalenko,2724,Firouzja2003,2895,Black,30 sec,bullet,28,Lost,8/4/2018
Alexander_Moskalenko,2729,Firouzja2003,2890,White,30 sec,bullet,51,Lost,8/4/2018
Alexander_Moskalenko,2734,Firouzja2003,2885,Black,30 sec,bullet,51,Lost,8/4/2018
Alexander_Moskalenko,2739,Firouzja2003,2880,White,30 sec,bullet,36,Lost,8/4/2018
Alexander_Moskalenko,2744,Firouzja2003,2875,Black,30 sec,bullet,29,Won,8/4/2018
Alexander_Moskalenko,2733,Firouzja2003,2886,White,30 sec,bullet,55,Lost,8/4/2018
Alexander_Moskalenko,2738,Firouzja2003,2881,Black,30 sec,bullet,49,Draw,8/4/2018
Alexander_Moskalenko,2735,Firouzja2003,2884,White,30 sec,bullet,51,Won,8/4/2018
Alexander_Moskalenko,2723,Firouzja2003,2896,Black,30 sec,bullet,65,Lost,8/4/2018
Alexander_Moskalenko,2728,Firouzja2003,2892,White,30 sec,bullet,50,Draw,8/4/2018
Alexander_Moskalenko,2724,Firouzja2003,2896,Black,30 sec,bullet,53,Won,8/4/2018
Alexander_Moskalenko,2712,Firouzja2003,2908,White,30 sec,bullet,54,Lost,8/4/2018
Alexander_Moskalenko,2716,Firouzja2003,2904,Black,30 sec,bullet,40,Lost,8/4/2018
Alexander_Moskalenko,2720,Firouzja2003,2900,White,30 sec,bullet,59,Lost,8/4/2018
Alexander_Moskalenko,2724,Firouzja2003,2896,Black,30 sec,bullet,41,Lost,8/4/2018
Alexander_Moskalenko,2729,Firouzja2003,2891,White,30 sec,bullet,41,Lost,8/4/2018
Alexander_Moskalenko,2734,Firouzja2003,2886,Black,30 sec,bullet,21,Lost,8/4/2018
Alexander_Moskalenko,2739,Firouzja2003,2881,White,30 sec,bullet,74,Lost,8/4/2018
Alexander_Moskalenko,2744,Firouzja2003,2876,Black,30 sec,bullet,39,Lost,8/4/2018
Alexander_Moskalenko,2749,Firouzja2003,2871,White,30 sec,bullet,54,Won,8/4/2018
Alexander_Moskalenko,2738,Firouzja2003,2882,Black,30 sec,bullet,54,Lost,8/4/2018
Alexander_Moskalenko,2743,Firouzja2003,2877,White,30 sec,bullet,25,Lost,8/4/2018
Alexander_Moskalenko,2748,Firouzja2003,2872,Black,30 sec,bullet,74,Lost,8/4/2018
Alexander_Moskalenko,2754,Firouzja2003,2867,White,30 sec,bullet,64,Lost,8/4/2018
Alexander_Moskalenko,2760,sergoy,2734,Black,1 min,bullet,68,Lost,8/3/2018
Alexander_Moskalenko,2769,sergoy,2725,White,1 min,bullet,32,Won,8/3/2018
Alexander_Moskalenko,2762,sergoy,2732,Black,1 min,bullet,56,Won,8/3/2018
Alexander_Moskalenko,2754,sergoy,2740,White,1 min,bullet,70,Draw,8/3/2018
Alexander_Moskalenko,2754,manudavid,2650,Black,1 min,bullet,77,Won,8/1/2018
Alexander_Moskalenko,2748,nihalsarin,2676,Black,1 min,bullet,26,Won,7/10/2018
Alexander_Moskalenko,2741,nihalsarin,2683,White,1 min,bullet,30,Won,7/10/2018
Alexander_Moskalenko,2734,nihalsarin,2690,Black,1 min,bullet,24,Won,7/10/2018
Alexander_Moskalenko,2727,nihalsarin,2697,White,1 min,bullet,45,Won,7/10/2018
Alexander_Moskalenko,2719,nihalsarin,2705,Black,1 min,bullet,26,Lost,7/10/2018
Alexander_Moskalenko,2728,fireheart92,2670,Black,1 min,bullet,47,Won,7/10/2018
Alexander_Moskalenko,2721,fireheart92,2677,White,1 min,bullet,63,Won,7/10/2018
Alexander_Moskalenko,2714,fireheart92,2684,Black,1 min,bullet,24,Won,7/10/2018
Alexander_Moskalenko,2706,fireheart92,2692,White,1 min,bullet,62,Won,7/10/2018