player,player_rating,opponent,opponent_rating,side,time_control,time_category,moves,result,date
Alexander_Moskalenko,2628,Dhaydon19,2645,Black,1 min,bullet,80,Won,10/19/2017
Alexander_Moskalenko,2602,Dhaydon19,2654,White,1 min,bullet,45,Lost,10/19/2017
Alexander_Moskalenko,2625,platy3,2813,White,1 min,bullet,42,Lost,5/6/2017
Alexander_Moskalenko,2631,platy3,2809,Black,1 min,bullet,78,Lost,5/6/2017
Alexander_Moskalenko,2637,platy3,2805,White,1 min,bullet,43,Lost,5/6/2017
Alexander_Moskalenko,2644,platy3,2800,Black,1 min,bullet,80,Draw,5/6/2017
Alexander_Moskalenko,2639,platy3,2804,White,1 min,bullet,30,Lost,5/6/2017
Alexander_Moskalenko,2646,platy3,2799,Black,1 min,bullet,40,Lost,5/6/2017
Alexander_Moskalenko,2654,CMC-Academy,2693,White,1 min,bullet,33,Won,4/8/2017
Alexander_Moskalenko,2642,CMC-Academy,2702,Black,1 min,bullet,70,Won,4/8/2017
Alexander_Moskalenko,2629,1random,2840,Black,10 sec,bullet,25,Lost,3/26/2017
Alexander_Moskalenko,2634,1random,2836,White,10 sec,bullet,17,Lost,3/26/2017
Alexander_Moskalenko,2639,1random,2832,Black,10 sec,bullet,5,Lost,3/26/2017
Alexander_Moskalenko,2644,1random,2828,White,10 sec,bullet,27,Lost,3/26/2017
Alexander_Moskalenko,2650,YOAJM,2526,White,30 sec,bullet,41,Won,3/7/2017
Alexander_Moskalenko,2644,YOAJM,2531,Black,30 sec,bullet,41,Won,3/7/2017
Alexander_Moskalenko,2638,YOAJM,2537,White,30 sec,bullet,42,Won,3/7/2017
Alexander_Moskalenko,2631,Davit_Tiraturyan,2597,Black,1 min,bullet,77,Draw,1/31/2017
Alexander_Moskalenko,2632,Davit_Tiraturyan,2596,White,1 min,bullet,57,Won,1/31/2017
Alexander_Moskalenko,2624,Davit_Tiraturyan,2604,Black,1 min,bullet,69,Draw,1/31/2017
Alexander_Moskalenko,2624,Davit_Tiraturyan,2604,White,1 min,bullet,62,Lost,1/31/2017
Alexander_Moskalenko,2633,Davit_Tiraturyan,2595,Black,1 min,bullet,72,Draw,1/31/2017
Alexander_Moskalenko,2634,Davit_Tiraturyan,2594,White,1 min,bullet,33,Lost,1/31/2017
Alexander_Moskalenko,2643,Davit_Tiraturyan,2585,Black,1 min,bullet,31,Won,1/31/2017
Alexander_Moskalenko,2636,Davit_Tiraturyan,2592,White,1 min,bullet,40,Won,1/31/2017
Alexander_Moskalenko,2629,Davit_Tiraturyan,2599,Black,1 min,bullet,36,Won,1/31/2017
Alexander_Moskalenko,2621,Davit_Tiraturyan,2607,White,1 min,bullet,26,Lost,1/31/2017
Alexander_Moskalenko,2630,Davit_Tiraturyan,2598,Black,1 min,bullet,44,Won,1/31/2017
Alexander_Moskalenko,2622,Davit_Tiraturyan,2606,White,1 min,bullet,66,Won,1/31/2017
Alexander_Moskalenko,2614,Davit_Tiraturyan,2614,Black,1 min,bullet,62,Lost,1/31/2017
Alexander_Moskalenko,2622,Davit_Tiraturyan,2606,White,1 min,bullet,37,Won,1/31/2017
Alexander_Moskalenko,2614,platy3,2857,White,1 min,bullet,83,Lost,1/31/2017
Alexander_Moskalenko,2617,platy3,2854,Black,1 min,bullet,29,Lost,1/31/2017
Alexander_Moskalenko,2620,platy3,2851,White,1 min,bullet,73,Lost,1/31/2017
Alexander_Moskalenko,2624,platy3,2848,Black,1 min,bullet,62,Lost,1/31/2017
Alexander_Moskalenko,2628,platy3,2844,White,1 min,bullet,68,Lost,1/31/2017
Alexander_Moskalenko,2632,platy3,2840,Black,1 min,bullet,47,Lost,1/31/2017
Alexander_Moskalenko,2636,platy3,2836,White,1 min,bullet,66,Lost,1/31/2017
Alexander_Moskalenko,2640,platy3,2832,Black,1 min,bullet,104,Lost,1/31/2017
Alexander_Moskalenko,2645,platy3,2828,White,1 min,bullet,78,Lost,1/31/2017
Alexander_Moskalenko,2650,peterwoo,2296,Black,1 min,bullet,52,Won,1/7/2017
Alexander_Moskalenko,2648,peterwoo,2298,White,1 min,bullet,21,Won,1/7/2017
Alexander_Moskalenko,2646,Annawel,2810,White,1 min,bullet,82,Won,1/2/2017
Alexander_Moskalenko,2634,Annawel,2822,Black,1 min,bullet,72,Lost,1/2/2017
Alexander_Moskalenko,2638,Annawel,2818,White,1 min,bullet,63,Lost,1/2/2017
Alexander_Moskalenko,2642,Annawel,2814,Black,1 min,bullet,77,Lost,1/2/2017
Alexander_Moskalenko,2647,Annawel,2809,White,1 min,bullet,40,Lost,1/2/2017
Alexander_Moskalenko,2652,Annawel,2804,Black,1 min,bullet,58,Lost,1/2/2017
Alexander_Moskalenko,2657,Annawel,2799,White,1 min,bullet,63,Lost,1/2/2017
Alexander_Moskalenko,2662,Annawel,2794,Black,1 min,bullet,47,Lost,1/2/2017