player,player_rating,opponent,opponent_rating,side,time_control,time_category,moves,result,date
Alexander_Donchenko,2700,TheLancer,2573,White,1 min,bullet,35,Lost,4/27/2016
Alexander_Donchenko,2711,TheLancer,2562,Black,1 min,bullet,70,Lost,4/27/2016
Alexander_Donchenko,2723,TheLancer,2550,White,1 min,bullet,58,Won,4/27/2016
Alexander_Donchenko,2718,TheLancer,2555,Black,1 min,bullet,25,Won,4/27/2016
Alexander_Donchenko,2713,TheLancer,2560,White,1 min,bullet,18,Won,4/27/2016
Alexander_Donchenko,2708,TheLancer,2565,Black,1 min,bullet,70,Won,4/27/2016
Alexander_Donchenko,2703,TheLancer,2570,White,1 min,bullet,52,Won,4/27/2016
Alexander_Donchenko,2698,TheLancer,2575,Black,1 min,bullet,26,Won,4/27/2016
Alexander_Donchenko,2692,TheLancer,2581,White,1 min,bullet,25,Won,4/27/2016
Alexander_Donchenko,2686,TheLancer,2587,Black,1 min,bullet,48,Won,4/27/2016
Alexander_Donchenko,2680,TheLancer,2593,White,1 min,bullet,66,Lost,4/27/2016
Alexander_Donchenko,2690,TheLancer,2583,Black,1 min,bullet,67,Lost,4/27/2016
Alexander_Donchenko,2701,TheLancer,2572,White,1 min,bullet,70,Won,4/27/2016
Alexander_Donchenko,2696,TheLancer,2577,Black,1 min,bullet,60,Won,4/27/2016
Alexander_Donchenko,2690,TheLancer,2583,White,1 min,bullet,34,Lost,4/27/2016
Alexander_Donchenko,2701,TheLancer,2572,Black,1 min,bullet,25,Won,4/27/2016
Alexander_Donchenko,2696,TheLancer,2577,White,1 min,bullet,24,Won,4/27/2016
Alexander_Donchenko,2690,TheLancer,2583,Black,1 min,bullet,66,Lost,4/27/2016
Alexander_Donchenko,2701,TheLancer,2572,White,1 min,bullet,32,Won,4/27/2016
Alexander_Donchenko,2696,TheLancer,2577,Black,1 min,bullet,86,Lost,4/27/2016
Alexander_Donchenko,2707,TheLancer,2566,White,1 min,bullet,73,Lost,4/27/2016
Alexander_Donchenko,2719,TheLancer,2554,Black,1 min,bullet,33,Won,4/27/2016
Alexander_Donchenko,2714,TheLancer,2559,White,1 min,bullet,46,Won,4/27/2016
Alexander_Donchenko,2709,TheLancer,2564,Black,1 min,bullet,75,Draw,4/27/2016
Alexander_Donchenko,2712,TheLancer,2561,White,1 min,bullet,45,Won,4/27/2016
Alexander_Donchenko,2707,TheLancer,2566,Black,1 min,bullet,66,Lost,4/27/2016
Alexander_Donchenko,2718,TheLancer,2554,White,1 min,bullet,34,Won,4/27/2016
Alexander_Donchenko,2713,TheLancer,2559,Black,1 min,bullet,39,Won,4/27/2016
Alexander_Donchenko,2708,TheLancer,2564,White,1 min,bullet,31,Won,4/27/2016
Alexander_Donchenko,2703,TheLancer,2569,Black,1 min,bullet,32,Won,4/27/2016
Alexander_Donchenko,2698,TheLancer,2574,White,1 min,bullet,60,Won,4/27/2016
Alexander_Donchenko,2692,TheLancer,2579,Black,1 min,bullet,51,Won,4/27/2016
Alexander_Donchenko,2686,TheLancer,2585,White,1 min,bullet,75,Lost,4/27/2016
Alexander_Donchenko,2697,TheLancer,2574,Black,1 min,bullet,50,Won,4/27/2016
Alexander_Donchenko,2691,TheLancer,2580,White,1 min,bullet,27,Won,4/27/2016
Alexander_Donchenko,2685,TheLancer,2586,Black,1 min,bullet,47,Won,4/27/2016
Alexander_Donchenko,2679,TheLancer,2592,White,1 min,bullet,59,Won,4/27/2016
Alexander_Donchenko,2673,pKiLz5Rn9b,2636,White,1 min,bullet,63,Won,4/27/2016
Alexander_Donchenko,2665,TampaChess,2616,White,1 min,bullet,31,Lost,4/20/2016
Alexander_Donchenko,2675,whatbecause,2598,Black,1 min,bullet,51,Lost,4/20/2016
Alexander_Donchenko,2685,whatbecause,2588,White,1 min,bullet,14,Won,4/20/2016
Alexander_Donchenko,2679,whatbecause,2594,Black,1 min,bullet,28,Won,4/20/2016
Alexander_Donchenko,2673,whatbecause,2600,White,1 min,bullet,46,Won,4/20/2016
Alexander_Donchenko,2666,whatbecause,2607,Black,1 min,bullet,64,Lost,4/20/2016
Alexander_Donchenko,2676,whatbecause,2597,White,1 min,bullet,42,Won,4/20/2016
Alexander_Donchenko,2669,whatbecause,2604,Black,1 min,bullet,50,Won,4/20/2016
Alexander_Donchenko,2662,whatbecause,2611,White,1 min,bullet,31,Won,4/20/2016
Alexander_Donchenko,2655,whatbecause,2618,Black,1 min,bullet,61,Lost,4/20/2016
Alexander_Donchenko,2664,whatbecause,2609,White,1 min,bullet,66,Won,4/20/2016
Alexander_Donchenko,2657,whatbecause,2616,Black,1 min,bullet,59,Lost,4/20/2016