player,player_rating,opponent,opponent_rating,side,time_control,time_category,moves,result,date
Alexander_Donchenko,2595,Shant_Sargsyan,2640,Black,3 min,blitz,58,Lost,7/28/2017
Alexander_Donchenko,2602,FlorianHandke,2503,White,3 min,blitz,80,Won,7/19/2017
Alexander_Donchenko,2596,VadimRF,2594,Black,3 min,blitz,61,Draw,7/17/2017
Alexander_Donchenko,2596,VadimRF,2594,White,3 min,blitz,55,Lost,7/17/2017
Alexander_Donchenko,2604,sun_flower_chess,2468,Black,3 min,blitz,44,Won,7/14/2017
Alexander_Donchenko,2599,sun_flower_chess,2473,White,3 min,blitz,45,Won,7/14/2017
Alexander_Donchenko,2594,sun_flower_chess,2478,Black,3 min,blitz,58,Won,7/14/2017
Alexander_Donchenko,2588,sun_flower_chess,2484,White,3 min,blitz,34,Won,7/14/2017
Alexander_Donchenko,2582,tarquilnius,2449,Black,3 min,blitz,70,Won,7/13/2017
Alexander_Donchenko,2577,FlorianHandke,2594,Black,3 min,blitz,53,Won,7/8/2017
Alexander_Donchenko,2568,FlorianHandke,2603,White,3 min,blitz,30,Won,7/8/2017
Alexander_Donchenko,2559,FlorianHandke,2612,Black,3 min,blitz,24,Lost,7/8/2017
Alexander_Donchenko,2566,GMKrikor,2473,White,3|2,blitz,49,Draw,7/5/2017
Alexander_Donchenko,2568,vpantev,2458,Black,3|2,blitz,48,Draw,7/5/2017
Alexander_Donchenko,2571,SuperCheese,2428,White,3|2,blitz,40,Draw,7/5/2017
Alexander_Donchenko,2574,JeffReinberg,2519,Black,3|2,blitz,74,Draw,7/5/2017
Alexander_Donchenko,2576,mokerslag,2468,White,3|2,blitz,31,Won,7/5/2017
Alexander_Donchenko,2570,Zhani-Z,2366,Black,3|2,blitz,34,Draw,7/5/2017
Alexander_Donchenko,2574,renatoterrylujan,2645,White,3|2,blitz,43,Lost,7/4/2017
Alexander_Donchenko,2581,scrapnel,2551,White,3|2,blitz,36,Won,7/4/2017
Alexander_Donchenko,2573,dangerousfish,2443,Black,3|2,blitz,61,Draw,7/4/2017
Alexander_Donchenko,2576,AllStarShark,2298,White,3|2,blitz,108,Won,7/4/2017
Alexander_Donchenko,2573,Tonychess32,2416,Black,3 min,blitz,34,Won,7/3/2017
Alexander_Donchenko,2568,Tonychess32,2421,White,3 min,blitz,26,Won,7/3/2017
Alexander_Donchenko,2563,mufiks,2419,White,3 min,blitz,33,Won,6/29/2017
Alexander_Donchenko,2558,mufiks,2424,Black,3 min,blitz,64,Won,6/29/2017
Alexander_Donchenko,2553,Rushonhell,2398,White,3 min,blitz,65,Won,6/21/2017
Alexander_Donchenko,2548,Rushonhell,2403,Black,3 min,blitz,46,Won,6/21/2017
Alexander_Donchenko,2543,pKiLz5Rn9b,2481,Black,3 min,blitz,71,Won,6/20/2017
Alexander_Donchenko,2536,Bubi6,2487,White,3 min,blitz,49,Won,6/13/2017
Alexander_Donchenko,2529,Lokiy47,2410,Black,3 min,blitz,70,Won,6/13/2017
Alexander_Donchenko,2523,Shtembuliak,2573,White,3 min,blitz,44,Lost,6/12/2017
Alexander_Donchenko,2530,Shtembuliak,2566,Black,3 min,blitz,35,Lost,6/12/2017
Alexander_Donchenko,2537,Nikolaj_6,2463,White,3 min,blitz,41,Won,6/12/2017
Alexander_Donchenko,2530,Rile-Man,2419,Black,3 min,blitz,33,Lost,5/28/2017
Alexander_Donchenko,2541,Rile-Man,2408,White,3 min,blitz,62,Won,5/28/2017
Alexander_Donchenko,2536,Rile-Man,2413,Black,3 min,blitz,48,Won,5/28/2017
Alexander_Donchenko,2530,Rile-Man,2419,White,3 min,blitz,40,Draw,5/28/2017
Alexander_Donchenko,2533,Boris98,2474,Black,3 min,blitz,74,Won,5/23/2017
Alexander_Donchenko,2526,Boris98,2481,White,3 min,blitz,64,Draw,5/23/2017
Alexander_Donchenko,2527,Boris98,2480,Black,3 min,blitz,29,Lost,5/23/2017
Alexander_Donchenko,2537,Boris98,2470,White,3 min,blitz,56,Draw,5/23/2017
Alexander_Donchenko,2539,Duncun21,2459,Black,3 min,blitz,22,Won,5/17/2017
Alexander_Donchenko,2532,zoranp,2473,Black,3 min,blitz,85,Draw,5/16/2017
Alexander_Donchenko,2533,zoranp,2472,White,3 min,blitz,90,Won,5/16/2017
Alexander_Donchenko,2526,Davit_Tiraturyan,2424,Black,3 min,blitz,27,Lost,5/16/2017
Alexander_Donchenko,2537,Davit_Tiraturyan,2413,White,3 min,blitz,16,Won,5/16/2017
Alexander_Donchenko,2531,stuwdrey,2542,White,3 min,blitz,63,Lost,5/9/2017
Alexander_Donchenko,2539,stuwdrey,2534,Black,3 min,blitz,49,Won,5/9/2017
Alexander_Donchenko,2531,stuwdrey,2542,White,3 min,blitz,15,Lost,5/9/2017