player,player_rating,opponent,opponent_rating,side,time_control,time_category,moves,result,date
Alexander_Donchenko,2866,gahryman,2801,Black,3 min,blitz,48,Lost,3/16/2019
Alexander_Donchenko,2876,gahryman,2791,White,3 min,blitz,60,Won,3/16/2019
Alexander_Donchenko,2870,gahryman,2778,Black,3 min,blitz,70,Draw,3/16/2019
Alexander_Donchenko,2872,gahryman,2776,White,3 min,blitz,42,Lost,3/16/2019
Alexander_Donchenko,2883,DESTROYER7777777,2676,White,3 min,blitz,52,Won,3/16/2019
Alexander_Donchenko,2879,DESTROYER7777777,2680,Black,3 min,blitz,46,Won,3/16/2019
Alexander_Donchenko,2875,DESTROYER7777777,2684,White,3 min,blitz,38,Won,3/16/2019
Alexander_Donchenko,2871,DESTROYER7777777,2688,Black,3 min,blitz,72,Won,3/16/2019
Alexander_Donchenko,2867,DESTROYER7777777,2692,White,3 min,blitz,34,Lost,3/16/2019
Alexander_Donchenko,2879,samhawkins,2765,Black,3 min,blitz,43,Won,3/16/2019
Alexander_Donchenko,2873,samhawkins,2771,White,3 min,blitz,85,Lost,3/16/2019
Alexander_Donchenko,2884,samhawkins,2760,Black,3 min,blitz,32,Won,3/16/2019
Alexander_Donchenko,2878,samhawkins,2766,White,3 min,blitz,28,Won,3/16/2019
Alexander_Donchenko,2872,samhawkins,2772,Black,3 min,blitz,36,Lost,3/16/2019
Alexander_Donchenko,2883,Vertetics-Attila,2781,Black,3 min,blitz,66,Draw,3/16/2019
Alexander_Donchenko,2885,Vertetics-Attila,2777,White,3 min,blitz,35,Lost,3/16/2019
Alexander_Donchenko,2896,Vertetics-Attila,2756,Black,3 min,blitz,29,Won,3/16/2019
Alexander_Donchenko,2891,Vertetics-Attila,2766,White,3 min,blitz,61,Draw,3/16/2019
Alexander_Donchenko,2894,Fandorine,2855,White,3 min,blitz,34,Won,3/15/2019
Alexander_Donchenko,2887,Molton,2737,Black,3 min,blitz,66,Won,3/15/2019
Alexander_Donchenko,2861,Rainmond,2769,Black,3 min,blitz,76,Won,3/13/2019
Alexander_Donchenko,2855,DanielNaroditsky,2968,White,3 min,blitz,57,Won,3/13/2019
Alexander_Donchenko,2844,DanielNaroditsky,2979,Black,3 min,blitz,42,Lost,3/13/2019
Alexander_Donchenko,2849,dostis,2829,Black,3 min,blitz,26,Won,3/12/2019
Alexander_Donchenko,2841,dostis,2837,White,3 min,blitz,32,Draw,3/12/2019
Alexander_Donchenko,2841,dostis,2837,Black,3 min,blitz,26,Draw,3/12/2019
Alexander_Donchenko,2841,BeAttorney,2633,White,3 min,blitz,55,Won,3/12/2019
Alexander_Donchenko,2819,Tjktiger,2826,White,3 min,blitz,58,Won,3/11/2019
Alexander_Donchenko,2810,Tjktiger,2835,Black,3 min,blitz,72,Won,3/11/2019
Alexander_Donchenko,2801,Gummibear69,2706,White,3 min,blitz,46,Won,3/11/2019
Alexander_Donchenko,2795,Gummibear69,2712,Black,3 min,blitz,23,Won,3/11/2019
Alexander_Donchenko,2789,Gummibear69,2718,White,3 min,blitz,28,Lost,3/11/2019
Alexander_Donchenko,2799,Gummibear69,2708,Black,3 min,blitz,24,Won,3/11/2019
Alexander_Donchenko,2793,Gummibear69,2714,White,3 min,blitz,31,Won,3/11/2019
Alexander_Donchenko,2787,Gummibear69,2720,Black,3 min,blitz,45,Lost,3/11/2019
Alexander_Donchenko,2797,Gummibear69,2710,White,3 min,blitz,27,Won,3/11/2019
Alexander_Donchenko,2791,Gummibear69,2716,Black,3 min,blitz,70,Draw,3/11/2019
Alexander_Donchenko,2793,Gummibear69,2714,White,3 min,blitz,79,Draw,3/11/2019
Alexander_Donchenko,2795,Gummibear69,2712,Black,3 min,blitz,36,Won,3/11/2019
Alexander_Donchenko,2789,Gummibear69,2718,White,3 min,blitz,65,Draw,3/11/2019
Alexander_Donchenko,2791,Gummibear69,2716,Black,3 min,blitz,63,Won,3/11/2019
Alexander_Donchenko,2784,Gummibear69,2723,White,3 min,blitz,40,Lost,3/11/2019
Alexander_Donchenko,2794,Gummibear69,2713,Black,3 min,blitz,23,Won,3/11/2019
Alexander_Donchenko,2788,GadimbayliA,2827,White,3 min,blitz,31,Won,3/11/2019
Alexander_Donchenko,2779,AverageRecord,2907,Black,3 min,blitz,32,Lost,3/11/2019
Alexander_Donchenko,2784,AverageRecord,2902,White,3 min,blitz,32,Won,3/11/2019
Alexander_Donchenko,2773,Davit_Tiraturyan,2692,Black,3 min,blitz,85,Lost,3/11/2019
Alexander_Donchenko,2783,Davit_Tiraturyan,2682,White,3 min,blitz,35,Won,3/11/2019
Alexander_Donchenko,2777,tryingmybest12,2637,White,3 min,blitz,34,Lost,3/11/2019
Alexander_Donchenko,2788,tryingmybest12,2626,Black,3 min,blitz,42,Won,3/11/2019