player,player_rating,opponent,opponent_rating,side,time_control,time_category,moves,result,date
Alexander_Moskalenko,2820,TigranLPetrosyan,2792,White,3 min,blitz,107,Draw,12/7/2018
Alexander_Moskalenko,2821,TigranLPetrosyan,2791,Black,3 min,blitz,47,Draw,12/7/2018
Alexander_Moskalenko,2822,TigranLPetrosyan,2790,White,3 min,blitz,49,Won,12/7/2018
Alexander_Moskalenko,2814,TigranLPetrosyan,2798,Black,3 min,blitz,72,Lost,12/7/2018
Alexander_Moskalenko,2823,Noukii,2749,Black,3 min,blitz,41,Lost,12/6/2018
Alexander_Moskalenko,2833,Noukii,2739,White,3 min,blitz,76,Won,12/6/2018
Alexander_Moskalenko,2827,Noukii,2745,Black,3 min,blitz,35,Won,12/6/2018
Alexander_Moskalenko,2821,Noukii,2751,White,3 min,blitz,34,Won,12/6/2018
Alexander_Moskalenko,2814,Benek77,2617,Black,3|2,blitz,37,Lost,12/5/2018
Alexander_Moskalenko,2827,FearNoEvil12,1979,White,3|2,blitz,60,Won,12/5/2018
Alexander_Moskalenko,2827,dyziotomi99,2627,Black,3|2,blitz,34,Lost,12/4/2018
Alexander_Moskalenko,2840,Bad_left_hook,2510,White,3|2,blitz,31,Won,12/4/2018
Alexander_Moskalenko,2838,jncool68,2640,Black,3|2,blitz,52,Lost,12/4/2018
Alexander_Moskalenko,2851,biostatistician,2443,White,3|2,blitz,34,Won,12/4/2018
Alexander_Moskalenko,2850,Oleksandr_Bortnyk,2809,White,3 min,blitz,34,Lost,12/4/2018
Alexander_Moskalenko,2859,Oleksandr_Bortnyk,2796,Black,3 min,blitz,36,Lost,12/4/2018
Alexander_Moskalenko,2869,Oleksandr_Bortnyk,2782,White,3 min,blitz,43,Won,12/4/2018
Alexander_Moskalenko,2863,Oleksandr_Bortnyk,2791,Black,3 min,blitz,68,Draw,12/4/2018
Alexander_Moskalenko,2865,Oleksandr_Bortnyk,2789,White,3 min,blitz,34,Won,12/4/2018
Alexander_Moskalenko,2858,Oleksandr_Bortnyk,2799,Black,3 min,blitz,38,Lost,12/4/2018
Alexander_Moskalenko,2868,Farrukh_Amonatov,2861,Black,3 min,blitz,0,Won,12/4/2018
Alexander_Moskalenko,2860,Farrukh_Amonatov,2869,White,3 min,blitz,52,Draw,12/3/2018
Alexander_Moskalenko,2860,stanvaughan,1659,White,10 min,blitz,53,Won,11/29/2018
Alexander_Moskalenko,2860,Jospem,2865,Black,3 min,blitz,55,Lost,11/28/2018
Alexander_Moskalenko,2868,Jospem,2857,White,3 min,blitz,57,Won,11/28/2018
Alexander_Moskalenko,2860,Jospem,2865,Black,3 min,blitz,41,Draw,11/28/2018
Alexander_Moskalenko,2860,Jospem,2865,White,3 min,blitz,34,Won,11/28/2018
Alexander_Moskalenko,2852,Isaque777,1191,Black,10 min,blitz,41,Won,11/28/2018
Alexander_Moskalenko,2852,bboti83,1520,White,10 min,blitz,13,Won,11/28/2018
Alexander_Moskalenko,2852,WalkerSPECTRE18m,2119,White,10 min,blitz,34,Won,11/28/2018
Alexander_Moskalenko,2852,inter1991,1485,Black,10 min,blitz,27,Won,11/28/2018
Alexander_Moskalenko,2852,Fuerza3,1631,Black,10 min,blitz,19,Won,11/28/2018
Alexander_Moskalenko,2852,kakslensl,1878,White,10 min,blitz,21,Won,11/28/2018
Alexander_Moskalenko,2852,Fuerza3,1629,White,10 min,blitz,13,Won,11/28/2018
Alexander_Moskalenko,2852,p_a_pavlyk,1668,Black,10 min,blitz,73,Won,11/28/2018
Alexander_Moskalenko,2852,cstevens1,2626,White,3 min,blitz,63,Won,11/27/2018
Alexander_Moskalenko,2848,cstevens1,2630,Black,3 min,blitz,51,Won,11/27/2018
Alexander_Moskalenko,2844,cstevens1,2634,White,3 min,blitz,68,Won,11/27/2018
Alexander_Moskalenko,2840,cstevens1,2638,Black,3 min,blitz,47,Lost,11/27/2018
Alexander_Moskalenko,2853,Msb2,2781,White,3 min,blitz,26,Won,11/27/2018
Alexander_Moskalenko,2846,Msb2,2788,Black,3 min,blitz,25,Lost,11/27/2018
Alexander_Moskalenko,2856,Muisback26,2762,White,3 min,blitz,38,Won,11/25/2018
Alexander_Moskalenko,2850,MFBorn,2554,Black,3 min,blitz,51,Lost,11/21/2018
Alexander_Moskalenko,2864,MFBorn,2540,White,3 min,blitz,48,Won,11/21/2018
Alexander_Moskalenko,2862,GhostOfGreenval,2753,White,3 min,blitz,49,Won,11/11/2018
Alexander_Moskalenko,2856,GhostOfGreenval,2759,Black,3 min,blitz,48,Lost,11/11/2018
Alexander_Moskalenko,2867,GhostOfGreenval,2748,White,3 min,blitz,59,Draw,11/11/2018
Alexander_Moskalenko,2870,GhostOfGreenval,2745,Black,3 min,blitz,24,Won,11/11/2018
Alexander_Moskalenko,2865,Antipov_Mikhail_Al,2923,White,3 min,blitz,37,Lost,11/8/2018
Alexander_Moskalenko,2872,Antipov_Mikhail_Al,2916,Black,3 min,blitz,39,Won,11/8/2018