player,player_rating,opponent,opponent_rating,side,time_control,time_category,moves,result,date
Alexander_Moskalenko,2633,Gajuchess,2633,Black,1 min,bullet,61,Lost,9/8/2016
Alexander_Moskalenko,2642,garcho08,2803,White,1 min,bullet,66,Won,9/7/2016
Alexander_Moskalenko,2630,SomePatzer,2645,Black,1 min,bullet,60,Won,8/30/2016
Alexander_Moskalenko,2621,SomePatzer,2654,White,1 min,bullet,25,Lost,8/30/2016
Alexander_Moskalenko,2629,SomePatzer,2646,Black,1 min,bullet,57,Lost,8/30/2016
Alexander_Moskalenko,2637,SomePatzer,2638,White,1 min,bullet,79,Draw,8/30/2016
Alexander_Moskalenko,2637,SomePatzer,2638,Black,1 min,bullet,82,Draw,8/30/2016
Alexander_Moskalenko,2637,SomePatzer,2638,White,1 min,bullet,56,Draw,8/30/2016
Alexander_Moskalenko,2637,Abrito99,2497,Black,1 min,bullet,14,Won,8/28/2016
Alexander_Moskalenko,2632,Abrito99,2505,White,1 min,bullet,17,Won,8/28/2016
Alexander_Moskalenko,2626,Abrito99,2513,Black,1 min,bullet,36,Won,8/28/2016
Alexander_Moskalenko,2620,Abrito99,2522,White,1 min,bullet,46,Won,8/28/2016
Alexander_Moskalenko,2614,Abrito99,2532,Black,1 min,bullet,62,Lost,8/28/2016
Alexander_Moskalenko,2624,Abrito99,2515,White,1 min,bullet,40,Won,8/28/2016
Alexander_Moskalenko,2618,Abrito99,2525,Black,1 min,bullet,49,Draw,8/28/2016
Alexander_Moskalenko,2620,Abrito99,2521,White,1 min,bullet,39,Lost,8/28/2016
Alexander_Moskalenko,2631,Abrito99,2501,Black,1 min,bullet,57,Won,8/28/2016
Alexander_Moskalenko,2625,Abrito99,2512,White,1 min,bullet,39,Won,8/28/2016
Alexander_Moskalenko,2619,Abrito99,2524,Black,1 min,bullet,21,Won,8/28/2016
Alexander_Moskalenko,2613,Abrito99,2537,White,1 min,bullet,22,Won,8/28/2016
Alexander_Moskalenko,2606,Abrito99,2552,Black,1 min,bullet,55,Won,8/28/2016
Alexander_Moskalenko,2599,Abrito99,2569,White,1 min,bullet,81,Lost,8/28/2016
Alexander_Moskalenko,2608,RobertoJBM,2661,Black,1 min,bullet,81,Lost,8/28/2016
Alexander_Moskalenko,2615,RobertoJBM,2654,White,1 min,bullet,41,Lost,8/28/2016
Alexander_Moskalenko,2622,RobertoJBM,2647,Black,1 min,bullet,58,Won,8/28/2016
Alexander_Moskalenko,2613,RobertoJBM,2656,White,1 min,bullet,92,Draw,8/28/2016
Alexander_Moskalenko,2612,RobertoJBM,2657,Black,1 min,bullet,65,Lost,8/28/2016
Alexander_Moskalenko,2619,RobertoJBM,2650,White,1 min,bullet,78,Lost,8/28/2016
Alexander_Moskalenko,2627,Maitreia,2493,White,1 min,bullet,43,Won,8/28/2016
Alexander_Moskalenko,2622,Maitreia,2498,Black,1 min,bullet,54,Won,8/28/2016
Alexander_Moskalenko,2617,Maitreia,2503,White,1 min,bullet,36,Won,8/28/2016
Alexander_Moskalenko,2611,liczner,2639,Black,1 min,bullet,100,Lost,8/19/2016
Alexander_Moskalenko,2619,liczner,2631,White,1 min,bullet,38,Draw,8/19/2016
Alexander_Moskalenko,2619,liczner,2631,Black,1 min,bullet,55,Won,8/19/2016
Alexander_Moskalenko,2610,liczner,2640,White,1 min,bullet,69,Lost,8/19/2016
Alexander_Moskalenko,2618,liczner,2632,Black,1 min,bullet,30,Lost,8/19/2016
Alexander_Moskalenko,2626,liczner,2624,White,1 min,bullet,37,Lost,8/19/2016
Alexander_Moskalenko,2634,liczner,2615,Black,1 min,bullet,67,Lost,8/4/2016
Alexander_Moskalenko,2643,joppie2,2646,Black,1 min,bullet,64,Won,8/1/2016
Alexander_Moskalenko,2635,joppie2,2654,White,1 min,bullet,31,Won,8/1/2016
Alexander_Moskalenko,2626,joppie2,2663,Black,1 min,bullet,17,Lost,8/1/2016
Alexander_Moskalenko,2633,SarcasmGunnel,2720,White,1 min,bullet,57,Lost,7/20/2016
Alexander_Moskalenko,2639,SarcasmGunnel,2714,Black,1 min,bullet,70,Lost,7/20/2016
Alexander_Moskalenko,2646,SarcasmGunnel,2707,White,1 min,bullet,37,Won,7/20/2016
Alexander_Moskalenko,2636,SarcasmGunnel,2717,Black,1 min,bullet,26,Draw,7/20/2016
Alexander_Moskalenko,2634,SarcasmGunnel,2719,White,1 min,bullet,54,Won,7/20/2016
Alexander_Moskalenko,2624,ChessPeople64,2549,White,1 min,bullet,58,Won,7/20/2016
Alexander_Moskalenko,2617,ChessPeople64,2556,Black,1 min,bullet,65,Won,7/20/2016
Alexander_Moskalenko,2610,ChessPeople64,2563,White,1 min,bullet,53,Won,7/20/2016
Alexander_Moskalenko,2603,ChessPeople64,2570,Black,1 min,bullet,31,Lost,7/20/2016