player,player_rating,opponent,opponent_rating,side,time_control,time_category,moves,result,date
AlexanderBogatyr,2836,JSPrepz,2742,Black,1 min,bullet,55,Won,4/14/2018
AlexanderBogatyr,2830,JSPrepz,2748,White,1 min,bullet,28,Won,4/14/2018
AlexanderBogatyr,2824,JSPrepz,2754,Black,1 min,bullet,44,Won,4/14/2018
AlexanderBogatyr,2817,JSPrepz,2761,White,1 min,bullet,43,Lost,4/14/2018
AlexanderBogatyr,2827,garcho08,2744,White,1 min,bullet,51,Won,4/14/2018
AlexanderBogatyr,2821,SantoBlue,2731,Black,1 min,bullet,54,Won,4/14/2018
AlexanderBogatyr,2815,SantoBlue,2737,White,1 min,bullet,70,Lost,4/14/2018
AlexanderBogatyr,2825,SantoBlue,2727,Black,1 min,bullet,29,Won,4/14/2018
AlexanderBogatyr,2819,SantoBlue,2733,White,1 min,bullet,51,Won,4/14/2018
AlexanderBogatyr,2813,SantoBlue,2739,Black,1 min,bullet,25,Won,4/14/2018
AlexanderBogatyr,2806,SantoBlue,2746,White,1 min,bullet,59,Draw,4/14/2018
AlexanderBogatyr,2807,Rodrigazo,2746,Black,1 min,bullet,63,Lost,4/14/2018
AlexanderBogatyr,2817,Rodrigazo,2736,White,1 min,bullet,57,Lost,4/14/2018
AlexanderBogatyr,2827,dutchess83,193),Black,1 min,bullet,10,Won,4/14/2018
AlexanderBogatyr,2827,MikhailKrylov,1795,White,1 min,bullet,26,Won,4/14/2018
AlexanderBogatyr,2827,The_bird_of_peace,2849,White,1 min,bullet,66,Won,4/14/2018
AlexanderBogatyr,2818,The_bird_of_peace,2858,Black,1 min,bullet,18,Won,4/14/2018
AlexanderBogatyr,2809,The_bird_of_peace,2867,White,1 min,bullet,56,Won,4/14/2018
AlexanderBogatyr,2799,The_bird_of_peace,2877,Black,1 min,bullet,63,Lost,4/14/2018
AlexanderBogatyr,2806,Kanallija,2858,Black,1 min,bullet,21,Lost,4/14/2018
AlexanderBogatyr,2813,sergoy,2796,White,1 min,bullet,69,Won,4/13/2018
AlexanderBogatyr,2805,sergoy,2804,Black,1 min,bullet,68,Won,4/13/2018
AlexanderBogatyr,2797,sergoy,2813,White,1 min,bullet,43,Lost,4/13/2018
AlexanderBogatyr,2805,mishanick,2725,White,1 min,bullet,64,Won,4/13/2018
AlexanderBogatyr,2799,mishanick,2731,Black,1 min,bullet,14,Lost,4/13/2018
AlexanderBogatyr,2809,Andreikka,2699,Black,1 min,bullet,46,Won,4/13/2018
AlexanderBogatyr,2803,Andreikka,2705,White,1 min,bullet,22,Won,4/13/2018
AlexanderBogatyr,2797,Andreikka,2711,Black,1 min,bullet,37,Lost,4/13/2018
AlexanderBogatyr,2807,Andreikka,2701,White,1 min,bullet,25,Won,4/13/2018
AlexanderBogatyr,2801,Andreikka,2707,Black,1 min,bullet,24,Lost,4/13/2018
AlexanderBogatyr,2812,Andreikka,2696,White,1 min,bullet,26,Won,4/13/2018
AlexanderBogatyr,2806,Andreikka,2702,Black,1 min,bullet,26,Won,4/13/2018
AlexanderBogatyr,2800,Angry_Twin,2760,Black,1 min,bullet,58,Won,4/13/2018
AlexanderBogatyr,2793,Angry_Twin,2767,White,1 min,bullet,24,Won,4/13/2018
AlexanderBogatyr,2785,garcho08,2703,Black,1 min,bullet,52,Won,4/13/2018
AlexanderBogatyr,2779,TigranLPetrosyan,2881,White,1 min,bullet,28,Lost,4/13/2018
AlexanderBogatyr,2785,TigranLPetrosyan,2875,Black,1 min,bullet,34,Lost,4/13/2018
AlexanderBogatyr,2791,TigranLPetrosyan,2869,White,1 min,bullet,25,Won,4/13/2018
AlexanderBogatyr,2781,HarutyunianTigranK,2739,Black,1 min,bullet,73,Lost,4/13/2018
AlexanderBogatyr,2790,HarutyunianTigranK,2730,White,1 min,bullet,28,Lost,4/13/2018
AlexanderBogatyr,2800,bascheyaro,2682,Black,1 min,bullet,54,Won,4/13/2018
AlexanderBogatyr,2794,bascheyaro,2688,White,1 min,bullet,45,Won,4/13/2018
AlexanderBogatyr,2788,bascheyaro,2694,Black,1 min,bullet,47,Won,4/13/2018
AlexanderBogatyr,2782,fm24601,2639,Black,1 min,bullet,16,Lost,4/13/2018
AlexanderBogatyr,2794,fm24601,2627,White,1 min,bullet,26,Won,4/13/2018
AlexanderBogatyr,2789,fm24601,2632,Black,1 min,bullet,39,Won,4/13/2018
AlexanderBogatyr,2784,NguyenXi,2689,White,1 min,bullet,29,Won,4/13/2018
AlexanderBogatyr,2778,NguyenXi,2695,Black,1 min,bullet,43,Won,4/13/2018
AlexanderBogatyr,2772,NguyenXi,2701,White,1 min,bullet,32,Won,4/13/2018
AlexanderBogatyr,2765,NguyenXi,2708,Black,1 min,bullet,23,Won,4/13/2018