player,player_rating,opponent,opponent_rating,side,time_control,time_category,moves,result,date
Alexander_Moskalenko,2612,ChessPeople64,2561,White,1 min,bullet,39,Won,7/20/2016
Alexander_Moskalenko,2605,ChessPeople64,2568,Black,1 min,bullet,9,Won,7/20/2016
Alexander_Moskalenko,2597,ChessPeople64,2576,White,1 min,bullet,27,Won,7/20/2016
Alexander_Moskalenko,2589,ChessPeople64,2584,Black,1 min,bullet,52,Lost,7/20/2016
Alexander_Moskalenko,2598,ChessPeople64,2575,White,1 min,bullet,46,Lost,7/20/2016
Alexander_Moskalenko,2607,KNVB,2762,White,1 min,bullet,66,Won,7/19/2016
Alexander_Moskalenko,2595,KNVB,2774,Black,1 min,bullet,67,Won,7/19/2016
Alexander_Moskalenko,2583,KNVB,2786,White,1 min,bullet,80,Won,7/19/2016
Alexander_Moskalenko,2570,KNVB,2799,Black,1 min,bullet,53,Lost,7/19/2016
Alexander_Moskalenko,2573,KNVB,2796,White,1 min,bullet,46,Lost,7/19/2016
Alexander_Moskalenko,2577,KNVB,2792,Black,1 min,bullet,82,Lost,7/19/2016
Alexander_Moskalenko,2581,ZapataCharlesS,2610,Black,1 min,bullet,59,Lost,7/18/2016
Alexander_Moskalenko,2589,ZapataCharlesS,2602,White,1 min,bullet,62,Lost,7/18/2016
Alexander_Moskalenko,2597,ZapataCharlesS,2594,Black,1 min,bullet,80,Lost,7/18/2016
Alexander_Moskalenko,2605,ZapataCharlesS,2586,White,1 min,bullet,62,Lost,7/18/2016
Alexander_Moskalenko,2614,ZapataCharlesS,2577,Black,1 min,bullet,66,Won,7/18/2016
Alexander_Moskalenko,2606,ZapataCharlesS,2585,White,1 min,bullet,51,Won,7/18/2016
Alexander_Moskalenko,2598,ZapataCharlesS,2593,Black,1 min,bullet,62,Won,7/18/2016
Alexander_Moskalenko,2590,ZapataCharlesS,2601,White,1 min,bullet,44,Lost,7/18/2016
Alexander_Moskalenko,2598,ZapataCharlesS,2593,Black,1 min,bullet,40,Lost,7/18/2016
Alexander_Moskalenko,2607,MAAAAL,2558,Black,1 min,bullet,22,Won,7/14/2016
Alexander_Moskalenko,2600,MAAAAL,2565,White,1 min,bullet,83,Won,7/14/2016
Alexander_Moskalenko,2592,MAAAAL,2573,Black,1 min,bullet,40,Lost,7/14/2016
Alexander_Moskalenko,2601,MAAAAL,2564,White,1 min,bullet,91,Lost,7/14/2016
Alexander_Moskalenko,2610,MAAAAL,2555,Black,1 min,bullet,58,Won,7/14/2016
Alexander_Moskalenko,2603,MAAAAL,2562,White,1 min,bullet,66,Won,7/14/2016
Alexander_Moskalenko,2596,MAAAAL,2569,Black,1 min,bullet,29,Won,7/14/2016
Alexander_Moskalenko,2588,MAAAAL,2577,White,1 min,bullet,43,Won,7/14/2016
Alexander_Moskalenko,2580,MAAAAL,2585,Black,1 min,bullet,49,Lost,7/14/2016
Alexander_Moskalenko,2588,MAAAAL,2577,White,1 min,bullet,20,Won,7/14/2016
Alexander_Moskalenko,2580,MAAAAL,2585,Black,1 min,bullet,50,Won,7/14/2016
Alexander_Moskalenko,2572,MAAAAL,2593,White,1 min,bullet,70,Draw,7/14/2016
Alexander_Moskalenko,2572,MAAAAL,2593,Black,1 min,bullet,27,Won,7/14/2016
Alexander_Moskalenko,2563,MAAAAL,2602,White,1 min,bullet,68,Lost,7/14/2016
Alexander_Moskalenko,2570,MAAAAL,2595,Black,1 min,bullet,46,Won,7/14/2016
Alexander_Moskalenko,2561,MAAAAL,2604,White,1 min,bullet,58,Lost,7/14/2016
Alexander_Moskalenko,2568,MAAAAL,2597,Black,1 min,bullet,27,Lost,7/14/2016
Alexander_Moskalenko,2576,MAAAAL,2589,White,1 min,bullet,47,Lost,7/14/2016
Alexander_Moskalenko,2584,MAAAAL,2581,Black,1 min,bullet,62,Won,7/14/2016
Alexander_Moskalenko,2576,MAAAAL,2589,White,1 min,bullet,102,Draw,7/14/2016
Alexander_Moskalenko,2576,MAAAAL,2589,Black,1 min,bullet,59,Won,7/14/2016
Alexander_Moskalenko,2567,MAAAAL,2598,White,1 min,bullet,69,Draw,7/14/2016
Alexander_Moskalenko,2566,MAAAAL,2599,Black,1 min,bullet,89,Lost,7/14/2016
Alexander_Moskalenko,2574,MAAAAL,2591,White,1 min,bullet,57,Lost,7/14/2016
Alexander_Moskalenko,2582,MAAAAL,2583,Black,1 min,bullet,64,Won,7/14/2016
Alexander_Moskalenko,2574,MAAAAL,2591,White,1 min,bullet,39,Won,7/14/2016
Alexander_Moskalenko,2565,MAAAAL,2600,Black,1 min,bullet,67,Lost,7/14/2016
Alexander_Moskalenko,2573,MAAAAL,2592,White,1 min,bullet,69,Won,7/14/2016
Alexander_Moskalenko,2564,MAAAAL,2601,Black,1 min,bullet,40,Lost,7/14/2016
Alexander_Moskalenko,2572,MAAAAL,2593,White,1 min,bullet,19,Lost,7/14/2016