player,player_rating,opponent,opponent_rating,side,time_control,time_category,moves,result,date
Alexander_Moskalenko,2836,nailbeshirli,2519,White,3|2,blitz,90,Won,8/7/2018
Alexander_Moskalenko,2834,bilelou,2397,Black,3|2,blitz,44,Won,8/7/2018
Alexander_Moskalenko,2833,Zhigalko_Sergei,2858,Black,3 min,blitz,65,Won,8/7/2018
Alexander_Moskalenko,2824,Zhigalko_Sergei,2867,White,3 min,blitz,33,Lost,8/7/2018
Alexander_Moskalenko,2831,Zhigalko_Sergei,2860,Black,3 min,blitz,61,Lost,8/7/2018
Alexander_Moskalenko,2839,Zhigalko_Sergei,2852,White,3 min,blitz,84,Lost,8/7/2018
Alexander_Moskalenko,2847,Zhigalko_Sergei,2844,Black,3 min,blitz,24,Lost,8/7/2018
Alexander_Moskalenko,2855,Zhigalko_Sergei,2836,White,3 min,blitz,35,Lost,8/7/2018
Alexander_Moskalenko,2864,Arash_Tahbaz,2737,Black,3 min,blitz,54,Won,8/6/2018
Alexander_Moskalenko,2859,Arash_Tahbaz,2742,White,3 min,blitz,34,Won,8/6/2018
Alexander_Moskalenko,2853,DanielNaroditsky,2871,White,3 min,blitz,75,Won,8/5/2018
Alexander_Moskalenko,2844,DanielNaroditsky,2880,Black,3 min,blitz,35,Lost,8/5/2018
Alexander_Moskalenko,2852,DanielNaroditsky,2872,White,3 min,blitz,28,Won,8/5/2018
Alexander_Moskalenko,2843,DanielNaroditsky,2881,Black,3 min,blitz,43,Lost,8/5/2018
Alexander_Moskalenko,2850,Illingworth,2856,White,3 min,blitz,35,Lost,8/4/2018
Alexander_Moskalenko,2858,Illingworth,2848,Black,3 min,blitz,45,Lost,8/4/2018
Alexander_Moskalenko,2867,Rafa-Nadal,2847,Black,3 min,blitz,66,Won,8/3/2018
Alexander_Moskalenko,2859,Rafa-Nadal,2855,White,3 min,blitz,58,Draw,8/3/2018
Alexander_Moskalenko,2859,Boussart135,2843,White,3 min,blitz,37,Won,8/3/2018
Alexander_Moskalenko,2851,Boussart135,2851,Black,3 min,blitz,30,Draw,8/3/2018
Alexander_Moskalenko,2851,Boussart135,2851,White,3 min,blitz,54,Draw,8/3/2018
Alexander_Moskalenko,2851,Kriari,2769,Black,3 min,blitz,47,Won,8/3/2018
Alexander_Moskalenko,2845,Kriari,2775,White,3 min,blitz,36,Won,8/3/2018
Alexander_Moskalenko,2838,Kriari,2782,Black,3 min,blitz,19,Won,8/3/2018
Alexander_Moskalenko,2831,Kriari,2789,White,3 min,blitz,34,Won,8/3/2018
Alexander_Moskalenko,2824,Kriari,2796,Black,3 min,blitz,56,Won,8/3/2018
Alexander_Moskalenko,2816,Kriari,2804,White,3 min,blitz,45,Lost,8/3/2018
Alexander_Moskalenko,2825,Kriari,2795,Black,3 min,blitz,39,Won,8/3/2018
Alexander_Moskalenko,2817,Kriari,2803,White,3 min,blitz,54,Won,8/3/2018
Alexander_Moskalenko,2809,Kriari,2811,Black,3 min,blitz,48,Won,8/3/2018
Alexander_Moskalenko,2801,Kriari,2819,White,3 min,blitz,21,Draw,8/3/2018
Alexander_Moskalenko,2801,Kriari,2819,Black,3 min,blitz,56,Lost,8/3/2018
Alexander_Moskalenko,2809,Mykola-Bortnyk,2775,White,3 min,blitz,31,Lost,8/3/2018
Alexander_Moskalenko,2818,Mykola-Bortnyk,2766,Black,3 min,blitz,49,Won,8/3/2018
Alexander_Moskalenko,2811,Mykola-Bortnyk,2773,White,3 min,blitz,35,Won,8/3/2018
Alexander_Moskalenko,2804,Mykola-Bortnyk,2780,Black,3 min,blitz,74,Lost,8/3/2018
Alexander_Moskalenko,2813,Mykola-Bortnyk,2771,White,3 min,blitz,56,Won,8/3/2018
Alexander_Moskalenko,2806,Mykola-Bortnyk,2778,Black,3 min,blitz,89,Draw,8/3/2018
Alexander_Moskalenko,2807,Mykola-Bortnyk,2777,White,3 min,blitz,89,Lost,8/3/2018
Alexander_Moskalenko,2816,Mykola-Bortnyk,2768,Black,3 min,blitz,75,Lost,8/3/2018
Alexander_Moskalenko,2825,TigranLPetrosyan,2819,White,3 min,blitz,52,Lost,8/3/2018
Alexander_Moskalenko,2834,TigranLPetrosyan,2810,Black,3 min,blitz,43,Won,8/3/2018
Alexander_Moskalenko,2826,TigranLPetrosyan,2818,White,3 min,blitz,78,Draw,8/3/2018
Alexander_Moskalenko,2826,GM_DrunkenMaster,2616,Black,3 min,blitz,84,Won,8/3/2018
Alexander_Moskalenko,2822,GM_DrunkenMaster,2621,White,3 min,blitz,8,Won,8/3/2018
Alexander_Moskalenko,2818,GM_DrunkenMaster,2627,Black,3 min,blitz,40,Won,8/3/2018
Alexander_Moskalenko,2814,GM_DrunkenMaster,2633,White,3 min,blitz,57,Won,8/3/2018
Alexander_Moskalenko,2810,GM_DrunkenMaster,2639,Black,3 min,blitz,35,Won,8/3/2018
Alexander_Moskalenko,2805,GM_DrunkenMaster,2646,White,3 min,blitz,37,Won,8/3/2018
Alexander_Moskalenko,2800,ahmadzada13,2692,White,3 min,blitz,25,Won,8/3/2018