player,player_rating,opponent,opponent_rating,side,time_control,time_category,moves,result,date
Alexander_Donchenko,2571,PhysioTherapist,2347,White,1 min,bullet,23,Won,1/17/2016
Alexander_Donchenko,2563,kleinebeer98,2545,Black,1 min,bullet,35,Won,1/14/2016
Alexander_Donchenko,2546,kleinebeer98,2553,White,1 min,bullet,51,Draw,1/14/2016
Alexander_Donchenko,2546,AndreyOstrovskiy,2531,Black,1 min,bullet,38,Lost,12/25/2015
Alexander_Donchenko,2564,AndreyOstrovskiy,2522,White,1 min,bullet,47,Won,12/25/2015
Alexander_Donchenko,2548,AndreyOstrovskiy,2530,Black,1 min,bullet,50,Won,12/25/2015
Alexander_Donchenko,2529,AndreyOstrovskiy,2538,White,1 min,bullet,38,Won,12/25/2015
Alexander_Donchenko,2508,AndreyOstrovskiy,2547,Black,1 min,bullet,55,Won,12/25/2015
Alexander_Donchenko,2484,AndreyOstrovskiy,2557,White,1 min,bullet,14,Won,12/25/2015
Alexander_Donchenko,2457,AndreyOstrovskiy,2567,Black,1 min,bullet,60,Draw,12/25/2015
Alexander_Donchenko,2450,AndreyOstrovskiy,2570,White,1 min,bullet,26,Won,12/25/2015
Alexander_Donchenko,2416,AndreyOstrovskiy,2582,Black,1 min,bullet,71,Lost,12/25/2015
Alexander_Donchenko,2431,AndreyOstrovskiy,2577,White,1 min,bullet,35,Won,12/25/2015
Alexander_Donchenko,2392,AndreyOstrovskiy,2589,Black,1 min,bullet,37,Lost,12/25/2015
Alexander_Donchenko,2407,Tijdverspilling,2318,Black,1 min,bullet,34,Won,12/25/2015
Alexander_Donchenko,2382,Tijdverspilling,2325,White,1 min,bullet,40,Lost,12/25/2015
Alexander_Donchenko,2423,Tijdverspilling,2315,Black,1 min,bullet,11,Won,12/25/2015
Alexander_Donchenko,2396,CMC-Academy,2644,Black,1 min,bullet,40,Lost,11/26/2015
Alexander_Donchenko,2412,CMC-Academy,2641,White,1 min,bullet,40,Lost,11/26/2015
Alexander_Donchenko,2431,CMC-Academy,2637,Black,1 min,bullet,72,Lost,11/26/2015
Alexander_Donchenko,2453,CMC-Academy,2633,White,1 min,bullet,17,Lost,11/26/2015
Alexander_Donchenko,2480,CMC-Academy,2628,Black,1 min,bullet,44,Lost,11/26/2015
Alexander_Donchenko,2515,MattyDPerrine,2348,Black,1 min,bullet,70,Lost,9/6/2014
Alexander_Donchenko,2540,MattyDPerrine,2336,White,1 min,bullet,62,Won,9/6/2014
Alexander_Donchenko,2531,MattyDPerrine,2340,Black,1 min,bullet,31,Won,9/6/2014
Alexander_Donchenko,2522,MattyDPerrine,2344,White,1 min,bullet,31,Won,9/6/2014
Alexander_Donchenko,2512,MattyDPerrine,2348,Black,1 min,bullet,24,Lost,9/6/2014
Alexander_Donchenko,2540,MattyDPerrine,2336,White,1 min,bullet,33,Won,9/6/2014
Alexander_Donchenko,2530,TheCount,2462,Black,1 min,bullet,43,Won,5/24/2014
Alexander_Donchenko,2521,MarianPetrov,2327,White,1 min,bullet,46,Won,5/9/2014
Alexander_Donchenko,2516,upsss,2109,Black,1 min,bullet,61,Won,5/8/2014
Alexander_Donchenko,2514,Danirod,2315,Black,2 min,bullet,25,Won,5/8/2014
Alexander_Donchenko,2509,Danirod,2319,White,2 min,bullet,38,Won,5/8/2014
Alexander_Donchenko,2504,KaydenTroff,2284,Black,1|1,bullet,72,Won,5/4/2014
Alexander_Donchenko,2499,Shaman91,2623,White,1 min,bullet,72,Won,5/4/2014
Alexander_Donchenko,2485,Shaman91,2634,Black,1 min,bullet,42,Lost,5/4/2014
Alexander_Donchenko,2492,DanielRensch,2412,White,1|1,bullet,22,Won,4/30/2014
Alexander_Donchenko,2484,DanielRensch,2419,Black,1|1,bullet,53,Won,4/30/2014
Alexander_Donchenko,2475,DanielRensch,2426,White,1|1,bullet,39,Won,4/30/2014
Alexander_Donchenko,2465,DanielRensch,2433,Black,1|1,bullet,92,Draw,4/30/2014
Alexander_Donchenko,2466,DanielRensch,2432,White,1|1,bullet,34,Won,4/29/2014
Alexander_Donchenko,2455,DanielRensch,2440,Black,1|1,bullet,34,Won,4/29/2014
Alexander_Donchenko,2443,DanielRensch,2448,White,1|1,bullet,36,Lost,4/29/2014
Alexander_Donchenko,2456,DanielRensch,2440,Black,1|1,bullet,26,Lost,4/29/2014
Alexander_Donchenko,2470,DanielRensch,2431,White,1|1,bullet,70,Draw,4/29/2014
Alexander_Donchenko,2472,DanielRensch,2430,Black,1|1,bullet,35,Won,4/29/2014
Alexander_Donchenko,2459,DanielRensch,2437,White,1|1,bullet,76,Lost,4/29/2014
Alexander_Donchenko,2475,DanielRensch,2428,Black,1|1,bullet,41,Won,4/29/2014
Alexander_Donchenko,2461,DanielRensch,2435,White,1|1,bullet,31,Won,4/29/2014
Alexander_Donchenko,2446,DanielRensch,2443,Black,1|1,bullet,38,Won,4/29/2014