player,player_rating,opponent,opponent_rating,side,time_control,time_category,moves,result,date
Alexander_Moskalenko,2784,dancingqueen83,2827,Black,3 min,blitz,50,Draw,6/3/2018
Alexander_Moskalenko,2783,Boussart135,2747,Black,3 min,blitz,15,Won,6/3/2018
Alexander_Moskalenko,2775,DanielNaroditsky,2865,Black,3 min,blitz,77,Won,6/3/2018
Alexander_Moskalenko,2765,DanielNaroditsky,2875,White,3 min,blitz,24,Won,6/3/2018
Alexander_Moskalenko,2754,DanielNaroditsky,2886,Black,3 min,blitz,46,Lost,6/3/2018
Alexander_Moskalenko,2759,DanielNaroditsky,2881,White,3 min,blitz,52,Draw,6/3/2018
Alexander_Moskalenko,2756,Boussart135,2731,White,3 min,blitz,28,Won,6/3/2018
Alexander_Moskalenko,2748,Boussart135,2739,Black,3 min,blitz,58,Draw,6/3/2018
Alexander_Moskalenko,2748,Boussart135,2739,White,3 min,blitz,43,Lost,6/3/2018
Alexander_Moskalenko,2757,Keranke,2748,Black,3 min,blitz,26,Won,6/3/2018
Alexander_Moskalenko,2749,Keranke,2756,White,3 min,blitz,17,Won,6/3/2018
Alexander_Moskalenko,2740,Keranke,2765,Black,3 min,blitz,55,Lost,6/3/2018
Alexander_Moskalenko,2748,Mischuk_D,2684,Black,3 min,blitz,70,Won,6/2/2018
Alexander_Moskalenko,2741,Mischuk_D,2680,White,3 min,blitz,22,Won,6/2/2018
Alexander_Moskalenko,2734,Mischuk_D,2687,Black,3 min,blitz,63,Won,6/2/2018
Alexander_Moskalenko,2727,Mischuk_D,2694,White,3 min,blitz,44,Won,6/2/2018
Alexander_Moskalenko,2719,DraganSolak,2812,Black,3 min,blitz,67,Draw,5/23/2018
Alexander_Moskalenko,2717,DraganSolak,2814,White,3 min,blitz,20,Lost,5/23/2018
Alexander_Moskalenko,2723,DraganSolak,2808,Black,3 min,blitz,40,Lost,5/23/2018
Alexander_Moskalenko,2729,DraganSolak,2802,White,3 min,blitz,76,Lost,5/23/2018
Alexander_Moskalenko,2736,AntonSmirnov,2814,White,3 min,blitz,82,Lost,5/18/2018
Alexander_Moskalenko,2743,AntonSmirnov,2807,Black,3 min,blitz,46,Won,5/18/2018
Alexander_Moskalenko,2733,bascheyaro,2683,White,3 min,blitz,67,Draw,5/17/2018
Alexander_Moskalenko,2734,bascheyaro,2682,Black,3 min,blitz,49,Won,5/17/2018
Alexander_Moskalenko,2727,bascheyaro,2689,White,3 min,blitz,25,Won,5/17/2018
Alexander_Moskalenko,2720,bascheyaro,2696,Black,3 min,blitz,73,Lost,5/17/2018
Alexander_Moskalenko,2729,bascheyaro,2687,White,3 min,blitz,41,Won,5/17/2018
Alexander_Moskalenko,2722,bascheyaro,2694,Black,3 min,blitz,39,Lost,5/17/2018
Alexander_Moskalenko,2731,joppie2,2779,Black,3 min,blitz,35,Won,5/17/2018
Alexander_Moskalenko,2721,Next_Touch,2665,Black,3 min,blitz,44,Won,5/17/2018
Alexander_Moskalenko,2714,Yaacovn,2661,White,3 min,blitz,17,Won,5/17/2018
Alexander_Moskalenko,2707,ficorrales,2718,Black,3 min,blitz,61,Lost,5/15/2018
Alexander_Moskalenko,2715,ficorrales,2710,White,3 min,blitz,45,Lost,5/15/2018
Alexander_Moskalenko,2723,ficorrales,2702,Black,3 min,blitz,18,Lost,5/15/2018
Alexander_Moskalenko,2732,ficorrales,2693,White,3 min,blitz,44,Won,5/15/2018
Alexander_Moskalenko,2725,RaffaelGM,2711,Black,3 min,blitz,79,Draw,5/15/2018
Alexander_Moskalenko,2725,RaffaelGM,2711,White,3 min,blitz,32,Lost,5/15/2018
Alexander_Moskalenko,2734,amintabatabaei,2735,Black,3 min,blitz,55,Won,5/10/2018
Alexander_Moskalenko,2726,amintabatabaei,2743,White,3 min,blitz,61,Lost,5/10/2018
Alexander_Moskalenko,2734,Arash_Tahbaz,2669,Black,3 min,blitz,110,Draw,5/10/2018
Alexander_Moskalenko,2736,abhijeetgupta1016,2719,Black,3 min,blitz,64,Lost,5/10/2018
Alexander_Moskalenko,2745,manudavid,2643,Black,3 min,blitz,86,Lost,5/8/2018
Alexander_Moskalenko,2756,manudavid,2632,White,3 min,blitz,25,Won,5/8/2018
Alexander_Moskalenko,2750,manudavid,2637,Black,3 min,blitz,31,Lost,5/8/2018
Alexander_Moskalenko,2761,GMharikrishna,2774,Black,3 min,blitz,19,Lost,5/6/2018
Alexander_Moskalenko,2769,GMharikrishna,2766,White,3 min,blitz,46,Won,5/6/2018
Alexander_Moskalenko,2761,GMharikrishna,2774,Black,3 min,blitz,38,Lost,5/6/2018
Alexander_Moskalenko,2769,GMharikrishna,2766,White,3 min,blitz,21,Won,5/6/2018
Alexander_Moskalenko,2761,GMharikrishna,2774,Black,3 min,blitz,16,Lost,5/6/2018
Alexander_Moskalenko,2769,GMharikrishna,2766,White,3 min,blitz,64,Won,5/6/2018