player,player_rating,opponent,opponent_rating,side,time_control,time_category,moves,result,date
Alexander_Zubov,2684,coldblood15,2531,White,3 min,blitz,42,Won,6/14/2017
Alexander_Zubov,2679,coldblood15,2536,Black,3 min,blitz,32,Won,6/14/2017
Alexander_Zubov,2674,coldblood15,2541,White,3 min,blitz,40,Won,6/14/2017
Alexander_Zubov,2669,coldblood15,2546,Black,3 min,blitz,26,Won,6/14/2017
Alexander_Zubov,2663,coldblood15,2552,White,3 min,blitz,22,Draw,6/14/2017
Alexander_Zubov,2666,Bubi6,2493,Black,3 min,blitz,39,Won,6/14/2017
Alexander_Zubov,2661,Bubi6,2497,White,3 min,blitz,30,Won,6/14/2017
Alexander_Zubov,2656,dzhumagaliev,2655,White,3 min,blitz,24,Lost,6/14/2017
Alexander_Zubov,2664,dzhumagaliev,2647,Black,3 min,blitz,40,Won,6/14/2017
Alexander_Zubov,2656,dzhumagaliev,2655,White,3 min,blitz,51,Lost,6/14/2017
Alexander_Zubov,2664,dzhumagaliev,2647,Black,3 min,blitz,65,Won,6/14/2017
Alexander_Zubov,2656,VanishingDragon,2553,Black,3 min,blitz,55,Lost,6/14/2017
Alexander_Zubov,2667,Andreikka,2590,Black,3 min,blitz,47,Lost,6/14/2017
Alexander_Zubov,2677,dzhumagaliev,2642,White,3 min,blitz,88,Won,6/14/2017
Alexander_Zubov,2669,VadimRF,2552,Black,3 min,blitz,36,Won,6/14/2017
Alexander_Zubov,2663,VadimRF,2558,White,3 min,blitz,25,Lost,6/14/2017
Alexander_Zubov,2674,BosnianGuy,2617,White,3 min,blitz,47,Lost,6/14/2017
Alexander_Zubov,2684,VitaliyBernadskiy,2613,Black,3 min,blitz,72,Won,6/14/2017
Alexander_Zubov,2677,VitaliyBernadskiy,2620,White,3 min,blitz,24,Won,6/14/2017
Alexander_Zubov,2670,VitaliyBernadskiy,2627,Black,3 min,blitz,26,Won,6/14/2017
Alexander_Zubov,2663,VitaliyBernadskiy,2634,White,3 min,blitz,30,Lost,6/14/2017
Alexander_Zubov,2672,VitaliyBernadskiy,2625,Black,3 min,blitz,17,Lost,6/14/2017
Alexander_Zubov,2681,VitaliyBernadskiy,2616,White,3 min,blitz,65,Won,6/14/2017
Alexander_Zubov,2674,VitaliyBernadskiy,2623,Black,3 min,blitz,68,Lost,6/14/2017
Alexander_Zubov,2684,VitaliyBernadskiy,2613,White,3 min,blitz,17,Won,6/14/2017
Alexander_Zubov,2677,VitaliyBernadskiy,2620,Black,3 min,blitz,53,Lost,6/14/2017
Alexander_Zubov,2687,VitaliyBernadskiy,2610,White,3 min,blitz,24,Won,6/14/2017
Alexander_Zubov,2680,VitaliyBernadskiy,2617,Black,3 min,blitz,31,Won,6/14/2017
Alexander_Zubov,2673,VitaliyBernadskiy,2624,White,3 min,blitz,51,Draw,6/14/2017
Alexander_Zubov,2674,VitaliyBernadskiy,2623,Black,3 min,blitz,25,Won,6/14/2017
Alexander_Zubov,2667,VitaliyBernadskiy,2630,White,3 min,blitz,47,Won,6/14/2017
Alexander_Zubov,2659,VitaliyBernadskiy,2638,Black,3 min,blitz,43,Lost,6/14/2017
Alexander_Zubov,2668,VitaliyBernadskiy,2629,White,3 min,blitz,62,Lost,6/14/2017
Alexander_Zubov,2677,dzhumagaliev,2627,Black,3 min,blitz,64,Lost,6/14/2017
Alexander_Zubov,2687,dzhumagaliev,2617,White,3 min,blitz,41,Lost,6/14/2017
Alexander_Zubov,2697,GM_Petrovich,2571,Black,3 min,blitz,37,Lost,6/14/2017
Alexander_Zubov,2709,OparinGrigoriy,2719,Black,3 min,blitz,43,Lost,6/14/2017
Alexander_Zubov,2718,mironius,2615,White,3 min,blitz,25,Won,6/12/2017
Alexander_Zubov,2712,Shtembuliak,2583,Black,3 min,blitz,23,Lost,6/12/2017
Alexander_Zubov,2724,Shtembuliak,2572,White,3 min,blitz,29,Won,6/12/2017
Alexander_Zubov,2718,Shtembuliak,2577,Black,3 min,blitz,26,Lost,6/12/2017
Alexander_Zubov,2731,Lovkov_Roman,2591,White,3 min,blitz,46,Lost,6/12/2017
Alexander_Zubov,2745,Lovkov_Roman,2579,Black,3 min,blitz,57,Won,6/12/2017
Alexander_Zubov,2739,Lovkov_Roman,2584,White,3 min,blitz,16,Won,6/12/2017
Alexander_Zubov,2733,Lovkov_Roman,2589,Black,3 min,blitz,21,Won,6/12/2017
Alexander_Zubov,2726,Lovkov_Roman,2594,White,3 min,blitz,26,Won,6/12/2017
Alexander_Zubov,2719,Lovkov_Roman,2565,White,3 min,blitz,27,Lost,6/12/2017
Alexander_Zubov,2735,Lovkov_Roman,2553,Black,3 min,blitz,43,Won,6/12/2017
Alexander_Zubov,2729,Lovkov_Roman,2557,White,3 min,blitz,32,Won,6/12/2017
Alexander_Zubov,2723,Lovkov_Roman,2562,Black,3 min,blitz,36,Lost,6/12/2017