player,player_rating,opponent,opponent_rating,side,time_control,time_category,moves,result,date
Alexander_Moskalenko,2776,defenceboy,2803,Black,3 min,blitz,79,Draw,2/26/2019
Alexander_Moskalenko,2775,defenceboy,2804,White,3 min,blitz,54,Won,2/26/2019
Alexander_Moskalenko,2766,defenceboy,2813,Black,3 min,blitz,52,Won,2/26/2019
Alexander_Moskalenko,2757,defenceboy,2822,White,3 min,blitz,35,Lost,2/26/2019
Alexander_Moskalenko,2764,defenceboy,2815,Black,3 min,blitz,62,Lost,2/26/2019
Alexander_Moskalenko,2771,defenceboy,2808,White,3 min,blitz,23,Lost,2/26/2019
Alexander_Moskalenko,2778,defenceboy,2801,Black,3 min,blitz,51,Won,2/26/2019
Alexander_Moskalenko,2769,superchess02,2799,White,3 min,blitz,42,Draw,2/26/2019
Alexander_Moskalenko,2768,superchess02,2800,Black,3 min,blitz,55,Lost,2/26/2019
Alexander_Moskalenko,2776,superchess02,2792,White,3 min,blitz,24,Won,2/26/2019
Alexander_Moskalenko,2767,superchess02,2801,Black,3 min,blitz,51,Lost,2/26/2019
Alexander_Moskalenko,2775,superchess02,2793,White,3 min,blitz,22,Lost,2/26/2019
Alexander_Moskalenko,2783,superchess02,2785,Black,3 min,blitz,25,Lost,2/26/2019
Alexander_Moskalenko,2791,Shant_Sargsyan,2834,Black,3 min,blitz,91,Lost,2/8/2019
Alexander_Moskalenko,2798,Gabrielian_Artur,2694,White,3 min,blitz,44,Won,2/7/2019
Alexander_Moskalenko,2792,Gabrielian_Artur,2700,Black,3 min,blitz,41,Lost,2/7/2019
Alexander_Moskalenko,2802,Gabrielian_Artur,2690,White,3 min,blitz,53,Won,2/7/2019
Alexander_Moskalenko,2796,Gabrielian_Artur,2696,Black,3 min,blitz,17,Won,2/7/2019
Alexander_Moskalenko,2790,Gabrielian_Artur,2702,White,3 min,blitz,25,Won,2/7/2019
Alexander_Moskalenko,2784,jlucasvf,2758,White,3 min,blitz,107,Draw,2/7/2019
Alexander_Moskalenko,2785,jlucasvf,2757,Black,3 min,blitz,27,Won,2/7/2019
Alexander_Moskalenko,2777,jlucasvf,2765,White,3 min,blitz,38,Won,2/7/2019
Alexander_Moskalenko,2769,Vladimir_Potapov,2774,White,3 min,blitz,48,Lost,2/7/2019
Alexander_Moskalenko,2777,Vladimir_Potapov,2766,Black,3 min,blitz,71,Won,2/7/2019
Alexander_Moskalenko,2769,Vladimir_Potapov,2774,White,3 min,blitz,73,Draw,2/7/2019
Alexander_Moskalenko,2769,Vladimir_Potapov,2774,Black,3 min,blitz,44,Draw,2/7/2019
Alexander_Moskalenko,2769,IM_dmitrij,2824,White,3 min,blitz,59,Won,2/7/2019
Alexander_Moskalenko,2759,IM_dmitrij,2834,Black,3 min,blitz,14,Lost,2/7/2019
Alexander_Moskalenko,2766,GregMiroshnichenko,2754,White,3 min,blitz,64,Lost,2/7/2019
Alexander_Moskalenko,2775,GregMiroshnichenko,2745,Black,3 min,blitz,96,Draw,2/7/2019
Alexander_Moskalenko,2776,GregMiroshnichenko,2744,White,3 min,blitz,42,Lost,2/7/2019
Alexander_Moskalenko,2785,GregMiroshnichenko,2735,Black,3 min,blitz,35,Won,2/7/2019
Alexander_Moskalenko,2778,GregMiroshnichenko,2742,White,3 min,blitz,53,Won,2/7/2019
Alexander_Moskalenko,2770,samhawkins,2796,White,3 min,blitz,35,Lost,2/7/2019
Alexander_Moskalenko,2778,samhawkins,2788,Black,3 min,blitz,32,Draw,2/7/2019
Alexander_Moskalenko,2778,samhawkins,2788,White,3 min,blitz,35,Won,2/7/2019
Alexander_Moskalenko,2769,samhawkins,2797,Black,3 min,blitz,68,Lost,2/7/2019
Alexander_Moskalenko,2777,samhawkins,2789,White,3 min,blitz,42,Lost,2/7/2019
Alexander_Moskalenko,2785,samhawkins,2781,Black,3 min,blitz,19,Lost,2/7/2019
Alexander_Moskalenko,2793,samhawkins,2773,White,3 min,blitz,54,Won,2/7/2019
Alexander_Moskalenko,2785,samhawkins,2781,Black,3 min,blitz,32,Lost,2/7/2019
Alexander_Moskalenko,2793,samhawkins,2773,White,3 min,blitz,37,Won,2/7/2019
Alexander_Moskalenko,2785,DevInProd,2828,Black,3 min,blitz,50,Lost,2/7/2019
Alexander_Moskalenko,2792,DevInProd,2821,White,3 min,blitz,68,Draw,2/7/2019
Alexander_Moskalenko,2791,DevInProd,2822,Black,3 min,blitz,94,Lost,2/7/2019
Alexander_Moskalenko,2799,DevInProd,2814,White,3 min,blitz,99,Draw,2/7/2019
Alexander_Moskalenko,2799,DevInProd,2814,Black,3 min,blitz,38,Lost,2/7/2019
Alexander_Moskalenko,2807,DevInProd,2806,White,3 min,blitz,42,Won,2/7/2019
Alexander_Moskalenko,2799,DevInProd,2814,Black,3 min,blitz,23,Won,2/7/2019
Alexander_Moskalenko,2790,GMG,2801,Black,3 min,blitz,24,Lost,2/7/2019