player,player_rating,opponent,opponent_rating,side,time_control,time_category,moves,result,date
Alexander_Moskalenko,2863,Antipov_Mikhail_Al,2925,White,3 min,blitz,47,Lost,11/8/2018
Alexander_Moskalenko,2870,RichardLeyvaP,2503,Black,3|2,blitz,47,Won,11/7/2018
Alexander_Moskalenko,2868,mishanick,2935,Black,3|2,blitz,91,Lost,11/7/2018
Alexander_Moskalenko,2875,eljanov,2835,White,3|2,blitz,41,Draw,11/7/2018
Alexander_Moskalenko,2876,Fins0905,2609,Black,3|2,blitz,42,Won,11/7/2018
Alexander_Moskalenko,2873,joppie2,2689,White,3|2,blitz,42,Won,11/7/2018
Alexander_Moskalenko,2869,mikhaillushenkov,2667,Black,3|2,blitz,70,Won,11/7/2018
Alexander_Moskalenko,2865,Bryakin_Mikhail,2694,White,3|2,blitz,77,Draw,11/6/2018
Alexander_Moskalenko,2869,Ar4uha,2604,Black,3|2,blitz,21,Draw,11/6/2018
Alexander_Moskalenko,2874,pultineviciuspaulius,2572,White,3|2,blitz,49,Won,11/6/2018
Alexander_Moskalenko,2872,albi1999,2442,Black,3|2,blitz,81,Won,11/6/2018
Alexander_Moskalenko,2871,Farrukh_Amonatov,2815,Black,3 min,blitz,0,Won,11/5/2018
Alexander_Moskalenko,2864,mishanick,2911,White,3 min,blitz,66,Lost,11/5/2018
Alexander_Moskalenko,2871,Kriari,2891,White,3 min,blitz,36,Won,11/4/2018
Alexander_Moskalenko,2862,Kriari,2900,Black,3 min,blitz,51,Won,11/4/2018
Alexander_Moskalenko,2853,limitlesss9,2844,White,3 min,blitz,24,Won,11/4/2018
Alexander_Moskalenko,2845,limitlesss9,2852,Black,3 min,blitz,76,Draw,11/4/2018
Alexander_Moskalenko,2845,Gamza_Juventus,2936,Black,3 min,blitz,72,Lost,11/4/2018
Alexander_Moskalenko,2851,Gamza_Juventus,2930,White,3 min,blitz,53,Lost,11/4/2018
Alexander_Moskalenko,2858,Lordillidan,2987,White,3 min,blitz,27,Lost,11/3/2018
Alexander_Moskalenko,2863,Lordillidan,2982,Black,3 min,blitz,42,Lost,11/3/2018
Alexander_Moskalenko,2869,Lordillidan,2976,White,3 min,blitz,57,Lost,11/3/2018
Alexander_Moskalenko,2875,Lordillidan,2970,Black,3 min,blitz,25,Lost,11/3/2018
Alexander_Moskalenko,2881,Lordillidan,2964,White,3 min,blitz,40,Lost,11/3/2018
Alexander_Moskalenko,2887,Lordillidan,2958,Black,3 min,blitz,18,Lost,11/3/2018
Alexander_Moskalenko,2894,Duhless,2908,White,3 min,blitz,32,Lost,10/29/2018
Alexander_Moskalenko,2902,Duhless,2900,Black,3 min,blitz,73,Draw,10/29/2018
Alexander_Moskalenko,2902,Duhless,2900,White,3 min,blitz,21,Won,10/29/2018
Alexander_Moskalenko,2894,Duhless,2908,Black,3 min,blitz,30,Won,10/29/2018
Alexander_Moskalenko,2885,Duhless,2917,White,3 min,blitz,29,Won,10/29/2018
Alexander_Moskalenko,2876,Duhless,2926,Black,3 min,blitz,61,Lost,10/29/2018
Alexander_Moskalenko,2883,Kriari,2911,White,3 min,blitz,72,Lost,10/29/2018
Alexander_Moskalenko,2891,viditchess,2893,Black,3 min,blitz,32,Lost,10/26/2018
Alexander_Moskalenko,2899,viditchess,2885,White,3 min,blitz,46,Won,10/26/2018
Alexander_Moskalenko,2891,EvgenyT,2900,White,3 min,blitz,29,Draw,10/24/2018
Alexander_Moskalenko,2891,EvgenyT,2900,Black,3 min,blitz,19,Lost,10/24/2018
Alexander_Moskalenko,2899,Mykola-Bortnyk,2886,Black,3 min,blitz,46,Won,10/24/2018
Alexander_Moskalenko,2891,Mykola-Bortnyk,2894,White,3 min,blitz,31,Won,10/24/2018
Alexander_Moskalenko,2883,Last7Samurai,2716,Black,3 min,blitz,65,Won,10/24/2018
Alexander_Moskalenko,2878,Last7Samurai,2721,White,3 min,blitz,20,Draw,10/24/2018
Alexander_Moskalenko,2881,Burik69,1423,White,10 min,blitz,53,Won,10/17/2018
Alexander_Moskalenko,2881,shatamarshanavinash,1321,Black,10 min,blitz,1,Lost,10/17/2018
Alexander_Moskalenko,2897,Dr_Mortimer,2877,Black,3|1,blitz,70,Draw,10/9/2018
Alexander_Moskalenko,2897,Dr_Mortimer,2877,White,3|1,blitz,43,Won,10/9/2018
Alexander_Moskalenko,2889,Dr_Mortimer,2885,Black,3|1,blitz,56,Won,10/9/2018
Alexander_Moskalenko,2881,SantoBlue,2772,Black,3 min,blitz,84,Won,10/8/2018
Alexander_Moskalenko,2875,Stouuf,2645,Black,3 min,blitz,42,Won,10/8/2018
Alexander_Moskalenko,2872,Stouuf,2648,White,3 min,blitz,47,Won,10/8/2018
Alexander_Moskalenko,2868,Sanan_Sjugirov,2838,Black,3|2,blitz,15,Won,10/3/2018
Alexander_Moskalenko,2860,tigra,2781,White,3|2,blitz,54,Won,10/3/2018