player,player_rating,opponent,opponent_rating,side,time_control,time_category,moves,result,date
Alexander_Zubov,2611,TigrVShlyape,2568,White,3 min,blitz,45,Won,5/21/2016
Alexander_Zubov,2604,OldweakGM,2622,Black,3 min,blitz,30,Won,5/21/2016
Alexander_Zubov,2595,Mischuk_D,2469,Black,3 min,blitz,50,Lost,5/20/2016
Alexander_Zubov,2606,Mischuk_D,2458,White,3 min,blitz,37,Won,5/20/2016
Alexander_Zubov,2601,Mischuk_D,2463,Black,3 min,blitz,58,Won,5/20/2016
Alexander_Zubov,2596,Mischuk_D,2468,White,3 min,blitz,38,Won,5/20/2016
Alexander_Zubov,2591,Mischuk_D,2473,Black,3 min,blitz,44,Won,5/20/2016
Alexander_Zubov,2585,Mischuk_D,2479,White,3 min,blitz,59,Won,5/20/2016
Alexander_Zubov,2579,Mischuk_D,2485,Black,3 min,blitz,20,Won,5/20/2016
Alexander_Zubov,2573,Mischuk_D,2491,White,3 min,blitz,40,Won,5/20/2016
Alexander_Zubov,2567,Mischuk_D,2497,Black,3 min,blitz,38,Won,5/20/2016
Alexander_Zubov,2560,Mischuk_D,2504,White,3 min,blitz,60,Won,5/20/2016
Alexander_Zubov,2553,Maitreia,2444,Black,3 min,blitz,46,Lost,5/19/2016
Alexander_Zubov,2564,B-man,2490,Black,3 min,blitz,31,Won,5/18/2016
Alexander_Zubov,2557,B-man,2497,White,3 min,blitz,37,Won,5/18/2016
Alexander_Zubov,2550,jhonnyuribe,2350,White,3 min,blitz,40,Won,5/18/2016
Alexander_Zubov,2546,jhonnyuribe,2354,Black,3 min,blitz,46,Won,5/18/2016
Alexander_Zubov,2542,jhonnyuribe,2358,White,3 min,blitz,34,Won,5/18/2016
Alexander_Zubov,2538,jhonnyuribe,2362,Black,3 min,blitz,33,Lost,5/18/2016
Alexander_Zubov,2550,jhonnyuribe,2350,White,3 min,blitz,49,Won,5/18/2016
Alexander_Zubov,2546,jhonnyuribe,2354,Black,3 min,blitz,33,Won,5/18/2016
Alexander_Zubov,2542,jhonnyuribe,2358,White,3 min,blitz,37,Lost,5/18/2016
Alexander_Zubov,2554,jhonnyuribe,2346,Black,3 min,blitz,51,Won,5/18/2016
Alexander_Zubov,2550,SomePatzer,2447,Black,3 min,blitz,76,Draw,5/17/2016
Alexander_Zubov,2552,SomePatzer,2445,White,3 min,blitz,49,Won,5/17/2016
Alexander_Zubov,2546,NTBT_DHS,2559,White,3 min,blitz,47,Lost,5/17/2016
Alexander_Zubov,2554,NTBT_DHS,2551,Black,3 min,blitz,26,Lost,5/17/2016
Alexander_Zubov,2562,NTBT_DHS,2543,White,3 min,blitz,38,Lost,5/17/2016
Alexander_Zubov,2571,NTBT_DHS,2534,Black,3 min,blitz,29,Won,5/17/2016
Alexander_Zubov,2563,NTBT_DHS,2542,White,3 min,blitz,30,Won,5/17/2016
Alexander_Zubov,2555,NTBT_DHS,2550,Black,3 min,blitz,33,Lost,5/17/2016
Alexander_Zubov,2563,NTBT_DHS,2542,White,3 min,blitz,36,Won,5/17/2016
Alexander_Zubov,2555,NTBT_DHS,2550,Black,3 min,blitz,66,Lost,5/17/2016
Alexander_Zubov,2564,NTBT_DHS,2541,White,3 min,blitz,43,Lost,5/17/2016
Alexander_Zubov,2573,petardrenchev,2527,Black,3 min,blitz,28,Lost,5/17/2016
Alexander_Zubov,2582,basket_case89,2631,Black,3 min,blitz,50,Lost,5/17/2016
Alexander_Zubov,2589,basket_case89,2624,White,3 min,blitz,38,Lost,5/17/2016
Alexander_Zubov,2597,Maitreia,2504,White,3 min,blitz,53,Lost,5/16/2016
Alexander_Zubov,2608,Maitreia,2493,Black,3 min,blitz,43,Won,5/16/2016
Alexander_Zubov,2602,Maitreia,2499,White,3 min,blitz,36,Draw,5/16/2016
Alexander_Zubov,2604,NTBT_DHS,2494,Black,3 min,blitz,45,Won,5/16/2016
Alexander_Zubov,2598,NTBT_DHS,2500,White,3 min,blitz,49,Won,5/16/2016
Alexander_Zubov,2592,NTBT_DHS,2506,Black,3 min,blitz,41,Won,5/16/2016
Alexander_Zubov,2586,NTBT_DHS,2512,White,3 min,blitz,67,Won,5/16/2016
Alexander_Zubov,2579,NTBT_DHS,2519,Black,3 min,blitz,39,Won,5/16/2016
Alexander_Zubov,2572,NTBT_DHS,2526,White,3 min,blitz,47,Won,5/16/2016
Alexander_Zubov,2565,NTBT_DHS,2533,Black,3 min,blitz,44,Won,5/16/2016
Alexander_Zubov,2557,NTBT_DHS,2541,White,3 min,blitz,47,Won,5/16/2016
Alexander_Zubov,2549,NTBT_DHS,2549,Black,3 min,blitz,40,Lost,5/16/2016
Alexander_Zubov,2557,NTBT_DHS,2541,White,3 min,blitz,64,Won,5/16/2016