player,player_rating,opponent,opponent_rating,side,time_control,time_category,moves,result,date
Alexander_Donchenko,2386,SomePatzer,2541,Black,1 min,bullet,57,Lost,7/21/2013
Alexander_Donchenko,2391,SomePatzer,2536,White,1 min,bullet,25,Won,7/21/2013
Alexander_Donchenko,2379,SomePatzer,2548,Black,1 min,bullet,38,Lost,7/21/2013
Alexander_Donchenko,2384,SomePatzer,2543,White,1 min,bullet,52,Draw,7/21/2013
Alexander_Donchenko,2380,SomePatzer,2547,Black,1 min,bullet,33,Lost,7/21/2013
Alexander_Donchenko,2385,SomePatzer,2542,White,1 min,bullet,34,Won,7/21/2013
Alexander_Donchenko,2373,SomePatzer,2554,Black,1 min,bullet,47,Lost,7/21/2013
Alexander_Donchenko,2377,SomePatzer,2550,White,1 min,bullet,33,Lost,7/21/2013
Alexander_Donchenko,2381,SomePatzer,2546,Black,1 min,bullet,49,Lost,7/21/2013
Alexander_Donchenko,2386,SomePatzer,2541,White,1 min,bullet,27,Lost,7/21/2013
Alexander_Donchenko,2391,SomePatzer,2536,Black,1 min,bullet,19,Lost,7/21/2013
Alexander_Donchenko,2396,SomePatzer,2531,White,1 min,bullet,31,Lost,7/21/2013
Alexander_Donchenko,2401,SomePatzer,2526,Black,1 min,bullet,29,Lost,7/21/2013
Alexander_Donchenko,2406,SomePatzer,2521,White,1 min,bullet,34,Won,7/21/2013
Alexander_Donchenko,2395,SomePatzer,2532,Black,1 min,bullet,56,Lost,7/21/2013
Alexander_Donchenko,2400,SomePatzer,2527,White,1 min,bullet,37,Lost,7/21/2013
Alexander_Donchenko,2405,gyoi,2295,White,1 min,bullet,27,Won,7/21/2013
Alexander_Donchenko,2399,gyoi,2301,Black,1 min,bullet,29,Won,7/21/2013
Alexander_Donchenko,2393,gyoi,2307,White,1 min,bullet,56,Won,7/21/2013
Alexander_Donchenko,2387,gyoi,2313,Black,1 min,bullet,23,Won,7/21/2013
Alexander_Donchenko,2380,gyoi,2320,White,1 min,bullet,22,Won,7/21/2013
Alexander_Donchenko,2373,gyoi,2327,Black,1 min,bullet,39,Lost,7/21/2013
Alexander_Donchenko,2382,gyoi,2318,White,1 min,bullet,14,Won,7/21/2013
Alexander_Donchenko,2375,gyoi,2325,Black,1 min,bullet,39,Won,7/21/2013
Alexander_Donchenko,2368,gyoi,2332,White,1 min,bullet,44,Won,7/21/2013
Alexander_Donchenko,2360,gyoi,2340,Black,1 min,bullet,40,Draw,7/21/2013
Alexander_Donchenko,2361,gyoi,2339,White,1 min,bullet,46,Won,7/21/2013
Alexander_Donchenko,2353,gyoi,2347,Black,1 min,bullet,55,Lost,7/21/2013
Alexander_Donchenko,2362,gyoi,2338,White,1 min,bullet,28,Won,7/21/2013
Alexander_Donchenko,2354,gyoi,2346,Black,1 min,bullet,36,Lost,7/21/2013
Alexander_Donchenko,2363,gyoi,2337,White,1 min,bullet,27,Lost,7/21/2013
Alexander_Donchenko,2372,gyoi,2328,Black,1 min,bullet,23,Won,7/21/2013
Alexander_Donchenko,2365,gyoi,2335,White,1 min,bullet,50,Lost,7/21/2013
Alexander_Donchenko,2374,gyoi,2326,Black,1 min,bullet,30,Won,7/21/2013
Alexander_Donchenko,2367,gyoi,2333,White,1 min,bullet,68,Won,7/21/2013
Alexander_Donchenko,2359,gyoi,2341,Black,1 min,bullet,28,Won,7/21/2013
Alexander_Donchenko,2351,gyoi,2349,White,1 min,bullet,38,Lost,7/21/2013
Alexander_Donchenko,2359,gyoi,2341,Black,1 min,bullet,33,Lost,7/21/2013
Alexander_Donchenko,2368,Tomekas1,2220,Black,1 min,bullet,31,Won,7/20/2013
Alexander_Donchenko,2363,Tomekas1,2225,White,1 min,bullet,40,Won,7/20/2013
Alexander_Donchenko,2358,Tomekas1,2230,Black,1 min,bullet,54,Won,7/20/2013
Alexander_Donchenko,2353,Tomekas1,2235,White,1 min,bullet,61,Won,7/20/2013
Alexander_Donchenko,2347,Tomekas1,2241,Black,1 min,bullet,17,Won,7/20/2013
Alexander_Donchenko,2341,Tomekas1,2247,White,1 min,bullet,45,Won,7/20/2013
Alexander_Donchenko,2335,Computer4-IMPOSSIBLE,2373,White,2|1,bullet,43,Lost,7/12/2013
Alexander_Donchenko,2342,Petrosian-Davit,2406,White,1 min,bullet,25,Lost,7/11/2013
Alexander_Donchenko,2349,Petrosian-Davit,2399,Black,1 min,bullet,49,Lost,7/11/2013
Alexander_Donchenko,2356,Petrosian-Davit,2392,White,1 min,bullet,50,Won,7/11/2013
Alexander_Donchenko,2347,Petrosian-Davit,2401,Black,1 min,bullet,58,Lost,7/11/2013
Alexander_Donchenko,2354,ZeverusZnape47,1764,White,1 min,bullet,34,Won,7/11/2013