player,player_rating,opponent,opponent_rating,side,time_control,time_category,moves,result,date
Alexander_Donchenko,2783,tryingmybest12,2631,White,3 min,blitz,41,Won,3/11/2019
Alexander_Donchenko,2778,tryingmybest12,2636,Black,3 min,blitz,60,Lost,3/11/2019
Alexander_Donchenko,2790,Individoom,2705,White,3 min,blitz,31,Lost,3/11/2019
Alexander_Donchenko,2800,Individoom,2695,Black,3 min,blitz,47,Draw,3/11/2019
Alexander_Donchenko,2802,Individoom,2693,White,3 min,blitz,48,Won,3/11/2019
Alexander_Donchenko,2796,Individoom,2699,Black,3 min,blitz,45,Draw,3/11/2019
Alexander_Donchenko,2798,Individoom,2697,White,3 min,blitz,32,Lost,3/11/2019
Alexander_Donchenko,2809,Individoom,2686,Black,3 min,blitz,55,Won,3/11/2019
Alexander_Donchenko,2804,AverageRecord,2926,Black,3 min,blitz,53,Won,3/10/2019
Alexander_Donchenko,2793,AverageRecord,2937,White,3 min,blitz,32,Lost,3/10/2019
Alexander_Donchenko,2798,AverageRecord,2932,Black,3 min,blitz,68,Lost,3/10/2019
Alexander_Donchenko,2803,AverageRecord,2927,White,3 min,blitz,69,Lost,3/10/2019
Alexander_Donchenko,2809,AverageRecord,2921,Black,3 min,blitz,48,Lost,3/10/2019
Alexander_Donchenko,2815,AverageRecord,2915,White,3 min,blitz,57,Won,3/10/2019
Alexander_Donchenko,2804,pjames5981,2778,Black,3 min,blitz,55,Won,3/10/2019
Alexander_Donchenko,2796,pjames5981,2786,White,3 min,blitz,57,Won,3/10/2019
Alexander_Donchenko,2788,pjames5981,2794,Black,3 min,blitz,20,Lost,3/10/2019
Alexander_Donchenko,2796,Malik02,2804,White,3 min,blitz,21,Lost,3/10/2019
Alexander_Donchenko,2804,Malik02,2796,Black,3 min,blitz,35,Lost,3/10/2019
Alexander_Donchenko,2813,Malik02,2787,White,3 min,blitz,34,Won,3/10/2019
Alexander_Donchenko,2805,Malik02,2795,Black,3 min,blitz,83,Lost,3/10/2019
Alexander_Donchenko,2814,Malik02,2786,White,3 min,blitz,39,Won,3/10/2019
Alexander_Donchenko,2806,KenanGarayev,2721,White,3 min,blitz,31,Won,3/10/2019
Alexander_Donchenko,2800,KardashevskiyEvgeny,2610,Black,3 min,blitz,24,Won,3/9/2019
Alexander_Donchenko,2796,KardashevskiyEvgeny,2614,White,3 min,blitz,23,Won,3/9/2019
Alexander_Donchenko,2792,KardashevskiyEvgeny,2618,Black,3 min,blitz,83,Won,3/9/2019
Alexander_Donchenko,2788,KardashevskiyEvgeny,2622,White,3 min,blitz,35,Won,3/9/2019
Alexander_Donchenko,2783,nihalsarin,2925,White,3 min,blitz,70,Lost,3/9/2019
Alexander_Donchenko,2788,nihalsarin,2920,Black,3 min,blitz,37,Lost,3/9/2019
Alexander_Donchenko,2793,nihalsarin,2915,White,3 min,blitz,59,Won,3/9/2019
Alexander_Donchenko,2782,nihalsarin,2926,Black,3 min,blitz,44,Lost,3/9/2019
Alexander_Donchenko,2787,nihalsarin,2921,White,3 min,blitz,31,Lost,3/9/2019
Alexander_Donchenko,2792,nihalsarin,2916,Black,3 min,blitz,52,Lost,3/9/2019
Alexander_Donchenko,2798,Aryangholami,2705,Black,3 min,blitz,27,Won,3/9/2019
Alexander_Donchenko,2792,Aryangholami,2711,White,3 min,blitz,59,Lost,3/9/2019
Alexander_Donchenko,2802,Aryangholami,2701,Black,3 min,blitz,39,Won,3/9/2019
Alexander_Donchenko,2796,Aryangholami,2707,White,3 min,blitz,85,Won,3/9/2019
Alexander_Donchenko,2790,Aryangholami,2713,Black,3 min,blitz,46,Draw,3/9/2019
Alexander_Donchenko,2792,champ2005,2745,Black,3 min,blitz,50,Won,3/9/2019
Alexander_Donchenko,2785,champ2005,2752,White,3 min,blitz,28,Won,3/9/2019
Alexander_Donchenko,2777,samhawkins,2742,White,3 min,blitz,24,Won,3/8/2019
Alexander_Donchenko,2769,samhawkins,2750,Black,3 min,blitz,33,Lost,3/8/2019
Alexander_Donchenko,2778,samhawkins,2741,White,3 min,blitz,52,Won,3/8/2019
Alexander_Donchenko,2770,samhawkins,2749,Black,3 min,blitz,32,Won,3/8/2019
Alexander_Donchenko,2762,renatoterrylujan,2834,White,3 min,blitz,25,Won,3/7/2019
Alexander_Donchenko,2752,renatoterrylujan,2844,Black,3 min,blitz,36,Lost,3/7/2019
Alexander_Donchenko,2758,BlueWizzard,2668,Black,3 min,blitz,72,Won,3/7/2019
Alexander_Donchenko,2752,BlueWizzard,2674,White,3 min,blitz,78,Won,3/7/2019
Alexander_Donchenko,2745,FlorianHandke,2556,Black,3 min,blitz,31,Won,3/7/2019
Alexander_Donchenko,2741,FlorianHandke,2560,White,3 min,blitz,41,Won,3/7/2019