player,player_rating,opponent,opponent_rating,side,time_control,time_category,moves,result,date
Alexandr_Ulanov,2803,Artooooo,2729,White,3 min,blitz,21,Won,4/11/2019
Alexandr_Ulanov,2796,Artooooo,2736,Black,3 min,blitz,36,Won,4/11/2019
Alexandr_Ulanov,2789,jk13,2685,White,3 min,blitz,49,Won,4/11/2019
Alexandr_Ulanov,2783,GregShahade,2695,Black,3 min,blitz,40,Won,4/11/2019
Alexandr_Ulanov,2777,cstevens1,2641,Black,3 min,blitz,78,Won,4/11/2019
Alexandr_Ulanov,2772,cstevens1,2646,White,3 min,blitz,47,Won,4/11/2019
Alexandr_Ulanov,2767,Arash_Tahbaz,2616,White,3 min,blitz,29,Won,4/11/2019
Alexandr_Ulanov,2762,GHANDEEVAM2003,2841,White,3 min,blitz,28,Lost,4/11/2019
Alexandr_Ulanov,2769,GHANDEEVAM2003,2834,Black,3 min,blitz,47,Won,4/11/2019
Alexandr_Ulanov,2759,swisspower96,2609,White,3 min,blitz,40,Won,4/11/2019
Alexandr_Ulanov,2754,Lordillidan,2915,White,3 min,blitz,32,Lost,4/10/2019
Alexandr_Ulanov,2759,Lordillidan,2910,Black,3 min,blitz,23,Lost,4/10/2019
Alexandr_Ulanov,2764,dforcen,2716,Black,3 min,blitz,66,Won,4/10/2019
Alexandr_Ulanov,2757,igorkovalenko,2831,Black,3 min,blitz,24,Won,4/10/2019
Alexandr_Ulanov,2747,igorkovalenko,2841,White,3 min,blitz,68,Lost,4/10/2019
Alexandr_Ulanov,2753,igorkovalenko,2835,Black,3 min,blitz,67,Lost,4/10/2019
Alexandr_Ulanov,2759,igorkovalenko,2829,White,3 min,blitz,57,Won,4/10/2019
Alexandr_Ulanov,2749,igorkovalenko,2839,Black,3 min,blitz,32,Lost,4/10/2019
Alexandr_Ulanov,2755,Cakedancer,2614,Black,3 min,blitz,56,Won,4/10/2019
Alexandr_Ulanov,2750,KiteZZ,2608,White,3 min,blitz,43,Won,4/10/2019
Alexandr_Ulanov,2745,Indianlad,2722,Black,3 min,blitz,73,Won,4/10/2019
Alexandr_Ulanov,2737,Indianlad,2730,White,3 min,blitz,40,Lost,4/10/2019
Alexandr_Ulanov,2746,Erik_Obgolts,2676,Black,3 min,blitz,78,Won,4/10/2019
Alexandr_Ulanov,2739,SONOFHOLYGOD,2716,White,3 min,blitz,50,Lost,4/10/2019
Alexandr_Ulanov,2748,David_Paravyan,2845,Black,3 min,blitz,41,Lost,4/10/2019
Alexandr_Ulanov,2754,Erik_Obgolts,2705,White,3 min,blitz,63,Lost,4/8/2019
Alexandr_Ulanov,2764,igorkovalenko,2870,White,3 min,blitz,51,Lost,4/8/2019
Alexandr_Ulanov,2770,igorkovalenko,2864,Black,3 min,blitz,56,Lost,4/8/2019
Alexandr_Ulanov,2776,igorkovalenko,2858,White,3 min,blitz,44,Lost,4/8/2019
Alexandr_Ulanov,2782,GHANDEEVAM2003,2849,White,3 min,blitz,49,Lost,4/8/2019
Alexandr_Ulanov,2789,GHANDEEVAM2003,2842,Black,3 min,blitz,40,Lost,4/8/2019
Alexandr_Ulanov,2796,GHANDEEVAM2003,2835,White,3 min,blitz,50,Lost,4/8/2019
Alexandr_Ulanov,2803,cstevens1,2604,Black,3 min,blitz,43,Won,4/8/2019
Alexandr_Ulanov,2799,cstevens1,2608,White,3 min,blitz,56,Won,4/8/2019
Alexandr_Ulanov,2795,cstevens1,2612,Black,3 min,blitz,69,Won,4/8/2019
Alexandr_Ulanov,2791,want2lose,2770,Black,3 min,blitz,39,Lost,4/8/2019
Alexandr_Ulanov,2800,want2lose,2761,White,3 min,blitz,54,Won,4/8/2019
Alexandr_Ulanov,2793,want2lose,2768,Black,3 min,blitz,74,Lost,4/8/2019
Alexandr_Ulanov,2802,Vrolijk,2772,Black,3 min,blitz,79,Draw,4/8/2019
Alexandr_Ulanov,2803,Vrolijk,2771,White,3 min,blitz,23,Won,4/8/2019
Alexandr_Ulanov,2795,Vrolijk,2779,Black,3 min,blitz,42,Lost,4/8/2019
Alexandr_Ulanov,2804,Lacaspace9,2831,Black,3 min,blitz,22,Lost,4/7/2019
Alexandr_Ulanov,2812,Lacaspace9,2823,White,3 min,blitz,40,Lost,4/7/2019
Alexandr_Ulanov,2820,Yaacovn,2754,White,3 min,blitz,28,Won,4/7/2019
Alexandr_Ulanov,2813,francyIM,2660,Black,3 min,blitz,40,Lost,4/7/2019
Alexandr_Ulanov,2825,francyIM,2648,White,3 min,blitz,37,Won,4/7/2019
Alexandr_Ulanov,2821,burbur555,2634,Black,3 min,blitz,37,Won,4/7/2019
Alexandr_Ulanov,2817,Alexander_Khlebovich,2748,Black,3 min,blitz,85,Won,4/7/2019
Alexandr_Ulanov,2810,ChadaevNikolay,2886,White,3 min,blitz,58,Lost,4/7/2019
Alexandr_Ulanov,2817,ChadaevNikolay,2879,Black,3 min,blitz,58,Draw,4/7/2019