player,player_rating,opponent,opponent_rating,side,time_control,time_category,moves,result,date
Alexander_Moskalenko,2727,Lxiaoxiao,2625,White,1 min,bullet,63,Lost,5/8/2018
Alexander_Moskalenko,2738,Lxiaoxiao,2614,Black,1 min,bullet,13,Won,5/8/2018
Alexander_Moskalenko,2732,Lxiaoxiao,2620,White,1 min,bullet,36,Won,5/8/2018
Alexander_Moskalenko,2726,Lxiaoxiao,2626,Black,1 min,bullet,60,Won,5/8/2018
Alexander_Moskalenko,2720,Lxiaoxiao,2632,White,1 min,bullet,46,Won,5/8/2018
Alexander_Moskalenko,2714,Lxiaoxiao,2638,Black,1 min,bullet,66,Won,5/8/2018
Alexander_Moskalenko,2707,Lxiaoxiao,2645,White,1 min,bullet,37,Won,5/8/2018
Alexander_Moskalenko,2700,Lxiaoxiao,2652,Black,1 min,bullet,60,Draw,5/8/2018
Alexander_Moskalenko,2701,Lxiaoxiao,2651,White,1 min,bullet,17,Won,5/8/2018
Alexander_Moskalenko,2694,Lxiaoxiao,2658,Black,1 min,bullet,23,Lost,5/8/2018
Alexander_Moskalenko,2703,Lxiaoxiao,2649,White,1 min,bullet,56,Lost,5/8/2018
Alexander_Moskalenko,2713,Lxiaoxiao,2639,Black,1 min,bullet,43,Won,5/8/2018
Alexander_Moskalenko,2706,Lxiaoxiao,2646,White,1 min,bullet,36,Won,5/8/2018
Alexander_Moskalenko,2699,Lxiaoxiao,2653,Black,1 min,bullet,41,Won,5/8/2018
Alexander_Moskalenko,2692,Lxiaoxiao,2661,White,1 min,bullet,61,Draw,5/8/2018
Alexander_Moskalenko,2693,Lxiaoxiao,2660,Black,1 min,bullet,31,Lost,5/8/2018
Alexander_Moskalenko,2702,Lxiaoxiao,2650,White,1 min,bullet,55,Lost,5/8/2018
Alexander_Moskalenko,2712,Lxiaoxiao,2639,Black,1 min,bullet,85,Won,5/8/2018
Alexander_Moskalenko,2705,Lxiaoxiao,2647,White,1 min,bullet,19,Won,5/8/2018
Alexander_Moskalenko,2698,Lxiaoxiao,2655,Black,1 min,bullet,30,Won,5/8/2018
Alexander_Moskalenko,2691,TampaChess,2661,White,1 min,bullet,44,Won,5/8/2018
Alexander_Moskalenko,2683,TampaChess,2669,Black,1 min,bullet,32,Lost,5/8/2018
Alexander_Moskalenko,2692,TampaChess,2660,White,1 min,bullet,41,Won,5/8/2018
Alexander_Moskalenko,2684,TampaChess,2668,Black,1 min,bullet,63,Lost,5/8/2018
Alexander_Moskalenko,2693,TampaChess,2659,White,1 min,bullet,50,Won,5/8/2018
Alexander_Moskalenko,2685,TampaChess,2667,Black,1 min,bullet,57,Lost,5/8/2018
Alexander_Moskalenko,2694,TampaChess,2658,White,1 min,bullet,16,Won,5/8/2018
Alexander_Moskalenko,2687,TampaChess,2665,Black,1 min,bullet,49,Won,5/8/2018
Alexander_Moskalenko,2679,TampaChess,2673,White,1 min,bullet,24,Won,5/8/2018
Alexander_Moskalenko,2671,TampaChess,2681,Black,1 min,bullet,32,Lost,5/8/2018
Alexander_Moskalenko,2679,TampaChess,2673,White,1 min,bullet,58,Won,5/8/2018
Alexander_Moskalenko,2671,TampaChess,2681,Black,1 min,bullet,61,Lost,5/8/2018
Alexander_Moskalenko,2679,TampaChess,2673,White,1 min,bullet,28,Lost,5/8/2018
Alexander_Moskalenko,2688,TampaChess,2664,Black,1 min,bullet,34,Lost,5/8/2018
Alexander_Moskalenko,2697,TampaChess,2655,White,1 min,bullet,26,Draw,5/8/2018
Alexander_Moskalenko,2698,LiYankai,2741,Black,1 min,bullet,73,Lost,5/6/2018
Alexander_Moskalenko,2705,SahajGrover,2744,White,1 min,bullet,36,Lost,5/6/2018
Alexander_Moskalenko,2712,SahajGrover,2737,Black,1 min,bullet,39,Lost,5/6/2018
Alexander_Moskalenko,2720,SahajGrover,2729,White,1 min,bullet,25,Lost,5/6/2018
Alexander_Moskalenko,2728,SahajGrover,2721,Black,1 min,bullet,32,Won,5/6/2018
Alexander_Moskalenko,2720,SahajGrover,2729,White,1 min,bullet,21,Won,5/6/2018
Alexander_Moskalenko,2711,Kriari,2752,White,1 min,bullet,34,Lost,5/1/2018
Alexander_Moskalenko,2718,Kriari,2745,Black,1 min,bullet,53,Draw,5/1/2018
Alexander_Moskalenko,2717,Kriari,2746,White,1 min,bullet,79,Won,5/1/2018
Alexander_Moskalenko,2708,Kriari,2755,Black,1 min,bullet,41,Lost,5/1/2018
Alexander_Moskalenko,2715,Kriari,2748,White,1 min,bullet,53,Won,5/1/2018
Alexander_Moskalenko,2706,Kriari,2757,Black,1 min,bullet,92,Lost,5/1/2018
Alexander_Moskalenko,2713,Kriari,2750,White,1 min,bullet,54,Lost,5/1/2018
Alexander_Moskalenko,2721,Kriari,2742,Black,1 min,bullet,64,Draw,5/1/2018
Alexander_Moskalenko,2720,Kriari,2743,White,1 min,bullet,61,Lost,5/1/2018