player,player_rating,opponent,opponent_rating,side,time_control,time_category,moves,result,date
AlexanderBogatyr,2746,GM_shahin,2714,White,1 min,bullet,34,Won,4/11/2019
AlexanderBogatyr,2738,GM_shahin,2722,Black,1 min,bullet,34,Lost,4/11/2019
AlexanderBogatyr,2747,Matibar,2744,Black,1 min,bullet,25,Won,4/11/2019
AlexanderBogatyr,2739,Matibar,2754,White,1 min,bullet,34,Won,4/11/2019
AlexanderBogatyr,2730,Matibar,2765,Black,1 min,bullet,29,Won,4/11/2019
AlexanderBogatyr,2721,GM_shahin,2709,White,1 min,bullet,34,Won,4/11/2019
AlexanderBogatyr,2713,GM_shahin,2717,Black,1 min,bullet,21,Won,4/11/2019
AlexanderBogatyr,2705,GM_shahin,2725,White,1 min,bullet,33,Won,4/11/2019
AlexanderBogatyr,2696,Gr3egor,2631,Black,1 min,bullet,33,Won,4/11/2019
AlexanderBogatyr,2689,Gr3egor,2638,White,1 min,bullet,0,Lost,4/11/2019
AlexanderBogatyr,2699,AljoschaFeuerstack,2469,Black,1 min,bullet,28,Won,4/11/2019
AlexanderBogatyr,2696,AljoschaFeuerstack,2473,White,1 min,bullet,47,Won,4/11/2019
AlexanderBogatyr,2692,Kozganbay,2481,White,1 min,bullet,34,Won,4/11/2019
AlexanderBogatyr,2688,bahodistruction,2546,Black,1 min,bullet,47,Lost,4/11/2019
AlexanderBogatyr,2700,DenishevM,2700,White,30 sec,bullet,35,Lost,4/11/2019
AlexanderBogatyr,2708,DenishevM,2692,Black,30 sec,bullet,45,Lost,4/11/2019
AlexanderBogatyr,2717,Duhless,2857,White,1 min,bullet,11,Lost,4/7/2019
AlexanderBogatyr,2722,Duhless,2852,Black,1 min,bullet,25,Lost,4/7/2019
AlexanderBogatyr,2728,OparinGrigoriy,2809,White,1 min,bullet,51,Lost,4/7/2019
AlexanderBogatyr,2735,OparinGrigoriy,2803,Black,1 min,bullet,35,Won,4/7/2019
AlexanderBogatyr,2724,1stSecond,2709,White,1 min,bullet,29,Won,4/7/2019
AlexanderBogatyr,2715,1stSecond,2717,Black,1 min,bullet,51,Lost,4/7/2019
AlexanderBogatyr,2725,1stSecond,2709,White,1 min,bullet,60,Lost,4/7/2019
AlexanderBogatyr,2735,1stSecond,2700,Black,1 min,bullet,58,Lost,4/7/2019
AlexanderBogatyr,2746,1stSecond,2691,White,1 min,bullet,48,Lost,4/7/2019
AlexanderBogatyr,2758,OparinGrigoriy,2788,White,1 min,bullet,45,Lost,4/6/2019
AlexanderBogatyr,2768,OparinGrigoriy,2780,Black,1 min,bullet,28,Lost,4/6/2019
AlexanderBogatyr,2779,OparinGrigoriy,2779,White,1 min,bullet,66,Lost,4/6/2019
AlexanderBogatyr,2790,OparinGrigoriy,2771,Black,1 min,bullet,53,Lost,4/6/2019
AlexanderBogatyr,2802,OparinGrigoriy,2762,White,1 min,bullet,35,Won,4/6/2019
AlexanderBogatyr,2791,OparinGrigoriy,2770,Black,1 min,bullet,39,Draw,4/6/2019
AlexanderBogatyr,2792,OparinGrigoriy,2770,White,1 min,bullet,38,Won,4/6/2019
AlexanderBogatyr,2780,johnathan113,2628,Black,1 min,bullet,29,Won,4/6/2019
AlexanderBogatyr,2772,Vovanchik0991,2695,Black,1 min,bullet,49,Won,4/6/2019
AlexanderBogatyr,2761,Vovanchik0991,2702,White,1 min,bullet,19,Won,4/6/2019
AlexanderBogatyr,2749,JosReDan,1252,Black,30 sec,bullet,30,Won,4/6/2019
AlexanderBogatyr,2749,Vovanchik0991,2709,Black,1 min,bullet,18,Won,4/6/2019
AlexanderBogatyr,2736,Ernestojfg,2470,White,1 min,bullet,55,Won,4/6/2019
AlexanderBogatyr,2731,VladDobrov,2750,Black,1 min,bullet,31,Lost,4/5/2019
AlexanderBogatyr,2746,VladDobrov,2741,White,1 min,bullet,37,Lost,4/5/2019
AlexanderBogatyr,2763,VladDobrov,2732,Black,1 min,bullet,57,Draw,4/5/2019
AlexanderBogatyr,2765,VladDobrov,2731,White,1 min,bullet,31,Won,4/5/2019
AlexanderBogatyr,2749,VladDobrov,2740,Black,1 min,bullet,31,Lost,4/5/2019
AlexanderBogatyr,2769,Shoorly,2468,White,1 min,bullet,49,Won,4/3/2019
AlexanderBogatyr,2763,Hugo0305,488),White,30 sec,bullet,20,Won,4/3/2019
AlexanderBogatyr,2763,dommachess06,2582,Black,1 min,bullet,40,Won,4/3/2019
AlexanderBogatyr,2752,dommachess06,2587,White,1 min,bullet,31,Won,4/3/2019
AlexanderBogatyr,2740,dommachess06,2592,Black,1 min,bullet,61,Lost,4/3/2019
AlexanderBogatyr,2771,MrTattaglia,2678,Black,1 min,bullet,31,Lost,2/17/2019
AlexanderBogatyr,2795,MrVezunchik,2855,Black,1 min,bullet,35,Lost,10/13/2018