player,player_rating,opponent,opponent_rating,side,time_control,time_category,moves,result,date
Alexander_Donchenko,2670,Lunaticx,2728,White,3 min,blitz,41,Lost,3/7/2018
Alexander_Donchenko,2677,Lunaticx,2721,Black,3 min,blitz,72,Draw,3/7/2018
Alexander_Donchenko,2676,mishanick,2747,Black,3 min,blitz,65,Won,3/7/2018
Alexander_Donchenko,2666,manudavid,2564,White,3 min,blitz,34,Lost,3/6/2018
Alexander_Donchenko,2677,manudavid,2553,Black,3 min,blitz,24,Won,3/6/2018
Alexander_Donchenko,2671,manudavid,2558,Black,3 min,blitz,49,Lost,3/6/2018
Alexander_Donchenko,2682,manudavid,2547,White,3 min,blitz,59,Won,3/6/2018
Alexander_Donchenko,2677,Indianlad,2615,White,3 min,blitz,44,Lost,3/5/2018
Alexander_Donchenko,2687,Indianlad,2605,Black,3 min,blitz,49,Won,3/5/2018
Alexander_Donchenko,2681,wnstop,2534,White,3 min,blitz,64,Won,3/2/2018
Alexander_Donchenko,2676,wnstop,2539,Black,3 min,blitz,52,Won,3/2/2018
Alexander_Donchenko,2671,wnstop,2544,White,3 min,blitz,56,Won,3/2/2018
Alexander_Donchenko,2666,wnstop,2549,Black,3 min,blitz,27,Won,3/2/2018
Alexander_Donchenko,2660,wnstop,2555,White,3 min,blitz,42,Lost,3/2/2018
Alexander_Donchenko,2671,wnstop,2544,Black,3 min,blitz,30,Won,3/2/2018
Alexander_Donchenko,2665,manudavid,2601,Black,3 min,blitz,37,Won,2/20/2018
Alexander_Donchenko,2658,manudavid,2608,White,3 min,blitz,32,Lost,2/20/2018
Alexander_Donchenko,2668,RaffaelGM,2609,White,3 min,blitz,31,Lost,2/19/2018
Alexander_Donchenko,2678,RaffaelGM,2599,Black,3 min,blitz,39,Won,2/19/2018
Alexander_Donchenko,2672,djamir,2539,White,3 min,blitz,71,Won,2/19/2018
Alexander_Donchenko,2667,djamir,2548,Black,3 min,blitz,60,Won,2/19/2018
Alexander_Donchenko,2661,OparinGrigoriy,2730,Black,3 min,blitz,44,Lost,2/11/2018
Alexander_Donchenko,2668,OparinGrigoriy,2723,White,3 min,blitz,69,Lost,2/11/2018
Alexander_Donchenko,2675,OparinGrigoriy,2716,Black,3 min,blitz,33,Draw,2/11/2018
Alexander_Donchenko,2674,OparinGrigoriy,2717,White,3 min,blitz,99,Won,2/11/2018
Alexander_Donchenko,2665,OparinGrigoriy,2726,Black,3 min,blitz,44,Lost,2/11/2018
Alexander_Donchenko,2672,mkwc,2184,White,3 min,blitz,26,Won,2/11/2018
Alexander_Donchenko,2671,Saydaliev_Saidakbar,2521,White,3 min,blitz,20,Won,2/10/2018
Alexander_Donchenko,2666,Nick4130,2397,Black,3|2,blitz,2,Lost,2/6/2018
Alexander_Donchenko,2680,pedromartinez91,2417,Black,3|2,blitz,1,Lost,2/6/2018
Alexander_Donchenko,2694,vovachesss,2371,White,3|2,blitz,1,Won,2/6/2018
Alexander_Donchenko,2692,CheerfulPinkRainbow1,2510,White,3 min,blitz,55,Won,1/27/2018
Alexander_Donchenko,2688,CheerfulPinkRainbow1,2514,Black,3 min,blitz,41,Lost,1/27/2018
Alexander_Donchenko,2700,Firouzja2003,2768,Black,3 min,blitz,27,Draw,1/13/2018
Alexander_Donchenko,2698,Bigfish1995,2700,Black,3 min,blitz,30,Won,1/11/2018
Alexander_Donchenko,2690,Bigfish1995,2708,White,3 min,blitz,64,Won,1/11/2018
Alexander_Donchenko,2681,Bigfish1995,2717,Black,3 min,blitz,38,Lost,1/11/2018
Alexander_Donchenko,2689,CheerfulPinkRainbow1,2531,White,3 min,blitz,13,Won,1/11/2018
Alexander_Donchenko,2684,chizhik98,2553,White,3 min,blitz,39,Won,1/10/2018
Alexander_Donchenko,2679,chizhik98,2558,Black,3 min,blitz,51,Won,1/10/2018
Alexander_Donchenko,2673,Firouzja2003,2811,White,3 min,blitz,25,Lost,1/10/2018
Alexander_Donchenko,2678,Firouzja2003,2806,Black,3 min,blitz,45,Lost,1/10/2018
Alexander_Donchenko,2683,gmgamil,2603,White,3 min,blitz,21,Won,1/10/2018
Alexander_Donchenko,2677,gmgamil,2609,Black,3 min,blitz,28,Won,1/10/2018
Alexander_Donchenko,2670,gmgamil,2616,White,3 min,blitz,24,Won,1/10/2018
Alexander_Donchenko,2663,gmgamil,2623,Black,3 min,blitz,28,Won,1/10/2018
Alexander_Donchenko,2656,KevinPavote,2582,White,3 min,blitz,35,Lost,1/1/2018
Alexander_Donchenko,2666,KevinPavote,2569,Black,3 min,blitz,25,Draw,1/1/2018
Alexander_Donchenko,2668,Doreality,2580,White,3 min,blitz,34,Won,12/25/2017
Alexander_Donchenko,2662,Lunaticx,2701,White,3 min,blitz,28,Lost,12/25/2017