player,player_rating,opponent,opponent_rating,side,time_control,time_category,moves,result,date
Alexander_Moskalenko,2761,Byniolus,2681,White,1 min,bullet,18,Won,2/27/2018
Alexander_Moskalenko,2754,Byniolus,2688,Black,1 min,bullet,62,Won,2/27/2018
Alexander_Moskalenko,2747,Byniolus,2695,White,1 min,bullet,68,Lost,2/27/2018
Alexander_Moskalenko,2757,Byniolus,2685,Black,1 min,bullet,30,Won,2/27/2018
Alexander_Moskalenko,2750,Byniolus,2692,White,1 min,bullet,17,Won,2/27/2018
Alexander_Moskalenko,2743,Byniolus,2699,Black,1 min,bullet,8,Won,2/27/2018
Alexander_Moskalenko,2736,Byniolus,2706,White,1 min,bullet,20,Won,2/27/2018
Alexander_Moskalenko,2728,Byniolus,2714,Black,1 min,bullet,22,Lost,2/27/2018
Alexander_Moskalenko,2737,Byniolus,2705,White,1 min,bullet,65,Won,2/27/2018
Alexander_Moskalenko,2729,Micki-taryan,2763,Black,1 min,bullet,36,Lost,2/17/2018
Alexander_Moskalenko,2737,jimis98,2661,Black,1 min,bullet,83,Lost,2/11/2018
Alexander_Moskalenko,2747,jimis98,2651,White,1 min,bullet,34,Won,2/11/2018
Alexander_Moskalenko,2741,jimis98,2657,Black,1 min,bullet,33,Won,2/11/2018
Alexander_Moskalenko,2735,jimis98,2663,White,1 min,bullet,37,Won,2/11/2018
Alexander_Moskalenko,2728,jimis98,2670,Black,1 min,bullet,51,Won,2/11/2018
Alexander_Moskalenko,2721,jimis98,2677,White,1 min,bullet,11,Won,2/11/2018
Alexander_Moskalenko,2714,Micki-taryan,2918,White,1 min,bullet,72,Lost,2/11/2018
Alexander_Moskalenko,2718,Micki-taryan,2914,Black,1 min,bullet,38,Lost,2/11/2018
Alexander_Moskalenko,2722,Micki-taryan,2910,White,1 min,bullet,49,Lost,2/11/2018
Alexander_Moskalenko,2726,Micki-taryan,2906,Black,1 min,bullet,36,Lost,2/11/2018
Alexander_Moskalenko,2730,Micki-taryan,2902,White,1 min,bullet,45,Lost,2/11/2018
Alexander_Moskalenko,2735,Micki-taryan,2897,Black,1 min,bullet,61,Lost,2/11/2018
Alexander_Moskalenko,2740,Micki-taryan,2892,White,1 min,bullet,68,Won,2/11/2018
Alexander_Moskalenko,2728,Micki-taryan,2904,Black,1 min,bullet,42,Lost,2/11/2018
Alexander_Moskalenko,2732,Micki-taryan,2900,White,1 min,bullet,52,Lost,2/11/2018
Alexander_Moskalenko,2737,Micki-taryan,2895,Black,1 min,bullet,33,Lost,2/11/2018
Alexander_Moskalenko,2742,Micki-taryan,2890,White,1 min,bullet,59,Draw,2/11/2018
Alexander_Moskalenko,2739,Micki-taryan,2893,Black,1 min,bullet,43,Won,2/11/2018
Alexander_Moskalenko,2727,michaelq2d5,2674,Black,1 min,bullet,34,Won,2/11/2018
Alexander_Moskalenko,2720,michaelq2d5,2681,White,1 min,bullet,28,Won,2/11/2018
Alexander_Moskalenko,2713,michaelq2d5,2688,Black,1 min,bullet,62,Draw,2/11/2018
Alexander_Moskalenko,2714,michaelq2d5,2687,White,1 min,bullet,6,Won,2/11/2018
Alexander_Moskalenko,2706,michaelq2d5,2695,Black,1 min,bullet,16,Won,2/11/2018
Alexander_Moskalenko,2698,michaelq2d5,2703,White,1 min,bullet,52,Won,2/11/2018
Alexander_Moskalenko,2690,michaelq2d5,2711,Black,1 min,bullet,58,Lost,2/11/2018
Alexander_Moskalenko,2698,michaelq2d5,2703,White,1 min,bullet,34,Won,2/11/2018
Alexander_Moskalenko,2690,michaelq2d5,2711,Black,1 min,bullet,36,Lost,2/11/2018
Alexander_Moskalenko,2698,michaelq2d5,2703,White,1 min,bullet,48,Lost,2/11/2018
Alexander_Moskalenko,2706,7hanat,2729,Black,1 min,bullet,51,Lost,2/10/2018
Alexander_Moskalenko,2714,GMWSO,2447,White,1 min,bullet,60,Won,2/10/2018
Alexander_Moskalenko,2709,GMWSO,2551,Black,1 min,bullet,80,Lost,2/10/2018
Alexander_Moskalenko,2725,topotun,2729,Black,1 min,bullet,47,Draw,2/7/2018
Alexander_Moskalenko,2725,topotun,2729,White,1 min,bullet,71,Won,2/7/2018
Alexander_Moskalenko,2716,topotun,2737,Black,1 min,bullet,61,Won,2/7/2018
Alexander_Moskalenko,2707,topotun,2746,White,1 min,bullet,64,Lost,2/7/2018
Alexander_Moskalenko,2715,topotun,2739,Black,1 min,bullet,50,Draw,2/7/2018
Alexander_Moskalenko,2714,topotun,2740,White,1 min,bullet,71,Lost,2/7/2018
Alexander_Moskalenko,2723,DanielNaroditsky,2863,White,1 min,bullet,44,Lost,12/27/2017
Alexander_Moskalenko,2728,Parhamov,2920,Black,1 min,bullet,40,Lost,12/26/2017
Alexander_Moskalenko,2732,Parhamov,2916,White,1 min,bullet,49,Lost,12/26/2017