player,player_rating,opponent,opponent_rating,side,time_control,time_category,moves,result,date
Alexander_Donchenko,2741,KBabazada,2688,White,3 min,blitz,35,Won,8/16/2018
Alexander_Donchenko,2734,hgtvvbn23,2638,White,3 min,blitz,25,Lost,8/13/2018
Alexander_Donchenko,2745,Yanvar,2578,Black,3 min,blitz,50,Won,8/13/2018
Alexander_Donchenko,2740,josephmathew,2766,Black,3 min,blitz,47,Lost,8/11/2018
Alexander_Donchenko,2748,josephmathew,2758,White,3 min,blitz,27,Lost,8/11/2018
Alexander_Donchenko,2756,josephmathew,2750,Black,3 min,blitz,54,Won,8/11/2018
Alexander_Donchenko,2748,josephmathew,2758,White,3 min,blitz,72,Lost,8/11/2018
Alexander_Donchenko,2756,RazinVadim,2573,White,3 min,blitz,34,Won,8/11/2018
Alexander_Donchenko,2752,RazinVadim,2577,Black,3 min,blitz,64,Draw,8/11/2018
Alexander_Donchenko,2756,LoydBlankenship,2590,Black,3 min,blitz,33,Draw,8/11/2018
Alexander_Donchenko,2760,LoydBlankenship,2586,White,3 min,blitz,32,Won,8/11/2018
Alexander_Donchenko,2749,Kingofchess1311,2704,Black,3 min,blitz,26,Won,7/19/2018
Alexander_Donchenko,2742,Kingofchess1311,2711,White,3 min,blitz,33,Won,7/19/2018
Alexander_Donchenko,2734,Indianlad,2795,White,3 min,blitz,31,Won,7/17/2018
Alexander_Donchenko,2724,Indianlad,2805,Black,3 min,blitz,13,Won,7/17/2018
Alexander_Donchenko,2714,Anurag328,2616,White,3 min,blitz,60,Won,7/17/2018
Alexander_Donchenko,2708,mvivf,2535,Black,3 min,blitz,58,Won,7/17/2018
Alexander_Donchenko,2703,kasparik_garik,2592,Black,3 min,blitz,47,Won,7/17/2018
Alexander_Donchenko,2697,kasparik_garik,2598,White,3 min,blitz,26,Won,7/17/2018
Alexander_Donchenko,2691,resha1988,2639,Black,3 min,blitz,30,Lost,7/17/2018
Alexander_Donchenko,2701,resha1988,2629,White,3 min,blitz,38,Won,7/17/2018
Alexander_Donchenko,2694,Millesque,2527,Black,3 min,blitz,39,Won,7/16/2018
Alexander_Donchenko,2689,Millesque,2532,White,3 min,blitz,32,Won,7/16/2018
Alexander_Donchenko,2684,dangerousfish,2549,White,3 min,blitz,39,Won,7/16/2018
Alexander_Donchenko,2679,Sergey_Mirzoyan,2726,Black,3 min,blitz,21,Won,7/16/2018
Alexander_Donchenko,2670,Sergey_Mirzoyan,2735,White,3 min,blitz,34,Lost,7/16/2018
Alexander_Donchenko,2677,MrVezunchik,2734,Black,3 min,blitz,69,Lost,7/15/2018
Alexander_Donchenko,2684,pKiLz5Rn9b,2684,Black,3 min,blitz,53,Won,7/15/2018
Alexander_Donchenko,2676,hapoel_kfs,2544,Black,3 min,blitz,29,Won,7/15/2018
Alexander_Donchenko,2671,hapoel_kfs,2549,White,3 min,blitz,53,Draw,7/15/2018
Alexander_Donchenko,2674,Yardird,2619,Black,3 min,blitz,44,Won,7/15/2018
Alexander_Donchenko,2667,MehdiHosseinipour,2666,White,3 min,blitz,31,Lost,7/15/2018
Alexander_Donchenko,2675,Rethinking_fables,2638,Black,3 min,blitz,41,Lost,7/14/2018
Alexander_Donchenko,2684,Boundless_Strike,2572,White,3 min,blitz,28,Won,7/14/2018
Alexander_Donchenko,2678,Boundless_Strike,2578,Black,3 min,blitz,55,Won,7/14/2018
Alexander_Donchenko,2672,Akulyan,2620,White,3 min,blitz,26,Won,7/13/2018
Alexander_Donchenko,2665,Akulyan,2627,Black,3 min,blitz,26,Won,7/13/2018
Alexander_Donchenko,2658,Nikithebest,2470,Black,3 min,blitz,27,Won,7/13/2018
Alexander_Donchenko,2654,Nikithebest,2474,White,3 min,blitz,53,Won,7/13/2018
Alexander_Donchenko,2650,Nikithebest,2478,Black,3 min,blitz,41,Won,7/13/2018
Alexander_Donchenko,2645,Nikithebest,2483,White,3 min,blitz,44,Draw,7/13/2018
Alexander_Donchenko,2649,SF-96,2467,White,3 min,blitz,31,Won,7/12/2018
Alexander_Donchenko,2645,Davit_Tiraturyan,2641,Black,3 min,blitz,36,Won,7/12/2018
Alexander_Donchenko,2637,Davit_Tiraturyan,2649,White,3 min,blitz,38,Lost,7/12/2018
Alexander_Donchenko,2645,ARMCOMPOSER,2788,White,3|1,blitz,50,Lost,7/10/2018
Alexander_Donchenko,2650,gkchesstiger,2821,White,3|1,blitz,40,Lost,7/10/2018
Alexander_Donchenko,2655,TigranLPetrosyan,2823,Black,3|1,blitz,40,Lost,7/10/2018
Alexander_Donchenko,2660,almatyonelove,2543,Black,3|1,blitz,37,Won,7/10/2018
Alexander_Donchenko,2654,AlexanderKing,2525,White,3|1,blitz,25,Won,7/10/2018
Alexander_Donchenko,2649,ChristopherYoo,2495,Black,3|1,blitz,43,Won,7/10/2018