player,player_rating,opponent,opponent_rating,side,time_control,time_category,moves,result,date
Alexander_Zubov,2732,TenisMaster,2667,Black,3 min,blitz,27,Won,8/3/2017
Alexander_Zubov,2725,TenisMaster,2674,White,3 min,blitz,25,Won,8/3/2017
Alexander_Zubov,2718,TenisMaster,2681,Black,3 min,blitz,35,Lost,8/3/2017
Alexander_Zubov,2727,TenisMaster,2672,White,3 min,blitz,63,Won,8/3/2017
Alexander_Zubov,2720,EgorGeroev,2683,Black,3 min,blitz,56,Won,8/2/2017
Alexander_Zubov,2712,EgorGeroev,2691,White,3 min,blitz,56,Draw,8/2/2017
Alexander_Zubov,2713,MichaelRoiz,2737,White,3 min,blitz,18,Won,8/2/2017
Alexander_Zubov,2704,MichaelRoiz,2746,Black,3 min,blitz,74,Lost,8/2/2017
Alexander_Zubov,2711,MichaelRoiz,2739,White,3 min,blitz,66,Won,8/2/2017
Alexander_Zubov,2702,MichaelRoiz,2748,Black,3 min,blitz,62,Won,8/2/2017
Alexander_Zubov,2693,MichaelRoiz,2757,White,3 min,blitz,78,Draw,8/2/2017
Alexander_Zubov,2691,MichaelRoiz,2759,Black,3 min,blitz,69,Draw,8/2/2017
Alexander_Zubov,2689,MichaelRoiz,2761,White,3 min,blitz,96,Lost,8/2/2017
Alexander_Zubov,2696,MichaelRoiz,2754,Black,3 min,blitz,77,Lost,8/2/2017
Alexander_Zubov,2703,EgorGeroev,2690,Black,3 min,blitz,33,Won,8/2/2017
Alexander_Zubov,2695,MichaelRoiz,2747,White,3 min,blitz,69,Lost,8/2/2017
Alexander_Zubov,2702,MichaelRoiz,2740,Black,3 min,blitz,51,Won,8/2/2017
Alexander_Zubov,2693,MichaelRoiz,2749,White,3 min,blitz,62,Lost,8/2/2017
Alexander_Zubov,2700,MichaelRoiz,2742,Black,3 min,blitz,24,Lost,8/2/2017
Alexander_Zubov,2707,EgorGeroev,2686,White,3 min,blitz,60,Won,8/2/2017
Alexander_Zubov,2699,nihalsarin,2597,Black,3 min,blitz,25,Won,8/2/2017
Alexander_Zubov,2693,nihalsarin,2603,White,3 min,blitz,48,Draw,8/2/2017
Alexander_Zubov,2695,nihalsarin,2601,Black,3 min,blitz,14,Won,8/2/2017
Alexander_Zubov,2689,stuwdrey,2569,White,3 min,blitz,44,Won,8/1/2017
Alexander_Zubov,2683,zoranp,2624,Black,3 min,blitz,36,Won,8/1/2017
Alexander_Zubov,2676,MatthewG-p4p,2614,Black,3 min,blitz,43,Lost,8/1/2017
Alexander_Zubov,2686,MatthewG-p4p,2604,White,3 min,blitz,26,Won,8/1/2017
Alexander_Zubov,2680,MichaelRoiz,2753,White,3 min,blitz,45,Won,7/31/2017
Alexander_Zubov,2670,MichaelRoiz,2763,Black,3 min,blitz,57,Draw,7/31/2017
Alexander_Zubov,2668,MichaelRoiz,2765,White,3 min,blitz,67,Lost,7/31/2017
Alexander_Zubov,2674,MichaelRoiz,2759,Black,3 min,blitz,21,Lost,7/31/2017
Alexander_Zubov,2680,MichaelRoiz,2753,White,3 min,blitz,45,Won,7/31/2017
Alexander_Zubov,2670,MichaelRoiz,2763,Black,3 min,blitz,31,Lost,7/31/2017
Alexander_Zubov,2676,MichaelRoiz,2757,White,3 min,blitz,64,Draw,7/31/2017
Alexander_Zubov,2674,MichaelRoiz,2759,Black,3 min,blitz,65,Lost,7/31/2017
Alexander_Zubov,2680,MichaelRoiz,2753,White,3 min,blitz,38,Lost,7/31/2017
Alexander_Zubov,2687,MichaelRoiz,2746,Black,3 min,blitz,39,Lost,7/31/2017
Alexander_Zubov,2694,MichaelRoiz,2739,White,3 min,blitz,59,Lost,7/31/2017
Alexander_Zubov,2701,GM_Borisych,2652,White,3 min,blitz,60,Lost,7/30/2017
Alexander_Zubov,2711,GM_Borisych,2629,Black,3 min,blitz,36,Won,7/30/2017
Alexander_Zubov,2704,PetrosyanManuel,2656,Black,3 min,blitz,29,Won,7/30/2017
Alexander_Zubov,2697,PetrosyanManuel,2663,White,3 min,blitz,37,Won,7/30/2017
Alexander_Zubov,2689,c63_amg,2518,White,3 min,blitz,34,Won,7/29/2017
Alexander_Zubov,2684,c63_amg,2523,Black,3 min,blitz,46,Lost,7/29/2017
Alexander_Zubov,2696,c63_amg,2511,White,3 min,blitz,48,Won,7/29/2017
Alexander_Zubov,2692,c63_amg,2515,Black,3 min,blitz,48,Lost,7/29/2017
Alexander_Zubov,2704,c63_amg,2503,White,3 min,blitz,39,Won,7/29/2017
Alexander_Zubov,2700,c63_amg,2507,Black,3 min,blitz,45,Won,7/29/2017
Alexander_Zubov,2696,c63_amg,2511,White,3 min,blitz,33,Won,7/29/2017
Alexander_Zubov,2692,AlphaRatel,2610,White,3 min,blitz,43,Draw,7/28/2017