player,player_rating,opponent,opponent_rating,side,time_control,time_category,moves,result,date
AlexanderBogatyr,2802,MrVezunchik,2848,White,1 min,bullet,59,Draw,10/13/2018
AlexanderBogatyr,2801,MrVezunchik,2849,Black,1 min,bullet,66,Lost,10/13/2018
AlexanderBogatyr,2808,MrVezunchik,2842,White,1 min,bullet,56,Lost,10/13/2018
AlexanderBogatyr,2816,MrVezunchik,2834,Black,1 min,bullet,22,Won,10/13/2018
AlexanderBogatyr,2807,MrVezunchik,2843,White,1 min,bullet,18,Lost,10/13/2018
AlexanderBogatyr,2815,Twiceblessed,2593,Black,1 min,bullet,24,Won,10/11/2018
AlexanderBogatyr,2811,Twiceblessed,2597,White,1 min,bullet,22,Won,10/11/2018
AlexanderBogatyr,2807,Twiceblessed,2601,Black,1 min,bullet,0,Won,10/11/2018
AlexanderBogatyr,2803,stepan45,2850,Black,1 min,bullet,34,Lost,9/17/2018
AlexanderBogatyr,2810,Mykola-Bortnyk,2814,White,1 min,bullet,11,Lost,9/11/2018
AlexanderBogatyr,2818,Mykola-Bortnyk,2806,Black,1 min,bullet,71,Lost,9/11/2018
AlexanderBogatyr,2827,MatsenkoSergey,2633,White,1|1,bullet,60,Lost,9/11/2018
AlexanderBogatyr,2839,MatsenkoSergey,2621,Black,1|1,bullet,55,Won,9/11/2018
AlexanderBogatyr,2835,MatsenkoSergey,2625,White,1|1,bullet,29,Draw,9/11/2018
AlexanderBogatyr,2839,MatsenkoSergey,2621,Black,1|1,bullet,74,Won,9/11/2018
AlexanderBogatyr,2835,MatsenkoSergey,2625,White,1|1,bullet,43,Won,9/11/2018
AlexanderBogatyr,2831,Illingworth,2867,Black,1 min,bullet,43,Won,9/11/2018
AlexanderBogatyr,2822,Illingworth,2876,White,1 min,bullet,60,Won,9/11/2018
AlexanderBogatyr,2812,Joshukid,2712,White,1 min,bullet,56,Won,9/11/2018
AlexanderBogatyr,2806,Joshukid,2718,Black,1 min,bullet,23,Won,9/11/2018
AlexanderBogatyr,2800,Joshukid,2724,White,1 min,bullet,26,Lost,9/11/2018
AlexanderBogatyr,2810,Joshukid,2714,Black,1 min,bullet,41,Won,9/11/2018
AlexanderBogatyr,2804,Joshukid,2720,White,1 min,bullet,71,Lost,9/11/2018
AlexanderBogatyr,2814,Joshukid,2710,Black,1 min,bullet,27,Won,9/11/2018
AlexanderBogatyr,2808,Joshukid,2716,White,1 min,bullet,54,Won,9/11/2018
AlexanderBogatyr,2802,Joshukid,2722,Black,1 min,bullet,61,Draw,9/11/2018
AlexanderBogatyr,2804,johnathan113,2698,White,1 min,bullet,30,Won,9/10/2018
AlexanderBogatyr,2798,johnathan113,2704,Black,1 min,bullet,10,Won,9/10/2018
AlexanderBogatyr,2792,johnathan113,2710,White,1 min,bullet,61,Won,9/10/2018
AlexanderBogatyr,2786,johnathan113,2716,Black,1 min,bullet,40,Won,9/10/2018
AlexanderBogatyr,2779,johnathan113,2723,White,1 min,bullet,67,Draw,9/10/2018
AlexanderBogatyr,2780,johnathan113,2722,Black,1 min,bullet,44,Lost,9/10/2018
AlexanderBogatyr,2790,johnathan113,2712,White,1 min,bullet,92,Won,9/10/2018
AlexanderBogatyr,2783,johnathan113,2719,Black,1 min,bullet,41,Won,9/10/2018
AlexanderBogatyr,2776,johnathan113,2726,White,1 min,bullet,25,Won,9/10/2018
AlexanderBogatyr,2769,johnathan113,2733,Black,1 min,bullet,53,Won,9/10/2018
AlexanderBogatyr,2762,gmsakk,2646,White,1 min,bullet,56,Lost,8/27/2018
AlexanderBogatyr,2773,gmsakk,2635,Black,1 min,bullet,60,Won,8/27/2018
AlexanderBogatyr,2768,gmsakk,2640,White,1 min,bullet,54,Won,8/27/2018
AlexanderBogatyr,2763,gmsakk,2645,Black,1 min,bullet,32,Won,8/27/2018
AlexanderBogatyr,2757,gmsakk,2651,White,1 min,bullet,57,Draw,8/27/2018
AlexanderBogatyr,2759,gmsakk,2649,Black,1 min,bullet,63,Lost,8/27/2018
AlexanderBogatyr,2770,gmsakk,2638,White,1 min,bullet,70,Lost,8/27/2018
AlexanderBogatyr,2781,gmsakk,2627,Black,1 min,bullet,26,Won,8/27/2018
AlexanderBogatyr,2776,KenanGarayev,2689,White,30 sec,bullet,18,Lost,8/25/2018
AlexanderBogatyr,2786,sjdhdhskjdhs,2793,White,1 min,bullet,14,Lost,8/8/2018
AlexanderBogatyr,2794,penguingm1,2931,Black,30 sec,bullet,31,Won,8/8/2018
AlexanderBogatyr,2783,penguingm1,2942,White,30 sec,bullet,44,Lost,8/8/2018
AlexanderBogatyr,2788,penguingm1,2937,Black,30 sec,bullet,24,Won,8/8/2018
AlexanderBogatyr,2776,penguingm1,2949,White,30 sec,bullet,23,Lost,8/8/2018