player,player_rating,opponent,opponent_rating,side,time_control,time_category,moves,result,date
Alexander_Moskalenko,2842,ShimanovAlex,2832,White,3 min,blitz,39,Lost,3/18/2019
Alexander_Moskalenko,2851,DuleMudule,2814,Black,3 min,blitz,28,Won,3/18/2019
Alexander_Moskalenko,2843,Hikaru,3204,Black,3 min,blitz,73,Won,3/18/2019
Alexander_Moskalenko,2829,LPSupi,2894,Black,3 min,blitz,29,Lost,3/18/2019
Alexander_Moskalenko,2836,LPSupi,2887,White,3 min,blitz,60,Lost,3/18/2019
Alexander_Moskalenko,2843,LPSupi,2880,Black,3 min,blitz,64,Draw,3/18/2019
Alexander_Moskalenko,2842,LPSupi,2881,White,3 min,blitz,62,Won,3/18/2019
Alexander_Moskalenko,2833,alizibakenari,2792,White,3 min,blitz,71,Won,3/18/2019
Alexander_Moskalenko,2826,alizibakenari,2799,Black,3 min,blitz,47,Lost,3/18/2019
Alexander_Moskalenko,2835,alizibakenari,2790,White,3 min,blitz,39,Won,3/18/2019
Alexander_Moskalenko,2828,Indianlad,2851,White,3 min,blitz,34,Draw,3/13/2019
Alexander_Moskalenko,2827,Malik02,2792,Black,3 min,blitz,66,Draw,3/11/2019
Alexander_Moskalenko,2828,Malik02,2791,White,3 min,blitz,36,Won,3/11/2019
Alexander_Moskalenko,2821,Sakkazelet7,2779,Black,3 min,blitz,38,Won,3/10/2019
Alexander_Moskalenko,2814,Janosik,2771,Black,3 min,blitz,21,Lost,3/8/2019
Alexander_Moskalenko,2824,Janosik,2751,White,3 min,blitz,27,Draw,3/8/2019
Alexander_Moskalenko,2826,Janosik,2747,Black,3 min,blitz,99,Won,3/8/2019
Alexander_Moskalenko,2819,Janosik,2762,White,3 min,blitz,44,Won,3/8/2019
Alexander_Moskalenko,2812,champ2005,2808,White,3 min,blitz,77,Won,3/8/2019
Alexander_Moskalenko,2804,Kaphrep,2790,White,3 min,blitz,49,Lost,3/7/2019
Alexander_Moskalenko,2813,Kaphrep,2781,Black,3 min,blitz,36,Won,3/7/2019
Alexander_Moskalenko,2805,Kaphrep,2789,White,3 min,blitz,31,Won,3/7/2019
Alexander_Moskalenko,2797,Kaphrep,2797,Black,3 min,blitz,50,Lost,3/7/2019
Alexander_Moskalenko,2805,Coldplace,2828,White,3 min,blitz,46,Won,3/7/2019
Alexander_Moskalenko,2796,Duhless,3012,Black,3 min,blitz,52,Won,3/7/2019
Alexander_Moskalenko,2783,abhijeetgupta1016,2803,White,3 min,blitz,66,Draw,3/7/2019
Alexander_Moskalenko,2782,abhijeetgupta1016,2804,Black,3 min,blitz,61,Won,3/7/2019
Alexander_Moskalenko,2773,wenx,2530,Black,3|2,blitz,42,Won,3/6/2019
Alexander_Moskalenko,2770,Ar4uha,2504,Black,3|2,blitz,65,Draw,3/6/2019
Alexander_Moskalenko,2775,Genghis_K,2848,White,3|2,blitz,52,Draw,3/6/2019
Alexander_Moskalenko,2773,wonderfultime,2905,Black,3|2,blitz,57,Won,3/6/2019
Alexander_Moskalenko,2762,Micki-taryan,2952,White,3|2,blitz,31,Draw,3/6/2019
Alexander_Moskalenko,2758,Vuk2000,2737,Black,3|2,blitz,32,Won,3/6/2019
Alexander_Moskalenko,2750,chessking2151,2601,White,3|2,blitz,73,Draw,3/5/2019
Alexander_Moskalenko,2753,Black_Coffin,2579,Black,3|2,blitz,28,Won,3/5/2019
Alexander_Moskalenko,2749,Didici,2565,White,3|2,blitz,24,Won,3/5/2019
Alexander_Moskalenko,2745,SniperEnglandCoach,2383,Black,3|2,blitz,39,Won,3/5/2019
Alexander_Moskalenko,2743,unkiyto,2770,Black,3 min,blitz,58,Lost,3/3/2019
Alexander_Moskalenko,2751,unkiyto,2762,White,3 min,blitz,42,Draw,3/3/2019
Alexander_Moskalenko,2751,unkiyto,2762,Black,3 min,blitz,23,Lost,3/3/2019
Alexander_Moskalenko,2759,mishanick,2953,White,3 min,blitz,39,Lost,3/3/2019
Alexander_Moskalenko,2763,rim1618,2733,White,3 min,blitz,48,Won,2/28/2019
Alexander_Moskalenko,2755,rim1618,2751,Black,3 min,blitz,40,Won,2/28/2019
Alexander_Moskalenko,2746,rim1618,2772,White,3 min,blitz,33,Lost,2/28/2019
Alexander_Moskalenko,2754,Markov_Mikhail,2752,Black,3 min,blitz,31,Lost,2/27/2019
Alexander_Moskalenko,2762,Markov_Mikhail,2744,White,3 min,blitz,27,Won,2/27/2019
Alexander_Moskalenko,2754,Markov_Mikhail,2752,Black,3 min,blitz,54,Lost,2/27/2019
Alexander_Moskalenko,2762,Markov_Mikhail,2744,White,3 min,blitz,48,Draw,2/27/2019
Alexander_Moskalenko,2762,defenceboy,2817,Black,3 min,blitz,87,Lost,2/26/2019
Alexander_Moskalenko,2769,defenceboy,2810,White,3 min,blitz,58,Lost,2/26/2019