player,player_rating,opponent,opponent_rating,side,time_control,time_category,moves,result,date
Alexander_Moskalenko,2749,Kanallija,2758,Black,1 min,bullet,35,Lost,6/4/2018
Alexander_Moskalenko,2757,Kanallija,2750,White,1 min,bullet,50,Won,6/4/2018
Alexander_Moskalenko,2749,Kanallija,2758,Black,1 min,bullet,41,Lost,6/4/2018
Alexander_Moskalenko,2757,Kanallija,2750,White,1 min,bullet,51,Won,6/4/2018
Alexander_Moskalenko,2749,Kanallija,2753,Black,1 min,bullet,30,Lost,5/24/2018
Alexander_Moskalenko,2757,Kanallija,2745,White,1 min,bullet,47,Won,5/24/2018
Alexander_Moskalenko,2749,Kanallija,2753,Black,1 min,bullet,50,Won,5/24/2018
Alexander_Moskalenko,2741,Kanallija,2761,White,1 min,bullet,36,Lost,5/24/2018
Alexander_Moskalenko,2749,Kanallija,2753,Black,1 min,bullet,25,Won,5/24/2018
Alexander_Moskalenko,2741,Kanallija,2761,White,1 min,bullet,19,Lost,5/24/2018
Alexander_Moskalenko,2749,Kanallija,2753,Black,1 min,bullet,44,Won,5/24/2018
Alexander_Moskalenko,2741,Kanallija,2761,White,1 min,bullet,37,Lost,5/24/2018
Alexander_Moskalenko,2749,Kanallija,2753,Black,1 min,bullet,53,Won,5/24/2018
Alexander_Moskalenko,2740,Kanallija,2762,White,1 min,bullet,40,Lost,5/24/2018
Alexander_Moskalenko,2748,Kanallija,2754,Black,1 min,bullet,6,Won,5/24/2018
Alexander_Moskalenko,2739,Kanallija,2763,White,1 min,bullet,47,Won,5/24/2018
Alexander_Moskalenko,2730,Kanallija,2772,Black,1 min,bullet,48,Lost,5/24/2018
Alexander_Moskalenko,2737,Kanallija,2765,White,1 min,bullet,23,Lost,5/24/2018
Alexander_Moskalenko,2745,Kanallija,2757,Black,1 min,bullet,29,Lost,5/24/2018
Alexander_Moskalenko,2753,Kanallija,2749,White,1 min,bullet,34,Lost,5/24/2018
Alexander_Moskalenko,2761,Kanallija,2741,Black,1 min,bullet,56,Won,5/24/2018
Alexander_Moskalenko,2753,Kanallija,2749,White,1 min,bullet,39,Lost,5/24/2018
Alexander_Moskalenko,2762,Kanallija,2740,Black,1 min,bullet,50,Won,5/24/2018
Alexander_Moskalenko,2754,Kanallija,2748,White,1 min,bullet,60,Lost,5/24/2018
Alexander_Moskalenko,2763,Kanallija,2739,Black,1 min,bullet,41,Won,5/24/2018
Alexander_Moskalenko,2755,Kanallija,2747,White,1 min,bullet,46,Won,5/24/2018
Alexander_Moskalenko,2747,Micki-taryan,2822,White,1 min,bullet,18,Lost,5/23/2018
Alexander_Moskalenko,2754,Micki-taryan,2815,Black,1 min,bullet,58,Lost,5/23/2018
Alexander_Moskalenko,2761,Micki-taryan,2808,White,1 min,bullet,53,Won,5/23/2018
Alexander_Moskalenko,2751,David_Paravyan,2801,White,1 min,bullet,36,Lost,5/17/2018
Alexander_Moskalenko,2758,David_Paravyan,2794,Black,1 min,bullet,50,Lost,5/17/2018
Alexander_Moskalenko,2765,David_Paravyan,2787,White,1 min,bullet,28,Lost,5/17/2018
Alexander_Moskalenko,2773,David_Paravyan,2779,Black,1 min,bullet,53,Won,5/17/2018
Alexander_Moskalenko,2764,David_Paravyan,2788,White,1 min,bullet,18,Lost,5/17/2018
Alexander_Moskalenko,2772,David_Paravyan,2780,Black,1 min,bullet,35,Lost,5/17/2018
Alexander_Moskalenko,2780,Kriari,2786,Black,1 min,bullet,75,Won,5/17/2018
Alexander_Moskalenko,2771,Kriari,2795,White,1 min,bullet,45,Won,5/17/2018
Alexander_Moskalenko,2762,Kriari,2804,Black,1 min,bullet,19,Lost,5/17/2018
Alexander_Moskalenko,2769,Kriari,2797,White,1 min,bullet,86,Draw,5/17/2018
Alexander_Moskalenko,2768,Kriari,2798,Black,1 min,bullet,47,Lost,5/17/2018
Alexander_Moskalenko,2776,Parhamov,2833,White,1 min,bullet,84,Lost,5/17/2018
Alexander_Moskalenko,2783,Parhamov,2826,Black,1 min,bullet,50,Lost,5/17/2018
Alexander_Moskalenko,2790,Parhamov,2819,White,1 min,bullet,47,Lost,5/17/2018
Alexander_Moskalenko,2798,Parhamov,2811,Black,1 min,bullet,33,Won,5/17/2018
Alexander_Moskalenko,2789,Parhamov,2820,White,1 min,bullet,31,Won,5/17/2018
Alexander_Moskalenko,2780,Parhamov,2829,Black,1 min,bullet,41,Lost,5/17/2018
Alexander_Moskalenko,2787,Parhamov,2822,White,1 min,bullet,16,Lost,5/17/2018
Alexander_Moskalenko,2795,Parhamov,2814,Black,1 min,bullet,41,Won,5/17/2018
Alexander_Moskalenko,2786,Parhamov,2823,White,1 min,bullet,65,Won,5/17/2018
Alexander_Moskalenko,2777,Parhamov,2832,Black,1 min,bullet,39,Lost,5/17/2018