player,player_rating,opponent,opponent_rating,side,time_control,time_category,moves,result,date
AlexanderBogatyr,2780,penguingm1,2945,Black,30 sec,bullet,53,Lost,8/8/2018
AlexanderBogatyr,2785,penguingm1,2940,White,30 sec,bullet,57,Lost,8/8/2018
AlexanderBogatyr,2790,penguingm1,2935,Black,30 sec,bullet,57,Lost,8/8/2018
AlexanderBogatyr,2795,penguingm1,2930,White,30 sec,bullet,48,Lost,8/8/2018
AlexanderBogatyr,2800,penguingm1,2925,Black,30 sec,bullet,44,Lost,8/8/2018
AlexanderBogatyr,2805,Dhaydon19,2607,Black,1 min,bullet,54,Won,8/3/2018
AlexanderBogatyr,2801,mersad_98,2793,White,1 min,bullet,39,Won,8/3/2018
AlexanderBogatyr,2793,mersad_98,2801,Black,1 min,bullet,37,Lost,8/3/2018
AlexanderBogatyr,2801,mersad_98,2793,White,1 min,bullet,26,Lost,8/3/2018
AlexanderBogatyr,2810,mersad_98,2784,Black,1 min,bullet,42,Lost,8/3/2018
AlexanderBogatyr,2819,mersad_98,2775,White,1 min,bullet,31,Won,8/3/2018
AlexanderBogatyr,2812,mersad_98,2782,Black,1 min,bullet,12,Won,8/3/2018
AlexanderBogatyr,2804,mersad_98,2790,White,1 min,bullet,51,Won,8/3/2018
AlexanderBogatyr,2796,mersad_98,2798,Black,1 min,bullet,36,Won,8/3/2018
AlexanderBogatyr,2788,mersad_98,2806,White,1 min,bullet,68,Lost,8/3/2018
AlexanderBogatyr,2796,mersad_98,2798,Black,1 min,bullet,45,Won,8/3/2018
AlexanderBogatyr,2788,mersad_98,2806,White,1 min,bullet,44,Won,8/3/2018
AlexanderBogatyr,2779,mersad_98,2815,Black,1 min,bullet,62,Lost,8/3/2018
AlexanderBogatyr,2786,mersad_98,2808,White,1 min,bullet,58,Draw,8/3/2018
AlexanderBogatyr,2785,preeethiga,2602,White,10 sec|1,bullet,31,Won,8/3/2018
AlexanderBogatyr,2780,Jospem,2783,White,1 min,bullet,61,Lost,8/2/2018
AlexanderBogatyr,2788,Jospem,2775,Black,1 min,bullet,49,Lost,8/2/2018
AlexanderBogatyr,2797,Jospem,2766,White,1 min,bullet,60,Draw,8/2/2018
AlexanderBogatyr,2798,Jospem,2765,Black,1 min,bullet,31,Won,8/2/2018
AlexanderBogatyr,2790,lachesisQ,2927,Black,1 min,bullet,52,Lost,8/2/2018
AlexanderBogatyr,2795,lachesisQ,2918,White,1 min,bullet,50,Lost,8/2/2018
AlexanderBogatyr,2801,lachesisQ,2931,Black,1 min,bullet,54,Lost,8/2/2018
AlexanderBogatyr,2806,lachesisQ,2920,White,1 min,bullet,39,Won,8/2/2018
AlexanderBogatyr,2795,lachesisQ,2943,Black,1 min,bullet,32,Lost,8/2/2018
AlexanderBogatyr,2800,lachesisQ,2932,White,1 min,bullet,63,Won,8/2/2018
AlexanderBogatyr,2788,lachesisQ,2958,Black,1 min,bullet,47,Lost,8/2/2018
AlexanderBogatyr,2793,lachesisQ,2947,White,1 min,bullet,60,Lost,8/2/2018
AlexanderBogatyr,2798,NguyenXi,2702,Black,1 min,bullet,55,Lost,8/1/2018
AlexanderBogatyr,2809,vovachesss,2492,White,1 min,bullet,53,Won,8/1/2018
AlexanderBogatyr,2807,vovachesss,2495,Black,1 min,bullet,39,Won,8/1/2018
AlexanderBogatyr,2805,vovachesss,2498,White,1 min,bullet,33,Won,8/1/2018
AlexanderBogatyr,2803,Keranke,2781,Black,1 min,bullet,16,Won,7/30/2018
AlexanderBogatyr,2795,AlexanderL,2677,White,1 min,bullet,35,Lost,7/30/2018
AlexanderBogatyr,2806,AlexanderL,2666,Black,1 min,bullet,14,Won,7/30/2018
AlexanderBogatyr,2801,mishanick,2846,White,1 min,bullet,29,Lost,7/30/2018
AlexanderBogatyr,2808,mishanick,2839,Black,1 min,bullet,43,Won,7/30/2018
AlexanderBogatyr,2799,mishanick,2848,White,1 min,bullet,61,Lost,7/30/2018
AlexanderBogatyr,2806,mishanick,2841,Black,1 min,bullet,37,Won,7/30/2018
AlexanderBogatyr,2797,mishanick,2850,White,1 min,bullet,63,Won,7/30/2018
AlexanderBogatyr,2787,mishanick,2860,Black,1 min,bullet,45,Lost,7/30/2018
AlexanderBogatyr,2794,Lestofante90,2883,Black,1 min,bullet,51,Draw,7/30/2018
AlexanderBogatyr,2792,Lestofante90,2886,White,1 min,bullet,49,Lost,7/30/2018
AlexanderBogatyr,2798,Lestofante90,2877,Black,1 min,bullet,46,Lost,7/30/2018
AlexanderBogatyr,2805,Lestofante90,2868,White,1 min,bullet,64,Draw,7/30/2018
AlexanderBogatyr,2803,Lestofante90,2870,Black,1 min,bullet,62,Lost,7/30/2018