player,player_rating,opponent,opponent_rating,side,time_control,time_category,moves,result,date
Alexander_Moskalenko,2741,abykhovsky,2723,Black,3 min,blitz,59,Draw,7/8/2018
Alexander_Moskalenko,2741,OparinGrigoriy,2886,White,3 min,blitz,52,Lost,7/8/2018
Alexander_Moskalenko,2746,OparinGrigoriy,2881,Black,3 min,blitz,45,Lost,7/8/2018
Alexander_Moskalenko,2751,OparinGrigoriy,2876,White,3 min,blitz,22,Lost,7/8/2018
Alexander_Moskalenko,2757,Guenplen,2728,White,3 min,blitz,64,Lost,7/7/2018
Alexander_Moskalenko,2766,Guenplen,2719,Black,3 min,blitz,61,Draw,7/7/2018
Alexander_Moskalenko,2767,Yaacovn,2735,Black,3 min,blitz,51,Draw,7/6/2018
Alexander_Moskalenko,2768,michaelq2d5,2769,Black,3 min,blitz,44,Lost,7/4/2018
Alexander_Moskalenko,2776,michaelq2d5,2761,White,3 min,blitz,60,Won,7/4/2018
Alexander_Moskalenko,2768,Kriari,2747,White,3 min,blitz,55,Won,6/26/2018
Alexander_Moskalenko,2760,Kriari,2755,Black,3 min,blitz,24,Draw,6/26/2018
Alexander_Moskalenko,2760,Kriari,2755,White,3 min,blitz,24,Lost,6/26/2018
Alexander_Moskalenko,2768,Artooooo,2679,Black,3 min,blitz,42,Won,6/26/2018
Alexander_Moskalenko,2762,Artooooo,2685,White,3 min,blitz,28,Lost,6/26/2018
Alexander_Moskalenko,2772,Tapuah,2720,Black,3 min,blitz,27,Won,6/26/2018
Alexander_Moskalenko,2765,Tapuah,2727,White,3 min,blitz,54,Won,6/26/2018
Alexander_Moskalenko,2758,sergiochess83,2757,White,3 min,blitz,57,Lost,6/25/2018
Alexander_Moskalenko,2766,sergiochess83,2749,Black,3 min,blitz,60,Lost,6/25/2018
Alexander_Moskalenko,2775,talktoomuch,2744,Black,3 min,blitz,18,Won,6/25/2018
Alexander_Moskalenko,2767,talktoomuch,2752,White,3 min,blitz,30,Won,6/25/2018
Alexander_Moskalenko,2759,talktoomuch,2760,Black,3 min,blitz,49,Won,6/25/2018
Alexander_Moskalenko,2751,talktoomuch,2768,White,3 min,blitz,63,Lost,6/25/2018
Alexander_Moskalenko,2759,talktoomuch,2760,Black,3 min,blitz,50,Won,6/24/2018
Alexander_Moskalenko,2751,talktoomuch,2768,White,3 min,blitz,28,Lost,6/24/2018
Alexander_Moskalenko,2759,GeorgMeier,2825,White,3 min,blitz,31,Lost,6/24/2018
Alexander_Moskalenko,2766,GeorgMeier,2818,Black,3 min,blitz,39,Lost,6/24/2018
Alexander_Moskalenko,2773,Kriari,2745,Black,3 min,blitz,13,Won,6/24/2018
Alexander_Moskalenko,2765,Kriari,2753,White,3 min,blitz,35,Won,6/24/2018
Alexander_Moskalenko,2757,Kriari,2761,Black,3 min,blitz,38,Won,6/24/2018
Alexander_Moskalenko,2749,Last7Samurai,2670,Black,3 min,blitz,67,Won,6/23/2018
Alexander_Moskalenko,2743,Last7Samurai,2676,White,3 min,blitz,65,Won,6/23/2018
Alexander_Moskalenko,2736,Last7Samurai,2683,Black,3 min,blitz,24,Lost,6/23/2018
Alexander_Moskalenko,2746,Last7Samurai,2673,White,3 min,blitz,39,Won,6/23/2018
Alexander_Moskalenko,2739,Last7Samurai,2680,Black,3 min,blitz,44,Lost,6/23/2018
Alexander_Moskalenko,2749,Msb2,2778,White,3 min,blitz,65,Won,6/23/2018
Alexander_Moskalenko,2740,Msb2,2787,Black,3 min,blitz,21,Lost,6/23/2018
Alexander_Moskalenko,2747,pKiLz5Rn9b,2765,White,3 min,blitz,31,Lost,6/23/2018
Alexander_Moskalenko,2755,pKiLz5Rn9b,2757,Black,3 min,blitz,29,Lost,6/23/2018
Alexander_Moskalenko,2763,pKiLz5Rn9b,2749,White,3 min,blitz,21,Won,6/23/2018
Alexander_Moskalenko,2755,pKiLz5Rn9b,2757,Black,3 min,blitz,60,Lost,6/23/2018
Alexander_Moskalenko,2763,pKiLz5Rn9b,2749,White,3 min,blitz,45,Draw,6/23/2018
Alexander_Moskalenko,2763,Lunaticx,2778,Black,3 min,blitz,38,Lost,6/23/2018
Alexander_Moskalenko,2771,Lunaticx,2770,White,3 min,blitz,27,Lost,6/23/2018
Alexander_Moskalenko,2779,Lunaticx,2762,Black,3 min,blitz,32,Lost,6/23/2018
Alexander_Moskalenko,2788,Lunaticx,2753,White,3 min,blitz,61,Draw,6/23/2018
Alexander_Moskalenko,2789,Lunaticx,2752,Black,3 min,blitz,53,Won,6/23/2018
Alexander_Moskalenko,2781,Lunaticx,2760,White,3 min,blitz,52,Won,6/23/2018
Alexander_Moskalenko,2773,sergiochess83,2693,White,3 min,blitz,65,Won,6/23/2018
Alexander_Moskalenko,2767,sergiochess83,2699,Black,3 min,blitz,71,Lost,6/23/2018
Alexander_Moskalenko,2777,sergiochess83,2689,White,3 min,blitz,67,Won,6/22/2018