player,player_rating,opponent,opponent_rating,side,time_control,time_category,moves,result,date
Alexander_Moskalenko,2667,Annawel,2789,White,1 min,bullet,33,Lost,1/2/2017
Alexander_Moskalenko,2673,Annawel,2783,Black,1 min,bullet,77,Lost,1/2/2017
Alexander_Moskalenko,2679,Annawel,2777,White,1 min,bullet,67,Draw,1/2/2017
Alexander_Moskalenko,2677,Annawel,2779,Black,1 min,bullet,42,Lost,1/2/2017
Alexander_Moskalenko,2683,Annawel,2773,White,1 min,bullet,67,Lost,1/2/2017
Alexander_Moskalenko,2690,hardingstoptry,2652,White,1|1,bullet,46,Lost,12/27/2016
Alexander_Moskalenko,2699,hardingstoptry,2643,Black,1|1,bullet,41,Won,12/27/2016
Alexander_Moskalenko,2692,Byniolus,2679,Black,1 min,bullet,46,Won,12/27/2016
Alexander_Moskalenko,2683,Byniolus,2687,White,1 min,bullet,66,Lost,12/27/2016
Alexander_Moskalenko,2692,Byniolus,2679,Black,1 min,bullet,45,Lost,12/27/2016
Alexander_Moskalenko,2702,ZapataCharlesS,2628,White,1 min,bullet,59,Won,11/4/2016
Alexander_Moskalenko,2695,ZapataCharlesS,2635,Black,1 min,bullet,80,Lost,11/4/2016
Alexander_Moskalenko,2705,psv98,2626,White,1 min,bullet,44,Won,10/29/2016
Alexander_Moskalenko,2698,Duhless,2815,White,1 min,bullet,55,Lost,10/26/2016
Alexander_Moskalenko,2704,Duhless,2809,Black,1 min,bullet,6,Won,10/26/2016
Alexander_Moskalenko,2693,Duhless,2820,White,1 min,bullet,36,Draw,10/26/2016
Alexander_Moskalenko,2690,Duhless,2823,Black,1 min,bullet,60,Lost,10/26/2016
Alexander_Moskalenko,2695,Duhless,2818,White,1 min,bullet,54,Won,10/26/2016
Alexander_Moskalenko,2684,Duhless,2829,Black,1 min,bullet,70,Lost,10/26/2016
Alexander_Moskalenko,2689,Duhless,2824,White,1 min,bullet,60,Lost,10/26/2016
Alexander_Moskalenko,2694,Duhless,2819,Black,1 min,bullet,23,Lost,10/26/2016
Alexander_Moskalenko,2699,Duhless,2814,White,1 min,bullet,58,Lost,10/26/2016
Alexander_Moskalenko,2705,Duhless,2808,Black,1 min,bullet,23,Won,10/26/2016
Alexander_Moskalenko,2694,Duhless,2819,White,1 min,bullet,60,Lost,10/26/2016
Alexander_Moskalenko,2699,Duhless,2814,Black,1 min,bullet,37,Draw,10/26/2016
Alexander_Moskalenko,2696,Duhless,2817,White,1 min,bullet,35,Lost,10/26/2016
Alexander_Moskalenko,2702,Duhless,2811,Black,1 min,bullet,49,Draw,10/26/2016
Alexander_Moskalenko,2699,Duhless,2814,White,1 min,bullet,34,Lost,10/26/2016
Alexander_Moskalenko,2705,Duhless,2808,Black,1 min,bullet,65,Lost,10/26/2016
Alexander_Moskalenko,2711,Duhless,2802,White,1 min,bullet,64,Draw,10/26/2016
Alexander_Moskalenko,2709,Duhless,2804,Black,1 min,bullet,24,Lost,10/26/2016
Alexander_Moskalenko,2715,Duhless,2798,White,1 min,bullet,69,Draw,10/26/2016
Alexander_Moskalenko,2713,Duhless,2800,Black,1 min,bullet,36,Lost,10/26/2016
Alexander_Moskalenko,2719,Duhless,2794,White,1 min,bullet,45,Won,10/26/2016
Alexander_Moskalenko,2709,Duhless,2804,Black,1 min,bullet,70,Won,10/26/2016
Alexander_Moskalenko,2698,Duhless,2815,White,1 min,bullet,28,Lost,10/26/2016
Alexander_Moskalenko,2704,Duhless,2809,Black,1 min,bullet,27,Lost,10/26/2016
Alexander_Moskalenko,2710,Duhless,2803,White,1 min,bullet,46,Won,10/26/2016
Alexander_Moskalenko,2700,Duhless,2813,Black,1 min,bullet,71,Lost,10/26/2016
Alexander_Moskalenko,2706,Duhless,2807,White,1 min,bullet,53,Lost,10/26/2016
Alexander_Moskalenko,2712,Duhless,2801,Black,1 min,bullet,61,Draw,10/26/2016
Alexander_Moskalenko,2710,Duhless,2803,White,1 min,bullet,79,Won,10/26/2016
Alexander_Moskalenko,2699,Duhless,2814,Black,1 min,bullet,44,Lost,10/26/2016
Alexander_Moskalenko,2705,Duhless,2808,White,1 min,bullet,50,Lost,10/26/2016
Alexander_Moskalenko,2711,Duhless,2802,Black,1 min,bullet,32,Lost,10/26/2016
Alexander_Moskalenko,2717,Duhless,2796,White,1 min,bullet,44,Won,10/26/2016
Alexander_Moskalenko,2707,Duhless,2806,Black,1 min,bullet,38,Lost,10/26/2016
Alexander_Moskalenko,2713,Duhless,2800,White,1 min,bullet,38,Won,10/26/2016
Alexander_Moskalenko,2703,Duhless,2811,Black,1 min,bullet,26,Lost,10/26/2016
Alexander_Moskalenko,2709,Duhless,2805,White,1 min,bullet,25,Lost,10/26/2016