player,player_rating,opponent,opponent_rating,side,time_control,time_category,moves,result,date
Alexander_Zubov,2579,I_loveyou,2499,Black,3 min,blitz,67,Won,8/23/2016
Alexander_Zubov,2572,I_loveyou,2506,White,3 min,blitz,51,Lost,8/23/2016
Alexander_Zubov,2583,I_loveyou,2496,Black,3 min,blitz,42,Won,8/23/2016
Alexander_Zubov,2576,Janosik,2694,Black,3 min,blitz,56,Lost,7/10/2016
Alexander_Zubov,2582,Janosik,2688,White,3 min,blitz,51,Lost,7/10/2016
Alexander_Zubov,2588,GMPontusCarlsson,2528,White,3 min,blitz,42,Lost,7/10/2016
Alexander_Zubov,2598,GMPontusCarlsson,2518,Black,3 min,blitz,33,Won,7/10/2016
Alexander_Zubov,2592,GMPontusCarlsson,2524,White,3 min,blitz,55,Draw,7/10/2016
Alexander_Zubov,2594,GMPontusCarlsson,2522,Black,3 min,blitz,68,Lost,7/10/2016
Alexander_Zubov,2604,GMPontusCarlsson,2512,White,3 min,blitz,48,Lost,7/10/2016
Alexander_Zubov,2615,GMPontusCarlsson,2501,Black,3 min,blitz,36,Won,7/10/2016
Alexander_Zubov,2609,GMPontusCarlsson,2507,White,3 min,blitz,33,Lost,7/10/2016
Alexander_Zubov,2620,GMPontusCarlsson,2496,Black,3 min,blitz,35,Won,7/10/2016
Alexander_Zubov,2614,GMPontusCarlsson,2502,White,3 min,blitz,74,Lost,7/10/2016
Alexander_Zubov,2625,GMPontusCarlsson,2491,Black,3 min,blitz,55,Draw,7/10/2016
Alexander_Zubov,2628,GMPontusCarlsson,2488,White,3 min,blitz,30,Won,7/10/2016
Alexander_Zubov,2623,gmsakk,2482,Black,3 min,blitz,32,Won,7/3/2016
Alexander_Zubov,2618,danir29,2468,Black,3 min,blitz,23,Won,6/29/2016
Alexander_Zubov,2613,danir29,2473,White,3 min,blitz,57,Draw,6/29/2016
Alexander_Zubov,2616,danir29,2470,Black,3 min,blitz,58,Won,6/29/2016
Alexander_Zubov,2611,danir29,2475,White,3 min,blitz,36,Won,6/29/2016
Alexander_Zubov,2606,yurisolo,2561,White,3 min,blitz,71,Lost,6/29/2016
Alexander_Zubov,2616,donotreadit,2476,Black,3 min,blitz,12,Won,6/28/2016
Alexander_Zubov,2611,donotreadit,2482,White,3 min,blitz,38,Won,6/28/2016
Alexander_Zubov,2606,donotreadit,2489,Black,3 min,blitz,53,Won,6/28/2016
Alexander_Zubov,2600,donotreadit,2496,White,3 min,blitz,12,Won,6/28/2016
Alexander_Zubov,2594,12teen,2457,Black,3 min,blitz,34,Won,6/27/2016
Alexander_Zubov,2589,hugospangenberg,2462,White,3 min,blitz,46,Won,6/5/2016
Alexander_Zubov,2584,hugospangenberg,2467,Black,3 min,blitz,20,Lost,6/5/2016
Alexander_Zubov,2595,hugospangenberg,2456,White,3 min,blitz,54,Lost,6/5/2016
Alexander_Zubov,2606,TampaChess,2555,Black,3 min,blitz,47,Won,6/2/2016
Alexander_Zubov,2599,TigrVShlyape,2607,White,3 min,blitz,37,Lost,5/26/2016
Alexander_Zubov,2607,TigrVShlyape,2599,Black,3 min,blitz,47,Won,5/26/2016
Alexander_Zubov,2599,TigrVShlyape,2607,White,3 min,blitz,71,Won,5/26/2016
Alexander_Zubov,2590,howitzer14,2605,White,3 min,blitz,31,Lost,5/25/2016
Alexander_Zubov,2598,howitzer14,2597,Black,3 min,blitz,44,Lost,5/25/2016
Alexander_Zubov,2606,howitzer14,2589,White,3 min,blitz,31,Lost,5/25/2016
Alexander_Zubov,2615,howitzer14,2580,Black,3 min,blitz,32,Draw,5/25/2016
Alexander_Zubov,2616,howitzer14,2579,White,3 min,blitz,52,Won,5/25/2016
Alexander_Zubov,2608,howitzer14,2587,Black,3 min,blitz,51,Draw,5/25/2016
Alexander_Zubov,2609,howitzer14,2586,White,3 min,blitz,42,Won,5/25/2016
Alexander_Zubov,2601,howitzer14,2594,Black,3 min,blitz,49,Won,5/25/2016
Alexander_Zubov,2593,TampaChess,2526,White,3 min,blitz,60,Lost,5/25/2016
Alexander_Zubov,2603,basket_case89,2667,White,3 min,blitz,57,Won,5/25/2016
Alexander_Zubov,2593,basket_case89,2677,Black,3 min,blitz,51,Draw,5/25/2016
Alexander_Zubov,2591,basket_case89,2679,White,3 min,blitz,59,Won,5/25/2016
Alexander_Zubov,2581,pylaeva,2652,Black,3 min,blitz,34,Lost,5/25/2016
Alexander_Zubov,2588,pylaeva,2645,White,3 min,blitz,50,Lost,5/25/2016
Alexander_Zubov,2595,pylaeva,2638,Black,3 min,blitz,49,Lost,5/25/2016
Alexander_Zubov,2602,TigrVShlyape,2577,Black,3 min,blitz,31,Lost,5/21/2016