player,player_rating,opponent,opponent_rating,side,time_control,time_category,moves,result,date
Alexander_Donchenko,2786,Raja3401,2620,Black,3 min,blitz,7,Won,3/2/2019
Alexander_Donchenko,2781,Raja3401,2625,White,3 min,blitz,41,Won,3/2/2019
Alexander_Donchenko,2776,Raja3401,2630,Black,3 min,blitz,17,Lost,3/2/2019
Alexander_Donchenko,2788,Raja3401,2618,White,3 min,blitz,32,Won,3/2/2019
Alexander_Donchenko,2783,Kiborg95,2750,Black,3 min,blitz,65,Lost,2/28/2019
Alexander_Donchenko,2792,German_Bazeev,2641,White,3 min,blitz,81,Won,2/27/2019
Alexander_Donchenko,2787,German_Bazeev,2646,Black,3 min,blitz,50,Lost,2/27/2019
Alexander_Donchenko,2798,eljanov,2818,White,3 min,blitz,62,Lost,2/25/2019
Alexander_Donchenko,2806,eljanov,2810,Black,3 min,blitz,47,Won,2/25/2019
Alexander_Donchenko,2798,eljanov,2818,White,3 min,blitz,26,Lost,2/25/2019
Alexander_Donchenko,2806,eljanov,2810,Black,3 min,blitz,49,Won,2/25/2019
Alexander_Donchenko,2798,eljanov,2818,White,3 min,blitz,32,Lost,2/25/2019
Alexander_Donchenko,2806,eljanov,2810,Black,3 min,blitz,37,Won,2/25/2019
Alexander_Donchenko,2798,eljanov,2818,White,3 min,blitz,18,Lost,2/25/2019
Alexander_Donchenko,2806,eljanov,2810,Black,3 min,blitz,38,Won,2/25/2019
Alexander_Donchenko,2797,Parhamov,2952,White,3 min,blitz,36,Won,2/17/2019
Alexander_Donchenko,2785,Parhamov,2964,Black,3 min,blitz,10,Draw,2/17/2019
Alexander_Donchenko,2781,ActiveKids,2635,Black,3 min,blitz,40,Lost,2/17/2019
Alexander_Donchenko,2793,ActiveKids,2623,White,3 min,blitz,54,Lost,2/17/2019
Alexander_Donchenko,2805,Alexander_Khlebovich,2734,Black,3 min,blitz,44,Lost,2/17/2019
Alexander_Donchenko,2815,OliverKromvel,2615,Black,3 min,blitz,45,Won,2/17/2019
Alexander_Donchenko,2811,OliverKromvel,2619,White,3 min,blitz,36,Won,2/17/2019
Alexander_Donchenko,2807,Fighterman91,2677,Black,3 min,blitz,38,Won,2/15/2019
Alexander_Donchenko,2802,Fighterman91,2682,White,3 min,blitz,24,Won,2/15/2019
Alexander_Donchenko,2796,maciek_92,2783,Black,3 min,blitz,59,Lost,2/15/2019
Alexander_Donchenko,2805,maciek_92,2774,White,3 min,blitz,64,Won,2/15/2019
Alexander_Donchenko,2797,maciek_92,2782,Black,3 min,blitz,72,Lost,2/15/2019
Alexander_Donchenko,2806,maciek_92,2773,White,3 min,blitz,60,Won,2/15/2019
Alexander_Donchenko,2798,gmgamil,2707,Black,3 min,blitz,29,Won,2/14/2019
Alexander_Donchenko,2792,gmgamil,2713,White,3 min,blitz,61,Won,2/14/2019
Alexander_Donchenko,2785,gmgamil,2720,Black,3 min,blitz,53,Won,2/14/2019
Alexander_Donchenko,2778,gmgamil,2727,White,3 min,blitz,28,Won,2/14/2019
Alexander_Donchenko,2771,gmgamil,2734,Black,3 min,blitz,33,Won,2/14/2019
Alexander_Donchenko,2764,gmgamil,2741,White,3 min,blitz,68,Lost,2/14/2019
Alexander_Donchenko,2773,gmgamil,2732,Black,3 min,blitz,49,Won,2/14/2019
Alexander_Donchenko,2766,gmgamil,2739,White,3 min,blitz,34,Won,2/14/2019
Alexander_Donchenko,2758,gmgamil,2747,Black,3 min,blitz,45,Lost,2/14/2019
Alexander_Donchenko,2767,nikiyule,2774,White,3 min,blitz,81,Won,2/13/2019
Alexander_Donchenko,2758,nikiyule,2783,Black,3 min,blitz,37,Won,2/13/2019
Alexander_Donchenko,2749,nikiyule,2792,White,3 min,blitz,79,Won,2/13/2019
Alexander_Donchenko,2740,nikiyule,2801,Black,3 min,blitz,30,Lost,2/13/2019
Alexander_Donchenko,2747,nikiyule,2794,White,3 min,blitz,21,Won,2/13/2019
Alexander_Donchenko,2738,nikiyule,2803,Black,3 min,blitz,45,Draw,2/13/2019
Alexander_Donchenko,2736,nikiyule,2805,White,3 min,blitz,75,Won,2/13/2019
Alexander_Donchenko,2726,Alexaarneo,2589,White,3 min,blitz,33,Won,2/13/2019
Alexander_Donchenko,2721,Witik,2710,White,3 min,blitz,51,Lost,2/13/2019
Alexander_Donchenko,2730,Witik,2701,Black,3 min,blitz,27,Won,2/13/2019
Alexander_Donchenko,2722,temus_galaktionov,2606,Black,3 min,blitz,64,Won,2/12/2019
Alexander_Donchenko,2716,temus_galaktionov,2612,White,3 min,blitz,50,Won,2/12/2019
Alexander_Donchenko,2710,temus_galaktionov,2618,Black,3 min,blitz,45,Won,2/12/2019