player,player_rating,opponent,opponent_rating,side,time_control,time_category,moves,result,date
Alexander_Moskalenko,2726,Badmatsyrenov_Oleg,2695,White,3 min,blitz,36,Won,4/6/2019
Alexander_Moskalenko,2718,IMTominho,2714,Black,3 min,blitz,84,Lost,4/6/2019
Alexander_Moskalenko,2727,Orest_Vovk,2341,Black,3 min,blitz,1,Lost,4/5/2019
Alexander_Moskalenko,2742,vuqarrasulov,2840,Black,3 min,blitz,1,Lost,4/5/2019
Alexander_Moskalenko,2748,GMKrikor,2732,Black,3 min,blitz,26,Lost,4/5/2019
Alexander_Moskalenko,2757,CuteRook,2392,White,3 min,blitz,77,Won,4/5/2019
Alexander_Moskalenko,2755,IrResistibLe2003,2341,White,3 min,blitz,27,Lost,4/5/2019
Alexander_Moskalenko,2770,SergejRachmaninoff,2316,Black,3 min,blitz,36,Lost,4/5/2019
Alexander_Moskalenko,2785,vuqarrasulov,2864,White,3 min,blitz,23,Lost,4/5/2019
Alexander_Moskalenko,2792,CaptainCasanova,2784,Black,3 min,blitz,86,Lost,4/5/2019
Alexander_Moskalenko,2801,yoavjm_2004,2694,Black,3 min,blitz,25,Won,4/4/2019
Alexander_Moskalenko,2795,yoavjm_2004,2700,White,3 min,blitz,73,Won,4/4/2019
Alexander_Moskalenko,2789,SteelSpider,2828,Black,3 min,blitz,64,Lost,3/31/2019
Alexander_Moskalenko,2796,SteelSpider,2821,White,3 min,blitz,55,Draw,3/31/2019
Alexander_Moskalenko,2795,MyAirPlane_999,2758,Black,3 min,blitz,31,Draw,3/31/2019
Alexander_Moskalenko,2796,MyAirPlane_999,2757,White,3 min,blitz,70,Lost,3/31/2019
Alexander_Moskalenko,2805,MyAirPlane_999,2748,Black,3 min,blitz,65,Won,3/31/2019
Alexander_Moskalenko,2798,MyAirPlane_999,2755,White,3 min,blitz,50,Won,3/31/2019
Alexander_Moskalenko,2791,MatsenkoSergey,2768,White,3 min,blitz,18,Won,3/31/2019
Alexander_Moskalenko,2783,MatsenkoSergey,2776,Black,3 min,blitz,18,Draw,3/31/2019
Alexander_Moskalenko,2783,MatsenkoSergey,2776,White,3 min,blitz,58,Draw,3/31/2019
Alexander_Moskalenko,2783,MatsenkoSergey,2776,Black,3 min,blitz,52,Lost,3/31/2019
Alexander_Moskalenko,2792,MatsenkoSergey,2767,White,3 min,blitz,10,Lost,3/31/2019
Alexander_Moskalenko,2801,MatsenkoSergey,2758,Black,3 min,blitz,67,Lost,3/31/2019
Alexander_Moskalenko,2810,MatsenkoSergey,2749,White,3 min,blitz,42,Won,3/31/2019
Alexander_Moskalenko,2803,kosya4ok,2799,Black,3 min,blitz,10,Draw,3/31/2019
Alexander_Moskalenko,2803,kosya4ok,2799,White,3 min,blitz,38,Lost,3/31/2019
Alexander_Moskalenko,2811,kosya4ok,2791,Black,3 min,blitz,29,Won,3/31/2019
Alexander_Moskalenko,2803,kosya4ok,2799,White,3 min,blitz,36,Won,3/31/2019
Alexander_Moskalenko,2795,kosya4ok,2807,Black,3 min,blitz,36,Lost,3/31/2019
Alexander_Moskalenko,2803,kosya4ok,2799,White,3 min,blitz,23,Lost,3/31/2019
Alexander_Moskalenko,2812,kosya4ok,2790,Black,3 min,blitz,75,Lost,3/31/2019
Alexander_Moskalenko,2821,kosya4ok,2781,White,3 min,blitz,31,Won,3/31/2019
Alexander_Moskalenko,2814,kosya4ok,2788,Black,3 min,blitz,39,Draw,3/31/2019
Alexander_Moskalenko,2815,kosya4ok,2787,White,3 min,blitz,36,Draw,3/31/2019
Alexander_Moskalenko,2816,kosya4ok,2786,Black,3 min,blitz,32,Won,3/31/2019
Alexander_Moskalenko,2808,kosya4ok,2794,White,3 min,blitz,17,Lost,3/31/2019
Alexander_Moskalenko,2817,kosya4ok,2785,Black,3 min,blitz,71,Won,3/31/2019
Alexander_Moskalenko,2809,honestgirl,2819,White,3 min,blitz,41,Draw,3/30/2019
Alexander_Moskalenko,2809,Rafa-Nadal,2936,Black,3 min,blitz,35,Lost,3/30/2019
Alexander_Moskalenko,2814,Rafa-Nadal,2931,White,3 min,blitz,20,Lost,3/30/2019
Alexander_Moskalenko,2820,Rafa-Nadal,2925,Black,3 min,blitz,44,Draw,3/30/2019
Alexander_Moskalenko,2818,Rafa-Nadal,2927,White,3 min,blitz,52,Draw,3/30/2019
Alexander_Moskalenko,2816,Rafa-Nadal,2929,Black,3 min,blitz,39,Lost,3/30/2019
Alexander_Moskalenko,2822,Rafa-Nadal,2923,White,3 min,blitz,48,Draw,3/30/2019
Alexander_Moskalenko,2820,Lunaticx,2879,Black,3 min,blitz,10,Lost,3/20/2019
Alexander_Moskalenko,2827,Lunaticx,2872,White,3 min,blitz,89,Draw,3/20/2019
Alexander_Moskalenko,2826,ShimanovAlex,2848,Black,3 min,blitz,37,Lost,3/18/2019
Alexander_Moskalenko,2834,ShimanovAlex,2840,White,3 min,blitz,42,Draw,3/18/2019
Alexander_Moskalenko,2834,ShimanovAlex,2840,Black,3 min,blitz,80,Lost,3/18/2019