player,player_rating,opponent,opponent_rating,side,time_control,time_category,moves,result,date
Alexander_Moskalenko,2517,kliza_igor,2381,Black,1 min,bullet,44,Won,6/15/2016
Alexander_Moskalenko,2487,olgerts_indricans,2419,White,1 min,bullet,40,Won,6/15/2016
Alexander_Moskalenko,2444,olgerts_indricans,2427,Black,1 min,bullet,54,Won,6/15/2016
Alexander_Moskalenko,2388,olgerts_indricans,2436,White,1 min,bullet,46,Lost,6/15/2016
Alexander_Moskalenko,2448,TheAnalyst7,2389,White,1 min,bullet,37,Won,6/15/2016
Alexander_Moskalenko,2380,lobovanvliet,2198,Black,1 min,bullet,39,Won,6/15/2016
Alexander_Moskalenko,2326,muncettin,2414,Black,1 min,bullet,43,Lost,6/14/2016
Alexander_Moskalenko,2417,Vladimir_Rukavishnik,2263,White,1 min,bullet,35,Won,6/14/2016
Alexander_Moskalenko,2323,naughtydancho,2256,Black,1 min,bullet,37,Won,6/14/2016
Alexander_Moskalenko,2164,nickkek,1997,White,1 min,bullet,40,Won,6/14/2016