player,player_rating,opponent,opponent_rating,side,time_control,time_category,moves,result,date
Alexander_Donchenko,2654,SamF64,2544,Black,1 min,bullet,60,Won,4/3/2016
Alexander_Donchenko,2648,SamF64,2550,White,1 min,bullet,41,Lost,4/3/2016
Alexander_Donchenko,2659,SamF64,2539,Black,1 min,bullet,45,Won,4/3/2016
Alexander_Donchenko,2653,SamF64,2545,White,1 min,bullet,37,Won,4/3/2016
Alexander_Donchenko,2647,SamF64,2551,Black,1 min,bullet,31,Lost,4/3/2016
Alexander_Donchenko,2658,SamF64,2540,White,1 min,bullet,54,Won,4/3/2016
Alexander_Donchenko,2652,SamF64,2546,Black,1 min,bullet,46,Won,4/3/2016
Alexander_Donchenko,2646,SamF64,2552,White,1 min,bullet,39,Won,4/3/2016
Alexander_Donchenko,2640,platy3,2775,Black,1 min,bullet,59,Lost,3/29/2016
Alexander_Donchenko,2645,platy3,2770,White,1 min,bullet,21,Lost,3/29/2016
Alexander_Donchenko,2650,platy3,2765,Black,1 min,bullet,54,Lost,3/29/2016
Alexander_Donchenko,2656,platy3,2759,White,1 min,bullet,37,Lost,3/29/2016
Alexander_Donchenko,2662,dontcallmegaga,2571,White,1 min,bullet,40,Lost,3/21/2016
Alexander_Donchenko,2672,dontcallmegaga,2561,Black,1 min,bullet,23,Draw,3/21/2016
Alexander_Donchenko,2675,Divertissement,2655,Black,1 min,bullet,50,Lost,3/17/2016
Alexander_Donchenko,2684,Divertissement,2646,White,1 min,bullet,82,Lost,3/17/2016
Alexander_Donchenko,2693,pKiLz5Rn9b,2676,White,1 min,bullet,23,Won,3/14/2016
Alexander_Donchenko,2685,pKiLz5Rn9b,2684,Black,1 min,bullet,37,Won,3/14/2016
Alexander_Donchenko,2677,pKiLz5Rn9b,2692,White,1 min,bullet,62,Lost,3/14/2016
Alexander_Donchenko,2685,pKiLz5Rn9b,2684,Black,1 min,bullet,34,Lost,3/14/2016
Alexander_Donchenko,2693,pKiLz5Rn9b,2676,White,1 min,bullet,36,Lost,3/14/2016
Alexander_Donchenko,2702,pKiLz5Rn9b,2667,Black,1 min,bullet,34,Draw,3/14/2016
Alexander_Donchenko,2703,sokua,2630,White,1 min,bullet,20,Won,3/9/2016
Alexander_Donchenko,2696,sokua,2636,Black,1 min,bullet,54,Won,3/9/2016
Alexander_Donchenko,2689,sokua,2643,White,1 min,bullet,44,Won,3/9/2016
Alexander_Donchenko,2681,sokua,2650,Black,1 min,bullet,52,Won,3/9/2016
Alexander_Donchenko,2673,sokua,2657,White,1 min,bullet,47,Lost,3/9/2016
Alexander_Donchenko,2681,sokua,2648,Black,1 min,bullet,30,Lost,3/9/2016
Alexander_Donchenko,2690,sokua,2639,White,1 min,bullet,58,Won,3/9/2016
Alexander_Donchenko,2683,sokua,2646,Black,1 min,bullet,47,Won,3/9/2016
Alexander_Donchenko,2675,sokua,2653,White,1 min,bullet,59,Won,3/9/2016
Alexander_Donchenko,2667,sokua,2661,Black,1 min,bullet,72,Draw,3/9/2016
Alexander_Donchenko,2667,sokua,2661,White,1 min,bullet,44,Won,3/9/2016
Alexander_Donchenko,2659,sokua,2669,Black,1 min,bullet,34,Won,3/9/2016
Alexander_Donchenko,2650,sokua,2677,White,1 min,bullet,51,Lost,3/9/2016
Alexander_Donchenko,2658,sokua,2669,Black,1 min,bullet,8,Won,3/9/2016
Alexander_Donchenko,2649,sokua,2677,White,1 min,bullet,62,Lost,3/9/2016
Alexander_Donchenko,2656,sokua,2669,Black,1 min,bullet,39,Won,3/9/2016
Alexander_Donchenko,2647,sokua,2677,White,1 min,bullet,36,Lost,3/9/2016
Alexander_Donchenko,2654,sokua,2669,Black,1 min,bullet,27,Lost,3/9/2016
Alexander_Donchenko,2662,sokua,2661,White,1 min,bullet,40,Lost,3/9/2016
Alexander_Donchenko,2670,sokua,2652,Black,1 min,bullet,88,Won,3/9/2016
Alexander_Donchenko,2662,sokua,2660,White,1 min,bullet,26,Lost,3/9/2016
Alexander_Donchenko,2670,sokua,2651,Black,1 min,bullet,35,Draw,3/9/2016
Alexander_Donchenko,2670,yarosavich,2640,White,1 min,bullet,21,Won,2/29/2016
Alexander_Donchenko,2662,yarosavich,2647,Black,1 min,bullet,46,Won,2/29/2016
Alexander_Donchenko,2654,yarosavich,2655,White,1 min,bullet,32,Won,2/29/2016
Alexander_Donchenko,2645,yarosavich,2663,Black,1 min,bullet,56,Lost,2/29/2016
Alexander_Donchenko,2653,yarosavich,2655,White,1 min,bullet,32,Won,2/29/2016
Alexander_Donchenko,2644,yarosavich,2663,Black,1 min,bullet,35,Draw,2/29/2016