player,player_rating,opponent,opponent_rating,side,time_control,time_category,moves,result,date
Alexander_Zubov,2901,SaraciNderim,2708,Black,1 min,bullet,48,Won,1/18/2019
Alexander_Zubov,2897,SaraciNderim,2712,White,1 min,bullet,25,Won,1/18/2019
Alexander_Zubov,2893,SaraciNderim,2716,Black,1 min,bullet,37,Won,1/18/2019
Alexander_Zubov,2889,SaraciNderim,2720,White,1 min,bullet,59,Won,1/18/2019
Alexander_Zubov,2884,SaraciNderim,2725,Black,1 min,bullet,60,Won,1/18/2019
Alexander_Zubov,2879,SaraciNderim,2730,White,1 min,bullet,40,Won,1/18/2019
Alexander_Zubov,2874,SaraciNderim,2735,Black,1 min,bullet,42,Lost,1/18/2019
Alexander_Zubov,2885,SaraciNderim,2724,White,1 min,bullet,69,Won,1/18/2019
Alexander_Zubov,2880,SaraciNderim,2729,Black,1 min,bullet,34,Won,1/18/2019
Alexander_Zubov,2875,SaraciNderim,2734,White,1 min,bullet,77,Lost,1/18/2019
Alexander_Zubov,2887,SaraciNderim,2722,Black,1 min,bullet,37,Won,1/18/2019
Alexander_Zubov,2882,SaraciNderim,2727,White,1 min,bullet,57,Lost,1/18/2019
Alexander_Zubov,2894,SaraciNderim,2715,Black,1 min,bullet,59,Won,1/18/2019
Alexander_Zubov,2890,SaraciNderim,2719,White,1 min,bullet,27,Won,1/18/2019
Alexander_Zubov,2885,SaraciNderim,2724,Black,1 min,bullet,44,Lost,1/18/2019
Alexander_Zubov,2897,SaraciNderim,2712,White,1 min,bullet,27,Won,1/18/2019
Alexander_Zubov,2893,SaraciNderim,2716,Black,1 min,bullet,29,Won,1/18/2019
Alexander_Zubov,2889,SaraciNderim,2720,White,1 min,bullet,44,Won,1/18/2019
Alexander_Zubov,2884,SaraciNderim,2725,Black,1 min,bullet,22,Won,1/18/2019
Alexander_Zubov,2879,SaraciNderim,2730,White,1 min,bullet,34,Lost,1/18/2019
Alexander_Zubov,2891,SaraciNderim,2718,Black,1 min,bullet,31,Won,1/18/2019
Alexander_Zubov,2887,SaraciNderim,2723,White,1 min,bullet,28,Won,1/18/2019
Alexander_Zubov,2882,SaraciNderim,2728,Black,1 min,bullet,40,Draw,1/18/2019
Alexander_Zubov,2885,SaraciNderim,2725,White,1 min,bullet,66,Draw,1/18/2019
Alexander_Zubov,2889,Lordillidan,2923,White,1 min,bullet,43,Won,12/10/2018
Alexander_Zubov,2880,Lordillidan,2932,Black,1 min,bullet,25,Won,12/10/2018
Alexander_Zubov,2870,Lordillidan,2942,White,1 min,bullet,67,Draw,12/10/2018
Alexander_Zubov,2868,Lordillidan,2944,Black,1 min,bullet,65,Draw,12/10/2018
Alexander_Zubov,2866,Lordillidan,2946,White,1 min,bullet,26,Won,12/10/2018
Alexander_Zubov,2856,Lordillidan,2956,Black,1 min,bullet,34,Won,12/10/2018
Alexander_Zubov,2845,Lordillidan,2967,White,1 min,bullet,28,Lost,12/10/2018
Alexander_Zubov,2851,Lordillidan,2961,Black,1 min,bullet,40,Lost,12/10/2018
Alexander_Zubov,2857,Lordillidan,2955,White,1 min,bullet,38,Lost,12/10/2018
Alexander_Zubov,2863,Lordillidan,2949,Black,1 min,bullet,39,Lost,12/10/2018
Alexander_Zubov,2869,Lordillidan,2943,White,1 min,bullet,19,Lost,12/10/2018
Alexander_Zubov,2876,Lordillidan,2936,Black,1 min,bullet,16,Lost,12/10/2018
Alexander_Zubov,2883,Lordillidan,2929,White,1 min,bullet,60,Lost,12/10/2018
Alexander_Zubov,2890,Lordillidan,2922,Black,1 min,bullet,34,Won,12/10/2018
Alexander_Zubov,2881,Lordillidan,2931,White,1 min,bullet,38,Won,12/10/2018
Alexander_Zubov,2871,Lordillidan,2941,Black,1 min,bullet,28,Won,12/10/2018
Alexander_Zubov,2861,Lordillidan,2951,White,1 min,bullet,24,Lost,12/10/2018
Alexander_Zubov,2867,Lordillidan,2945,Black,1 min,bullet,70,Won,12/10/2018
Alexander_Zubov,2857,Lordillidan,2955,White,1 min,bullet,65,Draw,12/10/2018
Alexander_Zubov,2855,Lordillidan,2957,Black,1 min,bullet,65,Won,12/10/2018
Alexander_Zubov,2844,Lordillidan,2968,White,1 min,bullet,25,Lost,12/10/2018
Alexander_Zubov,2849,Lordillidan,2962,Black,1 min,bullet,35,Lost,12/10/2018
Alexander_Zubov,2855,Lordillidan,2956,White,1 min,bullet,22,Lost,12/10/2018
Alexander_Zubov,2861,Lordillidan,2950,Black,1 min,bullet,51,Lost,12/10/2018
Alexander_Zubov,2867,Lordillidan,2944,White,1 min,bullet,60,Lost,12/10/2018
Alexander_Zubov,2874,spectralsoul,2705,Black,1 min,bullet,41,Won,12/10/2018