player,player_rating,opponent,opponent_rating,side,time_control,time_category,moves,result,date
Alexander_Donchenko,2704,Kikissgwene,2552,White,3 min,blitz,25,Won,2/12/2019
Alexander_Donchenko,2699,Obito24,2601,Black,3 min,blitz,35,Won,2/12/2019
Alexander_Donchenko,2693,Stree,2667,White,3 min,blitz,65,Won,2/12/2019
Alexander_Donchenko,2685,Ghost-Brigade,2512,White,3 min,blitz,45,Won,2/12/2019
Alexander_Donchenko,2680,Ghost-Brigade,2517,Black,3 min,blitz,54,Won,2/12/2019
Alexander_Donchenko,2675,Ghost-Brigade,2522,White,3 min,blitz,23,Won,2/12/2019
Alexander_Donchenko,2670,Erik_Obgolts,2704,White,3 min,blitz,35,Lost,2/12/2019
Alexander_Donchenko,2678,ZeRo_Tw0,2715,Black,3 min,blitz,40,Lost,2/11/2019
Alexander_Donchenko,2685,GABUZYAN_CHESSMOOD,2721,Black,3 min,blitz,54,Lost,2/10/2019
Alexander_Donchenko,2692,wnstop,2616,White,3 min,blitz,32,Lost,2/10/2019
Alexander_Donchenko,2702,Rethinking_fables,2602,Black,3 min,blitz,60,Lost,2/10/2019
Alexander_Donchenko,2713,Rethinking_fables,2591,White,3 min,blitz,21,Won,2/10/2019
Alexander_Donchenko,2707,vladimirdamjanovic,2518,White,3 min,blitz,49,Won,2/9/2019
Alexander_Donchenko,2703,vladimirdamjanovic,2522,Black,3 min,blitz,63,Draw,2/9/2019
Alexander_Donchenko,2707,Bernd_Stromberg,2581,White,3 min,blitz,46,Won,2/9/2019
Alexander_Donchenko,2702,Bernd_Stromberg,2586,Black,3 min,blitz,41,Won,2/9/2019
Alexander_Donchenko,2696,abykhovsky,2705,Black,3 min,blitz,55,Won,2/9/2019
Alexander_Donchenko,2687,abykhovsky,2714,White,3 min,blitz,38,Won,2/9/2019
Alexander_Donchenko,2678,Bryakin_Mikhail,2651,Black,3 min,blitz,56,Lost,2/8/2019
Alexander_Donchenko,2687,13_MiRacLe,2556,Black,3 min,blitz,105,Won,2/8/2019
Alexander_Donchenko,2682,ficorrales,2754,Black,3 min,blitz,62,Lost,2/8/2019
Alexander_Donchenko,2689,ficorrales,2747,White,3 min,blitz,81,Lost,2/8/2019
Alexander_Donchenko,2696,erichansen,2822,White,3 min,blitz,40,Won,2/8/2019
Alexander_Donchenko,2685,dangerousfish,2585,White,3 min,blitz,45,Draw,2/8/2019
Alexander_Donchenko,2687,dangerousfish,2583,Black,3 min,blitz,47,Won,2/8/2019
Alexander_Donchenko,2681,Egilstoft1992,2532,Black,3 min,blitz,35,Won,2/8/2019
Alexander_Donchenko,2676,Egilstoft1992,2537,White,3 min,blitz,58,Draw,2/8/2019
Alexander_Donchenko,2679,Al_Shima,2516,Black,3|2,blitz,30,Won,2/6/2019
Alexander_Donchenko,2674,Fins0905,2653,Black,3|2,blitz,73,Lost,2/6/2019
Alexander_Donchenko,2683,Sanan_Sjugirov,2835,White,3|2,blitz,39,Lost,2/6/2019
Alexander_Donchenko,2688,Annawel,2913,White,3|2,blitz,79,Won,2/6/2019
Alexander_Donchenko,2675,regular_legs,2481,Black,3|2,blitz,36,Won,2/6/2019
Alexander_Donchenko,2671,ChessWarrior7197,2877,White,3|2,blitz,43,Lost,2/6/2019
Alexander_Donchenko,2675,Pilopa,2472,Black,3|2,blitz,30,Won,2/5/2019
Alexander_Donchenko,2671,Grischuk,3040,Black,3|2,blitz,24,Lost,2/5/2019
Alexander_Donchenko,2673,moro182,2751,White,3|2,blitz,39,Won,2/5/2019
Alexander_Donchenko,2662,Rakesh,2297,White,3|2,blitz,82,Won,2/5/2019
Alexander_Donchenko,2660,maciek_92,2708,Black,3 min,blitz,54,Won,1/15/2019
Alexander_Donchenko,2650,maciek_92,2718,White,3 min,blitz,2,Draw,1/15/2019
Alexander_Donchenko,2644,Edgar_Karagyozyan,2587,Black,3 min,blitz,71,Lost,1/8/2019
Alexander_Donchenko,2654,Edgar_Karagyozyan,2577,White,3 min,blitz,53,Draw,1/8/2019
Alexander_Donchenko,2656,Edgar_Karagyozyan,2575,Black,3 min,blitz,76,Won,1/8/2019
Alexander_Donchenko,2650,agimoto,2829,Black,3 min,blitz,20,Lost,1/8/2019
Alexander_Donchenko,2654,snowlord,2703,White,3|2,blitz,23,Lost,1/2/2019
Alexander_Donchenko,2661,Berardino,2417,Black,3|2,blitz,93,Draw,1/2/2019
Alexander_Donchenko,2666,Bigfish1995,2916,White,3|2,blitz,34,Lost,1/2/2019
Alexander_Donchenko,2669,Shant_Sargsyan,2946,Black,3|2,blitz,31,Won,1/2/2019
Alexander_Donchenko,2655,MikePerelshteyn,2405,White,3|2,blitz,46,Won,1/1/2019
Alexander_Donchenko,2651,Zenzo,2530,Black,3|2,blitz,44,Won,1/1/2019
Alexander_Donchenko,2645,tigra,2780,White,3|2,blitz,26,Lost,1/1/2019