player,player_rating,opponent,opponent_rating,side,time_control,time_category,moves,result,date
Alexander_Moskalenko,2676,JelenaKarleusa-SO-18,2604,Black,1 min,bullet,40,Won,11/20/2017
Alexander_Moskalenko,2669,JelenaKarleusa-SO-18,2611,White,1 min,bullet,24,Won,11/20/2017
Alexander_Moskalenko,2662,JelenaKarleusa-SO-18,2618,Black,1 min,bullet,15,Won,11/20/2017
Alexander_Moskalenko,2655,JelenaKarleusa-SO-18,2625,White,1 min,bullet,39,Won,11/20/2017
Alexander_Moskalenko,2647,JelenaKarleusa-SO-18,2633,Black,1 min,bullet,29,Lost,11/20/2017
Alexander_Moskalenko,2656,JelenaKarleusa-SO-18,2624,White,1 min,bullet,72,Won,11/20/2017
Alexander_Moskalenko,2648,JelenaKarleusa-SO-18,2632,Black,1 min,bullet,20,Won,11/20/2017
Alexander_Moskalenko,2640,JelenaKarleusa-SO-18,2640,White,1 min,bullet,45,Draw,11/20/2017
Alexander_Moskalenko,2640,JelenaKarleusa-SO-18,2640,Black,1 min,bullet,34,Won,11/20/2017
Alexander_Moskalenko,2632,vladimirminko,2644,Black,1 min,bullet,43,Lost,11/19/2017
Alexander_Moskalenko,2640,vladimirminko,2636,White,1 min,bullet,37,Lost,11/19/2017
Alexander_Moskalenko,2648,vladimirminko,2628,Black,1 min,bullet,37,Won,11/19/2017
Alexander_Moskalenko,2640,vladimirminko,2636,White,1 min,bullet,27,Won,11/19/2017
Alexander_Moskalenko,2631,vladimirminko,2644,Black,1 min,bullet,34,Lost,11/19/2017
Alexander_Moskalenko,2640,vladimirminko,2636,White,1 min,bullet,57,Lost,11/19/2017
Alexander_Moskalenko,2649,vladimirminko,2628,Black,1 min,bullet,72,Draw,11/19/2017
Alexander_Moskalenko,2650,vladimirminko,2628,White,1 min,bullet,63,Draw,11/19/2017
Alexander_Moskalenko,2651,vladimirminko,2627,Black,1 min,bullet,23,Lost,11/19/2017
Alexander_Moskalenko,2661,vladimirminko,2618,White,1 min,bullet,46,Lost,11/19/2017
Alexander_Moskalenko,2672,vladimirminko,2609,Black,1 min,bullet,61,Won,11/19/2017
Alexander_Moskalenko,2664,TampaChess,2600,White,1 min,bullet,55,Won,11/19/2017
Alexander_Moskalenko,2655,TampaChess,2607,Black,1 min,bullet,50,Won,11/19/2017
Alexander_Moskalenko,2646,GothamChess,2625,Black,1 min,bullet,33,Won,11/19/2017
Alexander_Moskalenko,2635,GothamChess,2633,White,1 min,bullet,49,Won,11/19/2017
Alexander_Moskalenko,2623,GothamChess,2641,Black,1 min,bullet,73,Lost,11/19/2017
Alexander_Moskalenko,2634,Artooooo,2592,Black,1 min,bullet,35,Won,10/22/2017
Alexander_Moskalenko,2626,Artooooo,2599,White,1 min,bullet,74,Lost,10/22/2017
Alexander_Moskalenko,2637,Artooooo,2590,Black,1 min,bullet,32,Won,10/22/2017
Alexander_Moskalenko,2628,Artooooo,2597,White,1 min,bullet,57,Won,10/22/2017
Alexander_Moskalenko,2618,Artooooo,2605,Black,1 min,bullet,54,Lost,10/22/2017
Alexander_Moskalenko,2629,Artooooo,2596,White,1 min,bullet,101,Draw,10/22/2017
Alexander_Moskalenko,2630,Artooooo,2595,Black,1 min,bullet,63,Lost,10/22/2017
Alexander_Moskalenko,2642,Artooooo,2586,White,1 min,bullet,27,Won,10/22/2017
Alexander_Moskalenko,2632,alinen,2541,Black,1 min,bullet,36,Won,10/19/2017
Alexander_Moskalenko,2623,alinen,2547,White,1 min,bullet,74,Won,10/19/2017
Alexander_Moskalenko,2613,alinen,2554,Black,1 min,bullet,28,Won,10/19/2017
Alexander_Moskalenko,2602,alinen,2561,White,1 min,bullet,49,Won,10/19/2017
Alexander_Moskalenko,2590,alinen,2568,Black,1 min,bullet,56,Won,10/19/2017
Alexander_Moskalenko,2577,alinen,2576,White,1 min,bullet,55,Lost,10/19/2017
Alexander_Moskalenko,2591,alinen,2567,Black,1 min,bullet,58,Lost,10/19/2017
Alexander_Moskalenko,2606,alinen,2558,White,1 min,bullet,28,Won,10/19/2017
Alexander_Moskalenko,2593,alinen,2565,Black,1 min,bullet,57,Lost,10/19/2017
Alexander_Moskalenko,2610,alinen,2556,White,1 min,bullet,39,Won,10/19/2017
Alexander_Moskalenko,2596,alinen,2563,Black,1 min,bullet,67,Won,10/19/2017
Alexander_Moskalenko,2580,alinen,2571,White,1 min,bullet,42,Lost,10/19/2017
Alexander_Moskalenko,2598,alinen,2562,Black,1 min,bullet,73,Lost,10/19/2017
Alexander_Moskalenko,2619,alinen,2553,White,1 min,bullet,12,Won,10/19/2017
Alexander_Moskalenko,2603,alinen,2560,Black,1 min,bullet,87,Won,10/19/2017
Alexander_Moskalenko,2585,alinen,2568,White,1 min,bullet,54,Lost,10/19/2017
Alexander_Moskalenko,2608,Dhaydon19,2653,White,1 min,bullet,60,Lost,10/19/2017