player,player_rating,opponent,opponent_rating,side,time_control,time_category,moves,result,date
Alexander_Donchenko,2644,yarosavich,2663,White,1 min,bullet,23,Won,2/29/2016
Alexander_Donchenko,2635,yarosavich,2672,Black,1 min,bullet,52,Lost,2/29/2016
Alexander_Donchenko,2642,yarosavich,2664,White,1 min,bullet,71,Draw,2/29/2016
Alexander_Donchenko,2641,yarosavich,2665,Black,1 min,bullet,26,Lost,2/29/2016
Alexander_Donchenko,2649,adypady02,2694,Black,1 min,bullet,31,Lost,2/29/2016
Alexander_Donchenko,2656,adypady02,2686,White,1 min,bullet,67,Lost,2/29/2016
Alexander_Donchenko,2663,adypady02,2678,Black,1 min,bullet,65,Lost,2/29/2016
Alexander_Donchenko,2671,adypady02,2670,White,1 min,bullet,23,Won,2/29/2016
Alexander_Donchenko,2662,adypady02,2678,Black,1 min,bullet,65,Won,2/29/2016
Alexander_Donchenko,2653,adypady02,2687,White,1 min,bullet,68,Lost,2/29/2016
Alexander_Donchenko,2660,adypady02,2679,Black,1 min,bullet,23,Won,2/29/2016
Alexander_Donchenko,2651,adypady02,2688,White,1 min,bullet,67,Lost,2/29/2016
Alexander_Donchenko,2658,adypady02,2680,Black,1 min,bullet,47,Won,2/29/2016
Alexander_Donchenko,2649,adypady02,2689,White,1 min,bullet,60,Won,2/29/2016
Alexander_Donchenko,2639,adypady02,2698,Black,1 min,bullet,67,Won,2/29/2016
Alexander_Donchenko,2629,adypady02,2707,White,1 min,bullet,38,Won,2/29/2016
Alexander_Donchenko,2619,adypady02,2717,Black,1 min,bullet,60,Lost,2/29/2016
Alexander_Donchenko,2625,adypady02,2711,White,1 min,bullet,59,Lost,2/29/2016
Alexander_Donchenko,2631,adypady02,2704,Black,1 min,bullet,48,Draw,2/29/2016
Alexander_Donchenko,2629,adypady02,2706,White,1 min,bullet,78,Lost,2/29/2016
Alexander_Donchenko,2635,adypady02,2699,Black,1 min,bullet,26,Won,2/29/2016
Alexander_Donchenko,2625,adypady02,2709,White,1 min,bullet,44,Lost,2/29/2016
Alexander_Donchenko,2631,adypady02,2702,Black,1 min,bullet,75,Lost,2/29/2016
Alexander_Donchenko,2638,adypady02,2695,White,1 min,bullet,71,Draw,2/29/2016
Alexander_Donchenko,2637,spectralsoul,2679,Black,1 min,bullet,29,Lost,2/29/2016
Alexander_Donchenko,2644,spectralsoul,2671,White,1 min,bullet,22,Won,2/29/2016
Alexander_Donchenko,2635,spectralsoul,2680,Black,1 min,bullet,38,Lost,2/29/2016
Alexander_Donchenko,2642,spectralsoul,2672,White,1 min,bullet,30,Won,2/29/2016
Alexander_Donchenko,2633,spectralsoul,2681,Black,1 min,bullet,37,Lost,2/29/2016
Alexander_Donchenko,2640,spectralsoul,2674,White,1 min,bullet,16,Won,2/29/2016
Alexander_Donchenko,2631,spectralsoul,2683,Black,1 min,bullet,76,Won,2/29/2016
Alexander_Donchenko,2621,spectralsoul,2692,White,1 min,bullet,42,Lost,2/29/2016
Alexander_Donchenko,2628,spectralsoul,2685,Black,1 min,bullet,31,Lost,2/29/2016
Alexander_Donchenko,2635,spectralsoul,2678,White,1 min,bullet,46,Won,2/29/2016
Alexander_Donchenko,2625,Gevorg_Harutjunyan,2618,Black,1 min,bullet,55,Won,2/25/2016
Alexander_Donchenko,2617,Gevorg_Harutjunyan,2626,White,1 min,bullet,44,Won,2/25/2016
Alexander_Donchenko,2608,pKiLz5Rn9b,2559,White,1 min,bullet,26,Won,2/23/2016
Alexander_Donchenko,2601,pKiLz5Rn9b,2566,Black,1 min,bullet,46,Won,2/23/2016
Alexander_Donchenko,2593,pKiLz5Rn9b,2573,White,1 min,bullet,63,Lost,2/23/2016
Alexander_Donchenko,2602,pKiLz5Rn9b,2564,Black,1 min,bullet,43,Won,2/23/2016
Alexander_Donchenko,2594,pKiLz5Rn9b,2571,White,1 min,bullet,57,Lost,2/23/2016
Alexander_Donchenko,2603,pKiLz5Rn9b,2562,Black,1 min,bullet,28,Won,2/23/2016
Alexander_Donchenko,2595,pKiLz5Rn9b,2569,White,1 min,bullet,35,Won,2/23/2016
Alexander_Donchenko,2587,pKiLz5Rn9b,2577,Black,1 min,bullet,53,Draw,2/23/2016
Alexander_Donchenko,2587,pKiLz5Rn9b,2577,White,1 min,bullet,27,Won,2/23/2016
Alexander_Donchenko,2579,pKiLz5Rn9b,2585,Black,1 min,bullet,59,Lost,2/23/2016
Alexander_Donchenko,2587,GeorgMeier,2778,Black,1 min,bullet,19,Lost,2/15/2016
Alexander_Donchenko,2591,GeorgMeier,2774,White,1 min,bullet,25,Lost,2/15/2016
Alexander_Donchenko,2595,GeorgMeier,2770,Black,1 min,bullet,64,Lost,2/15/2016
Alexander_Donchenko,2599,GeorgMeier,2765,White,1 min,bullet,71,Lost,2/15/2016