player,player_rating,opponent,opponent_rating,side,time_control,time_category,moves,result,date
Alexander_Donchenko,2691,SomePatzer,2714,White,1 min,bullet,47,Lost,4/30/2016
Alexander_Donchenko,2699,SomePatzer,2706,Black,1 min,bullet,34,Lost,4/30/2016
Alexander_Donchenko,2707,SomePatzer,2698,White,1 min,bullet,37,Lost,4/30/2016
Alexander_Donchenko,2716,SomePatzer,2689,Black,1 min,bullet,30,Won,4/30/2016
Alexander_Donchenko,2708,SomePatzer,2697,White,1 min,bullet,63,Lost,4/30/2016
Alexander_Donchenko,2717,SomePatzer,2726,Black,1 min,bullet,62,Lost,4/30/2016
Alexander_Donchenko,2725,platy3,2850,Black,1 min,bullet,84,Won,4/28/2016
Alexander_Donchenko,2714,platy3,2861,White,1 min,bullet,52,Won,4/28/2016
Alexander_Donchenko,2702,platy3,2873,Black,1 min,bullet,74,Lost,4/28/2016
Alexander_Donchenko,2707,platy3,2868,White,1 min,bullet,37,Lost,4/28/2016
Alexander_Donchenko,2712,platy3,2863,Black,1 min,bullet,78,Lost,4/28/2016
Alexander_Donchenko,2717,platy3,2858,White,1 min,bullet,27,Won,4/28/2016
Alexander_Donchenko,2705,platy3,2870,Black,1 min,bullet,45,Lost,4/28/2016
Alexander_Donchenko,2710,platy3,2865,White,1 min,bullet,35,Won,4/28/2016
Alexander_Donchenko,2698,platy3,2877,Black,1 min,bullet,41,Lost,4/28/2016
Alexander_Donchenko,2702,platy3,2873,White,1 min,bullet,22,Lost,4/28/2016
Alexander_Donchenko,2707,ZapataCharlesS,2613,Black,1 min,bullet,57,Won,4/28/2016
Alexander_Donchenko,2701,ZapataCharlesS,2619,White,1 min,bullet,69,Won,4/28/2016
Alexander_Donchenko,2695,ZapataCharlesS,2625,Black,1 min,bullet,53,Won,4/28/2016
Alexander_Donchenko,2688,ZapataCharlesS,2632,White,1 min,bullet,40,Lost,4/28/2016
Alexander_Donchenko,2698,ZapataCharlesS,2622,Black,1 min,bullet,25,Lost,4/28/2016
Alexander_Donchenko,2708,ZapataCharlesS,2612,White,1 min,bullet,65,Lost,4/28/2016
Alexander_Donchenko,2719,ZapataCharlesS,2601,Black,1 min,bullet,92,Draw,4/28/2016
Alexander_Donchenko,2722,ZapataCharlesS,2598,White,1 min,bullet,64,Won,4/28/2016
Alexander_Donchenko,2716,ZapataCharlesS,2604,Black,1 min,bullet,46,Lost,4/28/2016
Alexander_Donchenko,2727,ZapataCharlesS,2593,White,1 min,bullet,76,Won,4/28/2016
Alexander_Donchenko,2722,ZapataCharlesS,2598,Black,1 min,bullet,60,Won,4/28/2016
Alexander_Donchenko,2716,ZapataCharlesS,2604,White,1 min,bullet,41,Lost,4/28/2016
Alexander_Donchenko,2727,platy3,2882,Black,1 min,bullet,86,Won,4/28/2016
Alexander_Donchenko,2715,platy3,2894,White,1 min,bullet,41,Lost,4/28/2016
Alexander_Donchenko,2719,platy3,2890,Black,1 min,bullet,44,Lost,4/28/2016
Alexander_Donchenko,2724,platy3,2885,White,1 min,bullet,59,Lost,4/28/2016
Alexander_Donchenko,2729,platy3,2880,Black,1 min,bullet,85,Lost,4/28/2016
Alexander_Donchenko,2734,platy3,2875,White,1 min,bullet,26,Won,4/28/2016
Alexander_Donchenko,2723,TheLancer,2550,White,1 min,bullet,66,Won,4/27/2016
Alexander_Donchenko,2719,TheLancer,2554,Black,1 min,bullet,67,Won,4/27/2016
Alexander_Donchenko,2714,TheLancer,2559,White,1 min,bullet,60,Draw,4/27/2016
Alexander_Donchenko,2717,TheLancer,2556,Black,1 min,bullet,43,Lost,4/27/2016
Alexander_Donchenko,2729,TheLancer,2544,White,1 min,bullet,63,Won,4/27/2016
Alexander_Donchenko,2725,TheLancer,2548,Black,1 min,bullet,47,Won,4/27/2016
Alexander_Donchenko,2721,TheLancer,2552,White,1 min,bullet,44,Won,4/27/2016
Alexander_Donchenko,2716,TheLancer,2557,Black,1 min,bullet,74,Won,4/27/2016
Alexander_Donchenko,2711,TheLancer,2562,White,1 min,bullet,44,Won,4/27/2016
Alexander_Donchenko,2706,TheLancer,2567,Black,1 min,bullet,21,Won,4/27/2016
Alexander_Donchenko,2701,TheLancer,2572,White,1 min,bullet,58,Won,4/27/2016
Alexander_Donchenko,2696,TheLancer,2577,Black,1 min,bullet,41,Won,4/27/2016
Alexander_Donchenko,2690,TheLancer,2583,White,1 min,bullet,25,Won,4/27/2016
Alexander_Donchenko,2684,TheLancer,2589,Black,1 min,bullet,94,Lost,4/27/2016
Alexander_Donchenko,2695,TheLancer,2578,White,1 min,bullet,37,Won,4/27/2016
Alexander_Donchenko,2689,TheLancer,2584,Black,1 min,bullet,33,Lost,4/27/2016