player,player_rating,opponent,opponent_rating,side,time_control,time_category,moves,result,date
Alexander_Moskalenko,2580,MAAAAL,2585,Black,1 min,bullet,68,Won,7/14/2016
Alexander_Moskalenko,2571,MAAAAL,2594,White,1 min,bullet,66,Won,7/14/2016
Alexander_Moskalenko,2561,ZapataCharlesS,2667,White,1 min,bullet,49,Won,7/13/2016
Alexander_Moskalenko,2549,ZapataCharlesS,2678,Black,1 min,bullet,22,Lost,7/12/2016
Alexander_Moskalenko,2555,ZapataCharlesS,2673,White,1 min,bullet,36,Lost,7/12/2016
Alexander_Moskalenko,2562,ZapataCharlesS,2667,Black,1 min,bullet,75,Lost,7/12/2016
Alexander_Moskalenko,2569,ChessPeople64,2489,Black,1 min,bullet,32,Won,7/12/2016
Alexander_Moskalenko,2561,ChessPeople64,2495,White,1 min,bullet,20,Won,7/12/2016
Alexander_Moskalenko,2552,ChessPeople64,2502,Black,1 min,bullet,48,Won,7/12/2016
Alexander_Moskalenko,2542,Annawel,2784,Black,1 min,bullet,42,Won,7/9/2016
Alexander_Moskalenko,2525,Annawel,2797,White,1 min,bullet,23,Won,7/9/2016
Alexander_Moskalenko,2507,Annawel,2811,Black,1 min,bullet,75,Lost,7/9/2016
Alexander_Moskalenko,2510,Annawel,2809,White,1 min,bullet,67,Won,7/9/2016
Alexander_Moskalenko,2491,Annawel,2823,Black,1 min,bullet,58,Lost,7/9/2016
Alexander_Moskalenko,2494,Annawel,2821,White,1 min,bullet,62,Lost,7/9/2016
Alexander_Moskalenko,2497,Annawel,2819,Black,1 min,bullet,77,Lost,7/9/2016
Alexander_Moskalenko,2500,Annawel,2817,White,1 min,bullet,16,Lost,7/9/2016
Alexander_Moskalenko,2503,Annawel,2815,Black,1 min,bullet,72,Lost,7/9/2016
Alexander_Moskalenko,2507,Annawel,2813,White,1 min,bullet,50,Lost,7/9/2016
Alexander_Moskalenko,2511,Annawel,2811,Black,1 min,bullet,55,Lost,7/9/2016
Alexander_Moskalenko,2515,Annawel,2808,White,1 min,bullet,33,Lost,7/9/2016
Alexander_Moskalenko,2519,Annawel,2805,Black,1 min,bullet,51,Lost,7/9/2016
Alexander_Moskalenko,2523,Annawel,2802,White,1 min,bullet,54,Lost,7/9/2016
Alexander_Moskalenko,2528,Annawel,2799,Black,1 min,bullet,34,Lost,7/9/2016
Alexander_Moskalenko,2533,Annawel,2796,White,1 min,bullet,41,Lost,7/9/2016
Alexander_Moskalenko,2538,Annawel,2793,Black,1 min,bullet,36,Lost,7/9/2016
Alexander_Moskalenko,2544,Annawel,2790,White,1 min,bullet,26,Won,7/9/2016
Alexander_Moskalenko,2520,Annawel,2803,Black,1 min,bullet,45,Lost,7/9/2016
Alexander_Moskalenko,2525,Annawel,2800,White,1 min,bullet,57,Draw,7/9/2016
Alexander_Moskalenko,2515,levski501,2322,White,1 min,bullet,31,Won,6/28/2016
Alexander_Moskalenko,2507,levski501,2326,Black,1 min,bullet,42,Won,6/28/2016
Alexander_Moskalenko,2499,levski501,2330,White,1 min,bullet,37,Lost,6/28/2016
Alexander_Moskalenko,2522,levski501,2318,Black,1 min,bullet,54,Won,6/28/2016
Alexander_Moskalenko,2514,levski501,2322,White,1 min,bullet,40,Won,6/28/2016
Alexander_Moskalenko,2505,levski501,2326,Black,1 min,bullet,21,Won,6/28/2016
Alexander_Moskalenko,2495,levski501,2331,White,1 min,bullet,54,Won,6/28/2016
Alexander_Moskalenko,2484,levski501,2336,Black,1 min,bullet,23,Won,6/28/2016
Alexander_Moskalenko,2472,Eliwood44,2431,White,1 min,bullet,48,Won,6/24/2016
Alexander_Moskalenko,2454,Eliwood44,2405,Black,1 min,bullet,78,Won,6/24/2016
Alexander_Moskalenko,2435,Eliwood44,2412,White,1 min,bullet,43,Won,6/24/2016
Alexander_Moskalenko,2414,Rikikits,2687,Black,1 min,bullet,43,Lost,6/23/2016
Alexander_Moskalenko,2422,Gomatte,2584,White,1 min,bullet,45,Lost,6/18/2016
Alexander_Moskalenko,2436,AUSSIE_PINOY,2360,Black,1 min,bullet,56,Lost,6/18/2016
Alexander_Moskalenko,2467,AUSSIE_PINOY,2349,White,1 min,bullet,27,Lost,6/18/2016
Alexander_Moskalenko,2503,AUSSIE_PINOY,2337,Black,1 min,bullet,14,Won,6/18/2016
Alexander_Moskalenko,2487,AUSSIE_PINOY,2342,White,1 min,bullet,21,Won,6/18/2016
Alexander_Moskalenko,2468,AUSSIE_PINOY,2347,Black,1 min,bullet,32,Won,6/18/2016
Alexander_Moskalenko,2445,ZapataCharlesS,2640,White,1 min,bullet,50,Lost,6/17/2016
Alexander_Moskalenko,2463,ivanooob,2517,White,1 min,bullet,58,Lost,6/16/2016
Alexander_Moskalenko,2496,Hayk2000,2694,White,1 min,bullet,39,Lost,6/15/2016