player,player_rating,opponent,opponent_rating,side,time_control,time_category,moves,result,date
Alexander_Zubov,2682,KIBORG79,2765,Black,3 min,blitz,39,Lost,7/13/2017
Alexander_Zubov,2688,KIBORG79,2759,White,3 min,blitz,45,Draw,7/13/2017
Alexander_Zubov,2686,KIBORG79,2761,Black,3 min,blitz,39,Lost,7/13/2017
Alexander_Zubov,2693,KIBORG79,2754,White,3 min,blitz,67,Lost,7/13/2017
Alexander_Zubov,2700,KIBORG79,2747,Black,3 min,blitz,63,Won,7/13/2017
Alexander_Zubov,2690,KIBORG79,2757,White,3 min,blitz,36,Lost,7/13/2017
Alexander_Zubov,2697,MrSilvermoon,2591,White,3 min,blitz,46,Won,7/12/2017
Alexander_Zubov,2691,MrSilvermoon,2598,Black,3 min,blitz,46,Won,7/12/2017
Alexander_Zubov,2685,MrSilvermoon,2605,White,3 min,blitz,26,Won,7/12/2017
Alexander_Zubov,2678,MrSilvermoon,2613,Black,3 min,blitz,65,Won,7/12/2017
Alexander_Zubov,2671,MrSilvermoon,2621,White,3 min,blitz,41,Won,7/12/2017
Alexander_Zubov,2664,MrSilvermoon,2630,Black,3 min,blitz,32,Won,7/12/2017
Alexander_Zubov,2656,MrSilvermoon,2640,White,3 min,blitz,60,Lost,7/12/2017
Alexander_Zubov,2665,Hakobyan_Aram2001,2617,Black,3 min,blitz,65,Lost,7/12/2017
Alexander_Zubov,2675,Hakobyan_Aram2001,2607,White,3 min,blitz,46,Lost,7/12/2017
Alexander_Zubov,2685,Hakobyan_Aram2001,2597,Black,3 min,blitz,33,Lost,7/12/2017
Alexander_Zubov,2695,Hakobyan_Aram2001,2587,White,3 min,blitz,14,Lost,7/12/2017
Alexander_Zubov,2706,Hakobyan_Aram2001,2576,Black,3 min,blitz,19,Lost,7/12/2017
Alexander_Zubov,2717,RayRobson,2688,White,3 min,blitz,48,Lost,7/9/2017
Alexander_Zubov,2726,RayRobson,2679,Black,3 min,blitz,32,Lost,7/9/2017
Alexander_Zubov,2736,RayRobson,2669,White,3 min,blitz,36,Won,7/9/2017
Alexander_Zubov,2729,RayRobson,2676,Black,3 min,blitz,43,Won,7/9/2017
Alexander_Zubov,2722,RayRobson,2683,White,3 min,blitz,36,Lost,7/9/2017
Alexander_Zubov,2731,RayRobson,2674,Black,3 min,blitz,30,Won,7/9/2017
Alexander_Zubov,2724,RayRobson,2681,White,3 min,blitz,42,Won,7/9/2017
Alexander_Zubov,2717,RayRobson,2688,Black,3 min,blitz,31,Won,7/9/2017
Alexander_Zubov,2709,RayRobson,2696,White,3 min,blitz,56,Lost,7/9/2017
Alexander_Zubov,2718,MichaelRoiz,2767,Black,3 min,blitz,63,Won,7/9/2017
Alexander_Zubov,2708,RayRobson,2683,Black,3 min,blitz,47,Won,7/9/2017
Alexander_Zubov,2700,RayRobson,2691,White,3 min,blitz,36,Won,7/9/2017
Alexander_Zubov,2692,gmjoey1,2375,Black,3 min,blitz,16,Lost,6/28/2017
Alexander_Zubov,2706,VadimRF,2627,White,3 min,blitz,36,Lost,6/18/2017
Alexander_Zubov,2716,GM_Petrovich,2620,White,3 min,blitz,42,Won,6/18/2017
Alexander_Zubov,2710,igorkovalenko,2651,Black,3 min,blitz,46,Won,6/17/2017
Alexander_Zubov,2703,igorkovalenko,2658,White,3 min,blitz,57,Won,6/17/2017
Alexander_Zubov,2696,igorkovalenko,2665,Black,3 min,blitz,47,Won,6/17/2017
Alexander_Zubov,2688,igorkovalenko,2673,White,3 min,blitz,51,Lost,6/17/2017
Alexander_Zubov,2697,igorkovalenko,2664,Black,3 min,blitz,63,Won,6/17/2017
Alexander_Zubov,2689,igorkovalenko,2672,White,3 min,blitz,50,Lost,6/17/2017
Alexander_Zubov,2698,igorkovalenko,2663,Black,3 min,blitz,60,Lost,6/17/2017
Alexander_Zubov,2707,igorkovalenko,2654,White,3 min,blitz,56,Lost,6/17/2017
Alexander_Zubov,2717,igorkovalenko,2644,Black,3 min,blitz,69,Won,6/17/2017
Alexander_Zubov,2710,igorkovalenko,2651,White,3 min,blitz,41,Won,6/17/2017
Alexander_Zubov,2703,igorkovalenko,2658,Black,3 min,blitz,46,Draw,6/17/2017
Alexander_Zubov,2704,igorkovalenko,2657,White,3 min,blitz,40,Won,6/17/2017
Alexander_Zubov,2697,igorkovalenko,2664,Black,3 min,blitz,86,Won,6/17/2017
Alexander_Zubov,2689,igorkovalenko,2672,White,3 min,blitz,35,Won,6/17/2017
Alexander_Zubov,2681,igorkovalenko,2680,Black,3 min,blitz,63,Draw,6/17/2017
Alexander_Zubov,2681,igorkovalenko,2680,White,3 min,blitz,23,Lost,6/17/2017
Alexander_Zubov,2689,coldblood15,2526,Black,3 min,blitz,49,Won,6/14/2017