player,player_rating,opponent,opponent_rating,side,time_control,time_category,moves,result,date
Alexandr_Ulanov,2502,Gudimov_Andrey,2412,Black,3 min,blitz,35,Won,7/3/2017
Alexandr_Ulanov,2496,NeverxLostx,2531,Black,3 min,blitz,59,Lost,7/3/2017
Alexandr_Ulanov,2504,NeverxLostx,2519,White,3 min,blitz,37,Won,7/3/2017
Alexandr_Ulanov,2495,Anderson013,2545,Black,3 min,blitz,27,Lost,7/3/2017
Alexandr_Ulanov,2502,Harut-1998,2479,White,3 min,blitz,54,Lost,7/2/2017
Alexandr_Ulanov,2511,slabalachkov,2484,Black,3 min,blitz,40,Won,7/2/2017
Alexandr_Ulanov,2503,vev31,2411,White,3 min,blitz,30,Won,7/2/2017
Alexandr_Ulanov,2497,vev31,2417,Black,3 min,blitz,55,Won,7/2/2017
Alexandr_Ulanov,2491,fearless_guy,2449,White,3 min,blitz,39,Lost,6/30/2017
Alexandr_Ulanov,2500,PaulPhoenix87,2625,White,3 min,blitz,46,Lost,6/30/2017
Alexandr_Ulanov,2505,PaulPhoenix87,2620,Black,3 min,blitz,59,Lost,6/30/2017
Alexandr_Ulanov,2511,Al_Shima,2424,White,3 min,blitz,57,Won,6/30/2017
Alexandr_Ulanov,2505,Edgar_Karagyozyan,2445,Black,3 min,blitz,50,Lost,6/30/2017
Alexandr_Ulanov,2515,Maitreia,2566,White,3 min,blitz,55,Lost,6/30/2017
Alexandr_Ulanov,2522,RStars_TH000,2564,White,3 min,blitz,53,Lost,6/29/2017
Alexandr_Ulanov,2529,Taron_Shagbazyan,2533,White,3 min,blitz,64,Lost,6/28/2017
Alexandr_Ulanov,2537,Taron_Shagbazyan,2525,Black,3 min,blitz,58,Draw,6/28/2017
Alexandr_Ulanov,2537,not2strong,2699,Black,3 min,blitz,33,Won,6/27/2017
Alexandr_Ulanov,2525,Marcus_Harvey,2440,Black,3 min,blitz,45,Won,6/27/2017
Alexandr_Ulanov,2519,Lunaticx,2560,Black,3 min,blitz,82,Won,6/27/2017
Alexandr_Ulanov,2510,Lunaticx,2569,White,3 min,blitz,45,Lost,6/27/2017
Alexandr_Ulanov,2517,Lunaticx,2562,Black,3 min,blitz,49,Lost,6/27/2017
Alexandr_Ulanov,2524,RD4ever,2628,White,3 min,blitz,52,Won,6/27/2017
Alexandr_Ulanov,2513,RD4ever,2639,Black,3 min,blitz,37,Lost,6/27/2017
Alexandr_Ulanov,2518,RD4ever,2634,White,3 min,blitz,42,Lost,6/27/2017
Alexandr_Ulanov,2524,RD4ever,2628,Black,3 min,blitz,46,Lost,6/27/2017
Alexandr_Ulanov,2530,ShimanovAlex,2522,White,3 min,blitz,55,Lost,6/27/2017
Alexandr_Ulanov,2539,ShimanovAlex,2513,Black,3 min,blitz,94,Won,6/27/2017
Alexandr_Ulanov,2531,BanditManiak,2581,Black,3 min,blitz,70,Draw,6/27/2017
Alexandr_Ulanov,2530,BanditManiak,2582,White,3 min,blitz,39,Lost,6/27/2017
Alexandr_Ulanov,2537,smurfo,2546,White,3 min,blitz,41,Won,6/27/2017
Alexandr_Ulanov,2528,gmsakk,2532,White,3 min,blitz,63,Lost,6/27/2017
Alexandr_Ulanov,2536,gmsakk,2524,Black,3 min,blitz,66,Lost,6/27/2017
Alexandr_Ulanov,2545,Sethu0025,2561,White,3 min,blitz,48,Won,6/27/2017
Alexandr_Ulanov,2536,Sethu0025,2570,Black,3 min,blitz,53,Lost,6/27/2017
Alexandr_Ulanov,2544,Sethu0025,2562,White,3 min,blitz,28,Won,6/27/2017
Alexandr_Ulanov,2535,Sethu0025,2571,Black,3 min,blitz,19,Lost,6/27/2017
Alexandr_Ulanov,2543,Sethu0025,2563,White,3 min,blitz,72,Draw,6/27/2017
Alexandr_Ulanov,2543,Sethu0025,2563,Black,3 min,blitz,51,Lost,6/27/2017
Alexandr_Ulanov,2551,Sethu0025,2555,White,3 min,blitz,64,Won,6/27/2017
Alexandr_Ulanov,2543,Sethu0025,2563,Black,3 min,blitz,28,Won,6/27/2017
Alexandr_Ulanov,2534,scrapnel,2580,White,3 min,blitz,60,Won,6/26/2017
Alexandr_Ulanov,2525,scrapnel,2589,Black,3 min,blitz,28,Lost,6/26/2017
Alexandr_Ulanov,2532,scrapnel,2582,White,3 min,blitz,33,Lost,6/26/2017
Alexandr_Ulanov,2539,scrapnel,2575,Black,3 min,blitz,42,Lost,6/26/2017
Alexandr_Ulanov,2546,scrapnel,2568,White,3 min,blitz,84,Won,6/26/2017
Alexandr_Ulanov,2537,scrapnel,2577,Black,3 min,blitz,47,Draw,6/26/2017
Alexandr_Ulanov,2536,Taron_Shagbazyan,2481,White,3 min,blitz,59,Lost,6/26/2017
Alexandr_Ulanov,2546,flagorub,2602,White,3 min,blitz,37,Lost,6/26/2017
Alexandr_Ulanov,2553,EgorGeroev,2652,Black,3 min,blitz,62,Lost,6/26/2017