player,player_rating,opponent,opponent_rating,side,time_control,time_category,moves,result,date
Alexander_Donchenko,2737,FlorianHandke,2564,Black,3 min,blitz,26,Won,3/7/2019
Alexander_Donchenko,2732,FlorianHandke,2569,White,3 min,blitz,41,Won,3/7/2019
Alexander_Donchenko,2727,FlorianHandke,2574,Black,3 min,blitz,23,Lost,3/7/2019
Alexander_Donchenko,2739,FlorianHandke,2562,White,3 min,blitz,35,Won,3/7/2019
Alexander_Donchenko,2735,beatles_22,2606,White,3 min,blitz,20,Won,3/7/2019
Alexander_Donchenko,2730,beatles_22,2611,Black,3 min,blitz,42,Won,3/7/2019
Alexander_Donchenko,2724,JSPrepz,2861,White,3 min,blitz,40,Lost,3/7/2019
Alexander_Donchenko,2729,JSPrepz,2856,Black,3 min,blitz,27,Lost,3/7/2019
Alexander_Donchenko,2734,JSPrepz,2851,White,3 min,blitz,43,Lost,3/7/2019
Alexander_Donchenko,2740,JSPrepz,2845,Black,3 min,blitz,67,Lost,3/7/2019
Alexander_Donchenko,2746,Ghost-Brigade,2513,Black,3 min,blitz,24,Won,3/7/2019
Alexander_Donchenko,2743,Ghost-Brigade,2516,White,3 min,blitz,59,Won,3/7/2019
Alexander_Donchenko,2739,Ghost-Brigade,2520,Black,3 min,blitz,50,Won,3/7/2019
Alexander_Donchenko,2735,Ghost-Brigade,2524,White,3 min,blitz,73,Draw,3/7/2019
Alexander_Donchenko,2739,Ghost-Brigade,2520,Black,3 min,blitz,30,Won,3/7/2019
Alexander_Donchenko,2735,Fy_Rakotomaharo,2607,White,3 min,blitz,44,Won,3/7/2019
Alexander_Donchenko,2730,Fy_Rakotomaharo,2612,Black,3 min,blitz,24,Won,3/7/2019
Alexander_Donchenko,2724,Fy_Rakotomaharo,2618,White,3 min,blitz,43,Lost,3/7/2019
Alexander_Donchenko,2735,pjames5981,2676,White,3 min,blitz,41,Lost,3/7/2019
Alexander_Donchenko,2745,pjames5981,2666,Black,3 min,blitz,46,Won,3/7/2019
Alexander_Donchenko,2739,SteelSpider,2639,Black,3 min,blitz,21,Won,3/6/2019
Alexander_Donchenko,2733,ArnaudovP,2595,Black,3 min,blitz,50,Lost,3/6/2019
Alexander_Donchenko,2744,ArnaudovP,2584,White,3 min,blitz,65,Won,3/6/2019
Alexander_Donchenko,2739,Kaphrep,2738,Black,3 min,blitz,51,Lost,3/6/2019
Alexander_Donchenko,2747,Mistango,2557,Black,3 min,blitz,51,Won,3/6/2019
Alexander_Donchenko,2743,mikhaillushenkov,2552,White,3 min,blitz,62,Won,3/6/2019
Alexander_Donchenko,2739,chess_is_pay2win,2640,White,3 min,blitz,34,Won,3/6/2019
Alexander_Donchenko,2733,chess_is_pay2win,2646,Black,3 min,blitz,32,Won,3/6/2019
Alexander_Donchenko,2727,chess_is_pay2win,2652,White,3 min,blitz,44,Won,3/6/2019
Alexander_Donchenko,2720,chess_is_pay2win,2659,Black,3 min,blitz,35,Lost,3/6/2019
Alexander_Donchenko,2730,Witik,2728,Black,3 min,blitz,36,Lost,3/6/2019
Alexander_Donchenko,2738,area_5,2614,White,3 min,blitz,27,Won,3/6/2019
Alexander_Donchenko,2732,Markov_Mikhail,2696,White,3 min,blitz,43,Won,3/6/2019
Alexander_Donchenko,2724,Markov_Mikhail,2704,Black,3 min,blitz,21,Won,3/6/2019
Alexander_Donchenko,2716,Markov_Mikhail,2712,White,3 min,blitz,16,Won,3/6/2019
Alexander_Donchenko,2708,Gabrielian_Artur,2757,Black,3 min,blitz,39,Lost,3/6/2019
Alexander_Donchenko,2715,Gabrielian_Artur,2750,White,3 min,blitz,44,Lost,3/6/2019
Alexander_Donchenko,2723,XXXdeadmanXXX,2567,Black,3 min,blitz,35,Lost,3/6/2019
Alexander_Donchenko,2735,XXXdeadmanXXX,2555,White,3 min,blitz,53,Won,3/6/2019
Alexander_Donchenko,2731,JonahWillow,2681,White,3|2,blitz,41,Lost,3/6/2019
Alexander_Donchenko,2741,GataKamsky1974,2843,Black,3|2,blitz,22,Lost,3/6/2019
Alexander_Donchenko,2747,dreamist,2718,Black,3|2,blitz,98,Won,3/6/2019
Alexander_Donchenko,2739,LawrenceTrent,2524,White,3|2,blitz,47,Won,3/5/2019
Alexander_Donchenko,2735,Tiqr777,2493,Black,3|2,blitz,48,Won,3/5/2019
Alexander_Donchenko,2732,jodemouhamad,2314,White,3|2,blitz,36,Won,3/5/2019
Alexander_Donchenko,2731,Vugar_Manafov,2405,Black,3|2,blitz,66,Lost,3/5/2019
Alexander_Donchenko,2745,SteelSpider,2704,White,3 min,blitz,43,Lost,3/4/2019
Alexander_Donchenko,2754,Vladimirkra,2627,White,3 min,blitz,49,Lost,3/4/2019
Alexander_Donchenko,2765,Prof-Imed-Bejaoui,2677,White,3 min,blitz,30,Lost,3/4/2019
Alexander_Donchenko,2775,Prof-Imed-Bejaoui,2667,Black,3 min,blitz,34,Lost,3/4/2019