player,player_rating,opponent,opponent_rating,side,time_control,time_category,moves,result,date
AlexanderBogatyr,1176,fcargon,1147,Black,3 min,blitz,35,Won,8/3/2018
AlexanderBogatyr,1128,bmthe,1240,Black,3 min,blitz,20,Won,4/10/2018
AlexanderBogatyr,1068,mrexcel,887),White,3 min,blitz,21,Won,3/9/2018
AlexanderBogatyr,1042,lovi1,986),White,3 min,blitz,6,Lost,3/9/2018
AlexanderBogatyr,1105,Ruawarebrah,1027,Black,3 min,blitz,8,Lost,3/9/2018
AlexanderBogatyr,1178,king54bu,1330,Black,3 min,blitz,6,Lost,3/9/2018
AlexanderBogatyr,1225,abdojabi66,1390,White,3 min,blitz,11,Lost,3/9/2018
AlexanderBogatyr,1273,baltazar13579,1408,White,3 min,blitz,10,Lost,3/9/2018
AlexanderBogatyr,1336,baltazar13579,1401,Black,3 min,blitz,9,Lost,3/9/2018
AlexanderBogatyr,1433,Florida20,1510,White,3 min,blitz,6,Lost,3/9/2018
AlexanderBogatyr,1552,manuel_dionisio131,1740,White,3 min,blitz,30,Lost,3/9/2018
AlexanderBogatyr,1664,ganbaatar8manaljav,1895,Black,3 min,blitz,18,Lost,3/9/2018