player,player_rating,opponent,opponent_rating,side,time_control,time_category,moves,result,date
Alexander_Donchenko,2604,zsolti_83,2462,Black,1 min,bullet,63,Won,2/14/2016
Alexander_Donchenko,2599,zsolti_83,2467,White,1 min,bullet,56,Won,2/14/2016
Alexander_Donchenko,2594,zsolti_83,2472,Black,1 min,bullet,36,Won,2/14/2016
Alexander_Donchenko,2588,zsolti_83,2477,White,1 min,bullet,42,Lost,2/14/2016
Alexander_Donchenko,2599,zsolti_83,2466,Black,1 min,bullet,40,Won,2/14/2016
Alexander_Donchenko,2594,zsolti_83,2471,White,1 min,bullet,59,Lost,2/14/2016
Alexander_Donchenko,2605,zsolti_83,2460,Black,1 min,bullet,42,Won,2/14/2016
Alexander_Donchenko,2600,zsolti_83,2465,White,1 min,bullet,39,Won,2/14/2016
Alexander_Donchenko,2595,zsolti_83,2470,Black,1 min,bullet,20,Won,2/14/2016
Alexander_Donchenko,2589,zsolti_83,2475,White,1 min,bullet,20,Won,2/14/2016
Alexander_Donchenko,2583,zsolti_83,2481,Black,1 min,bullet,124,Lost,2/14/2016
Alexander_Donchenko,2593,zsolti_83,2470,White,1 min,bullet,36,Won,2/14/2016
Alexander_Donchenko,2587,zsolti_83,2475,Black,1 min,bullet,82,Lost,2/14/2016
Alexander_Donchenko,2598,zsolti_83,2464,White,1 min,bullet,41,Won,2/14/2016
Alexander_Donchenko,2593,zsolti_83,2469,Black,1 min,bullet,45,Lost,2/14/2016
Alexander_Donchenko,2604,zsolti_83,2457,White,1 min,bullet,71,Draw,2/14/2016
Alexander_Donchenko,2607,zsolti_83,2454,Black,1 min,bullet,60,Won,2/14/2016
Alexander_Donchenko,2602,zsolti_83,2459,White,1 min,bullet,44,Won,2/14/2016
Alexander_Donchenko,2597,zsolti_83,2464,Black,1 min,bullet,40,Won,2/14/2016
Alexander_Donchenko,2592,zsolti_83,2469,White,1 min,bullet,51,Won,2/14/2016
Alexander_Donchenko,2586,zsolti_83,2474,Black,1 min,bullet,21,Lost,2/14/2016
Alexander_Donchenko,2597,zsolti_83,2463,White,1 min,bullet,45,Won,2/14/2016
Alexander_Donchenko,2592,zsolti_83,2468,Black,1 min,bullet,19,Won,2/14/2016
Alexander_Donchenko,2586,zsolti_83,2473,White,1 min,bullet,17,Won,2/14/2016
Alexander_Donchenko,2580,zsolti_83,2479,Black,1 min,bullet,33,Won,2/14/2016
Alexander_Donchenko,2574,zsolti_83,2485,White,1 min,bullet,50,Lost,2/14/2016
Alexander_Donchenko,2584,zsolti_83,2474,Black,1 min,bullet,35,Won,2/14/2016
Alexander_Donchenko,2578,zsolti_83,2480,White,1 min,bullet,32,Won,2/14/2016
Alexander_Donchenko,2572,zsolti_83,2486,Black,1 min,bullet,49,Lost,2/14/2016
Alexander_Donchenko,2582,zsolti_83,2475,White,1 min,bullet,38,Won,2/14/2016
Alexander_Donchenko,2576,zsolti_83,2481,Black,1 min,bullet,79,Lost,2/14/2016
Alexander_Donchenko,2586,zsolti_83,2470,White,1 min,bullet,33,Won,2/14/2016
Alexander_Donchenko,2580,zsolti_83,2475,Black,1 min,bullet,31,Lost,2/14/2016
Alexander_Donchenko,2590,zsolti_83,2464,White,1 min,bullet,5,Won,2/14/2016
Alexander_Donchenko,2584,zsolti_83,2469,Black,1 min,bullet,29,Won,2/14/2016
Alexander_Donchenko,2578,zsolti_83,2475,White,1 min,bullet,51,Won,2/14/2016
Alexander_Donchenko,2572,zsolti_83,2481,Black,1 min,bullet,35,Won,2/14/2016
Alexander_Donchenko,2566,zsolti_83,2487,White,1 min,bullet,86,Lost,2/14/2016
Alexander_Donchenko,2576,zsolti_83,2476,Black,1 min,bullet,20,Won,2/14/2016
Alexander_Donchenko,2570,zsolti_83,2482,White,1 min,bullet,14,Won,2/14/2016
Alexander_Donchenko,2564,zsolti_83,2488,Black,1 min,bullet,37,Won,2/14/2016
Alexander_Donchenko,2557,zsolti_83,2494,White,1 min,bullet,50,Won,2/14/2016
Alexander_Donchenko,2550,zsolti_83,2501,Black,1 min,bullet,77,Lost,2/14/2016
Alexander_Donchenko,2559,Aliencowboy,2481,White,1 min,bullet,48,Lost,2/13/2016
Alexander_Donchenko,2569,Aliencowboy,2470,Black,1 min,bullet,47,Lost,2/13/2016
Alexander_Donchenko,2579,Aliencowboy,2459,White,1 min,bullet,55,Won,2/13/2016
Alexander_Donchenko,2573,Aliencowboy,2464,Black,1 min,bullet,32,Won,2/13/2016
Alexander_Donchenko,2567,Aliencowboy,2470,White,1 min,bullet,24,Won,2/13/2016
Alexander_Donchenko,2561,Aliencowboy,2476,Black,1 min,bullet,36,Lost,2/13/2016
Alexander_Donchenko,2571,Aliencowboy,2465,White,1 min,bullet,30,Won,2/13/2016