player,player_rating,opponent,opponent_rating,side,time_control,time_category,moves,result,date
Alexander_Donchenko,2669,Lunaticx,2694,Black,3 min,blitz,52,Lost,12/25/2017
Alexander_Donchenko,2677,Lunaticx,2686,White,3 min,blitz,44,Won,12/25/2017
Alexander_Donchenko,2668,Summer-Paradise,2576,White,3 min,blitz,45,Won,12/24/2017
Alexander_Donchenko,2662,Summer-Paradise,2582,Black,3 min,blitz,30,Won,12/24/2017
Alexander_Donchenko,2655,Summer-Paradise,2589,White,3 min,blitz,44,Lost,12/24/2017
Alexander_Donchenko,2665,Summer-Paradise,2579,Black,3 min,blitz,30,Won,12/24/2017
Alexander_Donchenko,2659,Sanan_Sjugirov,2748,Black,3 min,blitz,37,Lost,12/18/2017
Alexander_Donchenko,2665,Sanan_Sjugirov,2742,White,3 min,blitz,82,Lost,12/18/2017
Alexander_Donchenko,2672,Sanan_Sjugirov,2735,Black,3 min,blitz,34,Lost,12/18/2017
Alexander_Donchenko,2679,Sanan_Sjugirov,2728,White,3 min,blitz,42,Won,12/18/2017
Alexander_Donchenko,2669,Sanan_Sjugirov,2738,Black,3 min,blitz,69,Lost,12/18/2017
Alexander_Donchenko,2676,Sanan_Sjugirov,2731,White,3 min,blitz,51,Lost,12/18/2017
Alexander_Donchenko,2683,Msb2,2643,Black,3 min,blitz,59,Draw,12/16/2017
Alexander_Donchenko,2684,Msb2,2642,White,3 min,blitz,23,Won,12/16/2017
Alexander_Donchenko,2677,FastChance,2586,White,3 min,blitz,18,Won,12/16/2017
Alexander_Donchenko,2671,FastChance,2592,Black,3 min,blitz,24,Won,12/16/2017
Alexander_Donchenko,2664,Python_Strategy,2523,White,3 min,blitz,45,Lost,11/14/2017
Alexander_Donchenko,2676,Python_Strategy,2511,Black,3 min,blitz,35,Won,11/14/2017
Alexander_Donchenko,2671,Markov_Mikhail,2579,Black,3 min,blitz,48,Won,11/9/2017
Alexander_Donchenko,2665,Markov_Mikhail,2585,White,3 min,blitz,85,Won,11/9/2017
Alexander_Donchenko,2658,Wraku89,2520,Black,3 min,blitz,66,Won,11/9/2017
Alexander_Donchenko,2653,IMAghasiyevKamal,2460,Black,3 min,blitz,35,Won,11/9/2017
Alexander_Donchenko,2649,IMAghasiyevKamal,2464,White,3 min,blitz,51,Won,11/9/2017
Alexander_Donchenko,2645,Squirlolz,2483,White,3|2,blitz,21,Lost,11/8/2017
Alexander_Donchenko,2657,Swarnapuri,2489,Black,3|2,blitz,48,Won,11/8/2017
Alexander_Donchenko,2652,IM_dmitrij,2629,White,3|2,blitz,34,Lost,11/8/2017
Alexander_Donchenko,2661,krzyzan94,2600,Black,3|2,blitz,81,Draw,11/8/2017
Alexander_Donchenko,2662,Rekcul,2582,White,3|2,blitz,84,Won,11/8/2017
Alexander_Donchenko,2656,johnathan113,2462,Black,3|2,blitz,29,Won,11/8/2017
Alexander_Donchenko,2652,chipmunknau,2507,White,3|2,blitz,30,Lost,11/8/2017
Alexander_Donchenko,2664,Incognito_Knight,2494,White,3|2,blitz,31,Won,11/8/2017
Alexander_Donchenko,2659,josiwales,2377,Black,3|2,blitz,29,Won,11/8/2017
Alexander_Donchenko,2656,MatsenkoSergey,2498,White,3 min,blitz,23,Won,10/25/2017
Alexander_Donchenko,2651,MatsenkoSergey,2503,Black,3 min,blitz,52,Won,10/25/2017
Alexander_Donchenko,2646,TrimitziosP7,2568,White,3 min,blitz,49,Won,10/25/2017
Alexander_Donchenko,2639,dedaluz,2447,Black,3 min,blitz,40,Won,10/25/2017
Alexander_Donchenko,2635,milovanratkovic,2558,Black,3 min,blitz,64,Won,10/25/2017
Alexander_Donchenko,2628,milovanratkovic,2565,White,3 min,blitz,31,Won,10/25/2017
Alexander_Donchenko,2621,Malik02,2512,Black,3 min,blitz,27,Won,10/24/2017
Alexander_Donchenko,2615,feca71,2436,Black,3 min,blitz,44,Won,10/24/2017
Alexander_Donchenko,2611,Keranke,2675,White,3 min,blitz,33,Draw,10/24/2017
Alexander_Donchenko,2610,pikatnimopete,2419,White,3 min,blitz,25,Lost,10/24/2017
Alexander_Donchenko,2622,pikatnimopete,2407,Black,3 min,blitz,34,Won,10/24/2017
Alexander_Donchenko,2618,pikatnimopete,2411,White,3 min,blitz,45,Won,10/24/2017
Alexander_Donchenko,2614,pikatnimopete,2415,Black,3 min,blitz,26,Won,10/24/2017
Alexander_Donchenko,2610,BorreVikingson,2447,White,3 min,blitz,15,Won,10/22/2017
Alexander_Donchenko,2605,mishanick,2709,White,3 min,blitz,40,Won,10/22/2017
Alexander_Donchenko,2594,ChessShop,2421,White,3 min,blitz,36,Won,10/22/2017
Alexander_Donchenko,2589,Yair777,2431,Black,3 min,blitz,36,Won,10/22/2017
Alexander_Donchenko,2584,Yair777,2436,White,3 min,blitz,21,Won,10/22/2017