player,player_rating,opponent,opponent_rating,side,time_control,time_category,moves,result,date
Alexander_Zubov,2640,7hanat,2555,Black,1 min,bullet,41,Won,9/1/2017
Alexander_Zubov,2633,7hanat,2561,White,1 min,bullet,52,Won,9/1/2017
Alexander_Zubov,2626,7hanat,2568,Black,1 min,bullet,34,Won,9/1/2017
Alexander_Zubov,2618,jlandaw,2571,Black,1 min,bullet,41,Lost,9/1/2017
Alexander_Zubov,2629,TheButcher,2540,White,1 min,bullet,43,Won,9/1/2017
Alexander_Zubov,2622,TheButcher,2546,Black,1 min,bullet,39,Won,9/1/2017
Alexander_Zubov,2614,TheButcher,2553,White,1 min,bullet,24,Lost,9/1/2017
Alexander_Zubov,2626,jlandaw,2561,White,1 min,bullet,72,Lost,9/1/2017
Alexander_Zubov,2639,TheButcher,2543,Black,1 min,bullet,28,Won,9/1/2017
Alexander_Zubov,2631,TheButcher,2549,White,1 min,bullet,21,Won,9/1/2017
Alexander_Zubov,2622,The_ArTiStO,2564,White,1 min,bullet,20,Lost,9/1/2017
Alexander_Zubov,2636,TheButcher,2555,Black,1 min,bullet,32,Won,9/1/2017
Alexander_Zubov,2627,GoodMedicine,2465,Black,1 min,bullet,47,Won,9/1/2017
Alexander_Zubov,2620,marafonec,2463,White,1 min,bullet,34,Won,9/1/2017
Alexander_Zubov,2613,marafonec,2468,Black,1 min,bullet,37,Won,9/1/2017
Alexander_Zubov,2605,Aliencowboy,2491,White,1 min,bullet,45,Lost,9/1/2017
Alexander_Zubov,2623,Aliencowboy,2480,Black,1 min,bullet,31,Won,9/1/2017
Alexander_Zubov,2614,BLITZMASTER,2524,White,1 min,bullet,30,Won,9/1/2017
Alexander_Zubov,2603,BLITZMASTER,2530,Black,1 min,bullet,13,Won,9/1/2017
Alexander_Zubov,2591,BLITZMASTER,2537,White,1 min,bullet,49,Won,9/1/2017
Alexander_Zubov,2578,BLITZMASTER,2544,Black,1 min,bullet,43,Won,9/1/2017
Alexander_Zubov,2563,BLITZMASTER,2552,White,1 min,bullet,46,Won,9/1/2017
Alexander_Zubov,2546,ChessPeople,2442,White,1 min,bullet,29,Won,8/31/2017
Alexander_Zubov,2533,ChessPeople,2448,Black,1 min,bullet,49,Won,8/31/2017
Alexander_Zubov,2519,ChessPeople,2455,White,1 min,bullet,48,Won,8/31/2017
Alexander_Zubov,2503,ChessPeople,2462,Black,1 min,bullet,35,Won,8/31/2017
Alexander_Zubov,2485,ChessPeople,2470,White,1 min,bullet,45,Won,8/31/2017
Alexander_Zubov,2464,ChessPeople,2478,Black,1 min,bullet,16,Won,8/31/2017
Alexander_Zubov,2440,ChessPeople,2487,White,1 min,bullet,62,Won,8/31/2017
Alexander_Zubov,2412,ChessPeople,2497,Black,1 min,bullet,43,Lost,8/31/2017
Alexander_Zubov,2432,ChessPeople,2490,White,1 min,bullet,52,Lost,8/31/2017
Alexander_Zubov,2455,ChessPeople,2483,Black,1 min,bullet,37,Won,8/31/2017
Alexander_Zubov,2423,ChessPeople,2493,White,1 min,bullet,57,Won,8/31/2017
Alexander_Zubov,2385,ChessPeople,2504,Black,1 min,bullet,53,Lost,8/31/2017
Alexander_Zubov,2409,thegreendog,2341,Black,1 min,bullet,41,Won,8/31/2017
Alexander_Zubov,2378,Postnikov_Alexey,2216,White,1 min,bullet,8,Won,8/31/2017
Alexander_Zubov,2353,BeneCyrill,2406,Black,1 min,bullet,55,Won,8/31/2017
Alexander_Zubov,2301,HrvojeZagreb,2051,Black,1 min,bullet,32,Won,8/31/2017
Alexander_Zubov,2281,HrvojeZagreb,2054,White,1 min,bullet,27,Won,8/31/2017
Alexander_Zubov,2256,neas78,1940,White,1 min,bullet,29,Won,8/31/2017
Alexander_Zubov,2237,bmaster,2165,Black,1 min,bullet,41,Won,8/31/2017
Alexander_Zubov,2182,renobuzz,2062,Black,1 min,bullet,21,Won,8/31/2017
Alexander_Zubov,2127,shanghainan2003,2007,White,1 min,bullet,23,Won,8/31/2017
Alexander_Zubov,2061,wantmoe,1870,Black,1 min,bullet,30,Won,8/31/2017
Alexander_Zubov,1998,asnsensation9011,1811,White,1 min,bullet,36,Won,8/31/2017
Alexander_Zubov,1917,MARIANOV,1709,Black,1 min,bullet,38,Won,8/31/2017
Alexander_Zubov,1817,chessclass381,1635,White,1 min,bullet,28,Won,8/31/2017
Alexander_Zubov,1668,fredz22y,1547,White,1 min,bullet,29,Lost,5/21/2016