player,player_rating,opponent,opponent_rating,side,time_control,time_category,moves,result,date
Alexander_Donchenko,2579,mufiks,2492,White,3 min,blitz,22,Won,3/20/2017
Alexander_Donchenko,2573,mufiks,2498,Black,3 min,blitz,38,Won,3/20/2017
Alexander_Donchenko,2566,Jospem,2602,Black,3 min,blitz,31,Lost,3/15/2017
Alexander_Donchenko,2574,Jospem,2594,White,3 min,blitz,73,Lost,3/15/2017
Alexander_Donchenko,2582,Jospem,2586,Black,3 min,blitz,79,Draw,3/15/2017
Alexander_Donchenko,2582,Kouzari,2456,White,3 min,blitz,39,Won,3/15/2017
Alexander_Donchenko,2577,Blitzstream,2415,White,3 min,blitz,38,Won,3/9/2017
Alexander_Donchenko,2572,Blitzstream,2420,Black,3 min,blitz,32,Won,3/9/2017
Alexander_Donchenko,2567,Blitzstream,2425,White,3 min,blitz,118,Draw,3/9/2017
Alexander_Donchenko,2570,Blitzstream,2422,Black,3 min,blitz,36,Won,3/9/2017
Alexander_Donchenko,2565,Blitzstream,2427,White,3 min,blitz,27,Won,3/9/2017
Alexander_Donchenko,2560,Blitzstream,2432,Black,3 min,blitz,44,Won,3/9/2017
Alexander_Donchenko,2555,Blitzstream,2437,White,3 min,blitz,81,Lost,3/9/2017
Alexander_Donchenko,2566,iopt,2447,Black,3 min,blitz,11,Won,3/9/2017
Alexander_Donchenko,2560,iopt,2453,White,3 min,blitz,37,Draw,3/9/2017
Alexander_Donchenko,2562,Sukhrobjon_A,2580,Black,3 min,blitz,41,Lost,3/8/2017
Alexander_Donchenko,2570,Sukhrobjon_A,2572,White,3 min,blitz,44,Lost,3/8/2017
Alexander_Donchenko,2578,Sukhrobjon_A,2564,Black,3 min,blitz,85,Won,3/8/2017
Alexander_Donchenko,2570,Sukhrobjon_A,2572,White,3 min,blitz,47,Won,3/8/2017
Alexander_Donchenko,2562,Arystan23,2423,Black,3 min,blitz,77,Draw,3/7/2017
Alexander_Donchenko,2565,Arystan23,2420,White,3 min,blitz,24,Won,3/7/2017
Alexander_Donchenko,2560,Arystan23,2425,Black,3 min,blitz,28,Won,3/7/2017
Alexander_Donchenko,2555,Arystan23,2430,White,3 min,blitz,24,Won,3/7/2017
Alexander_Donchenko,2550,Arystan23,2435,Black,3 min,blitz,54,Lost,3/7/2017
Alexander_Donchenko,2561,prowizard,2545,Black,3 min,blitz,78,Won,3/6/2017
Alexander_Donchenko,2553,prowizard,2558,White,3 min,blitz,49,Won,3/6/2017
Alexander_Donchenko,2544,prowizard,2573,Black,3 min,blitz,57,Won,3/6/2017
Alexander_Donchenko,2535,prowizard,2589,White,3 min,blitz,24,Lost,3/6/2017
Alexander_Donchenko,2542,Tarhercule,2450,Black,3 min,blitz,47,Won,3/6/2017
Alexander_Donchenko,2536,xxxmastermindxxxx,2490,White,3 min,blitz,23,Won,3/4/2017
Alexander_Donchenko,2529,xxxmastermindxxxx,2497,Black,3 min,blitz,33,Lost,3/4/2017
Alexander_Donchenko,2538,xxxmastermindxxxx,2488,White,3 min,blitz,31,Won,3/4/2017
Alexander_Donchenko,2531,xxxmastermindxxxx,2495,Black,3 min,blitz,35,Lost,3/4/2017
Alexander_Donchenko,2540,xxxmastermindxxxx,2486,White,3 min,blitz,65,Lost,3/4/2017
Alexander_Donchenko,2550,IM_Michal_Luch,2410,White,3 min,blitz,36,Won,3/4/2017
Alexander_Donchenko,2545,Nigmatov,2494,Black,3|2,blitz,44,Won,3/4/2017
Alexander_Donchenko,2538,Nigmatov,2501,White,3|2,blitz,37,Won,3/4/2017
Alexander_Donchenko,2530,spectralsoul,2604,Black,3 min,blitz,21,Won,3/4/2017
Alexander_Donchenko,2519,spectralsoul,2614,White,3 min,blitz,58,Draw,3/4/2017
Alexander_Donchenko,2517,spectralsoul,2616,Black,3 min,blitz,66,Lost,3/4/2017
Alexander_Donchenko,2524,T0B3RMOR3Y,2404,Black,3 min,blitz,39,Won,3/4/2017
Alexander_Donchenko,2517,DavidMarkosyan,2425,Black,3 min,blitz,58,Won,3/4/2017
Alexander_Donchenko,2509,DavidMarkosyan,2431,White,3 min,blitz,35,Won,3/4/2017
Alexander_Donchenko,2501,manubibi,2404,White,3 min,blitz,45,Draw,2/12/2017
Alexander_Donchenko,2503,manubibi,2402,Black,3 min,blitz,14,Won,2/12/2017
Alexander_Donchenko,2497,manubibi,2408,White,3 min,blitz,79,Won,2/12/2017
Alexander_Donchenko,2490,LameDude,2377,Black,3 min,blitz,36,Lost,2/12/2017
Alexander_Donchenko,2502,LameDude,2366,White,3 min,blitz,51,Won,2/12/2017
Alexander_Donchenko,2496,ScientifiChess,2396,White,3 min,blitz,41,Lost,2/6/2017
Alexander_Donchenko,2508,ScientifiChess,2385,Black,3 min,blitz,38,Lost,2/6/2017