player,player_rating,opponent,opponent_rating,side,time_control,time_category,moves,result,date
AlexanderBogatyr,2539,jervii,2372,White,1 min,bullet,53,Won,3/9/2018
AlexanderBogatyr,2533,bubacik,2492,White,1 min,bullet,52,Won,3/9/2018
AlexanderBogatyr,2524,bubacik,2499,Black,1 min,bullet,37,Won,3/9/2018
AlexanderBogatyr,2514,bubacik,2507,White,1 min,bullet,30,Won,3/9/2018
AlexanderBogatyr,2503,bubacik,2524,Black,1 min,bullet,31,Won,3/9/2018
AlexanderBogatyr,2491,Antipov_Mikhail_Al,2666,White,1 min,bullet,65,Lost,3/9/2018
AlexanderBogatyr,2497,TheCrazyKing2010,2286,White,1 min,bullet,30,Won,3/9/2018
AlexanderBogatyr,2491,TheCrazyKing2010,2290,Black,1 min,bullet,48,Won,3/9/2018
AlexanderBogatyr,2485,Jovencitos33,2509,Black,1 min,bullet,69,Lost,3/9/2018
AlexanderBogatyr,2497,Jovencitos33,2501,White,1 min,bullet,30,Won,3/9/2018
AlexanderBogatyr,2484,Jovencitos33,2510,Black,1 min,bullet,63,Won,3/9/2018
AlexanderBogatyr,2469,GM_AA_GM,2423,White,1 min,bullet,30,Won,3/9/2018
AlexanderBogatyr,2456,Jovencitos33,2509,White,1 min,bullet,62,Won,3/9/2018
AlexanderBogatyr,2439,Jovencitos33,2519,Black,1 min,bullet,32,Won,3/9/2018
AlexanderBogatyr,2420,Jovencitos33,2529,White,1 min,bullet,44,Won,3/9/2018
AlexanderBogatyr,2400,jervii,2382,Black,1 min,bullet,19,Won,3/9/2018
AlexanderBogatyr,2384,ArielMederos,2269,White,1 min,bullet,39,Lost,3/9/2018
AlexanderBogatyr,2407,bullet90,2259,Black,1 min,bullet,46,Won,3/9/2018
AlexanderBogatyr,2396,bullet90,2264,White,1 min,bullet,25,Won,3/9/2018
AlexanderBogatyr,2384,Lugovskoy_Maxim,2613,White,1 min,bullet,10,Lost,3/9/2018
AlexanderBogatyr,2392,Lugovskoy_Maxim,2609,Black,1 min,bullet,37,Lost,3/9/2018
AlexanderBogatyr,2401,shaikrabbani143,2199,Black,1 min,bullet,42,Won,3/9/2018
AlexanderBogatyr,2391,shaikrabbani143,2203,White,1 min,bullet,41,Won,3/9/2018
AlexanderBogatyr,2380,micheladeimi,2381,White,1 min,bullet,51,Lost,3/9/2018
AlexanderBogatyr,2403,natsky555,2464,Black,1 min,bullet,60,Draw,3/9/2018
AlexanderBogatyr,2399,tryingtoplayfaster,2358,White,1 min,bullet,35,Won,3/9/2018
AlexanderBogatyr,2376,grandemas,2336,Black,1 min,bullet,37,Won,3/9/2018
AlexanderBogatyr,2351,grandemas,2344,White,1 min,bullet,43,Won,3/9/2018
AlexanderBogatyr,2321,grandemas,2353,Black,1 min,bullet,40,Lost,3/9/2018
AlexanderBogatyr,2351,skylerwayne23,2337,White,1 min,bullet,35,Won,3/9/2018
AlexanderBogatyr,2316,skylerwayne23,2346,Black,1 min,bullet,27,Lost,3/9/2018
AlexanderBogatyr,2352,bootstar,2529,White,1 min,bullet,63,Lost,3/9/2018
AlexanderBogatyr,2376,bootstar,2524,Black,1 min,bullet,55,Lost,3/9/2018
AlexanderBogatyr,2405,kuramafox,2277,Black,1 min,bullet,30,Won,3/9/2018
AlexanderBogatyr,2369,tukubayev_kazbek,2340,White,1 min,bullet,37,Won,3/9/2018
AlexanderBogatyr,2313,GRAMM_Q,2363,Black,1 min,bullet,61,Lost,3/9/2018
AlexanderBogatyr,2374,Everyones_Daddy,2156,White,1 min,bullet,61,Won,3/9/2018
AlexanderBogatyr,2334,Everyones_Daddy,2165,Black,1 min,bullet,49,Won,3/9/2018
AlexanderBogatyr,2277,vve70,2172,Black,1 min,bullet,42,Won,3/9/2018
AlexanderBogatyr,2191,olimp1k,2069,White,1 min,bullet,32,Won,3/9/2018
AlexanderBogatyr,2087,NewBart,2006,Black,1 min,bullet,35,Won,3/9/2018
AlexanderBogatyr,1933,ASSASSIN2017,1694,White,1 min,bullet,40,Won,3/9/2018