player,player_rating,opponent,opponent_rating,side,time_control,time_category,moves,result,date
AlexanderBogatyr,2758,NguyenXi,2715,White,1 min,bullet,33,Won,4/13/2018
AlexanderBogatyr,2751,fm24601,2637,White,1 min,bullet,74,Lost,4/13/2018
AlexanderBogatyr,2762,Pal2855,2530,White,1 min,bullet,38,Won,4/13/2018
AlexanderBogatyr,2759,HarutyunianTigranK,2711,Black,1 min,bullet,32,Won,4/13/2018
AlexanderBogatyr,2752,kirillshevchenko,2691,Black,1 min,bullet,24,Won,4/13/2018
AlexanderBogatyr,2745,mishanick,2721,White,1 min,bullet,38,Won,4/13/2018
AlexanderBogatyr,2737,mishanick,2729,Black,1 min,bullet,55,Won,4/13/2018
AlexanderBogatyr,2729,mishanick,2737,White,1 min,bullet,16,Won,4/13/2018
AlexanderBogatyr,2720,mishanick,2746,Black,1 min,bullet,35,Lost,4/13/2018
AlexanderBogatyr,2728,mishanick,2738,White,1 min,bullet,22,Won,4/13/2018
AlexanderBogatyr,2719,mishanick,2747,Black,1 min,bullet,63,Draw,4/13/2018
AlexanderBogatyr,2718,mishanick,2748,White,1 min,bullet,26,Lost,4/13/2018
AlexanderBogatyr,2726,mishanick,2740,Black,1 min,bullet,30,Won,4/13/2018
AlexanderBogatyr,2717,mishanick,2749,White,1 min,bullet,64,Won,4/13/2018
AlexanderBogatyr,2708,mishanick,2758,Black,1 min,bullet,35,Lost,4/13/2018
AlexanderBogatyr,2715,mishanick,2751,White,1 min,bullet,66,Lost,4/13/2018
AlexanderBogatyr,2722,mishanick,2744,Black,1 min,bullet,21,Lost,4/13/2018
AlexanderBogatyr,2730,mishanick,2736,White,1 min,bullet,32,Won,4/13/2018
AlexanderBogatyr,2721,mishanick,2745,Black,1 min,bullet,39,Won,4/13/2018
AlexanderBogatyr,2712,mishanick,2754,White,1 min,bullet,58,Won,4/13/2018
AlexanderBogatyr,2703,fm24601,2626,Black,1 min,bullet,25,Won,4/13/2018
AlexanderBogatyr,2696,fm24601,2633,White,1 min,bullet,70,Won,4/13/2018
AlexanderBogatyr,2689,kirillshevchenko,2702,White,1 min,bullet,62,Lost,4/12/2018
AlexanderBogatyr,2697,kirillshevchenko,2694,Black,1 min,bullet,69,Lost,4/12/2018
AlexanderBogatyr,2705,kirillshevchenko,2686,White,1 min,bullet,24,Won,4/12/2018
AlexanderBogatyr,2697,kirillshevchenko,2694,Black,1 min,bullet,47,Won,4/12/2018
AlexanderBogatyr,2689,Artur0208,2599,Black,1 min,bullet,39,Won,4/12/2018
AlexanderBogatyr,2683,Artur0208,2605,White,1 min,bullet,53,Won,4/12/2018
AlexanderBogatyr,2676,Artur0208,2612,Black,1 min,bullet,24,Lost,4/12/2018
AlexanderBogatyr,2686,samirsahidi,2655,Black,1 min,bullet,21,Lost,4/12/2018
AlexanderBogatyr,2695,TampaChess,2630,White,1 min,bullet,45,Lost,4/12/2018
AlexanderBogatyr,2705,KenanGarayev,2612,Black,1 min,bullet,41,Won,4/12/2018
AlexanderBogatyr,2699,Rainmond,2565,White,1 min,bullet,57,Won,4/12/2018
AlexanderBogatyr,2694,MismoNivel,2528,Black,1 min,bullet,21,Lost,4/12/2018
AlexanderBogatyr,2706,MismoNivel,2516,White,1 min,bullet,34,Won,4/12/2018
AlexanderBogatyr,2702,MismoNivel,2520,Black,1 min,bullet,24,Won,4/12/2018
AlexanderBogatyr,2698,MismoNivel,2524,White,1 min,bullet,57,Won,4/12/2018
AlexanderBogatyr,2694,MismoNivel,2528,Black,1 min,bullet,29,Won,4/12/2018
AlexanderBogatyr,2689,MadDog94,2537,White,1 min,bullet,0,Lost,4/12/2018
AlexanderBogatyr,2701,DrDoom94,2394,White,1 min,bullet,74,Lost,4/12/2018
AlexanderBogatyr,2715,DrDoom94,2380,Black,1 min,bullet,37,Won,4/12/2018
AlexanderBogatyr,2713,DrDoom94,2382,White,1 min,bullet,26,Won,4/12/2018
AlexanderBogatyr,2711,DrDoom94,2384,Black,1 min,bullet,20,Won,4/12/2018
AlexanderBogatyr,2709,DrDoom94,2386,White,1 min,bullet,25,Won,4/12/2018
AlexanderBogatyr,2707,DrDoom94,2388,Black,1 min,bullet,27,Won,4/12/2018
AlexanderBogatyr,2705,Harutjunyan-Gevorg,2646,White,1 min,bullet,25,Lost,4/12/2018
AlexanderBogatyr,2715,Harutjunyan-Gevorg,2636,Black,1 min,bullet,66,Draw,4/12/2018
AlexanderBogatyr,2717,Harutjunyan-Gevorg,2634,White,1 min,bullet,45,Won,4/12/2018
AlexanderBogatyr,2711,kirillshevchenko,2722,White,1 min,bullet,14,Won,4/11/2018
AlexanderBogatyr,2702,ram1zan,2647,White,1 min,bullet,39,Won,4/11/2018