player,player_rating,opponent,opponent_rating,side,time_control,time_category,moves,result,date
Alexander_Moskalenko,2834,Rainmond,2767,White,3 min,blitz,39,Won,12/31/2018
Alexander_Moskalenko,2827,Rainmond,2774,Black,3 min,blitz,53,Won,12/31/2018
Alexander_Moskalenko,2820,Rainmond,2781,White,3 min,blitz,45,Won,12/31/2018
Alexander_Moskalenko,2813,Rainmond,2788,Black,3 min,blitz,27,Lost,12/31/2018
Alexander_Moskalenko,2822,Mistango,2730,Black,3 min,blitz,63,Won,12/30/2018
Alexander_Moskalenko,2816,Mistango,2736,White,3 min,blitz,55,Won,12/30/2018
Alexander_Moskalenko,2809,Mistango,2743,Black,3 min,blitz,40,Won,12/30/2018
Alexander_Moskalenko,2802,Mistango,2750,White,3 min,blitz,13,Won,12/30/2018
Alexander_Moskalenko,2795,Mistango,2757,Black,3 min,blitz,54,Won,12/30/2018
Alexander_Moskalenko,2788,Mistango,2764,White,3 min,blitz,51,Draw,12/30/2018
Alexander_Moskalenko,2789,Mistango,2763,Black,3 min,blitz,13,Lost,12/30/2018
Alexander_Moskalenko,2798,Mistango,2754,White,3 min,blitz,54,Won,12/30/2018
Alexander_Moskalenko,2791,Mistango,2761,Black,3 min,blitz,55,Lost,12/30/2018
Alexander_Moskalenko,2800,Mistango,2752,White,3 min,blitz,37,Won,12/30/2018
Alexander_Moskalenko,2793,dzhumagaliev,2805,White,3 min,blitz,29,Won,12/30/2018
Alexander_Moskalenko,2784,bangchess21,2561,Black,3 min,blitz,37,Won,12/29/2018
Alexander_Moskalenko,2780,bangchess21,2565,White,3 min,blitz,65,Won,12/29/2018
Alexander_Moskalenko,2776,GrigorGrigorov,2777,White,3 min,blitz,23,Lost,12/28/2018
Alexander_Moskalenko,2784,GrigorGrigorov,2769,Black,3 min,blitz,20,Lost,12/28/2018
Alexander_Moskalenko,2793,GrigorGrigorov,2760,White,3 min,blitz,55,Won,12/28/2018
Alexander_Moskalenko,2785,Alexander_Khlebovich,2698,White,3 min,blitz,29,Won,12/28/2018
Alexander_Moskalenko,2779,Alexander_Khlebovich,2704,Black,3 min,blitz,56,Won,12/28/2018
Alexander_Moskalenko,2772,Alexander_Khlebovich,2711,White,3 min,blitz,19,Lost,12/28/2018
Alexander_Moskalenko,2782,Alexander_Khlebovich,2701,Black,3 min,blitz,45,Draw,12/28/2018
Alexander_Moskalenko,2784,1stSecond,2769,Black,3 min,blitz,43,Won,12/28/2018
Alexander_Moskalenko,2776,1stSecond,2777,White,3 min,blitz,62,Lost,12/28/2018
Alexander_Moskalenko,2784,1stSecond,2769,Black,3 min,blitz,34,Won,12/28/2018
Alexander_Moskalenko,2776,1stSecond,2777,White,3 min,blitz,24,Lost,12/28/2018
Alexander_Moskalenko,2784,agimoto,2767,White,3 min,blitz,21,Lost,12/28/2018
Alexander_Moskalenko,2793,MrTattaglia,2798,Black,3 min,blitz,74,Lost,12/28/2018
Alexander_Moskalenko,2801,MrTattaglia,2790,White,3 min,blitz,13,Won,12/28/2018
Alexander_Moskalenko,2793,MrTattaglia,2798,Black,3 min,blitz,16,Won,12/28/2018
Alexander_Moskalenko,2785,mstones,2870,White,3 min,blitz,24,Lost,12/28/2018
Alexander_Moskalenko,2791,mstones,2864,Black,3 min,blitz,34,Lost,12/28/2018
Alexander_Moskalenko,2798,mstones,2857,White,3 min,blitz,28,Lost,12/28/2018
Alexander_Moskalenko,2805,mstones,2850,Black,3 min,blitz,25,Lost,12/28/2018
Alexander_Moskalenko,2812,Parhamov,2860,Black,3 min,blitz,35,Lost,12/23/2018
Alexander_Moskalenko,2819,GMharikrishna,2861,Black,3 min,blitz,43,Lost,12/21/2018
Alexander_Moskalenko,2826,GMharikrishna,2854,White,3 min,blitz,61,Draw,12/21/2018
Alexander_Moskalenko,2825,attack2mateU,2662,White,3 min,blitz,30,Won,12/21/2018
Alexander_Moskalenko,2820,igorkovalenko,2833,Black,3 min,blitz,56,Won,12/20/2018
Alexander_Moskalenko,2811,igorkovalenko,2842,White,3 min,blitz,43,Lost,12/20/2018
Alexander_Moskalenko,2819,Jospem,2821,White,3 min,blitz,41,Lost,12/9/2018
Alexander_Moskalenko,2827,Bigfish1995,3003,White,3|2,blitz,52,Lost,12/9/2018
Alexander_Moskalenko,2831,Bigfish1995,2999,Black,3|2,blitz,32,Lost,12/9/2018
Alexander_Moskalenko,2836,Bigfish1995,2994,White,3|2,blitz,68,Draw,12/9/2018
Alexander_Moskalenko,2832,S2PAc,2826,Black,3 min,blitz,65,Draw,12/9/2018
Alexander_Moskalenko,2832,S2PAc,2826,White,3 min,blitz,30,Draw,12/9/2018
Alexander_Moskalenko,2832,S2PAc,2826,Black,3 min,blitz,52,Won,12/9/2018
Alexander_Moskalenko,2824,Aryangholami,2646,White,3 min,blitz,26,Won,12/9/2018