player,player_rating,opponent,opponent_rating,side,time_control,time_category,moves,result,date
Alexander_Moskalenko,2784,Parhamov,2825,White,1 min,bullet,77,Lost,5/17/2018
Alexander_Moskalenko,2791,Davit_Tiraturyan,2688,White,1 min,bullet,52,Won,5/17/2018
Alexander_Moskalenko,2785,Davit_Tiraturyan,2694,Black,1 min,bullet,50,Won,5/17/2018
Alexander_Moskalenko,2779,Davit_Tiraturyan,2700,White,1 min,bullet,41,Won,5/17/2018
Alexander_Moskalenko,2773,Davit_Tiraturyan,2706,Black,1 min,bullet,35,Won,5/17/2018
Alexander_Moskalenko,2766,Davit_Tiraturyan,2713,White,1 min,bullet,80,Lost,5/17/2018
Alexander_Moskalenko,2776,Davit_Tiraturyan,2703,Black,1 min,bullet,77,Lost,5/17/2018
Alexander_Moskalenko,2786,Davit_Tiraturyan,2693,White,1 min,bullet,57,Won,5/17/2018
Alexander_Moskalenko,2780,Davit_Tiraturyan,2699,Black,1 min,bullet,73,Won,5/17/2018
Alexander_Moskalenko,2774,Davit_Tiraturyan,2705,White,1 min,bullet,92,Won,5/17/2018
Alexander_Moskalenko,2767,Davit_Tiraturyan,2712,Black,1 min,bullet,25,Won,5/17/2018
Alexander_Moskalenko,2760,Davit_Tiraturyan,2719,White,1 min,bullet,30,Won,5/17/2018
Alexander_Moskalenko,2753,Davit_Tiraturyan,2726,Black,1 min,bullet,71,Lost,5/17/2018
Alexander_Moskalenko,2762,Davit_Tiraturyan,2717,White,1 min,bullet,23,Won,5/17/2018
Alexander_Moskalenko,2755,Davit_Tiraturyan,2724,Black,1 min,bullet,54,Lost,5/17/2018
Alexander_Moskalenko,2764,Davit_Tiraturyan,2715,White,1 min,bullet,36,Lost,5/17/2018
Alexander_Moskalenko,2774,Positionaltactics270,2711,Black,1 min,bullet,31,Won,5/17/2018
Alexander_Moskalenko,2767,MARDAKERXXX,2735,White,1 min,bullet,96,Lost,5/15/2018
Alexander_Moskalenko,2776,MARDAKERXXX,2726,Black,1 min,bullet,60,Draw,5/15/2018
Alexander_Moskalenko,2777,MARDAKERXXX,2725,White,1 min,bullet,66,Draw,5/15/2018
Alexander_Moskalenko,2778,MARDAKERXXX,2724,Black,1 min,bullet,57,Won,5/15/2018
Alexander_Moskalenko,2771,MARDAKERXXX,2731,White,1 min,bullet,46,Won,5/15/2018
Alexander_Moskalenko,2764,MARDAKERXXX,2738,Black,1 min,bullet,49,Won,5/15/2018
Alexander_Moskalenko,2756,MARDAKERXXX,2746,White,1 min,bullet,16,Lost,5/15/2018
Alexander_Moskalenko,2765,MARDAKERXXX,2737,Black,1 min,bullet,66,Lost,5/15/2018
Alexander_Moskalenko,2774,MARDAKERXXX,2728,White,1 min,bullet,54,Won,5/15/2018
Alexander_Moskalenko,2767,MARDAKERXXX,2735,Black,1 min,bullet,27,Won,5/15/2018
Alexander_Moskalenko,2759,MARDAKERXXX,2743,White,1 min,bullet,26,Won,5/15/2018
Alexander_Moskalenko,2751,Kriari,2751,White,1 min,bullet,8,Won,5/10/2018
Alexander_Moskalenko,2743,Kriari,2759,Black,1 min,bullet,35,Lost,5/10/2018
Alexander_Moskalenko,2751,Too_weak-too_slow,2750,White,1 min,bullet,30,Lost,5/9/2018
Alexander_Moskalenko,2759,Too_weak-too_slow,2742,Black,1 min,bullet,78,Draw,5/9/2018
Alexander_Moskalenko,2759,vladislavkovalev,2712,White,1 min,bullet,47,Lost,5/9/2018
Alexander_Moskalenko,2769,vladislavkovalev,2700,Black,1 min,bullet,35,Won,5/9/2018
Alexander_Moskalenko,2762,Lxiaoxiao,2589,White,1 min,bullet,17,Won,5/8/2018
Alexander_Moskalenko,2758,Lxiaoxiao,2594,Black,1 min,bullet,68,Won,5/8/2018
Alexander_Moskalenko,2753,Lxiaoxiao,2599,White,1 min,bullet,65,Won,5/8/2018
Alexander_Moskalenko,2748,Lxiaoxiao,2604,Black,1 min,bullet,74,Won,5/8/2018
Alexander_Moskalenko,2743,Lxiaoxiao,2609,White,1 min,bullet,18,Won,5/8/2018
Alexander_Moskalenko,2738,Lxiaoxiao,2614,Black,1 min,bullet,74,Won,5/8/2018
Alexander_Moskalenko,2733,Lxiaoxiao,2619,White,1 min,bullet,56,Lost,5/8/2018
Alexander_Moskalenko,2744,Lxiaoxiao,2608,Black,1 min,bullet,35,Won,5/8/2018
Alexander_Moskalenko,2739,Lxiaoxiao,2613,White,1 min,bullet,46,Lost,5/8/2018
Alexander_Moskalenko,2750,Lxiaoxiao,2602,Black,1 min,bullet,25,Won,5/8/2018
Alexander_Moskalenko,2745,Lxiaoxiao,2607,White,1 min,bullet,38,Won,5/8/2018
Alexander_Moskalenko,2740,Lxiaoxiao,2612,Black,1 min,bullet,52,Won,5/8/2018
Alexander_Moskalenko,2735,Lxiaoxiao,2617,White,1 min,bullet,48,Won,5/8/2018
Alexander_Moskalenko,2729,Lxiaoxiao,2623,Black,1 min,bullet,25,Won,5/8/2018
Alexander_Moskalenko,2723,Lxiaoxiao,2629,White,1 min,bullet,59,Won,5/8/2018
Alexander_Moskalenko,2717,Lxiaoxiao,2635,Black,1 min,bullet,53,Lost,5/8/2018