player,player_rating,opponent,opponent_rating,side,time_control,time_category,moves,result,date
Alexander_Donchenko,2662,bubacik,2570,Black,1 min,bullet,33,Won,3/13/2019
Alexander_Donchenko,2656,bubacik,2576,White,1 min,bullet,30,Won,3/13/2019
Alexander_Donchenko,2650,yoavjm_2004,2621,Black,30 sec,bullet,41,Lost,3/5/2019
Alexander_Donchenko,2659,yoavjm_2004,2612,White,30 sec,bullet,51,Lost,3/5/2019
Alexander_Donchenko,2668,yoavjm_2004,2603,Black,30 sec,bullet,27,Won,3/5/2019
Alexander_Donchenko,2661,KBabazada,2735,White,30 sec,bullet,59,Lost,3/5/2019
Alexander_Donchenko,2668,KBabazada,2728,Black,30 sec,bullet,54,Lost,3/5/2019
Alexander_Donchenko,2675,KBabazada,2721,White,30 sec,bullet,64,Draw,3/5/2019
Alexander_Donchenko,2674,Indianlad,2775,Black,1 min,bullet,53,Lost,3/5/2019
Alexander_Donchenko,2680,dzhumagaliev,2773,White,1 min,bullet,72,Won,3/5/2019
Alexander_Donchenko,2670,dzhumagaliev,2783,Black,1 min,bullet,60,Won,3/5/2019
Alexander_Donchenko,2659,dzhumagaliev,2794,White,1 min,bullet,48,Lost,3/5/2019
Alexander_Donchenko,2664,dzhumagaliev,2789,Black,1 min,bullet,22,Lost,3/5/2019
Alexander_Donchenko,2669,dzhumagaliev,2784,White,1 min,bullet,36,Lost,3/5/2019
Alexander_Donchenko,2675,dzhumagaliev,2778,Black,1 min,bullet,34,Won,3/5/2019
Alexander_Donchenko,2664,titan013,2508,White,1 min,bullet,57,Won,3/5/2019
Alexander_Donchenko,2659,caballodeacero,2494,Black,1 min,bullet,27,Won,3/5/2019
Alexander_Donchenko,2654,caballodeacero,2499,White,1 min,bullet,71,Lost,3/5/2019
Alexander_Donchenko,2666,caballodeacero,2499,Black,1 min,bullet,49,Won,3/5/2019
Alexander_Donchenko,2661,caballodeacero,2504,White,1 min,bullet,36,Won,3/5/2019
Alexander_Donchenko,2656,titan013,2545,Black,1 min,bullet,53,Lost,3/5/2019
Alexander_Donchenko,2639,JetBrain32,2914,Black,1 min,bullet,23,Lost,2/16/2019
Alexander_Donchenko,2642,JetBrain32,2911,White,1 min,bullet,42,Won,2/16/2019
Alexander_Donchenko,2628,JetBrain32,2925,Black,1 min,bullet,8,Lost,2/16/2019
Alexander_Donchenko,2631,JetBrain32,2922,White,1 min,bullet,7,Lost,2/16/2019
Alexander_Donchenko,2634,JetBrain32,2919,Black,1 min,bullet,23,Lost,2/16/2019
Alexander_Donchenko,2637,JetBrain32,2916,White,1 min,bullet,14,Lost,2/16/2019
Alexander_Donchenko,2640,JetBrain32,2913,Black,1 min,bullet,23,Lost,2/16/2019
Alexander_Donchenko,2643,JetBrain32,2910,White,1 min,bullet,30,Lost,2/16/2019
Alexander_Donchenko,2646,JetBrain32,2907,Black,1 min,bullet,84,Won,2/16/2019
Alexander_Donchenko,2633,JetBrain32,2920,White,1 min,bullet,10,Lost,2/16/2019
Alexander_Donchenko,2636,JetBrain32,2917,Black,1 min,bullet,56,Won,2/16/2019
Alexander_Donchenko,2622,JetBrain32,2931,White,1 min,bullet,25,Lost,2/16/2019
Alexander_Donchenko,2624,JetBrain32,2929,Black,1 min,bullet,23,Lost,2/16/2019
Alexander_Donchenko,2626,JetBrain32,2927,White,1 min,bullet,18,Lost,2/16/2019
Alexander_Donchenko,2628,JetBrain32,2925,Black,1 min,bullet,13,Lost,2/16/2019
Alexander_Donchenko,2631,JetBrain32,2922,White,1 min,bullet,20,Lost,2/16/2019
Alexander_Donchenko,2634,JetBrain32,2919,Black,1 min,bullet,7,Lost,2/16/2019
Alexander_Donchenko,2637,JetBrain32,2916,White,1 min,bullet,27,Lost,2/16/2019
Alexander_Donchenko,2640,JetBrain32,2913,Black,1 min,bullet,31,Lost,2/16/2019
Alexander_Donchenko,2643,JetBrain32,2910,White,1 min,bullet,18,Lost,2/16/2019
Alexander_Donchenko,2646,JetBrain32,2907,Black,1 min,bullet,15,Lost,2/16/2019
Alexander_Donchenko,2649,JetBrain32,2904,White,1 min,bullet,41,Lost,2/16/2019
Alexander_Donchenko,2652,JetBrain32,2901,Black,1 min,bullet,29,Lost,2/16/2019
Alexander_Donchenko,2655,JetBrain32,2898,White,1 min,bullet,21,Lost,2/16/2019
Alexander_Donchenko,2658,JetBrain32,2895,Black,1 min,bullet,38,Lost,2/16/2019
Alexander_Donchenko,2661,JetBrain32,2892,White,1 min,bullet,21,Lost,2/16/2019
Alexander_Donchenko,2665,JetBrain32,2888,Black,1 min,bullet,35,Lost,2/16/2019
Alexander_Donchenko,2669,JetBrain32,2884,White,1 min,bullet,24,Lost,2/16/2019
Alexander_Donchenko,2673,JetBrain32,2880,Black,1 min,bullet,26,Lost,2/16/2019