player,player_rating,opponent,opponent_rating,side,time_control,time_category,moves,result,date
Alexander_Moskalenko,2852,wonderfultime,2843,White,3 min,blitz,30,Lost,8/29/2018
Alexander_Moskalenko,2861,GHANDEEVAM2003,2769,White,3 min,blitz,50,Draw,8/23/2018
Alexander_Moskalenko,2863,GHANDEEVAM2003,2767,Black,3 min,blitz,20,Draw,8/23/2018
Alexander_Moskalenko,2865,2Vladimirovich90,2935,Black,3 min,blitz,52,Lost,8/21/2018
Alexander_Moskalenko,2872,2Vladimirovich90,2928,White,3 min,blitz,40,Lost,8/21/2018
Alexander_Moskalenko,2879,Coldplace,2717,Black,3 min,blitz,58,Won,8/21/2018
Alexander_Moskalenko,2874,Coldplace,2722,White,3 min,blitz,69,Lost,8/21/2018
Alexander_Moskalenko,2886,Coldplace,2710,Black,3 min,blitz,47,Won,8/21/2018
Alexander_Moskalenko,2882,Msb2,2824,White,3 min,blitz,53,Won,8/21/2018
Alexander_Moskalenko,2875,Msb2,2831,Black,3 min,blitz,30,Won,8/21/2018
Alexander_Moskalenko,2868,Msb2,2838,White,3 min,blitz,12,Draw,8/21/2018
Alexander_Moskalenko,2869,Msb2,2837,Black,3 min,blitz,45,Lost,8/21/2018
Alexander_Moskalenko,2878,Coldplace,2750,White,3 min,blitz,25,Won,8/21/2018
Alexander_Moskalenko,2873,Coldplace,2755,Black,3 min,blitz,46,Lost,8/21/2018
Alexander_Moskalenko,2884,severomorskij,2706,White,5|2,blitz,41,Draw,8/19/2018
Alexander_Moskalenko,2888,severomorskij,2702,Black,5|2,blitz,45,Won,8/19/2018
Alexander_Moskalenko,2884,viditchess,2835,Black,3|1,blitz,46,Draw,8/19/2018
Alexander_Moskalenko,2885,Firouzja2003,2882,Black,3 min,blitz,38,Won,8/19/2018
Alexander_Moskalenko,2877,Keranke,2799,White,3 min,blitz,89,Won,8/18/2018
Alexander_Moskalenko,2870,Keranke,2806,Black,3 min,blitz,36,Won,8/18/2018
Alexander_Moskalenko,2863,Firouzja2003,2878,White,3 min,blitz,15,Draw,8/17/2018
Alexander_Moskalenko,2863,Firouzja2003,2878,Black,3 min,blitz,52,Lost,8/17/2018
Alexander_Moskalenko,2871,Firouzja2003,2870,White,3 min,blitz,10,Draw,8/17/2018
Alexander_Moskalenko,2871,Firouzja2003,2870,Black,3 min,blitz,16,Draw,8/17/2018
Alexander_Moskalenko,2871,Firouzja2003,2870,White,3 min,blitz,72,Draw,8/17/2018
Alexander_Moskalenko,2871,Firouzja2003,2870,Black,3 min,blitz,44,Lost,8/17/2018
Alexander_Moskalenko,2879,Firouzja2003,2862,White,3 min,blitz,34,Won,8/17/2018
Alexander_Moskalenko,2871,Hikaru,3016,White,3 min,blitz,35,Lost,8/17/2018
Alexander_Moskalenko,2876,Hikaru,3011,Black,3 min,blitz,42,Lost,8/17/2018
Alexander_Moskalenko,2881,Hikaru,3006,White,3 min,blitz,21,Draw,8/17/2018
Alexander_Moskalenko,2878,Hikaru,3009,Black,3 min,blitz,41,Lost,8/17/2018
Alexander_Moskalenko,2883,Hikaru,3004,White,3 min,blitz,37,Lost,8/17/2018
Alexander_Moskalenko,2889,Hikaru,2998,Black,3 min,blitz,54,Won,8/17/2018
Alexander_Moskalenko,2878,Arash_Tahbaz,2783,White,3 min,blitz,4,Won,8/17/2018
Alexander_Moskalenko,2872,Firouzja2003,2874,Black,3 min,blitz,67,Lost,8/16/2018
Alexander_Moskalenko,2880,Mykola-Bortnyk,2878,Black,3 min,blitz,87,Lost,8/16/2018
Alexander_Moskalenko,2888,Firouzja2003,2858,White,3 min,blitz,33,Won,8/16/2018
Alexander_Moskalenko,2880,Firouzja2003,2866,Black,3 min,blitz,40,Won,8/16/2018
Alexander_Moskalenko,2872,Firouzja2003,2852,White,3 min,blitz,54,Lost,8/16/2018
Alexander_Moskalenko,2881,Firouzja2003,2843,Black,3 min,blitz,18,Won,8/16/2018
Alexander_Moskalenko,2874,Firouzja2003,2850,White,3 min,blitz,43,Won,8/16/2018
Alexander_Moskalenko,2866,Firouzja2003,2858,Black,3 min,blitz,42,Won,8/16/2018
Alexander_Moskalenko,2858,Firouzja2003,2834,White,3|2,blitz,77,Won,8/8/2018
Alexander_Moskalenko,2850,renatoterrylujan,2765,Black,3|2,blitz,53,Won,8/8/2018
Alexander_Moskalenko,2844,Zaven_ChessMood,2880,White,3|2,blitz,31,Won,8/8/2018
Alexander_Moskalenko,2835,krzyzan94,2648,Black,3|2,blitz,47,Won,8/8/2018
Alexander_Moskalenko,2831,dretch,2750,Black,3|2,blitz,29,Won,8/8/2018
Alexander_Moskalenko,2824,GMHess,2619,White,3|2,blitz,22,Won,8/8/2018
Alexander_Moskalenko,2820,GadimbayliA,2690,Black,3|2,blitz,61,Lost,8/7/2018
Alexander_Moskalenko,2831,Raja3401,2618,White,3|2,blitz,87,Draw,8/7/2018