player,player_rating,opponent,opponent_rating,side,time_control,time_category,moves,result,date
Alexander_Moskalenko,2794,ahmadzada13,2698,Black,3 min,blitz,52,Won,8/3/2018
Alexander_Moskalenko,2788,Kingofchess1311,2772,White,3 min,blitz,66,Lost,8/3/2018
Alexander_Moskalenko,2797,Kingofchess1311,2763,Black,3 min,blitz,56,Lost,8/3/2018
Alexander_Moskalenko,2806,Kingofchess1311,2754,White,3 min,blitz,28,Won,8/3/2018
Alexander_Moskalenko,2799,lachesisQ,2979,White,3 min,blitz,50,Lost,8/2/2018
Alexander_Moskalenko,2803,lachesisQ,2975,Black,3 min,blitz,72,Won,8/2/2018
Alexander_Moskalenko,2791,lachesisQ,2987,White,3 min,blitz,43,Lost,8/2/2018
Alexander_Moskalenko,2795,Firouzja2003,2788,Black,3 min,blitz,34,Won,8/2/2018
Alexander_Moskalenko,2787,TrimitziosP7,2725,Black,3 min,blitz,32,Lost,8/2/2018
Alexander_Moskalenko,2797,TrimitziosP7,2715,White,3 min,blitz,60,Draw,8/2/2018
Alexander_Moskalenko,2799,maciek_92,2730,Black,3 min,blitz,76,Lost,8/2/2018
Alexander_Moskalenko,2809,maciek_92,2720,White,3 min,blitz,79,Lost,8/2/2018
Alexander_Moskalenko,2819,bascheyaro,2719,Black,3 min,blitz,44,Won,8/2/2018
Alexander_Moskalenko,2813,bascheyaro,2725,White,3 min,blitz,38,Won,8/2/2018
Alexander_Moskalenko,2807,bascheyaro,2731,Black,3 min,blitz,82,Draw,8/2/2018
Alexander_Moskalenko,2809,bascheyaro,2729,White,3 min,blitz,62,Won,8/2/2018
Alexander_Moskalenko,2803,bascheyaro,2735,Black,3 min,blitz,30,Lost,8/2/2018
Alexander_Moskalenko,2813,Alexander_Khlebovich,2643,White,3 min,blitz,64,Won,8/2/2018
Alexander_Moskalenko,2808,Alexander_Khlebovich,2648,Black,3 min,blitz,85,Won,8/2/2018
Alexander_Moskalenko,2803,Alexander_Khlebovich,2653,White,3 min,blitz,50,Won,8/2/2018
Alexander_Moskalenko,2798,Alexander_Khlebovich,2658,Black,3 min,blitz,40,Won,8/2/2018
Alexander_Moskalenko,2793,Tapuah,2792,White,3 min,blitz,51,Draw,7/30/2018
Alexander_Moskalenko,2793,MrVezunchik,2789,White,3 min,blitz,73,Lost,7/29/2018
Alexander_Moskalenko,2802,MrVezunchik,2780,Black,3 min,blitz,37,Won,7/29/2018
Alexander_Moskalenko,2794,Rafa-Nadal,2851,Black,3 min,blitz,36,Lost,7/29/2018
Alexander_Moskalenko,2801,Rafa-Nadal,2844,White,3 min,blitz,30,Won,7/29/2018
Alexander_Moskalenko,2792,Rafa-Nadal,2853,Black,3 min,blitz,67,Lost,7/29/2018
Alexander_Moskalenko,2799,Rafa-Nadal,2846,White,3 min,blitz,29,Won,7/29/2018
Alexander_Moskalenko,2789,Rafa-Nadal,2856,Black,3 min,blitz,66,Lost,7/29/2018
Alexander_Moskalenko,2796,Rafa-Nadal,2849,White,3 min,blitz,37,Won,7/29/2018
Alexander_Moskalenko,2786,Rafa-Nadal,2859,Black,3 min,blitz,41,Lost,7/29/2018
Alexander_Moskalenko,2793,Srianshe4,1929,Black,5 min,blitz,40,Won,7/29/2018
Alexander_Moskalenko,2793,NTBT_DHS,2700,White,3 min,blitz,62,Lost,7/29/2018
Alexander_Moskalenko,2804,dancingqueen83,2857,White,3|2,blitz,34,Won,7/28/2018
Alexander_Moskalenko,2794,dancingqueen83,2867,Black,3|2,blitz,24,Lost,7/28/2018
Alexander_Moskalenko,2801,therightapproach,2750,Black,3 min,blitz,68,Won,7/28/2018
Alexander_Moskalenko,2794,therightapproach,2757,White,3 min,blitz,59,Won,7/28/2018
Alexander_Moskalenko,2786,GeorgMeier,2894,Black,3 min,blitz,46,Draw,7/11/2018
Alexander_Moskalenko,2784,GeorgMeier,2896,White,3 min,blitz,72,Lost,7/11/2018
Alexander_Moskalenko,2790,GeorgMeier,2890,Black,3 min,blitz,26,Lost,7/11/2018
Alexander_Moskalenko,2796,Zaven_ChessMood,2873,Black,3|1,blitz,66,Draw,7/10/2018
Alexander_Moskalenko,2794,Hrant_ChessMood,2867,Black,3|1,blitz,41,Won,7/10/2018
Alexander_Moskalenko,2784,Borsch7,2793,White,3|1,blitz,49,Won,7/10/2018
Alexander_Moskalenko,2775,rasmussvane,2639,Black,3|1,blitz,66,Won,7/10/2018
Alexander_Moskalenko,2770,MehdiHosseinipour,2630,Black,3|1,blitz,64,Won,7/10/2018
Alexander_Moskalenko,2765,mishanick,2817,White,3|1,blitz,66,Lost,7/10/2018
Alexander_Moskalenko,2772,Keranke,2732,White,3|1,blitz,32,Won,7/10/2018
Alexander_Moskalenko,2765,Bryakin_Mikhail,2645,Black,3|1,blitz,29,Won,7/10/2018
Alexander_Moskalenko,2759,Durarbayli,2664,Black,3|1,blitz,59,Lost,7/10/2018
Alexander_Moskalenko,2770,LawrenceTrent,2528,White,3|1,blitz,34,Won,7/10/2018