player,player_rating,opponent,opponent_rating,side,time_control,time_category,moves,result,date
Alexander_Donchenko,2539,stuwdrey,2534,Black,3 min,blitz,61,Won,5/9/2017
Alexander_Donchenko,2531,stuwdrey,2542,White,3 min,blitz,38,Won,5/9/2017
Alexander_Donchenko,2522,stuwdrey,2551,Black,3 min,blitz,42,Lost,5/9/2017
Alexander_Donchenko,2530,stuwdrey,2543,White,3 min,blitz,30,Won,5/9/2017
Alexander_Donchenko,2521,stuwdrey,2552,Black,3 min,blitz,69,Lost,5/9/2017
Alexander_Donchenko,2529,AdrianPingui,2391,White,3 min,blitz,20,Won,5/9/2017
Alexander_Donchenko,2524,AdrianPingui,2396,Black,3 min,blitz,18,Won,5/9/2017
Alexander_Donchenko,2519,AdrianPingui,2401,White,3 min,blitz,25,Won,5/9/2017
Alexander_Donchenko,2513,AdrianPingui,2407,Black,3 min,blitz,35,Won,5/9/2017
Alexander_Donchenko,2507,AdrianPingui,2413,White,3 min,blitz,44,Won,5/9/2017
Alexander_Donchenko,2501,Sergey_Kasparov,2472,Black,3 min,blitz,63,Won,5/9/2017
Alexander_Donchenko,2493,BulteniBo,2518,Black,3 min,blitz,66,Lost,5/7/2017
Alexander_Donchenko,2501,BulteniBo,2510,White,3 min,blitz,93,Lost,5/7/2017
Alexander_Donchenko,2509,wateenonzin,2383,Black,3 min,blitz,67,Won,5/7/2017
Alexander_Donchenko,2504,wateenonzin,2388,White,3 min,blitz,48,Won,5/7/2017
Alexander_Donchenko,2498,ChessKRR,2391,Black,3 min,blitz,58,Lost,5/5/2017
Alexander_Donchenko,2509,ChessKRR,2379,White,3 min,blitz,70,Won,5/5/2017
Alexander_Donchenko,2504,Mischuk_D,2510,Black,3 min,blitz,30,Lost,5/3/2017
Alexander_Donchenko,2512,Mischuk_D,2502,White,3 min,blitz,36,Lost,5/3/2017
Alexander_Donchenko,2521,dangerousfish,2500,Black,3 min,blitz,28,Won,5/3/2017
Alexander_Donchenko,2513,dangerousfish,2508,White,3 min,blitz,25,Won,5/3/2017
Alexander_Donchenko,2505,Fisher-Human,2465,Black,3 min,blitz,38,Lost,5/3/2017
Alexander_Donchenko,2514,Maitreia,2485,Black,3 min,blitz,28,Won,5/3/2017
Alexander_Donchenko,2506,grzechu96,2404,White,3|2,blitz,89,Lost,5/3/2017
Alexander_Donchenko,2517,HeartofaTiger,1919,Black,3|2,blitz,54,Won,5/3/2017
Alexander_Donchenko,2516,AlphaRatel,2600,Black,3|2,blitz,23,Lost,5/3/2017
Alexander_Donchenko,2522,spectralsoul,2644,White,3|2,blitz,33,Draw,5/3/2017
Alexander_Donchenko,2519,joppie2,2516,White,3|2,blitz,28,Won,5/3/2017
Alexander_Donchenko,2511,BigMak2500,2388,Black,3|2,blitz,29,Won,5/3/2017
Alexander_Donchenko,2505,Rikikits,2578,White,3|2,blitz,37,Lost,5/2/2017
Alexander_Donchenko,2512,matiss90,2344,White,3|2,blitz,82,Won,5/2/2017
Alexander_Donchenko,2507,Keranke,2619,Black,3|2,blitz,36,Lost,5/2/2017
Alexander_Donchenko,2513,Rating-Schmating,2212,Black,3|2,blitz,36,Won,5/2/2017
Alexander_Donchenko,2511,jambul72,2414,Black,3 min,blitz,51,Won,4/26/2017
Alexander_Donchenko,2505,Maitreia,2462,White,3 min,blitz,36,Won,4/26/2017
Alexander_Donchenko,2498,kreonx,2229,White,3|2,blitz,51,Lost,4/25/2017
Alexander_Donchenko,2512,feigelag,2266,Black,3|2,blitz,56,Lost,4/25/2017
Alexander_Donchenko,2525,DavidMarkosyan,2341,Black,3|2,blitz,27,Lost,4/18/2017
Alexander_Donchenko,2537,ChristopherYoo,2256,White,3|2,blitz,24,Won,4/18/2017
Alexander_Donchenko,2534,StudioItalia,2407,White,3 min,blitz,87,Lost,4/14/2017
Alexander_Donchenko,2545,BogdanDeac,2493,White,3 min,blitz,53,Draw,4/14/2017
Alexander_Donchenko,2546,BogdanDeac,2492,Black,3 min,blitz,29,Won,4/14/2017
Alexander_Donchenko,2539,volodja49,2421,Black,3 min,blitz,10,Draw,4/12/2017
Alexander_Donchenko,2542,lupta_robin,2448,White,3 min,blitz,64,Won,4/12/2017
Alexander_Donchenko,2536,ruvat,2237,White,3|2,blitz,32,Lost,4/12/2017
Alexander_Donchenko,2550,djano,2351,Black,3|2,blitz,22,Lost,4/12/2017
Alexander_Donchenko,2563,Bugcrusher,2418,White,3|2,blitz,114,Draw,4/12/2017
Alexander_Donchenko,2566,pacific_heights,2141,Black,3|2,blitz,28,Won,4/12/2017
Alexander_Donchenko,2565,johnathan113,2441,Black,3|2,blitz,38,Lost,4/12/2017
Alexander_Donchenko,2576,LawrenceTrent,2427,White,3|2,blitz,28,Lost,4/12/2017