player,player_rating,opponent,opponent_rating,side,time_control,time_category,moves,result,date
Alexander_Moskalenko,2742,Jospem,2777,White,1 min,bullet,59,Won,8/16/2018
Alexander_Moskalenko,2733,Jospem,2786,Black,1 min,bullet,58,Draw,8/16/2018
Alexander_Moskalenko,2732,Jospem,2787,White,1 min,bullet,61,Won,8/16/2018
Alexander_Moskalenko,2722,Jospem,2797,Black,1 min,bullet,57,Lost,8/16/2018
Alexander_Moskalenko,2729,Jospem,2790,White,1 min,bullet,55,Lost,8/16/2018
Alexander_Moskalenko,2736,KenanGarayev,2678,Black,1 min,bullet,34,Won,8/16/2018
Alexander_Moskalenko,2729,KenanGarayev,2685,White,1 min,bullet,29,Won,8/16/2018
Alexander_Moskalenko,2722,KenanGarayev,2692,Black,1 min,bullet,44,Draw,8/16/2018
Alexander_Moskalenko,2723,Arash_Tahbaz,2742,Black,30 sec,bullet,45,Lost,8/6/2018
Alexander_Moskalenko,2731,Arash_Tahbaz,2734,White,30 sec,bullet,71,Won,8/6/2018
Alexander_Moskalenko,2723,Arash_Tahbaz,2742,Black,30 sec,bullet,61,Won,8/6/2018
Alexander_Moskalenko,2714,Arash_Tahbaz,2751,White,30 sec,bullet,31,Won,8/6/2018
Alexander_Moskalenko,2705,Arash_Tahbaz,2760,Black,30 sec,bullet,39,Won,8/6/2018
Alexander_Moskalenko,2695,Arash_Tahbaz,2770,White,30 sec,bullet,23,Lost,8/6/2018
Alexander_Moskalenko,2702,Arash_Tahbaz,2763,Black,30 sec,bullet,37,Lost,8/6/2018
Alexander_Moskalenko,2709,Arash_Tahbaz,2756,White,30 sec,bullet,27,Won,8/6/2018
Alexander_Moskalenko,2700,Arash_Tahbaz,2765,Black,30 sec,bullet,9,Won,8/6/2018
Alexander_Moskalenko,2690,Arash_Tahbaz,2775,White,30 sec,bullet,47,Won,8/6/2018
Alexander_Moskalenko,2680,elm2007,2704,White,30 sec,bullet,13,Won,8/6/2018
Alexander_Moskalenko,2671,elm2007,2713,Black,30 sec,bullet,65,Draw,8/6/2018
Alexander_Moskalenko,2670,michaelq2d5,2824,White,1 min,bullet,33,Lost,8/6/2018
Alexander_Moskalenko,2675,michaelq2d5,2819,Black,1 min,bullet,37,Lost,8/6/2018
Alexander_Moskalenko,2680,michaelq2d5,2814,White,1 min,bullet,43,Lost,8/6/2018
Alexander_Moskalenko,2685,michaelq2d5,2809,Black,1 min,bullet,47,Lost,8/6/2018
Alexander_Moskalenko,2691,michaelq2d5,2803,White,1 min,bullet,23,Lost,8/6/2018
Alexander_Moskalenko,2697,Harutjunyan-Gevorg,2715,Black,1 min,bullet,60,Won,8/5/2018
Alexander_Moskalenko,2658,Antifish7,2598,Black,1 min,bullet,25,Lost,8/4/2018
Alexander_Moskalenko,2668,Antifish7,2588,White,1 min,bullet,45,Won,8/4/2018
Alexander_Moskalenko,2662,Antifish7,2594,Black,1 min,bullet,52,Won,8/4/2018
Alexander_Moskalenko,2655,Antifish7,2601,White,1 min,bullet,51,Lost,8/4/2018
Alexander_Moskalenko,2665,Antifish7,2591,Black,1 min,bullet,49,Won,8/4/2018
Alexander_Moskalenko,2658,Antifish7,2598,White,1 min,bullet,59,Draw,8/4/2018
Alexander_Moskalenko,2659,Antifish7,2597,Black,1 min,bullet,47,Won,8/4/2018
Alexander_Moskalenko,2652,Antifish7,2604,White,1 min,bullet,43,Won,8/4/2018
Alexander_Moskalenko,2645,Antifish7,2611,Black,1 min,bullet,61,Won,8/4/2018
Alexander_Moskalenko,2637,Antifish7,2619,White,1 min,bullet,64,Draw,8/4/2018
Alexander_Moskalenko,2637,Miawo,2745,Black,1 min,bullet,32,Lost,8/4/2018
Alexander_Moskalenko,2643,Miawo,2739,White,1 min,bullet,15,Lost,8/4/2018
Alexander_Moskalenko,2649,Miawo,2733,Black,1 min,bullet,14,Lost,8/4/2018
Alexander_Moskalenko,2655,Miawo,2727,White,1 min,bullet,35,Lost,8/4/2018
Alexander_Moskalenko,2662,Miawo,2720,Black,1 min,bullet,23,Lost,8/4/2018
Alexander_Moskalenko,2669,daddyknives,2841,Black,1 min,bullet,41,Lost,8/4/2018
Alexander_Moskalenko,2674,daddyknives,2836,White,1 min,bullet,33,Lost,8/4/2018
Alexander_Moskalenko,2679,daddyknives,2831,Black,1 min,bullet,31,Lost,8/4/2018
Alexander_Moskalenko,2684,daddyknives,2826,White,1 min,bullet,8,Won,8/4/2018
Alexander_Moskalenko,2672,daddyknives,2838,Black,1 min,bullet,23,Lost,8/4/2018
Alexander_Moskalenko,2677,daddyknives,2833,White,1 min,bullet,19,Lost,8/4/2018
Alexander_Moskalenko,2682,daddyknives,2828,Black,1 min,bullet,15,Lost,8/4/2018
Alexander_Moskalenko,2687,Toyota_Land_Cruiser,2681,Black,1 min,bullet,55,Draw,8/4/2018
Alexander_Moskalenko,2687,Toyota_Land_Cruiser,2681,White,1 min,bullet,56,Lost,8/4/2018