player,player_rating,opponent,opponent_rating,side,time_control,time_category,moves,result,date
Alexander_Zubov,2855,Firouzja2003,2859,Black,3 min,blitz,45,Won,6/8/2018
Alexander_Zubov,2847,Firouzja2003,2867,White,3 min,blitz,41,Lost,6/8/2018
Alexander_Zubov,2855,Firouzja2003,2859,Black,3 min,blitz,21,Won,6/8/2018
Alexander_Zubov,2846,Firouzja2003,2868,White,3 min,blitz,48,Won,6/8/2018
Alexander_Zubov,2837,vovkcoach,2818,White,3 min,blitz,47,Draw,6/7/2018
Alexander_Zubov,2837,vovkcoach,2818,Black,3 min,blitz,37,Won,6/7/2018
Alexander_Zubov,2829,vovkcoach,2826,White,3 min,blitz,71,Won,6/7/2018
Alexander_Zubov,2821,vovkcoach,2834,Black,3 min,blitz,27,Lost,6/7/2018
Alexander_Zubov,2829,vovkcoach,2826,White,3 min,blitz,38,Lost,6/7/2018
Alexander_Zubov,2837,vovkcoach,2818,Black,3 min,blitz,48,Lost,6/7/2018
Alexander_Zubov,2846,TampaChess,2802,White,3 min,blitz,52,Lost,6/7/2018
Alexander_Zubov,2855,Firouzja2003,2937,Black,3 min,blitz,84,Lost,6/5/2018
Alexander_Zubov,2861,Firouzja2003,2931,White,3 min,blitz,54,Lost,6/5/2018
Alexander_Zubov,2868,Firouzja2003,2924,Black,3 min,blitz,46,Lost,6/5/2018
Alexander_Zubov,2875,Firouzja2003,2917,White,3 min,blitz,33,Lost,6/5/2018
Alexander_Zubov,2882,Firouzja2003,2910,Black,3 min,blitz,33,Won,6/5/2018
Alexander_Zubov,2873,GHANDEEVAM2003,2727,White,3 min,blitz,35,Won,6/3/2018
Alexander_Zubov,2868,GHANDEEVAM2003,2732,Black,3 min,blitz,76,Won,6/3/2018
Alexander_Zubov,2863,GHANDEEVAM2003,2737,White,3 min,blitz,29,Won,6/3/2018
Alexander_Zubov,2857,GHANDEEVAM2003,2742,Black,3 min,blitz,30,Won,6/3/2018
Alexander_Zubov,2851,GHANDEEVAM2003,2748,White,3 min,blitz,49,Won,6/3/2018
Alexander_Zubov,2844,GHANDEEVAM2003,2754,Black,3 min,blitz,29,Draw,6/3/2018
Alexander_Zubov,2846,Firouzja2003,2904,White,3 min,blitz,70,Lost,5/29/2018
Alexander_Zubov,2854,Firouzja2003,2897,Black,3 min,blitz,29,Won,5/29/2018
Alexander_Zubov,2843,Firouzja2003,2906,White,3 min,blitz,49,Lost,5/29/2018
Alexander_Zubov,2851,Firouzja2003,2899,Black,3 min,blitz,37,Lost,5/29/2018
Alexander_Zubov,2860,Firouzja2003,2892,White,3 min,blitz,34,Won,5/29/2018
Alexander_Zubov,2849,Firouzja2003,2901,Black,3 min,blitz,79,Lost,5/29/2018
Alexander_Zubov,2858,Firouzja2003,2894,White,3 min,blitz,61,Won,5/29/2018
Alexander_Zubov,2846,TrimitziosP7,2802,White,3 min,blitz,80,Lost,5/27/2018
Alexander_Zubov,2858,Micki-taryan,2811,Black,3 min,blitz,49,Won,4/20/2018
Alexander_Zubov,2851,Micki-taryan,2818,White,3 min,blitz,72,Lost,4/20/2018
Alexander_Zubov,2860,Micki-taryan,2809,Black,3 min,blitz,60,Lost,4/20/2018
Alexander_Zubov,2870,Micki-taryan,2799,White,3 min,blitz,20,Won,4/20/2018
Alexander_Zubov,2863,Micki-taryan,2806,Black,3 min,blitz,52,Won,4/20/2018
Alexander_Zubov,2856,Micki-taryan,2813,White,3 min,blitz,83,Lost,4/20/2018
Alexander_Zubov,2865,Micki-taryan,2804,Black,3 min,blitz,47,Won,4/20/2018
Alexander_Zubov,2858,Micki-taryan,2811,White,3 min,blitz,55,Won,4/20/2018
Alexander_Zubov,2851,Micki-taryan,2818,Black,3 min,blitz,52,Won,4/20/2018
Alexander_Zubov,2843,Micki-taryan,2826,White,3 min,blitz,43,Lost,4/20/2018
Alexander_Zubov,2853,dancingqueen83,2789,White,3 min,blitz,51,Won,3/26/2018
Alexander_Zubov,2846,dancingqueen83,2796,Black,3 min,blitz,82,Lost,3/26/2018
Alexander_Zubov,2856,abhijeetgupta1016,2764,White,3 min,blitz,29,Lost,3/23/2018
Alexander_Zubov,2866,abhijeetgupta1016,2754,Black,3 min,blitz,51,Won,3/23/2018
Alexander_Zubov,2860,Lunaticx,2800,White,3 min,blitz,42,Won,3/23/2018
Alexander_Zubov,2853,Lunaticx,2807,Black,3 min,blitz,107,Draw,3/23/2018
Alexander_Zubov,2854,Lunaticx,2806,White,3 min,blitz,65,Won,3/23/2018
Alexander_Zubov,2847,Lunaticx,2813,Black,3 min,blitz,29,Won,3/23/2018
Alexander_Zubov,2839,dancingqueen83,2802,White,3 min,blitz,81,Won,3/23/2018
Alexander_Zubov,2832,dancingqueen83,2809,Black,3 min,blitz,37,Lost,3/23/2018