player,player_rating,opponent,opponent_rating,side,time_control,time_category,moves,result,date
Alexander_Moskalenko,2736,Parhamov,2912,Black,1 min,bullet,35,Won,12/26/2017
Alexander_Moskalenko,2724,Parhamov,2924,White,1 min,bullet,37,Lost,12/26/2017
Alexander_Moskalenko,2728,Rikikits,2760,White,1 min,bullet,52,Draw,12/24/2017
Alexander_Moskalenko,2727,Rikikits,2761,Black,1 min,bullet,51,Lost,12/24/2017
Alexander_Moskalenko,2735,Rikikits,2753,White,1 min,bullet,69,Won,12/24/2017
Alexander_Moskalenko,2726,Rikikits,2762,Black,1 min,bullet,40,Lost,12/24/2017
Alexander_Moskalenko,2734,Rikikits,2754,White,1 min,bullet,27,Lost,12/24/2017
Alexander_Moskalenko,2742,Rikikits,2746,Black,1 min,bullet,55,Lost,12/24/2017
Alexander_Moskalenko,2750,Rikikits,2738,White,1 min,bullet,20,Draw,12/24/2017
Alexander_Moskalenko,2750,Rikikits,2738,Black,1 min,bullet,30,Won,12/24/2017
Alexander_Moskalenko,2742,Rikikits,2746,White,1 min,bullet,19,Won,12/24/2017
Alexander_Moskalenko,2733,Rikikits,2755,Black,1 min,bullet,34,Won,12/24/2017
Alexander_Moskalenko,2724,Rikikits,2764,White,1 min,bullet,108,Draw,12/24/2017
Alexander_Moskalenko,2723,amintabatabaei,2685,Black,1 min,bullet,24,Won,12/22/2017
Alexander_Moskalenko,2716,amintabatabaei,2692,White,1 min,bullet,49,Won,12/22/2017
Alexander_Moskalenko,2708,ChessWarrior7197,2612,Black,1 min,bullet,49,Lost,12/20/2017
Alexander_Moskalenko,2719,ChessWarrior7197,2601,White,1 min,bullet,26,Won,12/20/2017
Alexander_Moskalenko,2713,mukhin1,2816,White,1 min,bullet,50,Lost,12/20/2017
Alexander_Moskalenko,2719,ST-Sandavagur,2651,Black,1 min,bullet,60,Won,12/6/2017
Alexander_Moskalenko,2712,ST-Sandavagur,2658,White,1 min,bullet,64,Won,12/6/2017
Alexander_Moskalenko,2705,ST-Sandavagur,2665,Black,1 min,bullet,52,Lost,12/6/2017
Alexander_Moskalenko,2714,ST-Sandavagur,2656,White,1 min,bullet,61,Won,12/6/2017
Alexander_Moskalenko,2707,ST-Sandavagur,2663,Black,1 min,bullet,64,Won,12/6/2017
Alexander_Moskalenko,2700,ST-Sandavagur,2670,White,1 min,bullet,35,Won,12/6/2017
Alexander_Moskalenko,2692,ST-Sandavagur,2678,Black,1 min,bullet,33,Lost,12/6/2017
Alexander_Moskalenko,2701,ST-Sandavagur,2669,White,1 min,bullet,25,Lost,12/6/2017
Alexander_Moskalenko,2710,ST-Sandavagur,2660,Black,1 min,bullet,38,Won,12/6/2017
Alexander_Moskalenko,2703,Andreikka,2721,White,1 min,bullet,70,Lost,11/29/2017
Alexander_Moskalenko,2711,Andreikka,2713,Black,1 min,bullet,41,Lost,11/29/2017
Alexander_Moskalenko,2719,Mykola-Bortnyk,2837,Black,1 min,bullet,58,Won,11/27/2017
Alexander_Moskalenko,2708,Mykola-Bortnyk,2848,White,1 min,bullet,52,Draw,11/27/2017
Alexander_Moskalenko,2705,Mykola-Bortnyk,2851,Black,1 min,bullet,44,Lost,11/27/2017
Alexander_Moskalenko,2710,Mykola-Bortnyk,2846,White,1 min,bullet,71,Lost,11/27/2017
Alexander_Moskalenko,2715,Mykola-Bortnyk,2841,Black,1 min,bullet,50,Lost,11/27/2017
Alexander_Moskalenko,2720,Mykola-Bortnyk,2836,White,1 min,bullet,32,Lost,11/27/2017
Alexander_Moskalenko,2726,Mykola-Bortnyk,2830,Black,1 min,bullet,87,Draw,11/27/2017
Alexander_Moskalenko,2724,Mykola-Bortnyk,2832,White,1 min,bullet,97,Draw,11/27/2017
Alexander_Moskalenko,2722,Mykola-Bortnyk,2835,Black,1 min,bullet,74,Draw,11/27/2017
Alexander_Moskalenko,2719,Mykola-Bortnyk,2838,White,1 min,bullet,63,Won,11/27/2017
Alexander_Moskalenko,2708,Mykola-Bortnyk,2849,Black,1 min,bullet,67,Lost,11/27/2017
Alexander_Moskalenko,2713,Mykola-Bortnyk,2844,White,1 min,bullet,36,Won,11/27/2017
Alexander_Moskalenko,2702,Mykola-Bortnyk,2855,Black,1 min,bullet,37,Lost,11/27/2017
Alexander_Moskalenko,2707,Mykola-Bortnyk,2850,White,1 min,bullet,67,Won,11/27/2017
Alexander_Moskalenko,2695,Mykola-Bortnyk,2862,Black,1 min,bullet,42,Draw,11/27/2017
Alexander_Moskalenko,2691,Mykola-Bortnyk,2866,White,1 min,bullet,40,Lost,11/27/2017
Alexander_Moskalenko,2695,Rsnr,2652,White,1 min,bullet,65,Draw,11/26/2017
Alexander_Moskalenko,2696,Rsnr,2651,Black,1 min,bullet,42,Draw,11/26/2017
Alexander_Moskalenko,2697,Rsnr,2650,White,1 min,bullet,43,Won,11/26/2017
Alexander_Moskalenko,2690,Rsnr,2657,Black,1 min,bullet,33,Won,11/26/2017
Alexander_Moskalenko,2682,JelenaKarleusa-SO-18,2598,White,1 min,bullet,67,Won,11/20/2017