player,player_rating,opponent,opponent_rating,side,time_control,time_category,moves,result,date
Alexander_Moskalenko,2767,igorkovalenko,2765,White,3 min,blitz,1,Draw,9/8/2018
Alexander_Moskalenko,2767,igorkovalenko,2765,Black,3 min,blitz,29,Lost,9/8/2018
Alexander_Moskalenko,2775,igorkovalenko,2757,White,3 min,blitz,76,Lost,9/8/2018
Alexander_Moskalenko,2784,Msb2,2850,White,3 min,blitz,67,Won,9/8/2018
Alexander_Moskalenko,2774,Msb2,2860,Black,3 min,blitz,30,Lost,9/8/2018
Alexander_Moskalenko,2780,Lordillidan,2875,White,3 min,blitz,25,Lost,9/8/2018
Alexander_Moskalenko,2786,Lordillidan,2869,Black,3 min,blitz,67,Lost,9/8/2018
Alexander_Moskalenko,2792,transponster,2789,White,3 min,blitz,72,Lost,9/7/2018
Alexander_Moskalenko,2800,vsuri97,2773,White,3 min,blitz,13,Lost,9/7/2018
Alexander_Moskalenko,2809,vsuri97,2764,Black,3 min,blitz,41,Draw,9/7/2018
Alexander_Moskalenko,2810,Raspadsistema,2686,Black,3 min,blitz,50,Won,9/7/2018
Alexander_Moskalenko,2804,DanielNaroditsky,2973,White,3 min,blitz,32,Lost,9/7/2018
Alexander_Moskalenko,2809,DanielNaroditsky,2968,Black,3 min,blitz,49,Draw,9/7/2018
Alexander_Moskalenko,2805,Sanan_Sjugirov,2811,White,3 min,blitz,48,Draw,9/7/2018
Alexander_Moskalenko,2805,Sanan_Sjugirov,2811,Black,3 min,blitz,42,Lost,9/7/2018
Alexander_Moskalenko,2813,Sanan_Sjugirov,2803,White,3 min,blitz,58,Won,9/7/2018
Alexander_Moskalenko,2805,Sanan_Sjugirov,2811,Black,3 min,blitz,79,Won,9/7/2018
Alexander_Moskalenko,2796,Gabrielian_Artur,2733,Black,3 min,blitz,57,Lost,9/6/2018
Alexander_Moskalenko,2806,eljanov,2813,White,3 min,blitz,68,Won,9/6/2018
Alexander_Moskalenko,2797,eljanov,2822,Black,3 min,blitz,46,Draw,9/6/2018
Alexander_Moskalenko,2796,eljanov,2823,White,3 min,blitz,17,Won,9/6/2018
Alexander_Moskalenko,2787,eljanov,2832,Black,3 min,blitz,46,Lost,9/6/2018
Alexander_Moskalenko,2794,eljanov,2825,White,3 min,blitz,42,Draw,9/6/2018
Alexander_Moskalenko,2793,eljanov,2826,Black,3 min,blitz,24,Lost,9/6/2018
Alexander_Moskalenko,2801,Kingofchess1311,2742,Black,3 min,blitz,39,Won,9/6/2018
Alexander_Moskalenko,2794,maciek_92,2677,White,3|2,blitz,32,Lost,9/5/2018
Alexander_Moskalenko,2805,renatoterrylujan,2760,Black,3|2,blitz,132,Draw,9/5/2018
Alexander_Moskalenko,2806,bazsi97,2576,White,3|2,blitz,34,Won,9/5/2018
Alexander_Moskalenko,2803,ENEASZ,2543,White,3|2,blitz,74,Won,9/5/2018
Alexander_Moskalenko,2800,ulises2013,2588,Black,3|2,blitz,38,Lost,9/5/2018
Alexander_Moskalenko,2813,jk13,2538,Black,3|2,blitz,40,Won,9/5/2018
Alexander_Moskalenko,2810,GhostOfGreenval,2458,White,3|2,blitz,20,Won,9/5/2018
Alexander_Moskalenko,2808,justmig,2635,Black,3|2,blitz,61,Lost,9/4/2018
Alexander_Moskalenko,2820,PulpanJ,2428,White,3|2,blitz,106,Won,9/4/2018
Alexander_Moskalenko,2818,Tjktiger,2807,Black,3 min,blitz,52,Draw,9/4/2018
Alexander_Moskalenko,2818,Tjktiger,2807,White,3 min,blitz,28,Draw,9/4/2018
Alexander_Moskalenko,2818,GMVallejo,2809,White,3 min,blitz,69,Draw,9/4/2018
Alexander_Moskalenko,2818,GMVallejo,2809,Black,3 min,blitz,38,Lost,9/4/2018
Alexander_Moskalenko,2827,Nakachuk,2725,Black,3 min,blitz,66,Lost,9/2/2018
Alexander_Moskalenko,2838,Nakachuk,2714,White,3 min,blitz,65,Lost,9/2/2018
Alexander_Moskalenko,2849,Bigfish1995,2889,White,3 min,blitz,79,Won,8/30/2018
Alexander_Moskalenko,2840,Bigfish1995,2898,Black,3 min,blitz,47,Lost,8/30/2018
Alexander_Moskalenko,2847,Bigfish1995,2891,White,3 min,blitz,42,Won,8/30/2018
Alexander_Moskalenko,2838,Bigfish1995,2900,Black,3 min,blitz,29,Lost,8/30/2018
Alexander_Moskalenko,2845,fireheart92,2818,Black,3 min,blitz,47,Lost,8/30/2018
Alexander_Moskalenko,2854,fireheart92,2809,White,3 min,blitz,39,Won,8/30/2018
Alexander_Moskalenko,2847,moro182,2769,Black,3 min,blitz,46,Won,8/29/2018
Alexander_Moskalenko,2840,moro182,2776,White,3 min,blitz,34,Lost,8/29/2018
Alexander_Moskalenko,2850,moro182,2766,Black,3 min,blitz,25,Lost,8/29/2018
Alexander_Moskalenko,2860,wonderfultime,2835,Black,3 min,blitz,32,Won,8/29/2018