player,player_rating,opponent,opponent_rating,side,time_control,time_category,moves,result,date
Alexander_Moskalenko,2728,Kriari,2735,Black,1 min,bullet,42,Lost,5/1/2018
Alexander_Moskalenko,2736,Arash_Tahbaz,2680,White,1 min,bullet,59,Lost,4/29/2018
Alexander_Moskalenko,2746,Arash_Tahbaz,2670,Black,1 min,bullet,30,Won,4/29/2018
Alexander_Moskalenko,2739,Arash_Tahbaz,2677,White,1 min,bullet,27,Won,4/29/2018
Alexander_Moskalenko,2732,Arash_Tahbaz,2684,Black,1 min,bullet,21,Won,4/29/2018
Alexander_Moskalenko,2725,Arash_Tahbaz,2691,White,1 min,bullet,48,Won,4/29/2018
Alexander_Moskalenko,2717,Arash_Tahbaz,2699,Black,1 min,bullet,66,Won,4/29/2018
Alexander_Moskalenko,2709,Arash_Tahbaz,2707,White,1 min,bullet,51,Won,4/29/2018
Alexander_Moskalenko,2701,Arash_Tahbaz,2715,Black,1 min,bullet,74,Lost,4/29/2018
Alexander_Moskalenko,2709,Arash_Tahbaz,2707,White,1 min,bullet,69,Won,4/29/2018
Alexander_Moskalenko,2701,Arash_Tahbaz,2715,Black,1 min,bullet,12,Won,4/29/2018
Alexander_Moskalenko,2692,Arash_Tahbaz,2724,White,1 min,bullet,75,Lost,4/29/2018
Alexander_Moskalenko,2700,Arash_Tahbaz,2716,Black,1 min,bullet,71,Draw,4/29/2018
Alexander_Moskalenko,2700,Arash_Tahbaz,2716,White,1 min,bullet,39,Lost,4/29/2018
Alexander_Moskalenko,2708,Arash_Tahbaz,2708,Black,1 min,bullet,34,Lost,4/29/2018
Alexander_Moskalenko,2716,GMSrinath,2689,White,1 min,bullet,52,Won,4/21/2018
Alexander_Moskalenko,2708,GMSrinath,2697,Black,1 min,bullet,48,Won,4/21/2018
Alexander_Moskalenko,2700,GMSrinath,2705,White,1 min,bullet,38,Won,4/21/2018
Alexander_Moskalenko,2691,GMSrinath,2714,Black,1 min,bullet,34,Lost,4/21/2018
Alexander_Moskalenko,2699,Micki-taryan,2856,Black,1 min,bullet,68,Won,4/21/2018
Alexander_Moskalenko,2687,Micki-taryan,2868,White,1 min,bullet,86,Lost,4/21/2018
Alexander_Moskalenko,2691,Micki-taryan,2864,Black,1 min,bullet,45,Lost,4/21/2018
Alexander_Moskalenko,2696,Micki-taryan,2860,White,1 min,bullet,74,Lost,4/21/2018
Alexander_Moskalenko,2701,Micki-taryan,2855,Black,1 min,bullet,73,Lost,4/21/2018
Alexander_Moskalenko,2706,Micki-taryan,2850,White,1 min,bullet,105,Lost,4/21/2018
Alexander_Moskalenko,2711,Micki-taryan,2845,Black,1 min,bullet,29,Lost,4/21/2018
Alexander_Moskalenko,2716,Micki-taryan,2840,White,1 min,bullet,20,Lost,4/21/2018
Alexander_Moskalenko,2722,Dhaydon19,2710,Black,1 min,bullet,70,Won,4/21/2018
Alexander_Moskalenko,2714,Dhaydon19,2718,White,1 min,bullet,65,Won,4/21/2018
Alexander_Moskalenko,2706,Dhaydon19,2726,White,1 min,bullet,56,Lost,4/21/2018
Alexander_Moskalenko,2714,Dhaydon19,2718,Black,1 min,bullet,43,Lost,4/21/2018
Alexander_Moskalenko,2722,KhalilMousavi77,2831,White,1 min,bullet,16,Won,4/21/2018
Alexander_Moskalenko,2711,KhalilMousavi77,2842,Black,1 min,bullet,39,Won,4/21/2018
Alexander_Moskalenko,2700,KhalilMousavi77,2853,Black,1 min,bullet,33,Lost,4/21/2018
Alexander_Moskalenko,2705,djamir,2725,White,1 min,bullet,83,Lost,4/21/2018
Alexander_Moskalenko,2713,Micki-taryan,2767,Black,1 min,bullet,73,Lost,4/21/2018
Alexander_Moskalenko,2720,Micki-taryan,2760,White,1 min,bullet,20,Lost,4/21/2018
Alexander_Moskalenko,2727,Micki-taryan,2753,Black,1 min,bullet,10,Lost,4/21/2018
Alexander_Moskalenko,2735,Micki-taryan,2745,White,1 min,bullet,46,Lost,4/21/2018
Alexander_Moskalenko,2743,Micki-taryan,2737,Black,1 min,bullet,64,Lost,4/21/2018
Alexander_Moskalenko,2752,Micki-taryan,2728,White,1 min,bullet,24,Lost,4/21/2018
Alexander_Moskalenko,2761,Micki-taryan,2719,Black,1 min,bullet,42,Won,4/21/2018
Alexander_Moskalenko,2754,TigranLPetrosyan,2752,White,1 min,bullet,58,Lost,4/18/2018
Alexander_Moskalenko,2762,TigranLPetrosyan,2744,Black,1 min,bullet,50,Lost,4/18/2018
Alexander_Moskalenko,2771,TigranLPetrosyan,2735,White,1 min,bullet,25,Won,4/18/2018
Alexander_Moskalenko,2763,TigranLPetrosyan,2743,Black,1 min,bullet,50,Draw,4/18/2018
Alexander_Moskalenko,2763,TigranLPetrosyan,2743,White,1 min,bullet,25,Won,4/18/2018
Alexander_Moskalenko,2755,TigranLPetrosyan,2751,Black,1 min,bullet,38,Won,4/18/2018
Alexander_Moskalenko,2747,TigranLPetrosyan,2759,White,1 min,bullet,53,Lost,4/18/2018
Alexander_Moskalenko,2755,TigranLPetrosyan,2751,Black,1 min,bullet,61,Won,4/18/2018