player,player_rating,opponent,opponent_rating,side,time_control,time_category,moves,result,date
Alexander_Donchenko,2666,whatbecause,2607,White,1 min,bullet,37,Won,4/20/2016
Alexander_Donchenko,2659,pKiLz5Rn9b,2538,Black,1 min,bullet,24,Won,4/19/2016
Alexander_Donchenko,2653,pKiLz5Rn9b,2544,White,1 min,bullet,68,Won,4/19/2016
Alexander_Donchenko,2647,pKiLz5Rn9b,2550,Black,1 min,bullet,76,Lost,4/19/2016
Alexander_Donchenko,2658,Volkovi,2750,White,1 min,bullet,65,Lost,4/15/2016
Alexander_Donchenko,2664,Volkovi,2744,Black,1 min,bullet,61,Lost,4/15/2016
Alexander_Donchenko,2671,Volkovi,2737,White,1 min,bullet,41,Lost,4/15/2016
Alexander_Donchenko,2678,Volkovi,2730,Black,1 min,bullet,50,Lost,4/15/2016
Alexander_Donchenko,2685,Volkovi,2723,White,1 min,bullet,46,Won,4/15/2016
Alexander_Donchenko,2676,Volkovi,2732,Black,1 min,bullet,48,Lost,4/15/2016
Alexander_Donchenko,2683,Volkovi,2725,White,1 min,bullet,38,Draw,4/15/2016
Alexander_Donchenko,2682,Volkovi,2726,Black,1 min,bullet,36,Lost,4/15/2016
Alexander_Donchenko,2689,Volkovi,2719,White,1 min,bullet,67,Lost,4/15/2016
Alexander_Donchenko,2697,Volkovi,2711,Black,1 min,bullet,27,Won,4/15/2016
Alexander_Donchenko,2688,Volkovi,2720,White,1 min,bullet,21,Won,4/15/2016
Alexander_Donchenko,2679,Volkovi,2729,Black,1 min,bullet,34,Lost,4/15/2016
Alexander_Donchenko,2686,Volkovi,2722,White,1 min,bullet,23,Lost,4/15/2016
Alexander_Donchenko,2694,Volkovi,2714,Black,1 min,bullet,28,Lost,4/15/2016
Alexander_Donchenko,2702,Volkovi,2706,White,1 min,bullet,63,Draw,4/15/2016
Alexander_Donchenko,2702,Volkovi,2706,Black,1 min,bullet,29,Won,4/15/2016
Alexander_Donchenko,2694,Volkovi,2714,White,1 min,bullet,59,Lost,4/15/2016
Alexander_Donchenko,2702,Volkovi,2706,Black,1 min,bullet,60,Won,4/15/2016
Alexander_Donchenko,2694,Volkovi,2714,White,1 min,bullet,77,Draw,4/15/2016
Alexander_Donchenko,2694,Volkovi,2714,Black,1 min,bullet,38,Lost,4/15/2016
Alexander_Donchenko,2702,platy3,2868,Black,1 min,bullet,52,Won,4/15/2016
Alexander_Donchenko,2690,platy3,2880,White,1 min,bullet,76,Lost,4/15/2016
Alexander_Donchenko,2694,platy3,2876,Black,1 min,bullet,34,Won,4/15/2016
Alexander_Donchenko,2682,platy3,2888,White,1 min,bullet,41,Lost,4/15/2016
Alexander_Donchenko,2686,joppie2,2713,Black,1 min,bullet,26,Won,4/8/2016
Alexander_Donchenko,2677,joppie2,2722,White,1 min,bullet,55,Won,4/8/2016
Alexander_Donchenko,2668,joppie2,2731,Black,1 min,bullet,6,Lost,4/8/2016
Alexander_Donchenko,2675,joppie2,2724,White,1 min,bullet,51,Lost,4/8/2016
Alexander_Donchenko,2682,joppie2,2643,Black,1 min,bullet,25,Won,4/5/2016
Alexander_Donchenko,2675,joppie2,2650,White,1 min,bullet,33,Won,4/5/2016
Alexander_Donchenko,2667,joppie2,2658,Black,1 min,bullet,64,Lost,4/5/2016
Alexander_Donchenko,2676,KNVB,2800,Black,1 min,bullet,57,Lost,4/5/2016
Alexander_Donchenko,2682,KNVB,2794,White,1 min,bullet,30,Won,4/5/2016
Alexander_Donchenko,2671,Boryboy,2842,White,1 min,bullet,72,Lost,4/5/2016
Alexander_Donchenko,2676,oskariot,2620,White,1 min,bullet,60,Lost,4/5/2016
Alexander_Donchenko,2686,oskariot,2610,Black,1 min,bullet,42,Lost,4/5/2016
Alexander_Donchenko,2696,oskariot,2600,White,1 min,bullet,38,Won,4/5/2016
Alexander_Donchenko,2690,SamF64,2508,White,1 min,bullet,13,Won,4/3/2016
Alexander_Donchenko,2686,SamF64,2512,Black,1 min,bullet,29,Won,4/3/2016
Alexander_Donchenko,2682,SamF64,2516,White,1 min,bullet,32,Won,4/3/2016
Alexander_Donchenko,2677,SamF64,2521,Black,1 min,bullet,22,Won,4/3/2016
Alexander_Donchenko,2672,SamF64,2526,White,1 min,bullet,66,Won,4/3/2016
Alexander_Donchenko,2667,SamF64,2531,Black,1 min,bullet,79,Draw,4/3/2016
Alexander_Donchenko,2670,SamF64,2528,White,1 min,bullet,28,Won,4/3/2016
Alexander_Donchenko,2665,SamF64,2533,Black,1 min,bullet,19,Won,4/3/2016
Alexander_Donchenko,2660,SamF64,2538,White,1 min,bullet,47,Won,4/3/2016