player,player_rating,opponent,opponent_rating,side,time_control,time_category,moves,result,date
Alexander_Donchenko,2588,oskariot,2408,Black,3|2,blitz,43,Won,4/11/2017
Alexander_Donchenko,2584,Sebastian,2703,White,3|2,blitz,15,Lost,4/11/2017
Alexander_Donchenko,2590,HJhonconor,2400,Black,3|2,blitz,46,Won,4/11/2017
Alexander_Donchenko,2586,omeletking,2302,White,3|2,blitz,39,Won,4/11/2017
Alexander_Donchenko,2583,VenaPortae,2571,Black,3 min,blitz,58,Won,4/11/2017
Alexander_Donchenko,2575,johngerman361,2538,Black,3 min,blitz,58,Won,4/11/2017
Alexander_Donchenko,2567,johngerman361,2546,White,3 min,blitz,33,Lost,4/11/2017
Alexander_Donchenko,2576,rubhani,2416,Black,3|2,blitz,63,Draw,4/5/2017
Alexander_Donchenko,2580,jncool68,2537,White,3|2,blitz,27,Lost,4/5/2017
Alexander_Donchenko,2589,rasmussvane,2502,Black,3|2,blitz,52,Won,4/4/2017
Alexander_Donchenko,2583,Jadro9,2348,White,3|2,blitz,42,Won,4/4/2017
Alexander_Donchenko,2580,GameOverBro,2242,White,3|2,blitz,72,Won,4/4/2017
Alexander_Donchenko,2578,Boryboy,2302,Black,3|2,blitz,79,Lost,4/4/2017
Alexander_Donchenko,2592,HoldenHc,2481,Black,3 min,blitz,60,Won,4/4/2017
Alexander_Donchenko,2586,HoldenHc,2487,White,3 min,blitz,30,Won,4/4/2017
Alexander_Donchenko,2580,HoldenHc,2493,Black,3 min,blitz,33,Won,4/4/2017
Alexander_Donchenko,2574,HoldenHc,2499,White,3 min,blitz,41,Won,4/4/2017
Alexander_Donchenko,2567,Maitreia,2475,Black,3 min,blitz,58,Lost,4/2/2017
Alexander_Donchenko,2577,seppecena,2509,White,3 min,blitz,67,Lost,4/2/2017
Alexander_Donchenko,2587,seppecena,2499,Black,3 min,blitz,62,Won,4/2/2017
Alexander_Donchenko,2581,pKiLz5Rn9b,2590,White,3 min,blitz,53,Won,4/2/2017
Alexander_Donchenko,2572,pKiLz5Rn9b,2599,Black,3 min,blitz,29,Lost,4/2/2017
Alexander_Donchenko,2580,strong_IM,2703,White,3 min,blitz,34,Lost,4/2/2017
Alexander_Donchenko,2586,strong_IM,2679,Black,3 min,blitz,44,Draw,4/2/2017
Alexander_Donchenko,2584,IMTominho,2536,Black,3 min,blitz,33,Lost,3/31/2017
Alexander_Donchenko,2594,IMTominho,2526,White,3 min,blitz,41,Won,3/31/2017
Alexander_Donchenko,2587,Alexander_Moskalenko,2640,Black,3 min,blitz,45,Lost,3/31/2017
Alexander_Donchenko,2594,Alexander_Moskalenko,2633,White,3 min,blitz,57,Lost,3/31/2017
Alexander_Donchenko,2601,Alexander_Moskalenko,2626,Black,3 min,blitz,7,Won,3/31/2017
Alexander_Donchenko,2592,Jhonmontes,2495,White,3 min,blitz,47,Won,3/31/2017
Alexander_Donchenko,2586,Jhonmontes,2504,Black,3 min,blitz,47,Draw,3/31/2017
Alexander_Donchenko,2588,Federtiu,2458,White,3 min,blitz,36,Won,3/31/2017
Alexander_Donchenko,2583,Federtiu,2463,Black,3 min,blitz,67,Won,3/31/2017
Alexander_Donchenko,2577,Federtiu,2469,White,3 min,blitz,31,Won,3/31/2017
Alexander_Donchenko,2571,KIBORG79,2670,White,3 min,blitz,48,Draw,3/31/2017
Alexander_Donchenko,2569,Jospem,2535,Black,3 min,blitz,52,Lost,3/30/2017
Alexander_Donchenko,2578,Jospem,2526,White,3 min,blitz,32,Lost,3/30/2017
Alexander_Donchenko,2588,Artooooo,2500,Black,3 min,blitz,59,Lost,3/26/2017
Alexander_Donchenko,2598,flagorub,2528,White,3 min,blitz,5,Won,3/25/2017
Alexander_Donchenko,2591,Nesteklo_05,2221,White,3 min,blitz,24,Won,3/25/2017
Alexander_Donchenko,2589,Indianlad,2625,White,3 min,blitz,19,Won,3/23/2017
Alexander_Donchenko,2580,Indianlad,2634,Black,3 min,blitz,27,Won,3/23/2017
Alexander_Donchenko,2570,Indianlad,2644,White,3 min,blitz,49,Lost,3/23/2017
Alexander_Donchenko,2577,Indianlad,2637,Black,3 min,blitz,55,Lost,3/23/2017
Alexander_Donchenko,2584,Dark-X-Energy,1278,Black,3 min,blitz,24,Won,3/23/2017
Alexander_Donchenko,2584,Zaplya,2273,White,3 min,blitz,36,Won,3/22/2017
Alexander_Donchenko,2582,Zaplya,2275,Black,3 min,blitz,38,Lost,3/22/2017
Alexander_Donchenko,2596,theredking89,2468,White,3 min,blitz,26,Won,3/22/2017
Alexander_Donchenko,2591,theredking89,2473,Black,3 min,blitz,29,Won,3/22/2017
Alexander_Donchenko,2585,theredking89,2479,White,3 min,blitz,21,Won,3/22/2017