player,player_rating,opponent,opponent_rating,side,time_control,time_category,moves,result,date
Alexander_Donchenko,2827,Dyadya81,2722,Black,3 min,blitz,19,Lost,4/11/2019
Alexander_Donchenko,2838,Kriari,2794,White,3 min,blitz,48,Lost,4/4/2019
Alexander_Donchenko,2847,Kriari,2785,Black,3 min,blitz,69,Won,4/4/2019
Alexander_Donchenko,2840,Kriari,2792,White,3 min,blitz,68,Won,4/4/2019
Alexander_Donchenko,2833,Kriari,2799,Black,3 min,blitz,46,Lost,4/4/2019
Alexander_Donchenko,2842,Aleksey_Sorokin,2778,Black,3 min,blitz,57,Draw,4/4/2019
Alexander_Donchenko,2843,yoavjm_2004,2650,Black,3 min,blitz,47,Lost,4/4/2019
Alexander_Donchenko,2855,yoavjm_2004,2638,White,3 min,blitz,34,Won,4/4/2019
Alexander_Donchenko,2851,yoavjm_2004,2642,Black,3 min,blitz,34,Won,4/4/2019
Alexander_Donchenko,2847,yoavjm_2004,2646,White,3 min,blitz,66,Won,4/4/2019
Alexander_Donchenko,2843,Divertissement,2717,White,3 min,blitz,20,Won,4/3/2019
Alexander_Donchenko,2838,Divertissement,2722,Black,3 min,blitz,34,Won,4/3/2019
Alexander_Donchenko,2832,Divertissement,2728,White,3 min,blitz,40,Won,4/3/2019
Alexander_Donchenko,2826,hanqi,2863,White,3 min,blitz,38,Won,4/3/2019
Alexander_Donchenko,2817,Gabix_94,2591,White,3|2,blitz,56,Lost,4/3/2019
Alexander_Donchenko,2830,beatles_22,2656,Black,3|2,blitz,55,Lost,4/3/2019
Alexander_Donchenko,2842,sergeikim,2577,White,3|2,blitz,34,Won,4/3/2019
Alexander_Donchenko,2839,Aemulus20,2502,Black,3|2,blitz,69,Won,4/3/2019
Alexander_Donchenko,2837,MasterKroket,2381,White,3|2,blitz,24,Won,4/3/2019
Alexander_Donchenko,2836,olksuna,2496,Black,3|2,blitz,49,Lost,4/3/2019
Alexander_Donchenko,2850,jacky72,2701,White,3 min,blitz,93,Won,4/2/2019
Alexander_Donchenko,2845,jacky72,2706,Black,3 min,blitz,50,Won,4/2/2019
Alexander_Donchenko,2840,jacky72,2711,White,3 min,blitz,58,Won,4/2/2019
Alexander_Donchenko,2835,jacky72,2716,Black,3 min,blitz,80,Won,4/2/2019
Alexander_Donchenko,2829,viggi38,2627,Black,3 min,blitz,49,Won,4/2/2019
Alexander_Donchenko,2825,viggi38,2631,White,3 min,blitz,42,Draw,4/2/2019
Alexander_Donchenko,2829,viggi38,2627,Black,3 min,blitz,27,Won,4/2/2019
Alexander_Donchenko,2825,viggi38,2631,White,3 min,blitz,29,Won,4/2/2019
Alexander_Donchenko,2821,Davit_Tiraturyan,2666,White,3 min,blitz,28,Won,4/2/2019
Alexander_Donchenko,2816,AlexUnderNewSkyEasy,2644,Black,3 min,blitz,49,Won,4/2/2019
Alexander_Donchenko,2811,AlexUnderNewSkyEasy,2649,White,3 min,blitz,51,Won,4/2/2019
Alexander_Donchenko,2806,AlexUnderNewSkyEasy,2654,Black,3 min,blitz,42,Won,4/2/2019
Alexander_Donchenko,2801,politerocket7385,2639,Black,3 min,blitz,46,Draw,4/2/2019
Alexander_Donchenko,2805,Artooooo,2784,White,3 min,blitz,32,Lost,4/2/2019
Alexander_Donchenko,2814,David_Paravyan,2810,Black,3 min,blitz,69,Lost,4/2/2019
Alexander_Donchenko,2822,mikhaillushenkov,2610,Black,3 min,blitz,62,Won,3/28/2019
Alexander_Donchenko,2818,manudavid,2800,Black,3 min,blitz,83,Lost,3/25/2019
Alexander_Donchenko,2827,manudavid,2791,White,3 min,blitz,61,Draw,3/25/2019
Alexander_Donchenko,2828,German_Bazeev,2690,White,3 min,blitz,50,Lost,3/20/2019
Alexander_Donchenko,2839,German_Bazeev,2679,Black,3 min,blitz,23,Won,3/20/2019
Alexander_Donchenko,2834,German_Bazeev,2684,White,3 min,blitz,57,Draw,3/20/2019
Alexander_Donchenko,2837,German_Bazeev,2681,Black,3 min,blitz,48,Lost,3/20/2019
Alexander_Donchenko,2849,LPSupi,2847,Black,3 min,blitz,48,Lost,3/19/2019
Alexander_Donchenko,2857,LPSupi,2839,White,3 min,blitz,20,Won,3/19/2019
Alexander_Donchenko,2849,Bigfish1995,2972,White,3 min,blitz,41,Lost,3/16/2019
Alexander_Donchenko,2854,Bigfish1995,2967,Black,3 min,blitz,39,Lost,3/16/2019
Alexander_Donchenko,2860,Bigfish1995,2961,White,3 min,blitz,32,Won,3/16/2019
Alexander_Donchenko,2849,Bigfish1995,2972,Black,3 min,blitz,34,Lost,3/16/2019
Alexander_Donchenko,2854,Bigfish1995,2967,White,3 min,blitz,51,Lost,3/16/2019
Alexander_Donchenko,2860,Bigfish1995,2961,Black,3 min,blitz,37,Lost,3/16/2019