player,player_rating,opponent,opponent_rating,side,time_control,time_category,moves,result,date
Alexander_Donchenko,2565,Aliencowboy,2471,Black,1 min,bullet,49,Lost,2/13/2016
Alexander_Donchenko,2575,WGM_Adriana_Nikolova,2380,Black,1 min,bullet,29,Won,2/13/2016
Alexander_Donchenko,2571,WGM_Adriana_Nikolova,2384,White,1 min,bullet,44,Won,2/13/2016
Alexander_Donchenko,2567,WGM_Adriana_Nikolova,2388,Black,1 min,bullet,60,Won,2/13/2016
Alexander_Donchenko,2562,WGM_Adriana_Nikolova,2392,White,1 min,bullet,68,Won,2/13/2016
Alexander_Donchenko,2557,WGM_Adriana_Nikolova,2396,Black,1 min,bullet,70,Lost,2/13/2016
Alexander_Donchenko,2569,WGM_Adriana_Nikolova,2384,White,1 min,bullet,56,Lost,2/13/2016
Alexander_Donchenko,2581,WGM_Adriana_Nikolova,2371,Black,1 min,bullet,45,Won,2/13/2016
Alexander_Donchenko,2577,WGM_Adriana_Nikolova,2375,White,1 min,bullet,29,Won,2/13/2016
Alexander_Donchenko,2573,WGM_Adriana_Nikolova,2379,Black,1 min,bullet,29,Won,2/13/2016
Alexander_Donchenko,2569,WGM_Adriana_Nikolova,2383,White,1 min,bullet,42,Lost,2/13/2016
Alexander_Donchenko,2581,WGM_Adriana_Nikolova,2370,Black,1 min,bullet,70,Won,2/13/2016
Alexander_Donchenko,2577,WGM_Adriana_Nikolova,2374,White,1 min,bullet,24,Won,2/13/2016
Alexander_Donchenko,2573,JamesColeman,2319,White,1 min,bullet,32,Won,2/13/2016
Alexander_Donchenko,2570,ChessTrener,2637,Black,1 min,bullet,44,Lost,2/13/2016
Alexander_Donchenko,2577,Rikikits,2721,Black,1 min,bullet,50,Lost,2/13/2016
Alexander_Donchenko,2582,Rikikits,2716,White,1 min,bullet,21,Won,2/13/2016
Alexander_Donchenko,2570,Rikikits,2727,Black,1 min,bullet,22,Lost,2/13/2016
Alexander_Donchenko,2575,Rikikits,2722,White,1 min,bullet,67,Won,2/13/2016
Alexander_Donchenko,2563,Rikikits,2733,Black,1 min,bullet,6,Lost,2/13/2016
Alexander_Donchenko,2567,Rikikits,2728,White,1 min,bullet,34,Lost,2/13/2016
Alexander_Donchenko,2572,Computer4-IMPOSSIBLE,2532,Black,2|1,bullet,87,Won,2/13/2016
Alexander_Donchenko,2564,grandemas,2330,Black,1 min,bullet,62,Lost,2/11/2016
Alexander_Donchenko,2577,grandemas,2317,White,1 min,bullet,46,Won,2/11/2016
Alexander_Donchenko,2574,grandemas,2320,Black,1 min,bullet,48,Won,2/11/2016
Alexander_Donchenko,2571,Rikikits,2698,White,1 min,bullet,34,Lost,2/11/2016
Alexander_Donchenko,2576,Rikikits,2692,Black,1 min,bullet,70,Lost,2/11/2016
Alexander_Donchenko,2582,grandemas,2308,White,1 min,bullet,44,Won,2/9/2016
Alexander_Donchenko,2579,grandemas,2311,Black,1 min,bullet,38,Lost,2/9/2016
Alexander_Donchenko,2592,grandemas,2296,White,1 min,bullet,35,Won,2/9/2016
Alexander_Donchenko,2589,grandemas,2299,Black,1 min,bullet,27,Won,2/9/2016
Alexander_Donchenko,2586,grandemas,2302,White,1 min,bullet,77,Draw,2/9/2016
Alexander_Donchenko,2592,grandemas,2296,Black,1 min,bullet,81,Won,2/9/2016
Alexander_Donchenko,2589,AndroQueen,2713,Black,1 min,bullet,35,Lost,2/6/2016
Alexander_Donchenko,2595,AndroQueen,2704,White,1 min,bullet,52,Lost,2/6/2016
Alexander_Donchenko,2601,AndroQueen,2693,Black,1 min,bullet,24,Lost,2/6/2016
Alexander_Donchenko,2607,AndroQueen,2681,White,1 min,bullet,60,Draw,2/6/2016
Alexander_Donchenko,2605,AndroQueen,2684,Black,1 min,bullet,25,Won,2/6/2016
Alexander_Donchenko,2594,AndroQueen,2702,White,1 min,bullet,43,Lost,2/6/2016
Alexander_Donchenko,2600,AndroQueen,2690,Black,1 min,bullet,30,Won,2/6/2016
Alexander_Donchenko,2588,AndroQueen,2710,White,1 min,bullet,41,Lost,2/6/2016
Alexander_Donchenko,2594,AndroQueen,2697,Black,1 min,bullet,34,Lost,2/6/2016
Alexander_Donchenko,2600,AndroQueen,2683,White,1 min,bullet,52,Won,2/6/2016
Alexander_Donchenko,2588,AndroQueen,2705,Black,1 min,bullet,23,Lost,2/6/2016
Alexander_Donchenko,2594,AndroQueen,2690,White,1 min,bullet,63,Draw,2/6/2016
Alexander_Donchenko,2592,AndroQueen,2695,Black,1 min,bullet,58,Draw,2/6/2016
Alexander_Donchenko,2590,AndroQueen,2701,White,1 min,bullet,26,Won,2/6/2016
Alexander_Donchenko,2578,AndroQueen,2729,Black,1 min,bullet,39,Won,2/6/2016
Alexander_Donchenko,2565,AndroQueen,2761,White,1 min,bullet,34,Lost,2/6/2016
Alexander_Donchenko,2569,AndroQueen,2747,Black,1 min,bullet,78,Draw,2/6/2016