player,player_rating,opponent,opponent_rating,side,time_control,time_category,moves,result,date
Alexander_Donchenko,2718,BruceLeeLegend,2643,Black,1 min,bullet,66,Won,9/13/2016
Alexander_Donchenko,2707,TigranLPetrosyan,2882,Black,1 min,bullet,31,Draw,8/15/2016
Alexander_Donchenko,2702,TryingToGetBetter94,2543,Black,1 min,bullet,14,Won,6/17/2016
Alexander_Donchenko,2697,TryingToGetBetter94,2548,White,1 min,bullet,60,Won,6/17/2016
Alexander_Donchenko,2692,TryingToGetBetter94,2553,Black,1 min,bullet,63,Won,6/17/2016
Alexander_Donchenko,2687,TryingToGetBetter94,2558,White,1 min,bullet,43,Lost,6/17/2016
Alexander_Donchenko,2698,TryingToGetBetter94,2547,Black,1 min,bullet,52,Won,6/17/2016
Alexander_Donchenko,2693,TryingToGetBetter94,2552,White,1 min,bullet,89,Lost,6/17/2016
Alexander_Donchenko,2704,TryingToGetBetter94,2540,Black,1 min,bullet,69,Won,6/17/2016
Alexander_Donchenko,2699,ZapataCharlesS,2622,White,1 min,bullet,24,Won,6/17/2016
Alexander_Donchenko,2692,ZapataCharlesS,2629,Black,1 min,bullet,31,Won,6/17/2016
Alexander_Donchenko,2685,ZapataCharlesS,2636,White,1 min,bullet,54,Won,6/17/2016
Alexander_Donchenko,2678,ZapataCharlesS,2643,Black,1 min,bullet,53,Won,6/17/2016
Alexander_Donchenko,2670,ZapataCharlesS,2651,White,1 min,bullet,65,Lost,6/17/2016
Alexander_Donchenko,2679,ZapataCharlesS,2642,Black,1 min,bullet,21,Won,6/17/2016
Alexander_Donchenko,2671,ZapataCharlesS,2650,White,1 min,bullet,41,Won,6/17/2016
Alexander_Donchenko,2663,whatbecause,2665,White,1 min,bullet,65,Lost,5/7/2016
Alexander_Donchenko,2671,whatbecause,2657,Black,1 min,bullet,59,Draw,5/7/2016
Alexander_Donchenko,2671,whatbecause,2657,White,1 min,bullet,63,Lost,5/7/2016
Alexander_Donchenko,2680,whatbecause,2648,Black,1 min,bullet,36,Lost,5/7/2016
Alexander_Donchenko,2689,whatbecause,2639,White,1 min,bullet,28,Won,5/7/2016
Alexander_Donchenko,2682,whatbecause,2646,Black,1 min,bullet,21,Won,5/7/2016
Alexander_Donchenko,2675,whatbecause,2653,White,1 min,bullet,89,Lost,5/7/2016
Alexander_Donchenko,2684,whatbecause,2644,Black,1 min,bullet,49,Lost,5/7/2016
Alexander_Donchenko,2693,whatbecause,2635,White,1 min,bullet,49,Won,5/7/2016
Alexander_Donchenko,2686,whatbecause,2642,Black,1 min,bullet,46,Won,5/7/2016
Alexander_Donchenko,2679,whatbecause,2649,White,1 min,bullet,22,Won,5/7/2016
Alexander_Donchenko,2671,whatbecause,2657,Black,1 min,bullet,40,Lost,5/7/2016
Alexander_Donchenko,2680,whatbecause,2648,White,1 min,bullet,23,Lost,5/7/2016
Alexander_Donchenko,2689,whatbecause,2639,Black,1 min,bullet,28,Won,5/7/2016
Alexander_Donchenko,2682,whatbecause,2646,White,1 min,bullet,38,Won,5/7/2016
Alexander_Donchenko,2675,DaenerysT,2708,Black,1 min,bullet,35,Lost,5/6/2016
Alexander_Donchenko,2683,DaenerysT,2700,White,1 min,bullet,59,Lost,5/6/2016
Alexander_Donchenko,2691,DaenerysT,2692,Black,1 min,bullet,80,Won,5/6/2016
Alexander_Donchenko,2683,SomePatzer,2722,White,1 min,bullet,32,Lost,4/30/2016
Alexander_Donchenko,2690,SomePatzer,2715,Black,1 min,bullet,30,Lost,4/30/2016
Alexander_Donchenko,2698,SomePatzer,2707,White,1 min,bullet,58,Won,4/30/2016
Alexander_Donchenko,2689,SomePatzer,2716,Black,1 min,bullet,50,Lost,4/30/2016
Alexander_Donchenko,2697,SomePatzer,2708,White,1 min,bullet,58,Lost,4/30/2016
Alexander_Donchenko,2705,SomePatzer,2700,Black,1 min,bullet,56,Lost,4/30/2016
Alexander_Donchenko,2713,SomePatzer,2692,White,1 min,bullet,45,Won,4/30/2016
Alexander_Donchenko,2705,SomePatzer,2700,Black,1 min,bullet,96,Won,4/30/2016
Alexander_Donchenko,2697,SomePatzer,2708,White,1 min,bullet,60,Won,4/30/2016
Alexander_Donchenko,2688,SomePatzer,2717,Black,1 min,bullet,50,Won,4/30/2016
Alexander_Donchenko,2679,SomePatzer,2726,White,1 min,bullet,53,Won,4/30/2016
Alexander_Donchenko,2670,SomePatzer,2735,Black,1 min,bullet,44,Lost,4/30/2016
Alexander_Donchenko,2677,SomePatzer,2728,White,1 min,bullet,48,Lost,4/30/2016
Alexander_Donchenko,2684,SomePatzer,2721,Black,1 min,bullet,52,Lost,4/30/2016
Alexander_Donchenko,2692,SomePatzer,2713,White,1 min,bullet,47,Lost,4/30/2016
Alexander_Donchenko,2700,SomePatzer,2705,Black,1 min,bullet,30,Won,4/30/2016