player,player_rating,opponent,opponent_rating,side,time_control,time_category,moves,result,date
Alexander_Donchenko,2690,liuyuanzhanfu,2654,White,1 min,bullet,50,Won,4/4/2019
Alexander_Donchenko,2682,liuyuanzhanfu,2662,Black,1 min,bullet,30,Won,4/4/2019
Alexander_Donchenko,2674,liuyuanzhanfu,2670,White,1 min,bullet,55,Won,4/4/2019
Alexander_Donchenko,2666,liuyuanzhanfu,2678,Black,1 min,bullet,37,Won,4/4/2019
Alexander_Donchenko,2657,liuyuanzhanfu,2687,White,1 min,bullet,44,Won,4/4/2019
Alexander_Donchenko,2648,sganerdene,2513,White,1 min,bullet,38,Lost,4/4/2019
Alexander_Donchenko,2659,sganerdene,2502,Black,1 min,bullet,19,Won,4/4/2019
Alexander_Donchenko,2654,sganerdene,2507,White,1 min,bullet,45,Won,4/4/2019
Alexander_Donchenko,2649,sganerdene,2512,Black,1 min,bullet,69,Won,4/4/2019
Alexander_Donchenko,2644,sganerdene,2517,White,1 min,bullet,55,Won,4/4/2019
Alexander_Donchenko,2639,sganerdene,2522,Black,1 min,bullet,45,Won,4/4/2019
Alexander_Donchenko,2633,sganerdene,2528,White,1 min,bullet,72,Lost,4/4/2019
Alexander_Donchenko,2644,sganerdene,2517,Black,1 min,bullet,58,Lost,4/4/2019
Alexander_Donchenko,2655,Didici,2634,White,1 min,bullet,82,Won,4/4/2019
Alexander_Donchenko,2647,Bryakin_Mikhail,2650,Black,1 min,bullet,34,Won,4/4/2019
Alexander_Donchenko,2639,Bryakin_Mikhail,2658,White,1 min,bullet,17,Won,4/4/2019
Alexander_Donchenko,2630,Bryakin_Mikhail,2667,Black,1 min,bullet,76,Won,4/4/2019
Alexander_Donchenko,2621,Bryakin_Mikhail,2676,White,1 min,bullet,47,Lost,4/4/2019
Alexander_Donchenko,2628,Bryakin_Mikhail,2669,Black,1 min,bullet,76,Lost,4/4/2019
Alexander_Donchenko,2635,Bryakin_Mikhail,2662,White,1 min,bullet,28,Lost,4/4/2019
Alexander_Donchenko,2643,Bryakin_Mikhail,2654,Black,1 min,bullet,36,Lost,4/4/2019
Alexander_Donchenko,2651,Bryakin_Mikhail,2646,White,1 min,bullet,30,Won,4/4/2019
Alexander_Donchenko,2643,Rsnr,2573,White,1 min,bullet,65,Won,4/4/2019
Alexander_Donchenko,2636,Rsnr,2580,Black,1 min,bullet,65,Lost,4/4/2019
Alexander_Donchenko,2646,Rsnr,2570,White,1 min,bullet,37,Won,4/4/2019
Alexander_Donchenko,2639,Rsnr,2577,Black,1 min,bullet,25,Won,4/4/2019
Alexander_Donchenko,2632,petrpalachev,2534,White,1 min,bullet,69,Lost,4/4/2019
Alexander_Donchenko,2643,gau_npukyputb,2601,Black,1 min,bullet,45,Lost,4/4/2019
Alexander_Donchenko,2652,gau_npukyputb,2592,White,1 min,bullet,33,Won,4/4/2019
Alexander_Donchenko,2645,gau_npukyputb,2599,Black,1 min,bullet,34,Lost,4/4/2019
Alexander_Donchenko,2654,gau_npukyputb,2590,White,1 min,bullet,26,Won,4/4/2019
Alexander_Donchenko,2647,gau_npukyputb,2597,Black,1 min,bullet,31,Won,4/4/2019
Alexander_Donchenko,2640,gau_npukyputb,2604,White,1 min,bullet,49,Lost,4/4/2019
Alexander_Donchenko,2649,gau_npukyputb,2595,Black,1 min,bullet,66,Won,4/4/2019
Alexander_Donchenko,2642,petrpalachev,2493,Black,1 min,bullet,74,Draw,4/4/2019
Alexander_Donchenko,2645,petrpalachev,2490,White,1 min,bullet,69,Won,4/4/2019
Alexander_Donchenko,2640,petrpalachev,2495,Black,1 min,bullet,32,Won,4/4/2019
Alexander_Donchenko,2635,petrpalachev,2500,White,1 min,bullet,55,Won,4/4/2019
Alexander_Donchenko,2630,petrpalachev,2505,Black,1 min,bullet,40,Lost,4/4/2019
Alexander_Donchenko,2641,petrpalachev,2494,White,1 min,bullet,64,Lost,4/4/2019
Alexander_Donchenko,2653,Rain_Delay,2565,White,1 min,bullet,78,Won,4/4/2019
Alexander_Donchenko,2647,Ustat,2594,White,1 min,bullet,41,Lost,3/15/2019
Alexander_Donchenko,2657,SmallFish11,2522,Black,1 min,bullet,62,Lost,3/15/2019
Alexander_Donchenko,2668,SmallFish11,2511,White,1 min,bullet,56,Won,3/15/2019
Alexander_Donchenko,2663,SmallFish11,2516,Black,1 min,bullet,28,Won,3/15/2019
Alexander_Donchenko,2658,SmallFish11,2521,White,1 min,bullet,40,Won,3/15/2019
Alexander_Donchenko,2653,bubacik,2579,Black,1 min,bullet,82,Lost,3/13/2019
Alexander_Donchenko,2663,bubacik,2569,White,1 min,bullet,56,Lost,3/13/2019
Alexander_Donchenko,2674,bubacik,2558,Black,1 min,bullet,66,Won,3/13/2019
Alexander_Donchenko,2668,bubacik,2564,White,1 min,bullet,35,Won,3/13/2019