player,player_rating,opponent,opponent_rating,side,time_control,time_category,moves,result,date
Alexander_Zubov,2841,dancingqueen83,2800,White,3 min,blitz,27,Won,3/23/2018
Alexander_Zubov,2834,dancingqueen83,2807,Black,3 min,blitz,41,Draw,3/23/2018
Alexander_Zubov,2835,dancingqueen83,2806,White,3 min,blitz,42,Draw,3/23/2018
Alexander_Zubov,2836,dancingqueen83,2805,Black,3 min,blitz,47,Draw,3/23/2018
Alexander_Zubov,2837,dancingqueen83,2804,White,3 min,blitz,73,Lost,3/23/2018
Alexander_Zubov,2846,dancingqueen83,2795,Black,3 min,blitz,52,Won,3/23/2018
Alexander_Zubov,2838,dancingqueen83,2802,White,3 min,blitz,88,Lost,3/23/2018
Alexander_Zubov,2848,dancingqueen83,2793,Black,3 min,blitz,24,Won,3/23/2018
Alexander_Zubov,2840,dancingqueen83,2801,Black,3 min,blitz,35,Won,3/22/2018
Alexander_Zubov,2832,dancingqueen83,2808,White,3 min,blitz,31,Lost,3/22/2018
Alexander_Zubov,2842,dancingqueen83,2799,Black,3 min,blitz,69,Won,3/22/2018
Alexander_Zubov,2833,dancingqueen83,2806,White,3 min,blitz,26,Lost,3/22/2018
Alexander_Zubov,2844,TheAnatolich,2804,Black,3 min,blitz,38,Lost,3/20/2018
Alexander_Zubov,2855,TheAnatolich,2795,White,3 min,blitz,37,Won,3/20/2018
Alexander_Zubov,2846,TheAnatolich,2802,Black,3 min,blitz,48,Lost,3/20/2018
Alexander_Zubov,2858,TheAnatolich,2793,White,3 min,blitz,40,Lost,3/20/2018
Alexander_Zubov,2871,RaffaelGM,2520,White,3 min,blitz,73,Won,3/12/2018
Alexander_Zubov,2868,dancingqueen83,2813,Black,3 min,blitz,43,Lost,3/12/2018
Alexander_Zubov,2881,Indianlad,2692,Black,3 min,blitz,13,Won,3/7/2018
Alexander_Zubov,2876,Indianlad,2696,White,3 min,blitz,47,Won,3/7/2018
Alexander_Zubov,2870,Indianlad,2700,Black,3 min,blitz,72,Won,3/7/2018
Alexander_Zubov,2864,Indianlad,2705,White,3 min,blitz,17,Won,3/7/2018
Alexander_Zubov,2857,Indianlad,2710,Black,3 min,blitz,68,Won,3/7/2018
Alexander_Zubov,2850,Indianlad,2715,White,3 min,blitz,40,Draw,3/7/2018
Alexander_Zubov,2854,Indianlad,2712,Black,3 min,blitz,57,Won,3/7/2018
Alexander_Zubov,2846,Indianlad,2717,White,3 min,blitz,42,Won,3/7/2018
Alexander_Zubov,2838,AntonSmirnov,2772,Black,3 min,blitz,93,Lost,3/1/2018
Alexander_Zubov,2853,AntonSmirnov,2762,White,3 min,blitz,44,Won,3/1/2018
Alexander_Zubov,2843,AntonSmirnov,2768,Black,3 min,blitz,41,Won,3/1/2018
Alexander_Zubov,2832,dancingqueen83,2801,White,3 min,blitz,38,Won,3/1/2018
Alexander_Zubov,2819,dancingqueen83,2809,Black,3 min,blitz,50,Won,3/1/2018
Alexander_Zubov,2805,dancingqueen83,2817,White,3 min,blitz,36,Won,3/1/2018
Alexander_Zubov,2789,mishanick,2775,Black,3 min,blitz,51,Won,2/28/2018
Alexander_Zubov,2774,mishanick,2783,White,3 min,blitz,33,Won,2/28/2018
Alexander_Zubov,2757,Shant_Sargsyan,2706,White,3 min,blitz,44,Lost,2/23/2018
Alexander_Zubov,2776,Rodrigazo,2803,White,3 min,blitz,29,Lost,2/23/2018
Alexander_Zubov,2792,Rodrigazo,2795,Black,3 min,blitz,58,Lost,2/23/2018
Alexander_Zubov,2810,Malik02,2629,Black,3 min,blitz,37,Won,2/21/2018
Alexander_Zubov,2800,Malik02,2633,White,3 min,blitz,24,Won,2/21/2018
Alexander_Zubov,2789,Malik02,2638,White,3 min,blitz,59,Draw,2/21/2018
Alexander_Zubov,2797,bascheyaro,2618,Black,3 min,blitz,41,Won,2/21/2018
Alexander_Zubov,2785,Annawel,2789,Black,3 min,blitz,28,Won,9/5/2017
Alexander_Zubov,2776,Broucinek,2654,White,3 min,blitz,52,Won,8/28/2017
Alexander_Zubov,2770,Broucinek,2660,Black,3 min,blitz,36,Won,8/28/2017
Alexander_Zubov,2764,Broucinek,2666,White,3 min,blitz,23,Won,8/28/2017
Alexander_Zubov,2758,MichaelRoiz,2727,Black,3 min,blitz,27,Won,8/27/2017
Alexander_Zubov,2750,TenisMaster,2649,Black,3 min,blitz,50,Won,8/3/2017
Alexander_Zubov,2744,TenisMaster,2655,White,3 min,blitz,27,Won,8/3/2017
Alexander_Zubov,2738,TenisMaster,2661,Black,3 min,blitz,31,Won,8/3/2017
Alexander_Zubov,2731,TenisMaster,2668,White,3 min,blitz,46,Draw,8/3/2017