player,player_rating,opponent,opponent_rating,side,time_control,time_category,moves,result,date
Alexander_Zubov,2740,Chess_King_Uzb,2509,White,3 min,blitz,61,Lost,6/7/2017
Alexander_Zubov,2758,Durarbayli,2648,Black,3 min,blitz,28,Won,5/29/2017
Alexander_Zubov,2750,Durarbayli,2654,White,3 min,blitz,50,Won,5/29/2017
Alexander_Zubov,2741,Andreikka,2570,White,3 min,blitz,48,Won,5/11/2017
Alexander_Zubov,2735,Andreikka,2575,Black,3 min,blitz,57,Won,5/11/2017
Alexander_Zubov,2729,Andreikka,2580,White,3 min,blitz,31,Lost,5/11/2017
Alexander_Zubov,2744,Andreikka,2568,Black,3 min,blitz,39,Won,5/11/2017
Alexander_Zubov,2738,Andreikka,2572,White,3 min,blitz,35,Won,5/11/2017
Alexander_Zubov,2732,Andreikka,2577,White,3 min,blitz,55,Won,5/11/2017
Alexander_Zubov,2725,Andreikka,2582,Black,3 min,blitz,67,Won,5/11/2017
Alexander_Zubov,2718,Maitreia,2485,White,3 min,blitz,73,Won,4/24/2017
Alexander_Zubov,2714,Markus_Robert,2566,Black,3 min,blitz,43,Won,3/14/2017
Alexander_Zubov,2709,Markus_Robert,2571,White,3 min,blitz,31,Lost,3/14/2017
Alexander_Zubov,2720,Markus_Robert,2656,Black,3 min,blitz,41,Lost,3/12/2017
Alexander_Zubov,2730,Margvela90,2605,White,3 min,blitz,47,Won,3/10/2017
Alexander_Zubov,2725,Margvela90,2610,Black,3 min,blitz,60,Won,3/10/2017
Alexander_Zubov,2719,Margvela90,2616,White,3 min,blitz,38,Won,3/10/2017
Alexander_Zubov,2713,Margvela90,2622,Black,3 min,blitz,20,Won,3/10/2017
Alexander_Zubov,2707,Margvela90,2628,White,3 min,blitz,33,Won,3/10/2017
Alexander_Zubov,2701,Margvela90,2634,Black,3 min,blitz,81,Draw,3/10/2017
Alexander_Zubov,2703,Margvela90,2632,White,3 min,blitz,38,Won,3/10/2017
Alexander_Zubov,2696,Margvela90,2639,Black,3 min,blitz,22,Won,3/10/2017
Alexander_Zubov,2689,Margvela90,2646,White,3 min,blitz,43,Won,3/10/2017
Alexander_Zubov,2682,Margvela90,2653,Black,3 min,blitz,66,Lost,3/10/2017
Alexander_Zubov,2691,Margvela90,2644,White,3 min,blitz,37,Won,3/10/2017
Alexander_Zubov,2684,Margvela90,2651,Black,3 min,blitz,70,Draw,3/10/2017
Alexander_Zubov,2685,Arm-Akiba,2665,Black,3 min,blitz,42,Lost,3/5/2017
Alexander_Zubov,2694,blitzlightning1,2737,White,3 min,blitz,41,Draw,3/5/2017
Alexander_Zubov,2693,xxxmastermindxxxx,2531,White,3 min,blitz,56,Won,3/5/2017
Alexander_Zubov,2688,xxxmastermindxxxx,2536,Black,3 min,blitz,90,Won,3/5/2017
Alexander_Zubov,2683,Hikaru,2911,White,3 min,blitz,73,Won,3/5/2017
Alexander_Zubov,2670,Hikaru,2924,Black,3 min,blitz,71,Lost,3/5/2017
Alexander_Zubov,2673,Hikaru,2921,White,3 min,blitz,51,Draw,3/5/2017
Alexander_Zubov,2668,Indianlad,2633,Black,3 min,blitz,54,Draw,3/5/2017
Alexander_Zubov,2669,Indianlad,2632,White,3 min,blitz,28,Won,3/5/2017
Alexander_Zubov,2661,Indianlad,2639,Black,3 min,blitz,62,Won,3/5/2017
Alexander_Zubov,2653,Indianlad,2647,White,3 min,blitz,57,Lost,3/5/2017
Alexander_Zubov,2662,Indianlad,2638,Black,3 min,blitz,44,Lost,3/5/2017
Alexander_Zubov,2672,Indianlad,2629,White,3 min,blitz,34,Lost,3/5/2017
Alexander_Zubov,2683,Indianlad,2620,Black,3 min,blitz,22,Lost,3/5/2017
Alexander_Zubov,2695,gmjlh,2563,Black,3 min,blitz,51,Won,3/2/2017
Alexander_Zubov,2689,gmjlh,2568,White,3 min,blitz,30,Won,3/2/2017
Alexander_Zubov,2682,gmjlh,2574,Black,3 min,blitz,47,Won,3/2/2017
Alexander_Zubov,2675,gmjlh,2580,White,3 min,blitz,70,Won,3/2/2017
Alexander_Zubov,2667,gmjlh,2586,Black,3 min,blitz,45,Won,3/2/2017
Alexander_Zubov,2659,gmjlh,2592,White,3 min,blitz,53,Won,3/2/2017
Alexander_Zubov,2650,pKiLz5Rn9b,2575,Black,3 min,blitz,25,Won,2/28/2017
Alexander_Zubov,2641,pKiLz5Rn9b,2582,White,3 min,blitz,45,Won,2/28/2017
Alexander_Zubov,2631,VanishingDragon,2532,White,3 min,blitz,39,Won,2/21/2017
Alexander_Zubov,2623,youman2016,2607,White,3 min,blitz,53,Lost,2/19/2017