player,player_rating,opponent,opponent_rating,side,time_control,time_category,moves,result,date
Alexander_Donchenko,2565,AndroQueen,2758,White,1 min,bullet,42,Lost,2/6/2016
Alexander_Donchenko,2569,pietrodellavigna,2436,White,1 min,bullet,26,Won,2/4/2016
Alexander_Donchenko,2564,pietrodellavigna,2441,Black,1 min,bullet,18,Won,2/4/2016
Alexander_Donchenko,2558,pietrodellavigna,2447,White,1 min,bullet,56,Draw,2/4/2016
Alexander_Donchenko,2561,pietrodellavigna,2444,Black,1 min,bullet,19,Won,2/4/2016
Alexander_Donchenko,2555,pietrodellavigna,2450,White,1 min,bullet,48,Won,2/4/2016
Alexander_Donchenko,2549,pietrodellavigna,2456,Black,1 min,bullet,51,Won,2/4/2016
Alexander_Donchenko,2543,pietrodellavigna,2462,White,1 min,bullet,52,Won,2/4/2016
Alexander_Donchenko,2537,pietrodellavigna,2468,Black,1 min,bullet,56,Won,2/4/2016
Alexander_Donchenko,2530,pietrodellavigna,2475,White,1 min,bullet,46,Lost,2/4/2016
Alexander_Donchenko,2539,pietrodellavigna,2464,Black,1 min,bullet,49,Won,2/4/2016
Alexander_Donchenko,2532,pietrodellavigna,2471,White,1 min,bullet,35,Won,2/4/2016
Alexander_Donchenko,2525,pietrodellavigna,2478,Black,1 min,bullet,39,Lost,2/4/2016
Alexander_Donchenko,2534,pietrodellavigna,2467,White,1 min,bullet,31,Lost,2/4/2016
Alexander_Donchenko,2543,pietrodellavigna,2456,Black,1 min,bullet,54,Won,2/4/2016
Alexander_Donchenko,2537,pietrodellavigna,2462,White,1 min,bullet,26,Won,2/4/2016
Alexander_Donchenko,2530,pietrodellavigna,2469,Black,1 min,bullet,74,Won,2/4/2016
Alexander_Donchenko,2523,pietrodellavigna,2476,White,1 min,bullet,48,Lost,2/4/2016
Alexander_Donchenko,2532,pietrodellavigna,2465,Black,1 min,bullet,52,Won,2/4/2016
Alexander_Donchenko,2525,pietrodellavigna,2472,White,1 min,bullet,21,Draw,2/4/2016
Alexander_Donchenko,2526,pietrodellavigna,2471,Black,1 min,bullet,31,Lost,2/4/2016
Alexander_Donchenko,2535,pietrodellavigna,2460,White,1 min,bullet,57,Lost,2/4/2016
Alexander_Donchenko,2544,pietrodellavigna,2449,Black,1 min,bullet,55,Won,2/4/2016
Alexander_Donchenko,2538,pietrodellavigna,2455,White,1 min,bullet,20,Won,2/4/2016
Alexander_Donchenko,2532,pietrodellavigna,2461,Black,1 min,bullet,32,Lost,2/4/2016
Alexander_Donchenko,2541,pietrodellavigna,2450,White,1 min,bullet,59,Won,2/4/2016
Alexander_Donchenko,2534,pietrodellavigna,2456,Black,1 min,bullet,24,Won,2/4/2016
Alexander_Donchenko,2527,pietrodellavigna,2463,White,1 min,bullet,52,Won,2/4/2016
Alexander_Donchenko,2520,pietrodellavigna,2470,Black,1 min,bullet,57,Won,2/4/2016
Alexander_Donchenko,2512,pietrodellavigna,2477,White,1 min,bullet,27,Won,2/4/2016
Alexander_Donchenko,2503,pietrodellavigna,2485,Black,1 min,bullet,49,Won,2/4/2016
Alexander_Donchenko,2494,pietrodellavigna,2493,White,1 min,bullet,62,Lost,2/4/2016
Alexander_Donchenko,2503,pietrodellavigna,2485,Black,1 min,bullet,50,Lost,2/4/2016
Alexander_Donchenko,2513,pietrodellavigna,2476,White,1 min,bullet,52,Lost,2/4/2016
Alexander_Donchenko,2524,pietrodellavigna,2467,Black,1 min,bullet,50,Lost,2/4/2016
Alexander_Donchenko,2536,pietrodellavigna,2456,White,1 min,bullet,42,Lost,2/4/2016
Alexander_Donchenko,2549,pietrodellavigna,2445,Black,1 min,bullet,42,Won,2/4/2016
Alexander_Donchenko,2541,pietrodellavigna,2451,White,1 min,bullet,29,Won,2/4/2016
Alexander_Donchenko,2532,pietrodellavigna,2457,Black,1 min,bullet,24,Won,2/4/2016
Alexander_Donchenko,2521,pietrodellavigna,2464,White,1 min,bullet,28,Won,2/4/2016
Alexander_Donchenko,2509,pietrodellavigna,2471,Black,1 min,bullet,63,Lost,2/4/2016
Alexander_Donchenko,2523,pietrodellavigna,2462,White,1 min,bullet,37,Lost,2/4/2016
Alexander_Donchenko,2538,pietrodellavigna,2451,Black,1 min,bullet,74,Lost,2/4/2016
Alexander_Donchenko,2555,pietrodellavigna,2439,White,1 min,bullet,41,Won,2/4/2016
Alexander_Donchenko,2544,pietrodellavigna,2445,Black,1 min,bullet,23,Lost,2/4/2016
Alexander_Donchenko,2562,pietrodellavigna,2433,White,1 min,bullet,50,Won,2/4/2016
Alexander_Donchenko,2551,pietrodellavigna,2438,Black,1 min,bullet,30,Won,2/4/2016
Alexander_Donchenko,2539,pietrodellavigna,2444,White,1 min,bullet,48,Won,2/4/2016
Alexander_Donchenko,2525,dumbledore77,2461,White,1 min,bullet,56,Lost,2/2/2016
Alexander_Donchenko,2546,PhysioTherapist,2360,Black,1 min,bullet,35,Lost,1/17/2016