player,player_rating,opponent,opponent_rating,side,time_control,time_category,moves,result,date
Alexander_Donchenko,2735,DmitryMaximov,2650,Black,3 min,blitz,30,Won,11/5/2018
Alexander_Donchenko,2729,DmitryMaximov,2656,White,3 min,blitz,28,Lost,11/5/2018
Alexander_Donchenko,2739,Rybka1989,2583,Black,3 min,blitz,46,Won,11/5/2018
Alexander_Donchenko,2734,bugsbunny444,2569,White,3 min,blitz,50,Won,10/24/2018
Alexander_Donchenko,2729,bugsbunny444,2574,Black,3 min,blitz,31,Won,10/24/2018
Alexander_Donchenko,2724,leos01,2619,Black,3 min,blitz,68,Won,10/17/2018
Alexander_Donchenko,2718,leos01,2625,White,3 min,blitz,34,Lost,10/17/2018
Alexander_Donchenko,2729,A-Fier,2795,Black,3 min,blitz,71,Lost,10/12/2018
Alexander_Donchenko,2736,A-Fier,2788,White,3 min,blitz,38,Lost,10/12/2018
Alexander_Donchenko,2743,A-Fier,2781,Black,3 min,blitz,46,Draw,10/12/2018
Alexander_Donchenko,2742,A-Fier,2782,White,3 min,blitz,24,Won,10/12/2018
Alexander_Donchenko,2733,A-Fier,2791,Black,3 min,blitz,46,Lost,10/12/2018
Alexander_Donchenko,2740,A-Fier,2784,White,3 min,blitz,20,Won,10/12/2018
Alexander_Donchenko,2731,fireheart92,2875,White,3 min,blitz,25,Lost,10/9/2018
Alexander_Donchenko,2736,fireheart92,2870,Black,3 min,blitz,47,Lost,10/9/2018
Alexander_Donchenko,2741,fireheart92,2865,White,3 min,blitz,64,Won,10/9/2018
Alexander_Donchenko,2730,fireheart92,2876,Black,3 min,blitz,40,Lost,10/9/2018
Alexander_Donchenko,2735,H1ppopotamus,2560,White,3 min,blitz,27,Won,10/9/2018
Alexander_Donchenko,2731,leos01,2628,Black,3 min,blitz,24,Lost,9/28/2018
Alexander_Donchenko,2742,leos01,2617,White,3 min,blitz,60,Lost,9/28/2018
Alexander_Donchenko,2753,IM_dmitrij,2771,White,3 min,blitz,54,Won,9/26/2018
Alexander_Donchenko,2744,IM_dmitrij,2780,Black,3 min,blitz,27,Lost,9/26/2018
Alexander_Donchenko,2752,Nofear90,2715,Black,3 min,blitz,52,Won,9/25/2018
Alexander_Donchenko,2744,Makka-Pakka,2650,White,3 min,blitz,77,Won,9/21/2018
Alexander_Donchenko,2738,liczner,2735,White,3 min,blitz,67,Lost,9/20/2018
Alexander_Donchenko,2746,liczner,2727,Black,3 min,blitz,24,Lost,9/20/2018
Alexander_Donchenko,2755,liczner,2718,White,3 min,blitz,85,Won,9/20/2018
Alexander_Donchenko,2748,liczner,2725,Black,3 min,blitz,57,Won,9/20/2018
Alexander_Donchenko,2740,Ustat,2528,Black,3 min,blitz,35,Won,9/20/2018
Alexander_Donchenko,2736,Ustat,2532,White,3 min,blitz,65,Won,9/20/2018
Alexander_Donchenko,2732,ProfesseurImed,2756,White,3 min,blitz,15,Lost,9/20/2018
Alexander_Donchenko,2740,ProfesseurImed,2748,Black,3 min,blitz,26,Lost,9/20/2018
Alexander_Donchenko,2748,ProfesseurImed,2740,White,3 min,blitz,30,Won,9/20/2018
Alexander_Donchenko,2740,Tapuah,2784,White,3 min,blitz,33,Lost,8/28/2018
Alexander_Donchenko,2747,farzan477tehran,2570,Black,3 min,blitz,43,Won,8/28/2018
Alexander_Donchenko,2743,gmsakk,2639,Black,3 min,blitz,43,Won,8/27/2018
Alexander_Donchenko,2737,gmsakk,2645,White,3 min,blitz,59,Lost,8/27/2018
Alexander_Donchenko,2747,manudavid,2692,Black,3 min,blitz,49,Lost,8/27/2018
Alexander_Donchenko,2757,Bigfish1995,2906,Black,3 min,blitz,47,Lost,8/22/2018
Alexander_Donchenko,2762,Bigfish1995,2901,White,3 min,blitz,62,Won,8/22/2018
Alexander_Donchenko,2751,josephmathew,2666,Black,3 min,blitz,17,Won,8/22/2018
Alexander_Donchenko,2745,josephmathew,2672,White,3 min,blitz,37,Won,8/22/2018
Alexander_Donchenko,2738,yrtimd,2738,Black,3 min,blitz,23,Lost,8/20/2018
Alexander_Donchenko,2746,Vuk2000,2643,White,3 min,blitz,43,Lost,8/20/2018
Alexander_Donchenko,2757,Vuk2000,2632,Black,3 min,blitz,58,Won,8/20/2018
Alexander_Donchenko,2741,Bryakin_Mikhail,2664,White,3 min,blitz,65,Lost,8/19/2018
Alexander_Donchenko,2751,Bryakin_Mikhail,2654,Black,3 min,blitz,51,Lost,8/19/2018
Alexander_Donchenko,2762,eljanov,2726,Black,3 min,blitz,27,Won,8/16/2018
Alexander_Donchenko,2754,KBabazada,2675,White,3 min,blitz,35,Won,8/16/2018
Alexander_Donchenko,2748,KBabazada,2681,Black,3 min,blitz,24,Won,8/16/2018