player,player_rating,opponent,opponent_rating,side,time_control,time_category,moves,result,date
Alexander_Moskalenko,2715,Duhless,2799,Black,1 min,bullet,57,Draw,10/26/2016
Alexander_Moskalenko,2713,Duhless,2801,White,1 min,bullet,52,Lost,10/26/2016
Alexander_Moskalenko,2719,Duhless,2794,Black,1 min,bullet,22,Lost,10/26/2016
Alexander_Moskalenko,2726,Duhless,2786,White,1 min,bullet,41,Won,10/26/2016
Alexander_Moskalenko,2716,Duhless,2797,Black,1 min,bullet,17,Lost,10/26/2016
Alexander_Moskalenko,2723,Duhless,2789,White,1 min,bullet,56,Won,10/26/2016
Alexander_Moskalenko,2713,Duhless,2801,Black,1 min,bullet,75,Draw,10/26/2016
Alexander_Moskalenko,2711,Duhless,2804,White,1 min,bullet,42,Lost,10/26/2016
Alexander_Moskalenko,2717,Duhless,2796,Black,1 min,bullet,59,Lost,10/26/2016
Alexander_Moskalenko,2724,Duhless,2787,White,1 min,bullet,43,Won,10/26/2016
Alexander_Moskalenko,2714,Duhless,2800,Black,1 min,bullet,66,Won,10/26/2016
Alexander_Moskalenko,2704,pKiLz5Rn9b,2654,Black,1 min,bullet,81,Lost,10/22/2016
Alexander_Moskalenko,2714,pKiLz5Rn9b,2644,White,1 min,bullet,31,Won,10/22/2016
Alexander_Moskalenko,2707,Illingworth,2339,Black,1 min,bullet,65,Won,10/22/2016
Alexander_Moskalenko,2705,LiYankai,2614,White,1 min,bullet,55,Won,10/22/2016
Alexander_Moskalenko,2699,LiYankai,2620,Black,1 min,bullet,47,Lost,10/22/2016
Alexander_Moskalenko,2709,Blitzfanboy,2716,White,1 min,bullet,41,Won,10/21/2016
Alexander_Moskalenko,2700,DangDuyLinh,2580,Black,1 min,bullet,18,Won,10/21/2016
Alexander_Moskalenko,2694,DangDuyLinh,2586,White,1 min,bullet,40,Won,10/21/2016
Alexander_Moskalenko,2688,DangDuyLinh,2592,Black,1 min,bullet,50,Won,10/21/2016
Alexander_Moskalenko,2682,DangDuyLinh,2598,White,1 min,bullet,58,Won,10/21/2016
Alexander_Moskalenko,2676,DangDuyLinh,2604,Black,1 min,bullet,63,Won,10/21/2016
Alexander_Moskalenko,2669,DangDuyLinh,2611,White,1 min,bullet,24,Won,10/21/2016
Alexander_Moskalenko,2662,DangDuyLinh,2618,Black,1 min,bullet,51,Lost,10/21/2016
Alexander_Moskalenko,2671,DangDuyLinh,2609,White,1 min,bullet,65,Won,10/21/2016
Alexander_Moskalenko,2664,pKiLz5Rn9b,2701,Black,1 min,bullet,31,Won,10/11/2016
Alexander_Moskalenko,2655,pKiLz5Rn9b,2710,White,1 min,bullet,52,Lost,10/11/2016
Alexander_Moskalenko,2662,pKiLz5Rn9b,2703,Black,1 min,bullet,83,Lost,10/11/2016
Alexander_Moskalenko,2669,pKiLz5Rn9b,2696,White,1 min,bullet,81,Draw,10/11/2016
Alexander_Moskalenko,2668,pKiLz5Rn9b,2697,Black,1 min,bullet,41,Won,10/11/2016
Alexander_Moskalenko,2659,pKiLz5Rn9b,2706,White,1 min,bullet,35,Won,10/11/2016
Alexander_Moskalenko,2649,chesspanda123,2791,White,1 min,bullet,46,Lost,10/4/2016
Alexander_Moskalenko,2654,chesspanda123,2786,Black,1 min,bullet,39,Lost,10/4/2016
Alexander_Moskalenko,2659,chesspanda123,2781,White,1 min,bullet,62,Won,10/4/2016
Alexander_Moskalenko,2648,chesspanda123,2792,Black,1 min,bullet,58,Lost,10/4/2016
Alexander_Moskalenko,2653,chesspanda123,2787,White,1 min,bullet,62,Won,10/4/2016
Alexander_Moskalenko,2642,chesspanda123,2798,Black,1 min,bullet,18,Lost,10/4/2016
Alexander_Moskalenko,2647,chesspanda123,2793,White,1 min,bullet,45,Won,10/4/2016
Alexander_Moskalenko,2635,chesspanda123,2805,Black,1 min,bullet,46,Draw,10/4/2016
Alexander_Moskalenko,2631,chesspanda123,2809,White,1 min,bullet,48,Lost,10/4/2016
Alexander_Moskalenko,2635,chesspanda123,2805,Black,1 min,bullet,44,Lost,10/4/2016
Alexander_Moskalenko,2640,chesspanda123,2800,White,1 min,bullet,32,Lost,10/4/2016
Alexander_Moskalenko,2645,chesspanda123,2795,Black,1 min,bullet,50,Lost,10/4/2016
Alexander_Moskalenko,2650,elm2007,2343,White,1 min,bullet,47,Won,9/13/2016
Alexander_Moskalenko,2648,elm2007,2345,Black,1 min,bullet,43,Won,9/13/2016
Alexander_Moskalenko,2646,Rikikits,2764,Black,1 min,bullet,28,Lost,9/8/2016
Alexander_Moskalenko,2652,Rikikits,2758,White,1 min,bullet,63,Lost,9/8/2016
Alexander_Moskalenko,2658,Rikikits,2752,Black,1 min,bullet,55,Won,9/8/2016
Alexander_Moskalenko,2647,Rikikits,2763,White,1 min,bullet,33,Won,9/8/2016
Alexander_Moskalenko,2636,Rikikits,2774,Black,1 min,bullet,66,Draw,9/8/2016