player,player_rating,opponent,opponent_rating,side,time_control,time_category,moves,result,date
Alexander_Zubov,2725,Ooo00o,2452,Black,1 min,bullet,33,Won,11/21/2018
Alexander_Zubov,2718,Ooo00o,2455,White,1 min,bullet,48,Won,11/21/2018
Alexander_Zubov,2710,Ooo00o,2458,Black,1 min,bullet,16,Won,11/21/2018
Alexander_Zubov,2701,Ooo00o,2461,White,1 min,bullet,25,Won,11/21/2018
Alexander_Zubov,2691,Ooo00o,2465,Black,1 min,bullet,38,Won,11/21/2018
Alexander_Zubov,2680,Ooo00o,2469,White,1 min,bullet,60,Won,11/21/2018
Alexander_Zubov,2668,Ooo00o,2473,Black,1 min,bullet,37,Won,11/21/2018
Alexander_Zubov,2654,Gomatte,2628,White,1 min,bullet,36,Won,11/21/2018
Alexander_Zubov,2625,B-man,2386,Black,1|1,bullet,37,Won,10/28/2018
Alexander_Zubov,2613,B-man,2393,White,1|1,bullet,86,Won,10/28/2018
Alexander_Zubov,2599,nubair1198,2565,White,1 min,bullet,35,Lost,9/20/2018
Alexander_Zubov,2631,TampaChess,2648,Black,1 min,bullet,29,Lost,9/20/2018
Alexander_Zubov,2661,MadDog94,2525,White,1 min,bullet,46,Lost,9/20/2018
Alexander_Zubov,2707,DevInProd,2709,Black,1 min,bullet,57,Won,8/20/2018
Alexander_Zubov,2673,Naxyrr,1838,White,1|1,bullet,15,Won,6/24/2018
Alexander_Zubov,2672,Naxyrr,1838,Black,1|1,bullet,23,Won,6/24/2018
Alexander_Zubov,2671,hectorfiori,2184,White,1|1,bullet,32,Won,6/17/2018
Alexander_Zubov,2667,hectorfiori,2185,Black,1|1,bullet,1,Lost,6/17/2018
Alexander_Zubov,2720,Volkovi,2652,Black,1 min,bullet,41,Lost,9/21/2017
Alexander_Zubov,2730,Volkovi,2642,White,1 min,bullet,23,Won,9/21/2017
Alexander_Zubov,2724,Volkovi,2648,Black,1 min,bullet,61,Won,9/21/2017
Alexander_Zubov,2717,JSPrepz,2708,White,1 min,bullet,4,Lost,9/18/2017
Alexander_Zubov,2726,JSPrepz,2699,Black,1 min,bullet,36,Lost,9/18/2017
Alexander_Zubov,2735,JSPrepz,2690,White,1 min,bullet,39,Won,9/18/2017
Alexander_Zubov,2728,JSPrepz,2697,Black,1 min,bullet,30,Won,9/18/2017
Alexander_Zubov,2720,JSPrepz,2705,White,1 min,bullet,49,Lost,9/18/2017
Alexander_Zubov,2729,JSPrepz,2696,Black,1 min,bullet,36,Lost,9/18/2017
Alexander_Zubov,2738,JSPrepz,2687,White,1 min,bullet,38,Won,9/18/2017
Alexander_Zubov,2731,JSPrepz,2694,Black,1 min,bullet,60,Draw,9/18/2017
Alexander_Zubov,2732,JSPrepz,2693,White,1 min,bullet,18,Lost,9/18/2017
Alexander_Zubov,2741,JSPrepz,2684,Black,1 min,bullet,15,Won,9/18/2017
Alexander_Zubov,2734,JSPrepz,2691,White,1 min,bullet,31,Won,9/18/2017
Alexander_Zubov,2727,JSPrepz,2698,Black,1 min,bullet,22,Won,9/18/2017
Alexander_Zubov,2719,JSPrepz,2706,White,1 min,bullet,34,Won,9/18/2017
Alexander_Zubov,2711,JSPrepz,2714,Black,1 min,bullet,28,Lost,9/18/2017
Alexander_Zubov,2719,JSPrepz,2706,White,1 min,bullet,31,Won,9/18/2017
Alexander_Zubov,2711,JSPrepz,2714,Black,1 min,bullet,39,Lost,9/18/2017
Alexander_Zubov,2719,JSPrepz,2706,White,1 min,bullet,20,Won,9/18/2017
Alexander_Zubov,2711,JSPrepz,2714,Black,1 min,bullet,38,Won,9/18/2017
Alexander_Zubov,2703,Helepolis,2555,Black,1 min,bullet,63,Won,9/8/2017
Alexander_Zubov,2698,Helepolis,2560,White,1 min,bullet,31,Won,9/8/2017
Alexander_Zubov,2693,Helepolis,2565,Black,1 min,bullet,33,Won,9/8/2017
Alexander_Zubov,2688,Helepolis,2570,White,1 min,bullet,75,Lost,9/8/2017
Alexander_Zubov,2699,Helepolis,2559,Black,1 min,bullet,33,Won,9/8/2017
Alexander_Zubov,2694,Helepolis,2564,White,1 min,bullet,35,Won,9/8/2017
Alexander_Zubov,2689,Helepolis,2569,Black,1 min,bullet,51,Won,9/8/2017
Alexander_Zubov,2683,Helepolis,2575,White,1 min,bullet,20,Won,9/8/2017
Alexander_Zubov,2677,Helepolis,2581,Black,1 min,bullet,61,Won,9/8/2017
Alexander_Zubov,2671,Helepolis,2587,White,1 min,bullet,55,Lost,9/8/2017
Alexander_Zubov,2681,Helepolis,2577,Black,1 min,bullet,37,Won,9/8/2017