player,player_rating,opponent,opponent_rating,side,time_control,time_category,moves,result,date
Alexander_Zubov,2635,youman2016,2598,Black,3 min,blitz,54,Won,2/19/2017
Alexander_Zubov,2625,youman2016,2606,White,3 min,blitz,32,Won,2/19/2017
Alexander_Zubov,2614,youman2016,2614,Black,3 min,blitz,66,Lost,2/19/2017
Alexander_Zubov,2627,Vincent_Vega95,2542,White,3 min,blitz,54,Draw,2/12/2017
Alexander_Zubov,2630,valger,2671,Black,3 min,blitz,59,Lost,2/12/2017
Alexander_Zubov,2641,Blitzfanboy,2448,White,3 min,blitz,26,Won,2/12/2017
Alexander_Zubov,2634,Micheliavelli,2546,Black,3 min,blitz,40,Won,2/5/2017
Alexander_Zubov,2624,yuroktexas84,2391,Black,3 min,blitz,21,Won,2/5/2017
Alexander_Zubov,2618,yuroktexas84,2394,White,3 min,blitz,31,Won,2/5/2017
Alexander_Zubov,2612,yuroktexas84,2398,Black,3 min,blitz,64,Won,2/5/2017
Alexander_Zubov,2606,yuroktexas84,2402,White,3 min,blitz,24,Won,2/5/2017
Alexander_Zubov,2599,yuroktexas84,2406,Black,3 min,blitz,24,Won,2/5/2017
Alexander_Zubov,2592,Petrostrimitzios,2455,White,3 min,blitz,33,Won,2/4/2017
Alexander_Zubov,2583,Petrostrimitzios,2460,Black,3 min,blitz,9,Won,2/4/2017
Alexander_Zubov,2573,Petrostrimitzios,2466,White,3 min,blitz,63,Won,2/4/2017
Alexander_Zubov,2562,Petrostrimitzios,2472,Black,3 min,blitz,74,Lost,2/4/2017
Alexander_Zubov,2583,Petrostrimitzios,2461,White,3 min,blitz,63,Won,2/4/2017
Alexander_Zubov,2571,VXNERVE,2527,Black,3 min,blitz,38,Lost,12/31/2016
Alexander_Zubov,2588,VXNERVE,2517,White,3 min,blitz,41,Won,12/31/2016
Alexander_Zubov,2576,bungakafa,2464,Black,3 min,blitz,45,Lost,12/26/2016
Alexander_Zubov,2596,FastChance,2470,White,3 min,blitz,7,Won,12/25/2016
Alexander_Zubov,2585,marcoreus211,2442,Black,3 min,blitz,21,Lost,12/7/2016
Alexander_Zubov,2606,spectralsoul,2570,Black,3 min,blitz,3,Lost,11/22/2016
Alexander_Zubov,2621,Mischuk_D,2496,White,3 min,blitz,70,Lost,9/17/2016
Alexander_Zubov,2632,psv98,2529,Black,3 min,blitz,42,Won,9/1/2016
Alexander_Zubov,2626,psv98,2535,White,3 min,blitz,76,Won,9/1/2016
Alexander_Zubov,2620,psv98,2541,Black,3 min,blitz,33,Won,9/1/2016
Alexander_Zubov,2614,queruba,2462,White,3 min,blitz,42,Lost,8/31/2016
Alexander_Zubov,2626,queruba,2451,Black,3 min,blitz,48,Lost,8/31/2016
Alexander_Zubov,2638,queruba,2439,White,3 min,blitz,27,Lost,8/31/2016
Alexander_Zubov,2651,Keranke,2566,Black,3 min,blitz,70,Won,8/29/2016
Alexander_Zubov,2645,Keranke,2572,White,3 min,blitz,25,Won,8/29/2016
Alexander_Zubov,2638,Keranke,2579,Black,3 min,blitz,26,Won,8/29/2016
Alexander_Zubov,2631,Keranke,2586,White,3 min,blitz,18,Won,8/29/2016
Alexander_Zubov,2624,forshmakoff,2484,Black,3 min,blitz,33,Won,8/26/2016
Alexander_Zubov,2619,Rikikits,2566,White,3 min,blitz,48,Lost,8/25/2016
Alexander_Zubov,2629,Rikikits,2556,Black,3 min,blitz,42,Draw,8/25/2016
Alexander_Zubov,2631,Rikikits,2554,White,3 min,blitz,28,Won,8/25/2016
Alexander_Zubov,2624,Rikikits,2561,Black,3 min,blitz,43,Draw,8/25/2016
Alexander_Zubov,2626,Rikikits,2559,White,3 min,blitz,52,Won,8/25/2016
Alexander_Zubov,2619,Rikikits,2566,Black,3 min,blitz,30,Won,8/25/2016
Alexander_Zubov,2612,Sanan_Sjugirov,2663,White,3 min,blitz,27,Won,8/24/2016
Alexander_Zubov,2602,Sanan_Sjugirov,2673,Black,3 min,blitz,62,Won,8/23/2016
Alexander_Zubov,2592,Sanan_Sjugirov,2683,White,3 min,blitz,60,Lost,8/23/2016
Alexander_Zubov,2598,I_loveyou,2482,Black,3 min,blitz,62,Lost,8/23/2016
Alexander_Zubov,2609,I_loveyou,2471,White,3 min,blitz,36,Won,8/23/2016
Alexander_Zubov,2604,I_loveyou,2476,Black,3 min,blitz,42,Won,8/23/2016
Alexander_Zubov,2598,I_loveyou,2481,White,3 min,blitz,50,Won,8/23/2016
Alexander_Zubov,2592,I_loveyou,2487,Black,3 min,blitz,54,Won,8/23/2016
Alexander_Zubov,2586,I_loveyou,2493,White,3 min,blitz,47,Won,8/23/2016