player,player_rating,opponent,opponent_rating,side,time_control,time_category,moves,result,date
Alexander_Moskalenko,2853,GrigorGrigorov,2731,Black,3|2,blitz,47,Won,10/3/2018
Alexander_Moskalenko,2847,Korchmar_Vasiliy,2700,White,3|2,blitz,72,Draw,10/3/2018
Alexander_Moskalenko,2850,Anton_Demchenko,2830,Black,3|2,blitz,42,Won,10/3/2018
Alexander_Moskalenko,2842,petrpalachev,2777,White,3|2,blitz,50,Draw,10/3/2018
Alexander_Moskalenko,2844,maciek_92,2632,Black,3|2,blitz,89,Won,10/2/2018
Alexander_Moskalenko,2840,Bryakin_Mikhail,2674,White,3|2,blitz,40,Won,10/2/2018
Alexander_Moskalenko,2835,Cosi43,2481,White,3|2,blitz,27,Won,10/2/2018
Alexander_Moskalenko,2833,Ramosha,2460,Black,3|2,blitz,48,Draw,10/2/2018
Alexander_Moskalenko,2839,bintang_top,2624,White,3 min,blitz,52,Won,10/2/2018
Alexander_Moskalenko,2835,Tigran-Armenia,1735,Black,5 min,blitz,65,Won,10/2/2018
Alexander_Moskalenko,2835,jimthegreek,2003,White,5 min,blitz,51,Won,9/25/2018
Alexander_Moskalenko,2835,DevendraPujari,1052,White,5 min,blitz,22,Won,9/25/2018
Alexander_Moskalenko,2835,Valdemar_iz_Doneska,1627,White,5 min,blitz,22,Won,9/24/2018
Alexander_Moskalenko,2835,xogar,1618,White,5 min,blitz,44,Won,9/24/2018
Alexander_Moskalenko,2835,RAJU74,1660,Black,5 min,blitz,1,Lost,9/24/2018
Alexander_Moskalenko,2851,ThomasLagos,1883,Black,5 min,blitz,31,Won,9/24/2018
Alexander_Moskalenko,2851,tiredofdancing,2851,White,3 min,blitz,57,Won,9/23/2018
Alexander_Moskalenko,2843,tiredofdancing,2859,Black,3 min,blitz,91,Draw,9/23/2018
Alexander_Moskalenko,2843,Lordillidan,2932,White,3 min,blitz,28,Lost,9/23/2018
Alexander_Moskalenko,2849,Lordillidan,2926,Black,3 min,blitz,85,Won,9/23/2018
Alexander_Moskalenko,2839,mishanick,2854,Black,3 min,blitz,52,Lost,9/20/2018
Alexander_Moskalenko,2847,mishanick,2846,White,3 min,blitz,87,Lost,9/20/2018
Alexander_Moskalenko,2855,mishanick,2836,Black,3 min,blitz,55,Won,9/14/2018
Alexander_Moskalenko,2847,mishanick,2844,White,3 min,blitz,51,Won,9/14/2018
Alexander_Moskalenko,2839,mishanick,2852,Black,3 min,blitz,13,Lost,9/14/2018
Alexander_Moskalenko,2847,mishanick,2844,White,3 min,blitz,57,Won,9/14/2018
Alexander_Moskalenko,2839,mishanick,2852,Black,3 min,blitz,69,Won,9/14/2018
Alexander_Moskalenko,2830,Shtembuliak,2776,White,3 min,blitz,54,Won,9/14/2018
Alexander_Moskalenko,2823,michaelq2d5,2809,Black,3 min,blitz,36,Draw,9/14/2018
Alexander_Moskalenko,2823,michaelq2d5,2809,White,3 min,blitz,21,Lost,9/14/2018
Alexander_Moskalenko,2832,michaelq2d5,2800,Black,3 min,blitz,41,Draw,9/14/2018
Alexander_Moskalenko,2833,dzhumagaliev,2803,Black,3 min,blitz,46,Won,9/14/2018
Alexander_Moskalenko,2825,Dr_Mortimer,2748,White,3 min,blitz,79,Draw,9/10/2018
Alexander_Moskalenko,2827,Dr_Mortimer,2746,Black,3 min,blitz,57,Won,9/10/2018
Alexander_Moskalenko,2821,Moskvaa,2705,White,3 min,blitz,82,Lost,9/10/2018
Alexander_Moskalenko,2832,Moskvaa,2694,Black,3 min,blitz,60,Won,9/10/2018
Alexander_Moskalenko,2827,Moskvaa,2699,White,3 min,blitz,31,Won,9/10/2018
Alexander_Moskalenko,2822,Moskvaa,2704,Black,3 min,blitz,33,Won,9/10/2018
Alexander_Moskalenko,2816,Moskvaa,2710,White,3 min,blitz,50,Draw,9/10/2018
Alexander_Moskalenko,2818,abhijeetgupta1016,2766,White,3 min,blitz,70,Draw,9/10/2018
Alexander_Moskalenko,2819,abhijeetgupta1016,2765,Black,3 min,blitz,63,Lost,9/10/2018
Alexander_Moskalenko,2829,abhijeetgupta1016,2755,White,3 min,blitz,46,Won,9/10/2018
Alexander_Moskalenko,2822,lupitarodas,2766,White,3 min,blitz,55,Draw,9/9/2018
Alexander_Moskalenko,2823,lupitarodas,2765,Black,3 min,blitz,34,Won,9/9/2018
Alexander_Moskalenko,2816,lupitarodas,2752,White,3 min,blitz,64,Won,9/8/2018
Alexander_Moskalenko,2809,lupitarodas,2759,Black,3 min,blitz,50,Won,9/8/2018
Alexander_Moskalenko,2802,lupitarodas,2766,White,3 min,blitz,55,Won,9/8/2018
Alexander_Moskalenko,2794,lupitarodas,2774,Black,3 min,blitz,27,Won,9/8/2018
Alexander_Moskalenko,2786,Bigfish1995,2925,Black,3 min,blitz,49,Won,9/8/2018
Alexander_Moskalenko,2775,igorkovalenko,2757,Black,3 min,blitz,37,Won,9/8/2018