player,player_rating,opponent,opponent_rating,side,time_control,time_category,moves,result,date
Alexander_Donchenko,2353,gabriellopez,2351,White,1 min,bullet,1,Won,7/11/2013
Alexander_Donchenko,2345,AlconJohnDatu,2382,Black,1 min,bullet,63,Lost,7/8/2013
Alexander_Donchenko,2352,AlconJohnDatu,2375,White,1 min,bullet,65,Lost,7/8/2013
Alexander_Donchenko,2360,Mrsinj,2273,White,1 min,bullet,34,Won,6/20/2013
Alexander_Donchenko,2354,Mrsinj,2279,Black,1 min,bullet,71,Lost,6/20/2013
Alexander_Donchenko,2364,ASHAHAB,2295,Black,1 min,bullet,0,Won,6/20/2013
Alexander_Donchenko,2357,Mrsinj,2281,White,1 min,bullet,47,Lost,6/19/2013
Alexander_Donchenko,2367,Mrsinj,2282,Black,1 min,bullet,39,Won,6/19/2013
Alexander_Donchenko,2361,Mrsinj,2288,White,1 min,bullet,30,Won,6/19/2013
Alexander_Donchenko,2354,dedaluz,2280,White,1 min,bullet,34,Won,6/17/2013
Alexander_Donchenko,2347,dedaluz,2287,Black,1 min,bullet,56,Draw,6/17/2013
Alexander_Donchenko,2348,dedaluz,2286,White,1 min,bullet,42,Won,6/17/2013
Alexander_Donchenko,2341,dedaluz,2293,Black,1 min,bullet,32,Won,6/17/2013
Alexander_Donchenko,2334,dedaluz,2300,White,1 min,bullet,46,Won,6/17/2013
Alexander_Donchenko,2326,gmjoey1,2372,White,1 min,bullet,27,Won,6/16/2013
Alexander_Donchenko,2317,gmjoey1,2381,Black,1 min,bullet,44,Lost,6/16/2013
Alexander_Donchenko,2324,gmjoey1,2374,White,1 min,bullet,35,Lost,6/16/2013
Alexander_Donchenko,2331,gmjoey1,2367,Black,1 min,bullet,43,Won,6/16/2013
Alexander_Donchenko,2322,gmjoey1,2376,White,1 min,bullet,35,Won,6/16/2013
Alexander_Donchenko,2312,gmjoey1,2386,Black,1 min,bullet,41,Lost,6/16/2013
Alexander_Donchenko,2319,gmjoey1,2379,White,1 min,bullet,44,Won,6/16/2013
Alexander_Donchenko,2309,gmjoey1,2389,Black,1 min,bullet,6,Lost,6/16/2013
Alexander_Donchenko,2315,gmjoey1,2383,White,1 min,bullet,34,Won,6/16/2013
Alexander_Donchenko,2305,gmjoey1,2393,Black,1 min,bullet,51,Lost,6/16/2013
Alexander_Donchenko,2311,gmjoey1,2387,White,1 min,bullet,28,Won,6/16/2013
Alexander_Donchenko,2301,gmjoey1,2397,Black,1 min,bullet,43,Lost,6/16/2013
Alexander_Donchenko,2307,Computer4-IMPOSSIBLE,2305,Black,2|1,bullet,25,Lost,5/31/2013
Alexander_Donchenko,2315,Computer4-IMPOSSIBLE,2297,White,2|1,bullet,43,Lost,5/31/2013
Alexander_Donchenko,2324,jim94,2195,Black,1 min,bullet,0,Won,5/31/2013
Alexander_Donchenko,2319,Mrsinj,2237,Black,1 min,bullet,38,Won,5/28/2013
Alexander_Donchenko,2313,Mrsinj,2243,White,1 min,bullet,24,Lost,5/28/2013
Alexander_Donchenko,2323,Bossner,2229,Black,1 min,bullet,41,Won,5/25/2013
Alexander_Donchenko,2317,Bossner,2235,White,1 min,bullet,52,Won,5/25/2013
Alexander_Donchenko,2311,kumanderbaltek,2218,Black,1 min,bullet,35,Lost,5/24/2013
Alexander_Donchenko,2322,kumanderbaltek,2207,White,1 min,bullet,33,Won,5/24/2013
Alexander_Donchenko,2316,kumanderbaltek,2213,Black,1 min,bullet,33,Won,5/24/2013
Alexander_Donchenko,2310,kumanderbaltek,2198,White,1 min,bullet,1,Won,5/24/2013
Alexander_Donchenko,2304,FoSSill,2170,Black,1 min,bullet,68,Lost,5/24/2013
Alexander_Donchenko,2315,FoSSill,2159,White,1 min,bullet,32,Won,5/24/2013
Alexander_Donchenko,2310,XxRamishxX,2179,White,1 min,bullet,50,Won,5/21/2013
Alexander_Donchenko,2305,XxRamishxX,2184,Black,1 min,bullet,17,Won,5/21/2013
Alexander_Donchenko,2299,XxRamishxX,2190,White,1 min,bullet,65,Won,5/21/2013
Alexander_Donchenko,2293,XxRamishxX,2196,Black,1 min,bullet,39,Won,5/21/2013
Alexander_Donchenko,2287,ASHAHAB,2283,White,1 min,bullet,23,Lost,5/20/2013
Alexander_Donchenko,2295,Mrsinj,2265,Black,1 min,bullet,30,Won,5/20/2013
Alexander_Donchenko,2287,Mrsinj,2273,White,1 min,bullet,31,Lost,5/20/2013
Alexander_Donchenko,2296,Decayl,2304,Black,1 min,bullet,38,Won,5/20/2013
Alexander_Donchenko,2287,Decayl,2313,White,1 min,bullet,41,Won,5/20/2013
Alexander_Donchenko,2278,Eilyisum,2411,Black,1 min,bullet,37,Lost,5/20/2013
Alexander_Donchenko,2283,Eilyisum,2406,White,1 min,bullet,70,Won,5/20/2013