player,player_rating,opponent,opponent_rating,side,time_control,time_category,moves,result,date
Alexander_Zubov,2675,Helepolis,2583,White,1 min,bullet,20,Won,9/8/2017
Alexander_Zubov,2669,Helepolis,2589,Black,1 min,bullet,35,Lost,9/8/2017
Alexander_Zubov,2679,Helepolis,2579,White,1 min,bullet,55,Lost,9/8/2017
Alexander_Zubov,2690,Helepolis,2568,Black,1 min,bullet,26,Won,9/8/2017
Alexander_Zubov,2684,Helepolis,2574,White,1 min,bullet,22,Won,9/8/2017
Alexander_Zubov,2678,Helepolis,2580,Black,1 min,bullet,43,Won,9/8/2017
Alexander_Zubov,2672,Helepolis,2586,White,1 min,bullet,80,Lost,9/8/2017
Alexander_Zubov,2682,Helepolis,2576,Black,1 min,bullet,62,Won,9/8/2017
Alexander_Zubov,2676,Helepolis,2582,White,1 min,bullet,68,Won,9/8/2017
Alexander_Zubov,2670,Helepolis,2588,Black,1 min,bullet,47,Won,9/8/2017
Alexander_Zubov,2664,Helepolis,2594,White,1 min,bullet,23,Won,9/8/2017
Alexander_Zubov,2657,Helepolis,2601,Black,1 min,bullet,42,Won,9/8/2017
Alexander_Zubov,2650,Helepolis,2608,White,1 min,bullet,63,Lost,9/8/2017
Alexander_Zubov,2659,Helepolis,2599,Black,1 min,bullet,33,Lost,9/8/2017
Alexander_Zubov,2669,Helepolis,2589,White,1 min,bullet,61,Lost,9/7/2017
Alexander_Zubov,2679,Davit_Tiraturyan,2705,White,1 min,bullet,34,Won,9/4/2017
Alexander_Zubov,2670,Davit_Tiraturyan,2689,Black,1 min,bullet,20,Won,9/4/2017
Alexander_Zubov,2661,Davit_Tiraturyan,2698,White,1 min,bullet,35,Won,9/4/2017
Alexander_Zubov,2652,Davit_Tiraturyan,2707,Black,1 min,bullet,35,Lost,9/4/2017
Alexander_Zubov,2659,jlandaw,2562,White,1 min,bullet,39,Won,9/2/2017
Alexander_Zubov,2653,Liga_Stavok,2581,Black,1 min,bullet,41,Lost,9/1/2017
Alexander_Zubov,2663,GothamChess,2661,Black,1 min,bullet,23,Lost,9/1/2017
Alexander_Zubov,2671,Toyota_Land_Cruiser,2584,Black,1 min,bullet,8,Won,9/1/2017
Alexander_Zubov,2665,Toyota_Land_Cruiser,2590,White,1 min,bullet,55,Lost,9/1/2017
Alexander_Zubov,2675,Toyota_Land_Cruiser,2580,Black,1 min,bullet,59,Draw,9/1/2017
Alexander_Zubov,2677,Toyota_Land_Cruiser,2578,White,1 min,bullet,56,Won,9/1/2017
Alexander_Zubov,2671,Davit_Tiraturyan,2568,White,1 min,bullet,45,Won,9/1/2017
Alexander_Zubov,2665,Davit_Tiraturyan,2574,Black,1 min,bullet,23,Won,9/1/2017
Alexander_Zubov,2659,Davit_Tiraturyan,2580,White,1 min,bullet,58,Won,9/1/2017
Alexander_Zubov,2652,Davit_Tiraturyan,2587,Black,1 min,bullet,31,Lost,9/1/2017
Alexander_Zubov,2662,Davit_Tiraturyan,2577,White,1 min,bullet,42,Won,9/1/2017
Alexander_Zubov,2656,Davit_Tiraturyan,2583,Black,1 min,bullet,13,Won,9/1/2017
Alexander_Zubov,2649,Davit_Tiraturyan,2590,White,1 min,bullet,60,Draw,9/1/2017
Alexander_Zubov,2650,Davit_Tiraturyan,2589,Black,1 min,bullet,48,Won,9/1/2017
Alexander_Zubov,2643,Davit_Tiraturyan,2596,White,1 min,bullet,67,Won,9/1/2017
Alexander_Zubov,2636,Davit_Tiraturyan,2603,Black,1 min,bullet,50,Lost,9/1/2017
Alexander_Zubov,2645,Davit_Tiraturyan,2594,White,1 min,bullet,49,Won,9/1/2017
Alexander_Zubov,2638,Davit_Tiraturyan,2601,Black,1 min,bullet,79,Won,9/1/2017
Alexander_Zubov,2630,Davit_Tiraturyan,2609,White,1 min,bullet,36,Draw,9/1/2017
Alexander_Zubov,2630,Davit_Tiraturyan,2608,Black,1 min,bullet,38,Lost,9/1/2017
Alexander_Zubov,2639,Davit_Tiraturyan,2599,White,1 min,bullet,28,Lost,9/1/2017
Alexander_Zubov,2648,Davit_Tiraturyan,2590,Black,1 min,bullet,37,Won,9/1/2017
Alexander_Zubov,2641,Davit_Tiraturyan,2597,White,1 min,bullet,37,Won,9/1/2017
Alexander_Zubov,2634,Davit_Tiraturyan,2604,Black,1 min,bullet,47,Lost,9/1/2017
Alexander_Zubov,2643,Davit_Tiraturyan,2595,White,1 min,bullet,50,Lost,9/1/2017
Alexander_Zubov,2653,7hanat,2542,White,1 min,bullet,50,Won,9/1/2017
Alexander_Zubov,2647,7hanat,2548,Black,1 min,bullet,60,Lost,9/1/2017
Alexander_Zubov,2658,7hanat,2537,White,1 min,bullet,60,Won,9/1/2017
Alexander_Zubov,2652,7hanat,2543,Black,1 min,bullet,61,Won,9/1/2017
Alexander_Zubov,2646,7hanat,2549,White,1 min,bullet,60,Won,9/1/2017