player,player_rating,opponent,opponent_rating,side,time_control,time_category,moves,result,date
Alexander_Donchenko,2272,dugdugdug,2120,Black,1 min,bullet,22,Won,5/20/2013
Alexander_Donchenko,2267,Eilyisum,2421,Black,1 min,bullet,36,Lost,5/20/2013
Alexander_Donchenko,2272,Eilyisum,2416,White,1 min,bullet,65,Lost,5/20/2013
Alexander_Donchenko,2277,Eilyisum,2411,Black,1 min,bullet,15,Lost,5/20/2013
Alexander_Donchenko,2282,Eilyisum,2406,White,1 min,bullet,63,Lost,5/20/2013
Alexander_Donchenko,2288,Eilyisum,2400,Black,1 min,bullet,75,Won,5/20/2013
Alexander_Donchenko,2277,Eilyisum,2411,White,1 min,bullet,50,Won,5/20/2013
Alexander_Donchenko,2266,Eilyisum,2422,Black,1 min,bullet,38,Lost,5/20/2013
Alexander_Donchenko,2271,Eilyisum,2417,White,1 min,bullet,70,Lost,5/20/2013
Alexander_Donchenko,2276,Eilyisum,2412,Black,1 min,bullet,31,Won,5/20/2013
Alexander_Donchenko,2265,Eilyisum,2423,White,1 min,bullet,29,Lost,5/20/2013
Alexander_Donchenko,2270,Eilyisum,2418,Black,1 min,bullet,50,Won,5/20/2013
Alexander_Donchenko,2258,Eilyisum,2430,White,1 min,bullet,37,Won,5/20/2013
Alexander_Donchenko,2246,Eilyisum,2442,Black,1 min,bullet,63,Won,5/20/2013
Alexander_Donchenko,2234,Eilyisum,2454,White,1 min,bullet,24,Lost,5/20/2013
Alexander_Donchenko,2238,Eilyisum,2450,Black,1 min,bullet,38,Won,5/20/2013
Alexander_Donchenko,2225,Eilyisum,2463,White,1 min,bullet,44,Draw,5/20/2013
Alexander_Donchenko,2220,alanacosta,2089,Black,1 min,bullet,35,Won,5/20/2013
Alexander_Donchenko,2215,zasdf,2143,Black,1 min,bullet,57,Lost,5/19/2013
Alexander_Donchenko,2226,Larrave,2185,White,1 min,bullet,75,Lost,5/19/2013
Alexander_Donchenko,2236,Larrave,2176,Black,1 min,bullet,86,Draw,5/19/2013
Alexander_Donchenko,2238,mind_move,2138,White,1 min,bullet,58,Draw,5/18/2013
Alexander_Donchenko,2241,pidol,2146,Black,1 min,bullet,37,Won,5/18/2013
Alexander_Donchenko,2234,pidol,2152,White,1 min,bullet,33,Won,5/18/2013
Alexander_Donchenko,2227,pidol,2158,Black,1 min,bullet,50,Won,5/18/2013
Alexander_Donchenko,2219,pidol,2165,White,1 min,bullet,26,Won,5/18/2013
Alexander_Donchenko,2210,pidol,2178,Black,1 min,bullet,0,Won,5/18/2013
Alexander_Donchenko,2200,MuellerSchmid,2168,White,1 min,bullet,82,Draw,5/18/2013
Alexander_Donchenko,2201,MuellerSchmid,2167,Black,1 min,bullet,33,Won,5/18/2013
Alexander_Donchenko,2191,jet2500,2263,White,1 min,bullet,66,Won,5/18/2013
Alexander_Donchenko,2177,Milica71,2073,Black,1 min,bullet,31,Won,5/18/2013
Alexander_Donchenko,2169,dugdugdug,2039,White,1 min,bullet,24,Won,5/17/2013
Alexander_Donchenko,2161,vladNY02,2088,White,1 min,bullet,44,Won,5/17/2013
Alexander_Donchenko,2151,qocaqartal,2097,White,1 min,bullet,34,Won,5/17/2013
Alexander_Donchenko,2140,qocaqartal,2104,Black,1 min,bullet,33,Won,5/17/2013
Alexander_Donchenko,2128,vladjimir,2077,Black,2|1,bullet,52,Won,5/17/2013
Alexander_Donchenko,2116,schizo2000,2036,Black,1 min,bullet,52,Lost,5/16/2013
Alexander_Donchenko,2133,Ann0ying,2000,White,1 min,bullet,19,Won,5/16/2013
Alexander_Donchenko,2124,Ann0ying,2005,Black,1 min,bullet,45,Won,5/16/2013
Alexander_Donchenko,2114,Ann0ying,2011,White,1 min,bullet,34,Won,5/16/2013
Alexander_Donchenko,2103,Glyptodon,2014,Black,1 min,bullet,0,Won,5/16/2013
Alexander_Donchenko,2090,onlyggwheniwin,2357,White,1 min,bullet,1,Won,5/16/2013
Alexander_Donchenko,2062,coppertonedeaf,2017,White,1 min,bullet,61,Lost,5/15/2013
Alexander_Donchenko,2082,Alik543,2131,Black,1 min,bullet,29,Lost,5/15/2013
Alexander_Donchenko,2098,bigbaja,2130,Black,1 min,bullet,36,Lost,5/15/2013
Alexander_Donchenko,2116,bigbaja,2122,White,1 min,bullet,42,Lost,5/15/2013
Alexander_Donchenko,2136,apple416,1931,White,1 min,bullet,19,Won,5/15/2013
Alexander_Donchenko,2126,nf5,1943,Black,1 min,bullet,32,Won,5/15/2013
Alexander_Donchenko,2114,TYFOYEAS,2029,White,1 min,bullet,1,Won,5/15/2013
Alexander_Donchenko,2096,Skillz1020,1895,White,1 min,bullet,34,Won,5/15/2013