player,player_rating,opponent,opponent_rating,side,time_control,time_category,moves,result,date
Alexander_Moskalenko,2694,Bryakin_Mikhail,2627,Black,3 min,blitz,39,Draw,4/5/2018
Alexander_Moskalenko,2696,mishanick,2792,Black,3 min,blitz,71,Draw,4/5/2018
Alexander_Moskalenko,2694,mishanick,2794,White,3 min,blitz,70,Draw,4/5/2018
Alexander_Moskalenko,2692,mishanick,2796,Black,3 min,blitz,21,Lost,4/5/2018
Alexander_Moskalenko,2698,mishanick,2790,White,3 min,blitz,65,Won,4/5/2018
Alexander_Moskalenko,2688,eldur16,2550,White,3|2,blitz,61,Lost,4/4/2018
Alexander_Moskalenko,2700,BKMZBKMZ,2587,Black,3|2,blitz,50,Draw,4/3/2018
Alexander_Moskalenko,2703,Zkid,2653,White,3|2,blitz,56,Lost,4/3/2018
Alexander_Moskalenko,2713,Noukii,2616,Black,3|2,blitz,39,Won,4/3/2018
Alexander_Moskalenko,2707,PchelkinVK,2363,White,3|2,blitz,48,Won,4/3/2018
Alexander_Moskalenko,2705,SergeiAza,2653,White,3 min,blitz,51,Won,4/3/2018
Alexander_Moskalenko,2698,SergeiAza,2660,Black,3 min,blitz,17,Lost,4/3/2018
Alexander_Moskalenko,2707,SergeiAza,2651,White,3 min,blitz,62,Won,4/3/2018
Alexander_Moskalenko,2700,SergeiAza,2658,Black,3 min,blitz,57,Won,4/3/2018
Alexander_Moskalenko,2693,dancingqueen83,2743,White,3 min,blitz,58,Lost,4/3/2018
Alexander_Moskalenko,2700,dancingqueen83,2736,Black,3 min,blitz,47,Lost,4/3/2018
Alexander_Moskalenko,2708,dancingqueen83,2728,White,3 min,blitz,25,Lost,4/3/2018
Alexander_Moskalenko,2716,dancingqueen83,2720,Black,3 min,blitz,60,Won,4/3/2018
Alexander_Moskalenko,2707,dancingqueen83,2729,White,3 min,blitz,45,Lost,4/3/2018
Alexander_Moskalenko,2715,dancingqueen83,2721,Black,3 min,blitz,66,Draw,4/3/2018
Alexander_Moskalenko,2715,dancingqueen83,2721,White,3 min,blitz,66,Draw,4/3/2018
Alexander_Moskalenko,2715,Hikaru,3001,White,3 min,blitz,51,Lost,4/3/2018
Alexander_Moskalenko,2718,Hikaru,2998,Black,3 min,blitz,66,Draw,4/3/2018
Alexander_Moskalenko,2713,Hikaru,3003,White,3 min,blitz,31,Draw,4/3/2018
Alexander_Moskalenko,2707,Hikaru,3009,Black,3 min,blitz,77,Lost,4/3/2018
Alexander_Moskalenko,2709,dancingqueen83,2771,Black,3 min,blitz,44,Draw,3/29/2018
Alexander_Moskalenko,2708,dancingqueen83,2772,White,3 min,blitz,67,Lost,3/29/2018
Alexander_Moskalenko,2715,GHANDEEVAM2003,2752,White,3 min,blitz,74,Lost,3/29/2018
Alexander_Moskalenko,2723,GHANDEEVAM2003,2744,Black,3 min,blitz,86,Draw,3/29/2018
Alexander_Moskalenko,2723,ViIIagra,2726,White,3 min,blitz,37,Lost,3/25/2018
Alexander_Moskalenko,2731,ViIIagra,2718,Black,3 min,blitz,51,Won,3/25/2018
Alexander_Moskalenko,2723,ViIIagra,2726,White,3 min,blitz,76,Won,3/25/2018
Alexander_Moskalenko,2715,ViIIagra,2734,Black,3 min,blitz,48,Lost,3/25/2018
Alexander_Moskalenko,2723,joppie2,2665,White,3 min,blitz,51,Lost,3/24/2018
Alexander_Moskalenko,2733,joppie2,2655,Black,3 min,blitz,38,Won,3/24/2018
Alexander_Moskalenko,2726,joppie2,2662,White,3 min,blitz,27,Won,3/24/2018
Alexander_Moskalenko,2719,eljanov,2681,White,3 min,blitz,70,Lost,3/24/2018
Alexander_Moskalenko,2728,eljanov,2672,Black,3 min,blitz,57,Lost,3/24/2018
Alexander_Moskalenko,2738,eljanov,2662,White,3 min,blitz,40,Won,3/24/2018
Alexander_Moskalenko,2731,eljanov,2669,Black,3 min,blitz,79,Won,3/24/2018
Alexander_Moskalenko,2724,abhijeetgupta1016,2774,White,3 min,blitz,79,Lost,3/23/2018
Alexander_Moskalenko,2731,abhijeetgupta1016,2767,Black,3 min,blitz,64,Draw,3/23/2018
Alexander_Moskalenko,2730,abhijeetgupta1016,2768,White,3 min,blitz,48,Lost,3/23/2018
Alexander_Moskalenko,2737,abhijeetgupta1016,2761,Black,3 min,blitz,23,Won,3/23/2018
Alexander_Moskalenko,2728,Lunaticx,2809,Black,3 min,blitz,72,Lost,3/21/2018
Alexander_Moskalenko,2734,Lunaticx,2803,White,3 min,blitz,43,Lost,3/21/2018
Alexander_Moskalenko,2741,Lunaticx,2796,Black,3 min,blitz,55,Lost,3/21/2018
Alexander_Moskalenko,2748,Lunaticx,2789,White,3 min,blitz,27,Lost,3/21/2018
Alexander_Moskalenko,2755,amintabatabaei,2739,Black,3 min,blitz,84,Draw,3/21/2018
Alexander_Moskalenko,2755,TigrVShlyape,2766,Black,3 min,blitz,39,Lost,3/18/2018