player,player_rating,opponent,opponent_rating,side,time_control,time_category,moves,result,date
Alexander_Moskalenko,2771,sergiochess83,2695,Black,3 min,blitz,32,Won,6/22/2018
Alexander_Moskalenko,2764,LPSupi,2686,Black,3 min,blitz,71,Won,6/22/2018
Alexander_Moskalenko,2757,LPSupi,2693,White,3 min,blitz,47,Won,6/22/2018
Alexander_Moskalenko,2750,talktoomuch,2831,Black,3 min,blitz,40,Won,6/22/2018
Alexander_Moskalenko,2740,vuqarrasulov,2805,Black,3 min,blitz,93,Lost,6/20/2018
Alexander_Moskalenko,2747,vuqarrasulov,2798,White,3 min,blitz,81,Won,6/20/2018
Alexander_Moskalenko,2737,vuqarrasulov,2808,Black,3 min,blitz,55,Draw,6/20/2018
Alexander_Moskalenko,2735,vuqarrasulov,2810,White,3 min,blitz,83,Draw,6/20/2018
Alexander_Moskalenko,2733,vuqarrasulov,2812,Black,3 min,blitz,35,Lost,6/20/2018
Alexander_Moskalenko,2740,sergiochess83,2733,White,3 min,blitz,42,Won,6/20/2018
Alexander_Moskalenko,2732,sergiochess83,2741,Black,3 min,blitz,76,Lost,6/20/2018
Alexander_Moskalenko,2740,sergiochess83,2733,White,3 min,blitz,30,Lost,6/20/2018
Alexander_Moskalenko,2749,sergiochess83,2724,Black,3 min,blitz,26,Lost,6/20/2018
Alexander_Moskalenko,2758,sergiochess83,2715,White,3 min,blitz,36,Won,6/20/2018
Alexander_Moskalenko,2751,sergiochess83,2722,Black,3 min,blitz,26,Lost,6/19/2018
Alexander_Moskalenko,2760,sergiochess83,2713,White,3 min,blitz,78,Won,6/19/2018
Alexander_Moskalenko,2753,sergiochess83,2720,Black,3 min,blitz,30,Lost,6/19/2018
Alexander_Moskalenko,2762,sergiochess83,2711,White,3 min,blitz,62,Won,6/19/2018
Alexander_Moskalenko,2755,sergiochess83,2718,Black,3 min,blitz,63,Won,6/19/2018
Alexander_Moskalenko,2748,GeorgMeier,2801,White,3 min,blitz,88,Draw,6/19/2018
Alexander_Moskalenko,2747,GeorgMeier,2802,Black,3 min,blitz,73,Lost,6/19/2018
Alexander_Moskalenko,2754,GeorgMeier,2795,White,3 min,blitz,65,Won,6/19/2018
Alexander_Moskalenko,2745,GeorgMeier,2804,Black,3 min,blitz,58,Won,6/19/2018
Alexander_Moskalenko,2735,dogsofwar,2920,Black,3 min,blitz,22,Lost,6/19/2018
Alexander_Moskalenko,2739,dogsofwar,2916,White,3 min,blitz,32,Lost,6/19/2018
Alexander_Moskalenko,2743,Flamewrath18,2755,Black,3 min,blitz,35,Draw,6/18/2018
Alexander_Moskalenko,2743,Flamewrath18,2755,White,3 min,blitz,34,Lost,6/18/2018
Alexander_Moskalenko,2751,Flamewrath18,2741,Black,3 min,blitz,47,Won,6/17/2018
Alexander_Moskalenko,2743,Flamewrath18,2749,White,3 min,blitz,44,Lost,6/17/2018
Alexander_Moskalenko,2751,Flamewrath18,2741,Black,3 min,blitz,49,Draw,6/17/2018
Alexander_Moskalenko,2751,QDcoach,2757,Black,3 min,blitz,24,Draw,6/17/2018
Alexander_Moskalenko,2751,QDcoach,2757,White,3 min,blitz,55,Draw,6/17/2018
Alexander_Moskalenko,2751,ShouldNotChess,2699,Black,3 min,blitz,42,Won,6/17/2018
Alexander_Moskalenko,2744,ShouldNotChess,2706,White,3 min,blitz,44,Lost,6/17/2018
Alexander_Moskalenko,2753,ShouldNotChess,2697,Black,3 min,blitz,38,Won,6/17/2018
Alexander_Moskalenko,2746,GHANDEEVAM2003,2796,White,3 min,blitz,103,Won,6/15/2018
Alexander_Moskalenko,2736,GHANDEEVAM2003,2806,Black,3 min,blitz,108,Lost,6/15/2018
Alexander_Moskalenko,2743,GHANDEEVAM2003,2799,White,3 min,blitz,29,Lost,6/15/2018
Alexander_Moskalenko,2750,GHANDEEVAM2003,2792,Black,3 min,blitz,54,Won,6/15/2018
Alexander_Moskalenko,2741,Amirreza_p,2796,White,3 min,blitz,123,Lost,6/13/2018
Alexander_Moskalenko,2748,Amirreza_p,2789,Black,3 min,blitz,45,Lost,6/13/2018
Alexander_Moskalenko,2755,kuli4ik,2707,White,3 min,blitz,43,Won,6/13/2018
Alexander_Moskalenko,2748,kuli4ik,2714,Black,3 min,blitz,38,Won,6/13/2018
Alexander_Moskalenko,2740,kuli4ik,2722,White,3 min,blitz,44,Lost,6/13/2018
Alexander_Moskalenko,2749,kuli4ik,2713,Black,3 min,blitz,63,Draw,6/13/2018
Alexander_Moskalenko,2750,kuli4ik,2712,White,3 min,blitz,42,Won,6/13/2018
Alexander_Moskalenko,2743,kuli4ik,2719,Black,3 min,blitz,71,Lost,6/13/2018
Alexander_Moskalenko,2752,Shtembuliak,2738,Black,3 min,blitz,72,Lost,6/13/2018
Alexander_Moskalenko,2761,Shtembuliak,2729,White,3 min,blitz,19,Won,6/13/2018
Alexander_Moskalenko,2753,Shtembuliak,2737,Black,3 min,blitz,67,Lost,6/13/2018