player,player_rating,opponent,opponent_rating,side,time_control,time_category,moves,result,date
Alexander_Moskalenko,2698,fireheart92,2700,Black,1 min,bullet,57,Won,7/10/2018
Alexander_Moskalenko,2690,fireheart92,2708,White,1 min,bullet,41,Draw,7/10/2018
Alexander_Moskalenko,2690,fireheart92,2708,Black,1 min,bullet,71,Won,7/10/2018
Alexander_Moskalenko,2681,fireheart92,2717,White,1 min,bullet,29,Lost,7/10/2018
Alexander_Moskalenko,2689,fireheart92,2709,Black,1 min,bullet,54,Won,7/10/2018
Alexander_Moskalenko,2680,ElleshaRooney,2846,White,1 min,bullet,34,Lost,7/10/2018
Alexander_Moskalenko,2685,ElleshaRooney,2838,Black,1 min,bullet,43,Lost,7/10/2018
Alexander_Moskalenko,2690,ElleshaRooney,2829,White,1 min,bullet,51,Lost,7/10/2018
Alexander_Moskalenko,2695,ElleshaRooney,2819,Black,1 min,bullet,17,Lost,7/10/2018
Alexander_Moskalenko,2701,nihalsarin,2747,White,1 min,bullet,30,Lost,6/23/2018
Alexander_Moskalenko,2708,nihalsarin,2740,Black,1 min,bullet,31,Won,6/23/2018
Alexander_Moskalenko,2699,nihalsarin,2749,White,1 min,bullet,57,Lost,6/23/2018
Alexander_Moskalenko,2706,nihalsarin,2742,Black,1 min,bullet,10,Won,6/23/2018
Alexander_Moskalenko,2697,nihalsarin,2751,White,1 min,bullet,41,Lost,6/23/2018
Alexander_Moskalenko,2704,nihalsarin,2744,Black,1 min,bullet,53,Lost,6/23/2018
Alexander_Moskalenko,2711,nihalsarin,2743,White,1 min,bullet,79,Won,6/23/2018
Alexander_Moskalenko,2702,nihalsarin,2752,Black,1 min,bullet,58,Draw,6/23/2018
Alexander_Moskalenko,2701,Kriari,2780,White,1 min,bullet,41,Lost,6/17/2018
Alexander_Moskalenko,2707,David_Paravyan,2834,White,1 min,bullet,28,Lost,6/7/2018
Alexander_Moskalenko,2712,David_Paravyan,2829,Black,1 min,bullet,41,Lost,6/7/2018
Alexander_Moskalenko,2718,David_Paravyan,2823,White,1 min,bullet,35,Won,6/7/2018
Alexander_Moskalenko,2707,David_Paravyan,2834,Black,1 min,bullet,43,Lost,6/7/2018
Alexander_Moskalenko,2712,David_Paravyan,2829,White,1 min,bullet,35,Lost,6/7/2018
Alexander_Moskalenko,2718,David_Paravyan,2823,Black,1 min,bullet,76,Lost,6/7/2018
Alexander_Moskalenko,2724,David_Paravyan,2817,White,1 min,bullet,50,Lost,6/7/2018
Alexander_Moskalenko,2730,David_Paravyan,2811,Black,1 min,bullet,27,Lost,6/7/2018
Alexander_Moskalenko,2736,Davit_Tiraturyan,2698,Black,1 min,bullet,40,Lost,6/6/2018
Alexander_Moskalenko,2745,Davit_Tiraturyan,2689,White,1 min,bullet,36,Lost,6/6/2018
Alexander_Moskalenko,2755,Davit_Tiraturyan,2679,Black,1 min,bullet,67,Lost,6/6/2018
Alexander_Moskalenko,2765,manudavid,2701,White,1 min,bullet,68,Won,6/4/2018
Alexander_Moskalenko,2758,manudavid,2708,Black,1 min,bullet,28,Won,6/4/2018
Alexander_Moskalenko,2751,manudavid,2715,White,1 min,bullet,45,Won,6/4/2018
Alexander_Moskalenko,2744,manudavid,2722,Black,1 min,bullet,80,Draw,6/4/2018
Alexander_Moskalenko,2745,manudavid,2721,White,1 min,bullet,39,Won,6/4/2018
Alexander_Moskalenko,2737,manudavid,2729,Black,1 min,bullet,59,Lost,6/4/2018
Alexander_Moskalenko,2746,manudavid,2720,White,1 min,bullet,41,Lost,6/4/2018
Alexander_Moskalenko,2755,manudavid,2711,Black,1 min,bullet,46,Lost,6/4/2018
Alexander_Moskalenko,2764,manudavid,2702,White,1 min,bullet,44,Won,6/4/2018
Alexander_Moskalenko,2757,Kanallija,2750,Black,1 min,bullet,56,Won,6/4/2018
Alexander_Moskalenko,2749,Kanallija,2758,White,1 min,bullet,27,Lost,6/4/2018
Alexander_Moskalenko,2757,Kanallija,2750,Black,1 min,bullet,45,Won,6/4/2018
Alexander_Moskalenko,2749,Kanallija,2758,White,1 min,bullet,36,Won,6/4/2018
Alexander_Moskalenko,2740,Kanallija,2767,Black,1 min,bullet,31,Lost,6/4/2018
Alexander_Moskalenko,2748,Kanallija,2759,White,1 min,bullet,35,Lost,6/4/2018
Alexander_Moskalenko,2756,Kanallija,2751,Black,1 min,bullet,62,Lost,6/4/2018
Alexander_Moskalenko,2765,Kanallija,2742,White,1 min,bullet,39,Won,6/4/2018
Alexander_Moskalenko,2757,Kanallija,2750,Black,1 min,bullet,61,Draw,6/4/2018
Alexander_Moskalenko,2757,Kanallija,2750,White,1 min,bullet,52,Won,6/4/2018
Alexander_Moskalenko,2749,Kanallija,2758,Black,1 min,bullet,31,Lost,6/4/2018
Alexander_Moskalenko,2757,Kanallija,2750,White,1 min,bullet,50,Won,6/4/2018