player,player_rating,opponent,opponent_rating,side,time_control,time_category,moves,result,date
Alexander_Donchenko,2771,CaptainPrice666,2384,White,1 min,bullet,62,Won,3/7/2018
Alexander_Donchenko,2768,NTBT_DHS,2647,White,1 min,bullet,42,Won,3/7/2018
Alexander_Donchenko,2756,NTBT_DHS,2653,Black,1 min,bullet,30,Won,3/7/2018
Alexander_Donchenko,2743,Rikikits,2655,White,1 min,bullet,96,Won,2/5/2018
Alexander_Donchenko,2731,Rikikits,2661,Black,1 min,bullet,54,Won,2/5/2018
Alexander_Donchenko,2718,Rikikits,2668,White,1 min,bullet,38,Lost,2/5/2018
Alexander_Donchenko,2738,Rikikits,2658,Black,1 min,bullet,62,Won,2/5/2018
Alexander_Donchenko,2724,Rikikits,2665,White,1 min,bullet,59,Won,2/5/2018
Alexander_Donchenko,2708,Rikikits,2672,Black,1 min,bullet,38,Draw,2/5/2018
Alexander_Donchenko,2710,platy3,2772,Black,1 min,bullet,14,Lost,12/16/2017
Alexander_Donchenko,2723,platy3,2765,White,1 min,bullet,69,Lost,12/16/2017
Alexander_Donchenko,2737,platy3,2757,Black,1 min,bullet,79,Draw,12/16/2017
Alexander_Donchenko,2736,platy3,2758,White,1 min,bullet,71,Lost,12/16/2017
Alexander_Donchenko,2753,platy3,2750,Black,1 min,bullet,60,Draw,12/15/2017
Alexander_Donchenko,2753,platy3,2750,White,1 min,bullet,27,Lost,12/15/2017
Alexander_Donchenko,2773,platy3,2741,Black,1 min,bullet,27,Lost,12/15/2017
Alexander_Donchenko,2796,platy3,2732,White,1 min,bullet,77,Won,12/15/2017
Alexander_Donchenko,2778,platy3,2739,Black,1 min,bullet,55,Lost,12/15/2017
Alexander_Donchenko,2804,platy3,2729,White,1 min,bullet,69,Lost,12/15/2017
Alexander_Donchenko,2834,platy3,2718,Black,1 min,bullet,51,Won,12/15/2017
Alexander_Donchenko,2816,platy3,2724,White,1 min,bullet,76,Won,12/15/2017
Alexander_Donchenko,2795,Mykola-Bortnyk,2772,White,1 min,bullet,41,Won,10/22/2017
Alexander_Donchenko,2772,Mykola-Bortnyk,2780,Black,1 min,bullet,31,Won,10/22/2017
Alexander_Donchenko,2745,Mykola-Bortnyk,2789,White,1 min,bullet,47,Won,10/22/2017
Alexander_Donchenko,2714,Mykola-Bortnyk,2799,Black,1 min,bullet,57,Lost,10/22/2017
Alexander_Donchenko,2737,Mykola-Bortnyk,2792,White,1 min,bullet,58,Lost,10/22/2017
Alexander_Donchenko,2765,Mykola-Bortnyk,2784,Black,1 min,bullet,29,Won,10/22/2017
Alexander_Donchenko,2728,Davit_Tiraturyan,2614,Black,1 min,bullet,32,Won,7/17/2017
Alexander_Donchenko,2708,Davit_Tiraturyan,2620,White,1 min,bullet,51,Won,7/17/2017
Alexander_Donchenko,2685,salem-witch,2507,Black,1 min,bullet,23,Lost,4/12/2017
Alexander_Donchenko,2718,Ustat,2590,Black,1 min,bullet,42,Won,4/11/2017
Alexander_Donchenko,2702,Ustat,2596,White,1 min,bullet,28,Won,4/11/2017
Alexander_Donchenko,2684,megamind_angry,3011,Black,30 sec,bullet,31,Lost,3/25/2017
Alexander_Donchenko,2691,megamind_angry,3009,White,30 sec,bullet,29,Lost,3/25/2017
Alexander_Donchenko,2698,megamind_angry,3007,Black,30 sec,bullet,30,Lost,3/25/2017
Alexander_Donchenko,2706,BruceLeeLegend,2645,White,1 min,bullet,16,Won,9/13/2016
Alexander_Donchenko,2699,BruceLeeLegend,2652,Black,1 min,bullet,49,Won,9/13/2016
Alexander_Donchenko,2691,BruceLeeLegend,2659,White,1 min,bullet,79,Draw,9/13/2016
Alexander_Donchenko,2692,BruceLeeLegend,2658,Black,1 min,bullet,49,Won,9/13/2016
Alexander_Donchenko,2683,BruceLeeLegend,2666,White,1 min,bullet,28,Won,9/13/2016
Alexander_Donchenko,2674,BruceLeeLegend,2674,Black,1 min,bullet,72,Lost,9/13/2016
Alexander_Donchenko,2684,BruceLeeLegend,2666,White,1 min,bullet,74,Draw,9/13/2016
Alexander_Donchenko,2684,BruceLeeLegend,2666,Black,1 min,bullet,23,Lost,9/13/2016
Alexander_Donchenko,2695,BruceLeeLegend,2657,White,1 min,bullet,47,Won,9/13/2016
Alexander_Donchenko,2685,BruceLeeLegend,2665,Black,1 min,bullet,26,Won,9/13/2016
Alexander_Donchenko,2675,BruceLeeLegend,2673,White,1 min,bullet,38,Lost,9/13/2016
Alexander_Donchenko,2686,BruceLeeLegend,2665,Black,1 min,bullet,26,Lost,9/13/2016
Alexander_Donchenko,2699,BruceLeeLegend,2656,White,1 min,bullet,76,Lost,9/13/2016
Alexander_Donchenko,2713,BruceLeeLegend,2647,Black,1 min,bullet,47,Lost,9/13/2016
Alexander_Donchenko,2728,BruceLeeLegend,2637,White,1 min,bullet,21,Won,9/13/2016